subject,timestamp,glucose,fold,RandomForest,GradientBoosting,Bagging,PlainAverage,WeightedAverage,Choquet
001,2014-10-01 19:39:00,9.2,1,7.53,7.215510433039428,7.581500000000001,7.442336811013143,7.442336811013144,7.24892868202407
001,2014-10-01 19:49:00,8.7,1,9.567000000000005,9.903368673498116,9.296,9.588789557832706,9.588789557832708,9.327716870470184
001,2014-10-01 20:09:00,7.9,1,8.453000000000003,8.053742258038936,8.658000000000001,8.388247419346314,8.388247419346314,8.09756431750582
001,2014-10-01 20:19:00,7.8,1,9.318999999999999,10.186038123908428,9.124,9.543012707969476,9.543012707969478,9.153072118613123
001,2014-10-01 20:34:00,7.5,1,7.988500000000007,8.582004869606076,7.981999999999999,8.184168289868694,8.184168289868694,7.988615106608527
001,2014-10-01 21:04:00,8.2,1,7.456000000000006,7.152309723439682,7.3295,7.3126032411465625,7.312603241146564,7.172113131068487
001,2014-10-01 21:14:00,8.3,1,8.313500000000005,8.827008305719353,8.531500000000001,8.557336101906452,8.557336101906454,8.339263179198431
001,2014-10-01 21:19:00,8.3,1,8.085,7.4124020478764905,8.1665,7.887967349292164,7.887967349292164,7.483587133915167
001,2014-10-01 21:34:00,7.9,1,8.389000000000008,7.692634864582709,8.509,8.19687828819424,8.19687828819424,7.766691575399235
001,2014-10-01 21:39:00,7.8,1,9.319500000000007,9.38346648255578,9.181000000000001,9.294655494185262,9.294655494185264,9.196130129575838
001,2014-10-01 21:49:00,7.5,1,7.406999999999997,6.959807674368074,7.410500000000001,7.259102558122692,7.259102558122692,7.00662985582053
001,2014-10-01 21:54:00,7.4,1,7.971000000000003,7.477483700980576,8.0135,7.820661233660193,7.820661233660194,7.529542495454438
001,2014-10-02 11:19:00,14.1,1,10.017000000000001,9.611417084196846,10.053999999999998,9.894139028065615,9.894139028065617,9.654220910512812
001,2014-10-02 11:24:00,14.2,1,9.958500000000008,10.89222343917627,9.736,10.195574479725426,10.195574479725428,9.768616139857015
001,2014-10-02 11:29:00,14.3,1,9.261500000000005,8.688987033560823,9.633000000000001,9.19449567785361,9.194495677853611,8.75260079860967
001,2014-10-02 11:59:00,14.6,1,8.577000000000005,8.818960041789467,8.690499999999998,8.69548668059649,8.69548668059649,8.59015945781253
001,2014-10-02 12:04:00,14.4,1,8.886500000000002,8.077633128936004,8.5915,8.518544376312002,8.518544376312002,8.13434608764712
001,2014-10-02 12:24:00,13.5,1,7.873000000000002,7.951293834970301,7.8465000000000025,7.890264611656768,7.890264611656769,7.850055482146688
001,2014-10-02 12:34:00,13.3,1,10.290500000000009,9.003568652389104,10.106499999999999,9.80018955079637,9.800189550796372,9.120802066212462
001,2014-10-02 12:49:00,12.8,1,10.476000000000006,9.831259155173791,10.593,10.300086385057933,10.300086385057933,9.899884711022313
001,2014-10-02 12:59:00,12.3,1,8.869000000000003,9.500834936331106,8.837,9.068944978777036,9.068944978777038,8.846666326778536
001,2014-10-02 13:19:00,11.7,1,9.131500000000011,8.720561740824104,9.107,8.986353913608038,8.98635391360804,8.761237570952249
001,2014-10-02 13:29:00,11.4,1,10.355500000000012,9.01456432057014,10.589500000000001,9.986521440190051,9.986521440190051,9.157198769632755
001,2014-10-02 13:34:00,11.2,1,8.229500000000005,8.382153414569087,8.161499999999998,8.257717804856362,8.257717804856364,8.170140986153045
001,2014-10-02 13:49:00,10.6,1,10.262500000000006,10.105427285168117,10.545499999999999,10.304475761722706,10.30447576172271,10.12469090709954
001,2014-10-02 14:04:00,10.1,1,11.201000000000011,10.382766514896451,10.853000000000002,10.812255504965487,10.81225550496549,10.435444361396772
001,2014-10-02 14:24:00,10.4,1,8.403000000000002,9.411152625882947,8.395,8.73638420862765,8.736384208627651,8.405918520612634
001,2014-10-02 15:04:00,11.3,1,9.245500000000007,9.35628997445598,9.261000000000001,9.287596658151996,9.287596658151998,9.248074576305063
001,2014-10-02 15:29:00,10.7,1,9.563000000000004,9.168715085935785,9.164,9.29857169531193,9.298571695311932,9.168436161678885
001,2014-10-02 15:44:00,10.1,1,8.423500000000008,7.51476954565348,8.347999999999999,8.095423181884495,8.095423181884497,7.6027006938669714
001,2014-10-02 15:59:00,9.8,1,8.971500000000002,9.137190558617945,9.0375,9.048730186205981,9.048730186205983,8.979402109005084
001,2014-10-02 16:14:00,9.7,1,8.19250000000001,7.481081185928428,8.179,7.950860395309479,7.95086039530948,7.55423544927761
001,2014-10-02 16:49:00,8.9,1,9.571000000000009,11.402292605995864,9.402000000000001,10.125097535331959,10.125097535331959,9.437994431784126
001,2014-10-02 17:39:00,11.3,1,9.068500000000006,9.047751543771517,9.196,9.10408384792384,9.104083847923842,9.051197336360696
001,2014-10-02 17:59:00,13.1,1,10.180500000000006,8.679830357712692,10.142500000000002,9.667610119237567,9.667610119237569,8.833241136722584
001,2014-10-02 18:49:00,11.6,1,8.366000000000003,9.126253866953794,8.6165,8.702917955651266,8.702917955651268,8.397305924373114
001,2014-10-02 19:14:00,11.0,1,9.527500000000009,9.953846532036696,9.585499999999998,9.688948844012232,9.688948844012236,9.537251674385471
001,2014-10-02 19:34:00,10.7,1,9.892500000000009,9.805615550598766,9.955500000000002,9.88453851686626,9.884538516866261,9.81533577479657
001,2014-10-02 19:59:00,10.8,1,9.204999999999998,9.010823546318157,9.1455,9.12044118210605,9.120441182106052,9.025508975233457
001,2014-10-02 20:14:00,12.3,1,9.611500000000003,9.02569133325716,9.681999999999999,9.439730444419054,9.439730444419055,9.087686151566517
001,2014-10-02 20:34:00,15.9,1,11.428500000000001,10.682811018220432,11.646500000000001,11.252603672740145,11.252603672740147,10.763008201651113
001,2014-10-02 20:39:00,16.7,1,9.849,9.406213874448738,9.649000000000001,9.63473795814958,9.634737958149582,9.433615201482366
001,2014-10-02 21:24:00,17.9,1,8.325500000000003,8.86722790004938,8.334499999999998,8.509075966683127,8.50907596668313,8.331768897648526
001,2014-10-03 06:39:01,2.2,1,9.161500000000007,9.209748808844479,9.322,9.231082936281494,9.231082936281496,9.16767050948415
001,2014-10-03 06:54:01,2.2,1,7.099500000000005,7.86158424603238,7.1065,7.355861415344129,7.355861415344129,7.107783212519907
001,2014-10-03 06:59:01,2.2,1,10.725500000000004,10.11385223396144,10.829500000000001,10.556284077987149,10.556284077987149,10.178885449798043
001,2014-10-03 07:14:01,2.2,1,11.147000000000013,14.211573387183927,11.1355,12.164691129061312,12.164691129061316,11.167348913255434
001,2014-10-03 07:19:01,2.2,1,10.964000000000006,9.59712148417087,10.815,10.458707161390292,10.458707161390292,9.726031164342322
001,2014-10-03 07:24:01,2.2,1,11.669500000000006,9.247011946147195,11.855500000000005,10.92400398204907,10.92400398204907,9.50232304905211
001,2014-10-03 07:44:01,2.2,1,7.978000000000009,8.056080687383487,7.803999999999999,7.946026895794497,7.9460268957945,7.822985434069131
001,2014-10-03 07:49:01,2.2,1,9.056500000000002,9.012834529177885,8.9955,9.021611509725963,9.021611509725963,8.997750267589192
001,2014-10-03 08:09:01,2.2,1,9.189000000000004,8.91850719602735,9.4225,9.176669065342452,9.176669065342452,8.949142314736159
001,2014-10-03 08:29:01,2.2,1,8.727500000000003,8.603411597256759,8.607,8.64597053241892,8.645970532418922,8.604992031361165
001,2014-10-03 08:39:01,2.2,1,10.14200000000001,10.155981008764705,10.562999999999999,10.286993669588238,10.28699366958824,10.14753294308693
001,2014-10-03 08:49:01,2.2,1,7.988499999999999,8.19461873676272,8.067,8.083372912254239,8.08337291225424,7.997989194464353
001,2014-10-03 09:24:01,3.5,1,8.990000000000002,9.250913277578196,8.988000000000001,9.0763044258594,9.076304425859401,8.990818381364232
001,2014-10-03 09:34:01,3.5,1,7.847000000000004,8.710892658647971,8.087,8.214964219549325,8.214964219549326,7.878348757200686
001,2014-10-03 10:04:01,3.5,1,10.982500000000005,10.00531627438399,10.325500000000002,10.437772091461332,10.437772091461333,10.045385270699166
001,2014-10-03 10:14:01,3.8,1,9.1665,9.014770261030243,9.212,9.131090087010081,9.131090087010081,9.031099877883024
001,2014-10-03 10:44:01,5.2,1,7.401500000000002,8.610756289957795,7.412000000000003,7.808085429985933,7.808085429985934,7.414586117988949
001,2014-10-03 10:49:01,5.6,1,7.828000000000011,8.838425603872198,7.8454999999999995,8.170641867957402,8.170641867957404,7.839760181187682
001,2014-10-03 10:54:01,6.1,1,9.36800000000001,8.004351840035932,9.6385,9.00361728001198,9.003617280011982,8.14972756634456
001,2014-10-03 11:19:01,8.5,1,9.062500000000007,9.634854644608266,8.8725,9.189951548202759,9.189951548202759,8.898102162348993
001,2014-10-03 11:29:01,9.3,1,8.827,8.277733504624605,8.8965,8.667077834874869,8.667077834874869,8.335895124045162
001,2014-10-03 12:14:01,9.8,1,8.648500000000011,8.824431296999935,8.381499999999999,8.618143765666648,8.618143765666648,8.411193999528301
001,2014-10-03 12:19:01,9.7,1,9.471500000000006,9.808482896833075,9.4505,9.576827632277693,9.576827632277695,9.456066939147071
001,2014-10-03 12:24:01,9.5,1,9.32150000000001,7.669467231079425,9.328000000000001,8.772989077026478,8.77298907702648,7.842374993565725
001,2014-10-03 13:14:01,11.3,1,8.069500000000003,7.286238710823978,7.973500000000001,7.776412903607994,7.776412903607995,7.359102938152769
001,2014-10-03 13:29:01,11.8,1,10.808000000000007,9.283416481965158,10.798000000000002,10.296472160655055,10.296472160655057,9.441978713585666
001,2014-10-03 13:39:01,12.2,1,9.207000000000004,9.464191876769476,9.338,9.336397292256493,9.336397292256494,9.221967701311284
001,2014-10-03 13:44:01,12.4,1,9.987000000000002,9.619684468206268,10.131,9.912561489402089,9.91256148940209,9.659554596478378
001,2014-10-03 14:14:01,13.0,1,9.629000000000005,8.625842571367036,9.617500000000001,9.290780857122348,9.290780857122348,8.729709029951584
001,2014-10-03 14:29:01,13.7,1,8.91450000000001,9.689469619072026,8.7105,9.104823206357345,9.104823206357347,8.739593052212792
001,2014-10-03 14:49:01,14.2,1,9.762500000000006,8.841833174233498,9.729000000000001,9.444444391411167,9.444444391411169,8.934987377239908
001,2014-10-03 15:34:01,16.6,1,8.293500000000005,8.704949531415568,8.277999999999999,8.425483177138524,8.425483177138526,8.283736171874652
001,2014-10-03 16:24:01,21.6,1,9.876000000000007,9.894114926716332,9.886499999999998,9.885538308905446,9.885538308905447,9.877174704356538
001,2014-10-03 16:34:01,22.2,1,9.408500000000005,8.844332788359166,9.532499999999999,9.261777596119723,9.261777596119725,8.904598384702455
001,2014-10-03 16:54:01,22.2,1,9.09500000000001,8.369678493990198,8.793000000000001,8.752559497996735,8.752559497996737,8.416988207787098
001,2014-10-03 16:59:01,22.2,1,8.754000000000001,9.953567725460923,9.0285,9.245355908486976,9.245355908486976,8.791970046019605
001,2014-10-03 17:09:01,22.2,1,9.4305,10.162259337048766,9.0225,9.538419779016257,9.538419779016257,9.072504305414634
001,2014-10-03 17:14:01,22.2,1,8.65800000000001,9.226340059478321,8.7085,8.864280019826111,8.864280019826111,8.668461927453196
001,2014-10-03 17:44:01,22.2,1,9.177000000000007,9.16666254171063,9.1615,9.168387513903545,9.168387513903546,9.162143501865778
001,2014-10-03 17:59:01,22.2,1,8.072500000000012,10.427852703639681,8.008000000000001,8.836117567879898,8.8361175678799,8.038301794013964
001,2014-10-03 18:04:01,22.2,1,8.908500000000005,9.41977039074052,8.676499999999999,9.001590130246841,9.001590130246843,8.7058855401678
001,2014-10-03 18:29:01,22.2,1,10.247000000000003,9.407009071114793,10.530500000000002,10.061503023704931,10.061503023704933,9.497727529205527
001,2014-10-03 18:34:01,22.2,1,11.451999999999998,9.972576812937858,11.573999999999998,10.999525604312618,10.99952560431262,10.128580419745598
001,2014-10-03 18:49:01,22.2,1,10.87850000000001,9.954388746067842,11.274,10.702296248689285,10.702296248689285,10.055028233796662
001,2014-10-03 19:04:01,22.2,1,9.013000000000009,8.730437065375183,8.894,8.879145688458395,8.879145688458399,8.74873972197181
001,2014-10-03 19:09:01,22.2,1,8.755000000000003,8.3452914013441,8.511000000000001,8.537097133781367,8.53709713378137,8.365068546525627
001,2014-10-03 19:19:01,22.2,1,10.868000000000002,11.3478421211307,10.643500000000001,10.953114040376901,10.953114040376903,10.671786575265008
001,2014-10-04 06:39:01,6.9,1,8.571500000000002,7.78318643144373,8.265,8.206562143814578,8.206562143814578,7.836660836002369
001,2014-10-04 07:09:01,9.0,1,8.865500000000008,8.619228456412742,9.003499999999997,8.829409485470917,8.829409485470917,8.646374442848469
001,2014-10-04 07:14:01,9.0,1,8.619499999999999,8.336377198136999,8.648000000000001,8.534625732712334,8.534625732712334,8.36628372146116
001,2014-10-04 08:24:01,5.9,1,9.326500000000006,9.08500777919873,9.2085,9.206669259732912,9.206669259732914,9.099108065642442
001,2014-10-04 08:49:01,4.7,1,9.265500000000001,9.422894804566122,8.929,9.205798268188708,9.20579826818871,8.965780023052659
001,2014-10-04 09:04:01,4.2,1,8.197000000000005,8.126118931709945,8.031,8.118039643903316,8.118039643903318,8.041660561780569
001,2014-10-04 09:19:01,4.3,1,8.896999999999998,8.595053447554076,8.857500000000002,8.783184482518026,8.783184482518026,8.622906732875737
001,2014-10-04 09:59:01,7.1,1,8.887500000000003,9.003576872495007,8.695500000000001,8.86219229083167,8.862192290831672,8.716748633216312
001,2014-10-04 10:09:01,7.7,1,8.413999999999998,6.979498229149232,7.949,7.780832743049743,7.780832743049744,7.085581667675209
001,2014-10-04 11:44:01,3.2,1,9.75650000000001,8.36275336304772,9.5655,9.22825112101591,9.228251121015912,8.49049988107137
001,2014-10-04 12:09:01,2.6,1,8.4365,8.426372259863818,8.462,8.441624086621273,8.441624086621275,8.427686867527665
001,2014-10-04 12:54:01,3.3,1,9.204500000000005,8.161498150191438,9.463000000000003,8.942999383397149,8.942999383397149,8.27320648260392
001,2014-10-04 13:24:01,5.9,1,9.486000000000006,8.806911646236442,9.2475,9.18013721541215,9.18013721541215,8.855392891793082
001,2014-10-04 13:34:01,6.7,1,8.363500000000002,9.043923678111113,8.4715,8.626307892703705,8.626307892703707,8.380523660557502
001,2014-10-04 13:39:01,7.0,1,8.655000000000008,9.50335148818827,8.677,8.945117162729426,8.945117162729428,8.665565249354856
002,2014-10-01 19:27:01,4.0,1,10.009499999999996,9.489837528938112,9.8525,9.783945842979369,9.78394584297937,9.529350834015165
002,2014-10-01 19:30:00,4.2,1,8.450500000000002,8.35681495440964,8.521,8.442771651469881,8.442771651469881,8.367321686184045
002,2014-10-02 07:02:01,2.2,1,10.61500000000001,8.999594589464346,10.3725,9.995698196488119,9.99569819648812,9.145658849080494
002,2014-10-02 07:07:01,2.2,1,9.644000000000007,10.28139147015569,9.662,9.862463823385232,9.862463823385234,9.652077151997625
002,2014-10-02 07:17:01,2.2,1,11.12700000000001,11.476087054427339,10.956499999999998,11.18652901814245,11.18652901814245,10.977829312709778
002,2014-10-02 07:42:01,6.9,1,8.948500000000005,8.243976329235819,8.661999999999999,8.61815877641194,8.618158776411942,8.29057676075922
002,2014-10-02 07:47:01,8.1,1,9.803000000000004,9.878937423193431,9.748999999999999,9.810312474397811,9.810312474397813,9.755409086120126
002,2014-10-02 08:07:01,11.7,1,10.175000000000013,10.092790374188677,10.2745,10.180763458062897,10.180763458062897,10.102386498267757
002,2014-10-02 08:42:01,11.3,1,9.278500000000003,9.230438323954692,9.044500000000001,9.184479441318231,9.184479441318233,9.06443428267375
002,2014-10-02 09:17:01,7.8,1,9.124499999999998,10.08511762277281,9.294500000000001,9.50137254092427,9.50137254092427,9.150192306246119
002,2014-10-02 09:37:01,5.7,1,9.287000000000004,7.829036752717434,9.063500000000001,8.726512250905813,8.726512250905813,7.960426598712129
002,2014-10-02 09:47:01,4.8,1,9.615000000000007,9.556133089627906,9.200500000000002,9.457211029875973,9.457211029875973,9.238296530109398
002,2014-10-02 09:57:01,3.8,1,10.304500000000004,8.97996535263762,10.355500000000001,9.879988450879209,9.87998845087921,9.119053855295599
002,2014-10-02 10:12:01,2.8,1,8.232500000000005,8.086624159396644,8.040000000000001,8.119708053132216,8.119708053132218,8.04633677817678
002,2014-10-02 10:27:01,3.4,1,9.827500000000008,10.265558396747622,9.4595,9.850852798915875,9.850852798915877,9.502382324242589
002,2014-10-02 11:02:01,8.3,1,8.095500000000005,7.95510186978335,8.165500000000002,8.072033956594453,8.072033956594453,7.970490925067894
002,2014-10-02 11:07:01,8.4,1,8.780000000000006,8.279460192021881,8.819500000000001,8.626320064007297,8.626320064007297,8.332223816163536
002,2014-10-02 11:42:01,8.7,1,8.629000000000003,8.79311636429724,8.6505,8.690872121432415,8.690872121432415,8.632675585968828
002,2014-10-02 12:02:01,7.2,1,7.638999999999999,7.913839730770646,7.591500000000001,7.714779910256882,7.714779910256883,7.599218051283433
002,2014-10-02 12:27:01,5.8,1,8.83950000000001,8.19164092404672,8.7335,8.58821364134891,8.588213641348911,8.249392547438203
002,2014-10-02 12:57:01,5.6,1,10.228500000000004,7.694588422159587,10.280000000000003,9.401029474053198,9.4010294740532,7.960212132621864
002,2014-10-02 13:42:01,7.7,1,7.882500000000004,7.864702025500207,7.843500000000002,7.863567341833405,7.863567341833406,7.845896226699114
002,2014-10-02 15:02:01,2.2,1,10.889500000000005,9.228182155270005,10.891000000000002,10.336227385090003,10.336227385090005,9.4020113622597
002,2014-10-02 15:37:01,2.2,1,7.820500000000001,8.993420286901596,7.454000000000001,8.089306762300533,8.089306762300533,7.5040740067027905
002,2014-10-02 15:57:01,4.7,1,9.738999999999994,9.534041095894082,9.635,9.63601369863136,9.636013698631361,9.545643849981976
002,2014-10-02 16:27:01,13.0,1,9.993500000000013,8.84361519062965,10.312999999999999,9.716705063543221,9.716705063543221,8.967116077251056
002,2014-10-02 17:02:01,18.4,1,10.442500000000011,9.871227750446034,10.4465,10.253409250148682,10.253409250148684,9.931036706366433
002,2014-10-02 17:17:01,20.0,1,7.785999999999997,7.487179683983815,7.6615,7.644893227994604,7.644893227994604,7.506662824016234
002,2014-10-02 17:22:01,20.4,1,11.086000000000006,10.291698734361834,11.0125,10.796732911453946,10.796732911453947,10.367847058056327
002,2014-10-02 17:52:01,21.0,1,11.799999999999997,9.569368309343929,11.794999999999998,11.054789436447976,11.054789436447976,9.802273454185515
002,2014-10-02 18:07:01,20.9,1,10.713000000000005,11.268645048555289,10.861500000000001,10.947715016185098,10.9477150161851,10.732608158178094
002,2014-10-02 18:22:01,20.4,1,9.399500000000003,9.765133136445971,9.552499999999998,9.572377712148658,9.57237771214866,9.417633848381016
002,2014-10-02 18:27:01,20.3,1,10.452,10.111307266918228,10.546500000000002,10.36993575563941,10.36993575563941,10.147897003664783
002,2014-10-02 18:52:01,19.4,1,10.169500000000006,9.555370670272872,10.219000000000001,9.981290223424294,9.981290223424294,9.620118517958968
002,2014-10-02 19:02:01,19.0,1,10.250999999999994,9.06934951959091,10.282,9.867449839863635,9.867449839863635,9.19328886712535
002,2014-10-03 07:02:02,9.9,1,10.3345,10.002057810068404,10.215499999999999,10.184019270022802,10.184019270022802,10.025579048548014
002,2014-10-03 07:22:02,10.6,1,9.390000000000013,9.159637977411005,9.526499999999999,9.358712659137005,9.358712659137007,9.185104441440819
002,2014-10-03 07:27:02,10.4,1,9.597000000000005,9.151572007322935,9.886999999999999,9.545190669107647,9.545190669107647,9.20107459668521
002,2014-10-03 07:57:02,6.3,1,10.338000000000013,10.101466886805708,10.237,10.225488962268573,10.225488962268576,10.11665694311789
002,2014-10-03 11:02:02,3.9,1,6.140500000000004,6.4756826153251685,6.2855,6.300560871775057,6.300560871775058,6.157572348816003
002,2014-10-03 12:00:00,3.7,1,7.818000000000003,7.900383636553724,7.980499999999999,7.899627878851242,7.899627878851243,7.827420493464655
002,2014-10-03 12:02:02,6.1,1,9.73150000000001,9.53063024767215,9.864,9.708710082557387,9.708710082557388,9.552971103740772
002,2014-10-03 12:12:02,8.2,1,8.50500000000001,8.028567875068518,8.58,8.37118929168951,8.371189291689511,8.079164249885997
002,2014-10-03 13:17:02,12.3,1,8.395000000000005,7.937065917197425,8.264999999999999,8.199021972399143,8.199021972399144,7.972675789163245
002,2014-10-03 14:12:02,11.2,1,7.780500000000002,8.03306107975635,7.869499999999999,7.894353693252117,7.894353693252118,7.791447172983663
002,2014-10-03 14:32:02,10.1,1,8.389500000000004,8.437666121428096,8.312999999999999,8.380055373809366,8.380055373809368,8.321485419722555
002,2014-10-03 14:42:02,9.1,1,9.413000000000002,10.047083794035382,9.587,9.68236126467846,9.682361264678462,9.435805465135651
002,2014-10-03 15:37:02,4.7,1,7.681999999999997,8.168430858785975,7.7735,7.874643619595324,7.874643619595325,7.69552243150952
002,2014-10-03 16:37:02,4.0,1,8.155000000000006,7.896230430297985,8.078000000000001,8.04307681009933,8.04307681009933,7.916017943239794
002,2014-10-03 17:42:02,9.7,1,7.389000000000006,7.415140605401626,7.472,7.425380201800544,7.425380201800545,7.392303536336768
002,2014-10-03 17:52:02,9.4,1,7.995500000000004,7.630132948480406,7.876500000000001,7.834044316160138,7.834044316160138,7.657098927366146
002,2014-10-03 17:57:02,9.2,1,7.658500000000001,7.924250693382946,7.849500000000001,7.810750231127649,7.81075023112765,7.6792307471309655
002,2014-10-03 18:37:02,7.6,1,8.526000000000002,8.30508521420539,8.362,8.397695071401797,8.397695071401799,8.312679883500163
002,2014-10-03 18:47:02,7.4,1,8.694500000000007,8.739716658227222,8.579999999999998,8.671405552742408,8.67140555274241,8.592431648271129
002,2014-10-03 18:57:02,7.3,1,9.141000000000002,8.639164115449748,9.355,9.045054705149917,9.045054705149917,8.693808340688024
002,2014-10-03 19:47:02,11.3,1,8.547000000000004,9.036344378280548,8.579,8.720781459426851,8.720781459426851,8.554921421198035
002,2014-10-03 19:57:02,10.9,1,7.363500000000007,7.569106937511262,7.377000000000001,7.43653564583709,7.436535645837091,7.366833497347166
002,2014-10-03 20:22:02,10.0,1,7.711500000000004,7.886003761089357,7.481,7.692834587029786,7.692834587029788,7.506860937429951
002,2014-10-04 07:02:02,14.9,1,8.606,8.662658998938795,8.431500000000002,8.566719666312933,8.566719666312933,8.450323529331799
002,2014-10-04 07:17:02,14.1,1,10.4395,10.248248739046014,10.458499999999999,10.382082913015338,10.382082913015338,10.268448267243127
002,2014-10-04 07:47:02,14.1,1,8.674500000000005,8.93342072886605,8.446500000000002,8.684806909622019,8.68480690962202,8.472943546372155
002,2014-10-04 08:02:02,11.9,1,9.516000000000009,9.94210497772607,9.386500000000002,9.614868325908693,9.614868325908695,9.404309895879507
002,2014-10-04 09:02:02,2.2,1,11.6455,10.833747494119315,11.527000000000001,11.335415831373105,11.335415831373107,10.907463548267383
002,2014-10-04 09:47:02,2.2,1,7.340000000000001,7.518682225317544,7.303000000000001,7.387227408439181,7.387227408439182,7.30865792113953
002,2014-10-04 09:57:02,2.2,1,10.023499999999995,9.307014413107604,10.0885,9.806338137702534,9.806338137702534,9.382626211959215
002,2014-10-04 10:07:02,2.2,1,8.346000000000002,9.093525867208127,8.2815,8.573675289069376,8.573675289069378,8.295723525649645
002,2014-10-04 10:47:02,11.0,1,7.359499999999998,7.293628123892813,7.327499999999999,7.326876041297603,7.326876041297604,7.29749194502463
002,2014-10-04 11:07:02,14.3,1,7.484500000000004,8.01059065473172,7.537000000000001,7.677363551577241,7.677363551577242,7.494728681994176
002,2014-10-04 11:12:02,14.9,1,9.690000000000008,9.917911566164195,9.790500000000002,9.799470522054735,9.799470522054737,9.701788857231346
002,2014-10-04 11:32:02,15.9,1,10.047500000000003,9.34521724488654,9.907499999999999,9.766739081628847,9.766739081628849,9.405445681295651
002,2014-10-04 11:42:02,15.7,1,7.658500000000001,8.00847917299532,7.591500000000001,7.7528263909984405,7.752826390998441,7.602009619443084
002,2014-10-04 11:47:02,15.4,1,7.840000000000003,8.829364387009552,7.941500000000001,8.20362146233652,8.20362146233652,7.85949800973402
002,2014-10-04 11:52:02,15.2,1,9.434500000000009,9.255684239101289,9.4725,9.387561413033767,9.387561413033767,9.274772711881774
002,2014-10-04 11:57:02,14.8,1,9.018500000000005,8.406244154312215,9.1605,8.861748051437408,8.861748051437408,8.471720990052953
002,2014-10-04 12:17:02,13.4,1,8.572500000000005,8.20289937264564,8.774500000000002,8.516633124215216,8.516633124215216,8.24358857742802
002,2014-10-04 12:22:02,13.2,1,8.955500000000002,8.546889636376834,8.999500000000001,8.833963212125612,8.833963212125614,8.590080207284275
002,2014-10-04 12:27:02,13.0,1,9.806000000000006,8.040005572263203,9.619000000000002,9.15500185742107,9.155001857421071,8.207076749851723
002,2014-10-04 13:17:03,15.3,1,9.341000000000003,9.814893293923607,9.335500000000001,9.497131097974538,9.497131097974538,9.340814366557478
002,2014-10-04 13:27:03,14.6,1,9.262500000000008,9.506168441182199,9.500499999999999,9.423056147060736,9.423056147060736,9.287457266437581
002,2014-10-04 14:02:03,10.5,1,8.901000000000009,9.065660510243479,8.860999999999999,8.942553503414494,8.942553503414496,8.866831576871466
002,2014-10-04 14:22:03,8.5,1,9.06050000000001,8.178717650716102,9.094000000000001,8.777739216905372,8.777739216905372,8.271308506670746
002,2014-10-04 15:37:03,7.0,1,9.077,8.461339963144875,9.008000000000001,8.848779987714957,8.84877998771496,8.51922388368232
002,2014-10-04 16:02:03,6.8,1,10.067500000000004,8.92235180545117,10.238500000000002,9.742783935150392,9.742783935150394,9.043872127089852
002,2014-10-04 16:12:03,6.6,1,7.686000000000002,8.106748402753345,7.7860000000000005,7.859582800917782,7.859582800917783,7.699669913450117
002,2014-10-04 16:17:03,6.5,1,8.925000000000002,8.81587217025485,8.8175,8.852790723418286,8.852790723418286,8.817117480793053
002,2014-10-04 16:37:03,6.0,1,8.824000000000016,8.249202768452719,8.594000000000001,8.555734256150911,8.555734256150913,8.28757693545438
002,2014-10-04 17:47:03,6.2,1,9.61500000000001,9.361681968104984,9.812999999999999,9.596560656034997,9.596560656034999,9.39016518840668
002,2014-10-04 18:27:03,10.7,1,11.044500000000005,9.753558864595554,11.273500000000002,10.690519621531854,10.690519621531855,9.890912669774368
002,2014-10-04 19:12:03,11.0,1,9.1775,8.98878948950708,9.3535,9.173263163169027,9.173263163169029,9.0102931934804
002,2014-10-04 19:17:03,10.8,1,8.398500000000006,8.74810288005175,8.273,8.473200960017252,8.473200960017252,8.28962637772586
002,2014-10-04 19:32:03,9.7,1,9.214000000000016,8.78738293318762,9.136500000000002,9.045960977729212,9.045960977729214,8.824684059905064
002,2014-10-04 19:52:03,8.2,1,8.9685,9.273776523770493,8.8925,9.044925507923496,9.0449255079235,8.903504211598866
003,2014-10-01 09:00:00,8.0,1,9.65950000000001,9.367531039017955,9.979999999999999,9.66901034633932,9.669010346339322,9.401283085496555
003,2014-10-01 09:18:15,7.0,1,8.897500000000003,7.848714434569124,8.6905,8.478904811523043,8.478904811523043,7.93885565524184
003,2014-10-01 09:43:15,7.4,1,8.719000000000008,8.586877073843052,8.8705,8.725459024614354,8.725459024614354,8.602215341743277
003,2014-10-01 11:23:15,10.2,1,9.258500000000002,8.205472700024528,9.2275,8.897157566674842,8.897157566674844,8.312711584964015
003,2014-10-01 11:48:15,9.1,1,8.102500000000004,7.579607090438063,8.024000000000001,7.902035696812689,7.90203569681269,7.626886384959953
003,2014-10-01 12:38:15,8.5,1,8.435,8.008398852172434,8.3485,8.26396628405748,8.26396628405748,8.044846694729294
003,2014-10-01 12:43:15,8.5,1,7.8335000000000035,7.333671793982007,7.861500000000001,7.676223931327338,7.676223931327338,7.386245967270813
003,2014-10-01 12:58:15,8.3,1,8.449500000000006,8.327259812078053,8.483,8.419919937359353,8.419919937359355,8.34038410546542
003,2014-10-01 13:58:15,5.3,1,8.102500000000006,8.012717307316153,8.1125,8.075905769105386,8.075905769105388,8.022210758171896
003,2014-10-01 14:23:15,5.7,1,9.91450000000001,8.584110011080107,9.7415,9.413370003693373,9.413370003693373,8.706931121814918
003,2014-10-01 14:58:15,5.5,1,7.847000000000005,7.832762633718056,7.7170000000000005,7.798920877906021,7.798920877906021,7.729253957513295
003,2014-10-01 15:08:15,5.2,1,5.8854999999999995,7.103938376192898,5.745999999999999,6.245146125397632,6.245146125397633,5.772779472806432
003,2014-10-01 15:43:15,4.8,1,5.556499999999991,6.092240145256029,5.5139999999999985,5.720913381752006,5.720913381752006,5.523803933957154
003,2014-10-01 16:08:15,5.1,1,5.7094999999999985,5.777883610273297,5.953999999999999,5.813794536757764,5.813794536757765,5.718415750858724
003,2014-10-01 16:53:15,5.4,1,5.404499999999996,5.582407997631914,5.389499999999999,5.458802665877303,5.458802665877304,5.392848444389704
003,2014-10-01 17:03:15,5.6,1,5.718000000000001,5.736514036839514,5.714499999999998,5.723004678946505,5.723004678946506,5.715051325398182
003,2014-10-01 17:13:15,5.7,1,6.632999999999995,6.554424624943665,6.5875,6.591641541647886,6.5916415416478875,6.558340112715187
003,2014-10-01 17:28:15,5.8,1,8.344500000000005,8.336383650784134,8.271999999999998,8.317627883594712,8.317627883594714,8.278817257515128
003,2014-10-01 18:23:15,5.6,1,7.285500000000005,9.152507285367577,7.24,7.892669095122528,7.892669095122528,7.2634304782409504
003,2014-10-01 18:28:15,5.6,1,6.210000000000007,7.093371392700148,6.324000000000001,6.542457130900051,6.542457130900053,6.229620883468753
003,2014-10-01 18:48:15,5.5,1,8.007,8.311857218950438,8.269,8.195952406316813,8.195952406316813,8.034840137276674
003,2014-10-01 18:53:15,5.4,1,8.337499999999997,7.871894725016108,8.418,8.209131575005367,8.209131575005369,7.92141334829913
003,2014-10-01 19:03:15,5.4,1,8.240000000000004,8.229526243933813,8.3625,8.277342081311273,8.277342081311273,8.23184705327013
003,2014-10-01 19:48:15,4.8,1,8.43300000000001,8.48677530027332,8.46,8.45992510009111,8.459925100091112,8.436092608946838
003,2014-10-01 20:23:15,5.5,1,8.388499999999999,9.199350169859196,8.4745,8.687450056619731,8.687450056619733,8.404746191002012
003,2014-10-01 20:28:15,5.7,1,8.482500000000005,8.218446225780772,8.461000000000002,8.387315408593592,8.387315408593594,8.244038243220274
003,2014-10-01 20:38:15,5.9,1,7.4035,7.86538983653506,7.504,7.590963278845019,7.59096327884502,7.417628639935047
003,2014-10-01 20:53:15,6.3,1,10.79550000000001,9.374716008822311,10.843000000000002,10.337738669607441,10.337738669607441,9.52383953114667
003,2014-10-01 21:18:16,7.4,1,9.593000000000012,10.175348724517857,9.624,9.797449574839291,9.797449574839291,9.601756840366187
003,2014-10-01 21:33:16,7.9,1,7.968000000000006,7.993900555086541,7.974999999999998,7.978966851695515,7.978966851695516,7.968921375610449
003,2014-10-01 21:38:16,8.0,1,9.699500000000004,9.789544181215918,9.744000000000002,9.744348060405308,9.74434806040531,9.70461122290521
003,2014-10-01 22:03:16,8.8,1,8.006500000000011,7.453924339688372,8.1915,7.883974779896128,7.883974779896128,7.513587178154861
004,2014-10-01 08:44:56,14.2,1,10.060000000000008,11.05040329073675,9.793999999999999,10.301467763578918,10.30146776357892,9.831734095171441
004,2014-10-01 08:59:56,15.5,1,10.44400000000001,10.034780821844214,10.209999999999999,10.229593607281409,10.229593607281409,10.055453004693593
004,2014-10-01 09:14:56,15.7,1,9.706499999999998,9.468403391701468,9.379499999999998,9.518134463900488,9.51813446390049,9.391182420694031
004,2014-10-01 09:19:56,15.5,1,9.198,9.253215772434439,9.174,9.208405257478146,9.208405257478148,9.177063140785762
004,2014-10-01 10:04:56,13.4,1,8.972500000000002,9.324018777059491,8.907,9.067839592353165,9.067839592353165,8.917368079042387
004,2014-10-01 10:34:56,11.7,1,12.476499999999994,10.83145301892851,12.443,11.916984339642836,11.916984339642836,11.00039498443492
004,2014-10-01 10:49:56,10.7,1,10.224000000000002,10.591444051453658,10.410500000000003,10.40864801715122,10.408648017151222,10.245321871387658
004,2014-10-01 10:59:56,10.0,1,8.918999999999999,8.609131735324054,8.7605,8.762877245108017,8.762877245108019,8.626553533183964
004,2014-10-01 11:49:56,8.7,1,10.910500000000004,11.160712561955751,11.168,11.079737520651918,11.07973752065192,10.936751187081507
004,2014-10-01 12:04:56,8.3,1,7.844500000000003,8.547842591468932,7.546,7.979447530489645,7.9794475304896455,7.584263777741105
004,2014-10-01 12:39:56,7.1,1,11.202999999999998,9.983680956269152,10.573999999999998,10.586893652089715,10.586893652089717,10.05173266958757
004,2014-10-01 13:09:56,8.1,1,9.582000000000008,9.01755742999745,9.604999999999999,9.401519143332486,9.401519143332486,9.07684183551499
004,2014-10-01 13:30:00,4.5,1,10.256500000000003,11.167946090330412,10.055000000000001,10.493148696776805,10.493148696776807,10.085196256189812
004,2014-10-01 14:19:56,7.9,1,9.260000000000012,11.604776330398392,9.439499999999999,10.101425443466136,10.101425443466136,9.300432824117532
004,2014-10-01 14:59:56,5.6,1,11.954000000000002,11.325638148804721,12.0135,11.764379382934907,11.764379382934909,11.391975064004475
004,2014-10-01 15:14:56,4.9,1,7.905999999999991,8.449853117262071,7.877499999999999,8.077784372420686,8.077784372420687,7.885920323558053
004,2014-10-01 15:54:56,4.2,1,9.378,8.38044168293268,9.573,9.11048056097756,9.110480560977562,8.486760517804978
004,2014-10-01 16:14:56,4.1,1,7.797000000000004,8.93521873159679,7.927499999999998,8.219906243865598,8.219906243865598,7.820730657712443
004,2014-10-01 16:29:56,4.4,1,9.987000000000004,8.986701467480913,9.741,9.57156715582697,9.571567155826973,9.068079419081318
004,2014-10-01 17:04:56,4.1,1,11.486,13.650315857690636,11.006499999999999,12.047605285896879,12.04760528589688,11.0783105076582
004,2014-10-01 17:14:56,3.8,1,10.078000000000005,11.053421323752334,10.0265,10.385973774584114,10.385973774584114,10.041642364390153
004,2014-10-01 17:39:56,3.2,1,10.967000000000008,9.646604727902922,10.9045,10.506034909300977,10.506034909300979,9.778836132956117
004,2014-10-01 18:14:56,2.6,1,8.033500000000007,5.684915024659828,7.989000000000002,7.235805008219946,7.2358050082199465,5.926423289041192
004,2014-10-01 18:19:56,2.4,1,10.361000000000008,9.500089983652856,10.240500000000003,10.033863327884289,10.03386332788429,9.578759859050926
004,2014-10-01 18:24:56,2.4,1,10.926000000000005,10.9989333427998,10.6905,10.8718111142666,10.871811114266604,10.715868354718184
004,2014-10-01 18:29:56,2.3,1,9.038000000000004,8.504905225161746,9.409500000000001,8.984135075053917,8.984135075053919,8.564394889734688
004,2014-10-01 18:34:56,2.3,1,12.6205,12.848057436642385,12.713999999999999,12.727519145547461,12.727519145547461,12.631622945876536
004,2014-10-01 19:44:56,6.4,1,10.055000000000007,10.891434227252137,9.755,10.233811409084048,10.23381140908405,9.794751630540276
004,2014-10-02 08:34:56,7.3,1,9.161000000000003,9.181632302476087,9.051000000000002,9.13121076749203,9.131210767492032,9.062714995389603
004,2014-10-02 08:39:56,7.8,1,9.349500000000008,10.191911481186906,9.376,9.639137160395636,9.63913716039564,9.360431658608858
004,2014-10-02 08:49:56,9.3,1,10.138499999999995,10.006625993731305,9.909500000000001,10.0182086645771,10.0182086645771,9.920980478607806
004,2014-10-02 09:24:56,14.8,1,8.972500000000004,8.516363162533006,8.921,8.803287720844336,8.803287720844338,8.55921300607077
004,2014-10-02 09:29:56,15.3,1,11.621999999999998,8.720948493582984,11.299000000000001,10.54731616452766,10.547316164527663,8.993905312919768
004,2014-10-02 09:34:56,15.8,1,11.024500000000005,9.804815562705498,11.033999999999999,10.621105187568501,10.621105187568501,9.932519186135693
004,2014-10-02 10:04:56,19.1,1,9.089500000000001,8.856991532305107,9.135500000000002,9.02733051076837,9.02733051076837,8.881777566639219
004,2014-10-02 10:19:56,19.8,1,9.845999999999998,8.96676828692479,9.869000000000002,9.560589428974929,9.56058942897493,9.05898728436627
004,2014-10-02 10:49:56,15.9,1,9.615000000000006,9.324113748855527,9.740000000000002,9.559704582951845,9.559704582951845,9.35579751758152
004,2014-10-02 11:14:56,12.3,1,8.372,8.296487063549568,8.2965,8.321662354516524,8.321662354516524,8.297243417016562
004,2014-10-02 12:19:56,7.9,1,9.320500000000001,9.597298037991361,9.333499999999999,9.417099345997121,9.417099345997121,9.324498096204847
004,2014-10-02 12:34:56,6.9,1,8.760500000000006,8.104743438608159,9.0525,8.639247812869387,8.639247812869389,8.176271506027751
004,2014-10-02 12:59:56,5.7,1,9.044500000000005,7.635438008260416,9.1855,8.62181266942014,8.621812669420141,7.784270124666648
004,2014-10-02 13:24:56,6.4,1,8.072000000000008,7.908388751872721,7.8015,7.927296250624242,7.927296250624244,7.814319272706636
004,2014-10-02 13:34:56,6.4,1,8.350000000000001,8.433727673343512,8.3245,8.369409224447837,8.369409224447839,8.328005196236193
004,2014-10-02 13:40:00,5.6,1,9.036000000000001,8.812215775815396,8.929,8.925738591938467,8.925738591938467,8.82550424284742
004,2014-10-02 14:09:56,6.4,1,8.469000000000003,9.477780775051968,8.575999999999999,8.840926925017323,8.840926925017325,8.489212607232686
004,2014-10-02 14:24:56,7.2,1,9.640000000000004,9.055643138878844,9.405499999999998,9.367047712959616,9.367047712959616,9.094591666053715
004,2014-10-02 14:59:56,7.1,1,9.125000000000005,8.735967370094897,9.105500000000001,8.988822456698301,8.988822456698303,8.774824460692141
004,2014-10-02 15:19:56,6.6,1,9.765500000000007,9.959846479924765,9.769499999999999,9.831615493308258,9.831615493308258,9.767821961976153
004,2014-10-02 15:24:56,6.5,1,8.753,8.434132412829777,8.743,8.643377470943259,8.64337747094326,8.466547466146702
004,2014-10-02 15:34:56,6.2,1,8.639000000000005,8.777958681033873,8.381,8.599319560344625,8.599319560344627,8.409382654720607
004,2014-10-02 15:49:56,5.8,1,9.740000000000007,10.957984098135066,9.4865,10.061494699378358,10.06149469937836,9.525202099567602
004,2014-10-02 17:34:56,11.5,1,8.674000000000007,8.950176517224014,8.759,8.794392172408008,8.794392172408008,8.684804830181442
004,2014-10-02 18:24:56,14.3,1,8.039500000000006,7.556645047800897,7.809499999999999,7.801881682600301,7.8018816826003015,7.585399818716239
004,2014-10-02 18:44:56,12.3,1,10.449500000000008,9.49899977887768,10.273,10.073833259625896,10.073833259625896,9.581744005743257
004,2014-10-02 18:54:56,11.1,1,8.707500000000003,9.380723028160107,8.8125,8.966907676053369,8.96690767605337,8.724167781175316
004,2014-10-02 18:59:56,10.7,1,8.522500000000003,7.525973980617119,8.5,8.182824660205707,8.182824660205707,7.628105765452671
004,2014-10-02 19:09:56,10.3,1,9.6145,9.782199797584665,9.811,9.735899932528222,9.735899932528223,9.632333474988263
004,2014-10-02 19:29:56,10.3,1,9.056500000000003,8.052255047326305,9.104,8.737585015775435,8.737585015775437,8.157798466729666
004,2014-10-03 08:29:57,6.4,1,8.942000000000005,8.895623644675208,9.0035,8.947041214891739,8.94704121489174,8.90109073811983
004,2014-10-03 08:34:57,5.9,1,9.819000000000004,9.437262584816578,9.8435,9.699920861605527,9.699920861605529,9.477446592459742
004,2014-10-03 08:54:57,3.8,1,10.925500000000016,9.643959334698781,11.066999999999998,10.5454864448996,10.5454864448996,9.779454622327654
004,2014-10-03 09:14:57,4.1,1,8.491500000000007,7.887128327682971,8.8885,8.42237610922766,8.42237610922766,7.954330287349238
004,2014-10-03 10:04:57,14.7,1,10.715000000000005,9.017038532974595,10.729000000000001,10.153679510991532,10.153679510991534,9.194826553084825
004,2014-10-03 10:39:57,20.0,1,10.292000000000009,10.021387663756357,10.375500000000002,10.229629221252123,10.229629221252123,10.050535288444657
004,2014-10-03 10:44:57,20.3,1,10.127000000000008,10.601668096531808,10.214500000000003,10.314389365510607,10.314389365510607,10.140026306710084
004,2014-10-03 11:49:57,10.2,1,8.379999999999995,10.051637003620227,8.2925,8.908045667873408,8.90804566787341,8.318370995780962
004,2014-10-03 11:54:57,10.1,1,9.598000000000003,9.52252299367542,9.549000000000001,9.556507664558474,9.556507664558476,9.52578313177534
004,2014-10-03 11:59:57,10.0,1,9.495000000000003,9.411316727678127,8.813000000000002,9.239772242559377,9.23977224255938,8.876435298080066
004,2014-10-03 12:09:57,10.0,1,12.031999999999996,10.636378389315283,12.116499999999997,11.594959463105091,11.594959463105093,10.783239315339522
004,2014-10-03 12:24:57,9.2,1,6.514499999999999,6.727405007929887,6.5985000000000005,6.61346833597663,6.61346833597663,6.524577490794268
004,2014-10-03 13:04:57,5.5,1,6.139500000000003,5.61558684181404,5.928000000000001,5.894362280604682,5.894362280604682,5.650387847996115
004,2014-10-03 13:29:57,4.9,1,10.853500000000007,9.742878326621678,10.575,10.390459442207229,10.390459442207229,9.83272346940892
004,2014-10-03 13:30:00,4.1,1,10.946000000000009,10.653795564764412,10.800500000000001,10.80009852158814,10.800098521588142,10.670599412760733
004,2014-10-03 13:34:57,4.7,1,8.3955,8.77653191603435,8.006,8.392677305344783,8.392677305344785,8.050561481761312
004,2014-10-03 13:39:57,4.3,1,8.055500000000004,8.128665552862408,8.1555,8.113221850954137,8.113221850954139,8.063423238801251
004,2014-10-03 14:19:57,4.2,1,7.082999999999998,7.469174569000373,6.975,7.175724856333457,7.175724856333457,6.990161169466393
004,2014-10-03 14:29:57,5.3,1,10.637000000000002,11.349058886559526,10.755,10.913686295519843,10.913686295519843,10.655286255584244
004,2014-10-03 14:39:57,6.1,1,6.738000000000003,7.07035740763044,6.665,6.824452469210147,6.824452469210148,6.67596114755479
004,2014-10-03 15:04:57,7.7,1,6.896000000000007,6.640566266803857,6.9825,6.839688755601287,6.839688755601289,6.668155840860977
004,2014-10-03 16:04:57,8.5,1,8.035000000000005,7.28167273410982,7.753999999999999,7.690224244703274,7.690224244703276,7.333899640947206
004,2014-10-04 06:49:57,9.7,1,10.89,9.637885789301876,10.693,10.406961929767292,10.406961929767293,9.750246368923836
004,2014-10-04 07:19:57,15.7,1,10.451500000000005,9.478985384550356,10.638,10.189495128183452,10.189495128183454,9.5825990398161
004,2014-10-04 07:29:57,18.7,1,9.262000000000002,10.49781030817949,9.5405,9.766770102726497,9.766770102726499,9.300710969023696
004,2014-10-04 07:34:57,20.0,1,8.972500000000004,8.556771802407676,9.134000000000002,8.887757267469226,8.887757267469228,8.601882071670557
004,2014-10-04 08:24:57,22.2,1,10.484000000000004,8.219452093488817,10.4135,9.705650697829606,9.705650697829608,8.449707807205264
004,2014-10-04 08:59:58,22.2,1,11.166999999999998,10.887938048225964,11.1315,11.062146016075323,11.062146016075323,10.91377554553059
004,2014-10-04 09:09:58,22.2,1,8.879000000000001,8.167805729547789,8.9285,8.658435243182597,8.658435243182598,8.242708928151322
004,2014-10-04 10:09:58,22.2,1,8.177500000000006,9.227229555348737,8.0315,8.47874318511625,8.47874318511625,8.05727244251046
004,2014-10-04 10:59:58,22.2,1,10.617000000000008,10.148153642935329,10.5275,10.430884547645112,10.430884547645114,10.188737487810366
004,2014-10-04 11:14:58,22.2,1,10.643000000000006,10.676220287073848,10.268500000000001,10.529240095691286,10.529240095691287,10.30801400105832
004,2014-10-04 11:39:58,22.2,1,10.3195,9.519386336646807,10.693000000000001,10.177295445548937,10.177295445548937,9.606832663975597
004,2014-10-04 11:59:58,19.5,1,9.521500000000005,10.059195591750768,9.3645,9.648398530583592,9.648398530583593,9.386302970110963
004,2014-10-04 12:09:58,18.0,1,11.130000000000003,13.00910677807121,10.932,11.690368926023737,11.690368926023739,10.971506678037429
004,2014-10-04 12:34:58,18.7,1,9.384500000000001,9.247426964308726,9.4875,9.373142321436243,9.373142321436244,9.262798133925317
004,2014-10-04 13:49:58,15.3,1,9.065500000000007,8.9508767679469,8.872499999999999,8.96295892264897,8.96295892264897,8.881846346350676
004,2014-10-04 13:54:58,14.4,1,9.1335,8.909586541384376,9.257,9.100028847128124,9.100028847128126,8.934248328959704
004,2014-10-04 14:19:58,13.8,1,8.833500000000006,8.989419370081345,8.7875,8.870139790027117,8.870139790027117,8.7938719112352
004,2014-10-04 15:29:58,9.4,1,9.493500000000003,8.713058017297751,9.238999999999999,9.14851933909925,9.148519339099252,8.770629326041718
004,2014-10-04 15:34:58,9.3,1,8.972000000000007,9.079047653293575,8.701,8.917349217764526,8.917349217764528,8.73042366026814
004,2014-10-04 15:49:58,9.7,1,11.442000000000005,11.036494822690987,11.0195,11.165998274230331,11.165998274230333,11.025333123102625
004,2014-10-04 15:54:58,10.0,1,11.328500000000004,11.595763308703676,11.373500000000002,11.432587769567894,11.432587769567895,11.3354307263272
004,2014-10-04 16:24:58,13.2,1,10.645000000000003,12.351736088792011,10.720999999999998,11.239245362930669,11.239245362930673,10.669258807249083
004,2014-10-04 16:29:58,13.9,1,10.869000000000007,10.070582475102961,10.740499999999999,10.560027491700987,10.56002749170099,10.141957123334844
004,2014-10-04 16:39:58,15.2,1,9.181500000000005,7.96345534996326,8.8725,8.672485116654421,8.672485116654423,8.061653504893142
004,2014-10-04 16:54:58,16.9,1,9.473000000000004,8.731447993054893,9.708,9.3041493310183,9.3041493310183,8.81138234841329
005,2014-10-01 11:55:12,8.3,1,8.412500000000007,7.963212091912137,8.548,8.307904030637381,8.307904030637381,8.011573522200038
005,2014-10-01 12:15:12,7.3,1,8.970500000000005,8.260705154204338,8.9895,8.740235051401447,8.740235051401449,8.335156938990858
005,2014-10-01 12:35:12,6.1,1,9.708000000000007,10.469173769079804,9.7405,9.972557923026605,9.972557923026605,9.718687027253141
005,2014-10-01 12:55:12,5.0,1,8.970500000000003,8.99884474690857,8.5955,8.854948248969526,8.854948248969526,8.635017557803778
005,2014-10-01 13:05:12,4.6,1,9.373500000000002,8.900330329315391,9.145000000000001,9.1396101097718,9.1396101097718,8.928213720929238
005,2014-10-01 13:35:12,4.5,1,8.724000000000009,9.391696904535573,8.682000000000002,8.932565634845195,8.932565634845195,8.693071189402842
005,2014-10-01 13:50:12,4.8,1,8.565500000000004,8.662130269441658,8.478500000000002,8.568710089813889,8.568710089813889,8.488568616292065
005,2014-10-01 14:30:12,7.2,1,9.258500000000007,8.460031874405693,9.316,9.0115106248019,9.0115106248019,8.544146038507838
005,2014-10-01 14:35:12,7.5,1,11.031500000000001,11.760882686982681,10.9245,11.238960895660895,11.238960895660895,10.94298862635199
005,2014-10-01 14:40:12,7.8,1,9.366499999999997,9.361801320078076,9.068,9.265433773359357,9.265433773359359,9.098785742555009
005,2014-10-01 14:45:12,8.0,1,8.885000000000005,9.09396313575439,8.878499999999997,8.952487711918131,8.952487711918133,8.881269689270008
005,2014-10-01 15:10:12,8.5,1,8.976500000000001,9.012905345389822,8.818,8.935801781796608,8.935801781796608,8.834947004088693
005,2014-10-01 15:25:12,8.7,1,8.750500000000004,8.634653485584453,8.869000000000002,8.75138449519482,8.75138449519482,8.647958845393703
005,2014-10-01 15:50:12,9.3,1,9.356000000000012,9.133019022550714,9.219,9.236006340850244,9.236006340850242,9.143384721633192
005,2014-10-01 16:20:12,11.4,1,9.403500000000001,8.233441358278462,9.3685,9.00181378609282,9.001813786092821,8.352546067573535
005,2014-10-01 17:35:12,12.5,1,9.207500000000012,8.672471196201624,9.2835,9.05449039873388,9.05449039873388,8.729208207189531
005,2014-10-01 17:55:12,11.3,1,8.808500000000002,7.950091817581329,8.4865,8.415030605860444,8.415030605860444,8.009433145083854
005,2014-10-01 18:00:12,10.9,1,9.498500000000005,8.40222757542757,9.28,9.060242525142526,9.060242525142526,8.496248895839376
005,2014-10-01 18:05:12,10.5,1,9.867,9.379217965588424,9.613499999999998,9.619905988529474,9.619905988529476,9.406264558088528
005,2014-10-01 18:30:12,8.3,1,9.196500000000007,8.805134913896545,9.347,9.116211637965518,9.116211637965518,8.847586209814757
005,2014-10-01 19:35:12,5.5,1,9.642500000000009,7.99057124624903,9.6865,9.10652374874968,9.10652374874968,8.163843126221622
005,2014-10-01 19:40:12,5.5,1,9.748499999999998,8.73532559943781,9.640500000000001,9.374775199812603,9.374775199812603,8.831108832247939
005,2014-10-01 20:30:12,6.8,1,9.387500000000003,8.975137828457799,9.466500000000002,9.276379276152602,9.276379276152602,9.01907092962084
005,2014-10-01 20:55:12,8.5,1,9.317000000000002,9.135821130606296,9.057499999999997,9.170107043535431,9.170107043535433,9.067506081706586
005,2014-10-01 21:05:12,9.2,1,10.107500000000009,9.797540206378793,9.842,9.915680068792932,9.915680068792936,9.804846780907834
005,2014-10-01 21:35:12,10.8,1,9.931000000000003,9.632731468754645,9.842500000000003,9.80207715625155,9.802077156251551,9.655563353286983
005,2014-10-02 09:50:12,8.1,1,9.59250000000001,8.582263978498641,9.869499999999999,9.348087992832884,9.348087992832884,8.690729209249756
005,2014-10-02 10:05:12,7.6,1,11.524000000000006,14.643505373297652,11.062999999999997,12.410168457765884,12.410168457765888,11.14242685337109
005,2014-10-02 10:20:12,7.2,1,8.658000000000012,8.357414395655079,8.552,8.522471465218365,8.522471465218365,8.378832777176175
005,2014-10-02 10:35:12,6.9,1,11.452,13.523790046303874,11.679,12.218263348767957,12.218263348767959,11.494197615252304
005,2014-10-02 10:55:12,6.7,1,8.5615,7.377148903438828,8.422,8.120216301146277,8.120216301146277,7.48786071198765
005,2014-10-02 11:00:12,6.5,1,8.471499999999999,9.084112521280856,8.490499999999999,8.682037507093618,8.682037507093618,8.479423986803095
005,2014-10-02 11:05:12,6.3,1,10.151000000000003,9.245592046099254,10.009500000000003,9.802030682033086,9.802030682033088,9.326930376629637
005,2014-10-02 11:55:12,5.0,1,8.365500000000004,9.000581803474033,8.279500000000002,8.54852726782468,8.548527267824682,8.294848507338163
005,2014-10-02 12:00:12,5.3,1,9.06000000000001,8.753666654913786,9.1435,8.985722218304598,8.9857222183046,8.786551564941275
005,2014-10-02 12:10:12,6.1,1,8.2295,9.71917250386181,8.415500000000002,8.78805750128727,8.788057501287271,8.261996843764624
005,2014-10-02 12:15:12,6.5,1,8.869000000000005,9.150221057666094,8.952,8.990407019222033,8.990407019222035,8.879666026997409
005,2014-10-02 12:40:12,8.8,1,9.342500000000003,8.894963061667308,9.3195,9.185654353889104,9.185654353889104,8.939609939213168
005,2014-10-02 13:05:12,9.9,1,10.249500000000005,7.875541362298481,10.1835,9.436180454099494,9.436180454099496,8.11766990587047
005,2014-10-02 14:20:12,10.9,1,10.90150000000001,12.702474516821004,10.878999999999998,11.494324838940337,11.494324838940338,10.899363791788288
005,2014-10-02 15:00:12,11.5,1,9.8535,9.891575274312927,9.812999999999999,9.852691758104308,9.85269175810431,9.817618036659272
005,2014-10-02 15:35:12,11.3,1,9.140500000000001,9.349296745901047,8.950000000000001,9.14659891530035,9.14659891530035,8.972018895509034
005,2014-10-02 15:45:12,11.2,1,9.095500000000005,9.464786417526296,9.328000000000001,9.296095472508767,9.29609547250877,9.121193012582776
005,2014-10-02 15:55:12,11.1,1,10.241500000000007,9.026114134252246,10.199500000000002,9.822371378084085,9.822371378084087,9.149298802310698
005,2014-10-02 16:10:12,11.2,1,8.987,9.20713275793809,9.171999999999999,9.12204425264603,9.122044252646031,9.00670682201116
005,2014-10-02 16:30:12,12.1,1,11.032500000000006,11.312606069580271,11.0015,11.115535356526758,11.11553535652676,11.007544413816802
005,2014-10-02 16:45:12,12.5,1,7.917000000000005,7.428706244357434,7.712999999999999,7.686235414785813,7.686235414785813,7.460490277894352
005,2014-10-02 17:10:12,12.8,1,11.644000000000005,11.028803369150566,10.965499999999999,11.212767789716857,11.212767789716859,10.978275036627986
005,2014-10-02 17:30:12,12.5,1,8.7585,8.670401268232183,8.511,8.646633756077394,8.646633756077396,8.528558232505173
005,2014-10-02 17:55:12,11.0,1,9.28700000000001,9.897649500696016,9.3855,9.523383166898675,9.523383166898675,9.302426987988213
005,2014-10-02 19:15:12,6.9,1,10.603500000000007,10.646397817524308,10.616000000000001,10.621965939174771,10.621965939174773,10.605111781853068
005,2014-10-02 19:45:12,8.0,1,9.964000000000006,10.569293382581264,10.390500000000001,10.307931127527091,10.307931127527091,10.010410195313142
005,2014-10-02 19:55:12,8.7,1,10.90900000000001,11.542823768557477,10.8545,11.102107922852497,11.102107922852497,10.866540261720882
005,2014-10-02 20:10:12,9.1,1,9.083999999999998,7.57765362282202,9.045000000000002,8.568884540940674,8.568884540940674,7.731563701919131
005,2014-10-02 20:40:12,7.9,1,10.091000000000006,9.213474468286032,9.7125,9.672324822762013,9.672324822762013,9.269469662342285
005,2014-10-02 20:55:12,7.8,1,10.76650000000001,10.37252401302537,10.736500000000001,10.625174671008459,10.62517467100846,10.410904743777746
005,2014-10-02 22:00:12,9.0,1,9.724000000000013,9.920039016816217,9.693499999999998,9.779179672272077,9.779179672272077,9.698651431142046
005,2014-10-02 22:20:12,9.0,1,7.788999999999999,7.376540302884966,7.816500000000001,7.660680100961656,7.660680100961657,7.419968607592234
005,2014-10-02 22:25:12,9.0,1,8.48000000000001,9.086868996925151,8.855,8.80728966564172,8.807289665641722,8.521552800303953
005,2014-10-02 22:45:13,9.0,1,8.903500000000005,9.053197733205915,8.935,8.963899244401974,8.963899244401974,8.907977642600175
005,2014-10-03 08:45:13,8.3,1,7.8590000000000115,8.342194934676819,8.355500000000001,8.185564978225612,8.185564978225612,7.90968697966731
005,2014-10-03 09:15:13,7.3,1,9.63550000000001,9.895703453146197,9.929,9.820067817715403,9.820067817715403,9.663056568109095
005,2014-10-03 10:00:13,8.0,1,8.789499999999997,9.785373208591029,9.226999999999999,9.267291069530343,9.267291069530343,8.840856860809716
005,2014-10-03 10:30:13,8.3,1,8.397500000000006,9.050273248307697,8.288,8.578591082769234,8.578591082769236,8.305984092700806
005,2014-10-03 11:20:13,8.3,1,9.134500000000006,9.165822504173049,9.365000000000002,9.221774168057685,9.221774168057687,9.139768869850762
005,2014-10-03 11:30:13,8.2,1,9.533500000000005,9.424395572530598,9.407,9.454965190843534,9.454965190843534,9.40991104377336
005,2014-10-03 12:30:13,8.8,1,9.870000000000003,9.227587995352494,9.565,9.554195998450831,9.554195998450833,9.265939488202067
005,2014-10-03 12:50:13,8.3,1,8.7615,8.93498481253306,8.661499999999998,8.785994937511019,8.78599493751102,8.673697277547912
005,2014-10-03 14:35:13,8.5,1,9.638,11.092564525898355,9.803500000000001,10.178021508632787,10.178021508632787,9.66820596595336
005,2014-10-03 14:40:13,8.6,1,8.301500000000003,7.71656376120058,8.426,8.148021253733527,8.148021253733528,7.779007302352094
005,2014-10-03 15:05:13,9.3,1,9.32300000000001,8.605810005305266,9.506,9.144936668435092,9.144936668435093,8.682675502326045
005,2014-10-03 15:25:13,10.2,1,8.448500000000003,8.749974579714586,8.410499999999999,8.536324859904862,8.536324859904864,8.417490468977725
005,2014-10-03 16:05:13,11.4,1,8.784000000000006,8.381236059297061,8.738,8.634412019765689,8.63441201976569,8.419022234798339
005,2014-10-03 16:10:13,11.4,1,8.458,9.004106917307809,8.4105,8.624202305769268,8.624202305769272,8.420930723148803
005,2014-10-03 16:15:13,11.5,1,10.24150000000001,8.70185670413138,9.799,9.580785568043796,9.580785568043797,8.82106954712626
005,2014-10-03 16:35:13,10.9,1,8.71550000000001,8.758279272706497,8.746000000000002,8.739926424235504,8.739926424235504,8.71881383370096
005,2014-10-03 17:10:13,10.4,1,9.114000000000003,8.65347013569599,8.87,8.879156711898665,8.879156711898665,8.678564419927614
005,2014-10-03 17:15:13,10.5,1,9.12050000000001,8.319576964556436,9.206000000000003,8.88202565485215,8.882025654852152,8.404227971868947
005,2014-10-03 17:35:13,10.8,1,8.151000000000005,7.498139592674157,8.188,7.945713197558054,7.945713197558055,7.566814652018627
005,2014-10-03 18:00:13,11.0,1,8.890500000000008,8.448496450607214,8.592,8.643665483535742,8.643665483535742,8.466495408181338
005,2014-10-03 18:20:13,10.8,1,8.532,8.43530801511937,8.6665,8.544602671706457,8.544602671706459,8.4467693457948
005,2014-10-03 18:50:13,9.9,1,8.147500000000004,7.43945012724993,8.381499999999999,7.989483375749978,7.9894833757499795,7.515869345463111
005,2014-10-03 20:15:13,13.4,1,8.574500000000004,9.247765531308534,8.634,8.818755177102846,8.818755177102847,8.586862800819524
005,2014-10-03 21:15:13,14.2,1,9.907000000000002,9.9609634157362,9.803999999999998,9.890654471912066,9.890654471912068,9.81531593646262
005,2014-10-03 21:25:13,14.1,1,10.999500000000003,11.028896268383594,11.009999999999998,11.012798756127864,11.012798756127866,11.000787517773206
005,2014-10-03 21:55:13,13.2,1,10.270499999999997,10.952009598779323,10.1955,10.472669866259773,10.472669866259773,10.210161918054729
005,2014-10-03 22:20:13,11.4,1,10.247000000000003,10.308316424212363,9.963000000000001,10.172772141404122,10.172772141404124,9.993326463802266
005,2014-10-04 08:25:13,5.7,1,10.71650000000001,8.441745289862503,10.613000000000001,9.923748429954172,9.923748429954173,8.669946281495202
005,2014-10-04 09:30:13,10.9,1,10.069500000000007,10.619116964025269,10.254499999999998,10.314372321341757,10.314372321341759,10.092501664072039
005,2014-10-04 10:00:13,9.7,1,12.680499999999993,14.125222103176513,12.537499999999998,13.1144073677255,13.114407367725503,12.566908495106055
005,2014-10-04 10:20:13,8.2,1,7.841000000000003,7.740012798503161,7.611000000000001,7.730670932834388,7.730670932834389,7.625507745004462
005,2014-10-04 10:35:13,7.5,1,9.53950000000001,8.147536771917382,9.6945,9.127178923972464,9.127178923972464,8.29471994224387
005,2014-10-04 10:50:13,6.8,1,7.181999999999993,7.957028688347365,7.0925,7.410509562782454,7.410509562782454,7.109614161216685
005,2014-10-04 11:25:14,4.8,1,6.506999999999994,6.556259585630546,6.667000000000001,6.5767531952101805,6.576753195210181,6.513261153524141
005,2014-10-04 11:35:14,4.6,1,6.592499999999997,6.363281474282996,6.586,6.51392715809433,6.513927158094332,6.3866482428471585
005,2014-10-04 13:00:14,4.7,1,8.7295,8.732552392954078,8.829,8.763684130984693,8.763684130984695,8.730783830528976
005,2014-10-04 13:10:14,4.2,1,8.432000000000011,8.957523825323381,8.3255,8.57167460844113,8.571674608441132,8.341897725588286
005,2014-10-04 13:20:14,3.9,1,8.405500000000004,8.346149750064997,8.829,8.526883250021667,8.526883250021669,8.356594228076572
005,2014-10-04 13:25:14,3.9,1,8.762500000000008,10.375985200756402,9.089500000000001,9.409328400252138,9.409328400252138,8.809576996219423
005,2014-10-04 13:35:14,4.1,1,8.201500000000003,7.8500214798271415,8.089500000000003,8.047007159942382,8.047007159942384,7.876196750982477
005,2014-10-04 13:40:14,4.2,1,7.4134999999999955,9.231365207190416,7.2675,7.970788402396804,7.9707884023968045,7.300953799028876
005,2014-10-04 13:45:14,4.4,1,6.132500000000002,6.194944055567385,6.261,6.196148018522462,6.1961480185224636,6.139693724686664
005,2014-10-04 14:25:14,7.1,1,8.960500000000005,9.241328213465131,8.704,8.968609404488378,8.96860940448838,8.733644413603582
006,2014-10-01 21:50:06,8.3,1,8.832,8.748212987542374,9.235500000000002,8.938570995847458,8.93857099584746,8.761014144586044
006,2014-10-01 22:35:06,8.3,1,9.328500000000002,8.966438833436474,9.511999999999999,9.268979611145491,9.268979611145493,9.00615422745477
006,2014-10-01 23:30:06,13.0,1,10.731000000000005,11.17529747925397,11.0035,10.969932493084658,10.96993249308466,10.761228094969088
006,2014-10-02 00:05:06,12.3,1,8.419000000000006,8.403671958694616,8.568000000000001,8.463557319564874,8.463557319564876,8.406765644198055
006,2014-10-02 00:15:06,11.0,1,8.564500000000008,9.592680115494176,8.7975,8.984893371831395,8.984893371831395,8.596829261709571
006,2014-10-02 00:35:06,8.3,1,9.567,9.391779898391263,9.423499999999999,9.46075996613042,9.460759966130421,9.396533591634846
006,2014-10-02 01:10:06,7.8,1,8.790500000000005,9.080718603730777,8.6495,8.840239534576927,8.840239534576929,8.667154211523151
006,2014-10-02 01:20:06,7.3,1,9.090500000000004,9.102458766000396,9.106,9.099652922000134,9.099652922000134,9.0917865897926
006,2014-10-02 01:30:06,6.6,1,8.973500000000008,9.390568378626874,8.751000000000003,9.038356126208962,9.038356126208962,8.778449589251522
006,2014-10-02 01:35:06,6.4,1,9.582000000000008,9.337667487530707,9.6925,9.53738916251024,9.53738916251024,9.364335604204234
006,2014-10-02 01:40:06,6.3,1,9.053000000000004,8.989732136112714,9.066500000000001,9.036410712037574,9.036410712037574,8.996486491719097
006,2014-10-02 02:00:06,7.0,1,8.783500000000004,9.058155938249522,8.774,8.871885312749841,8.871885312749843,8.777740490177637
006,2014-10-02 08:20:06,13.3,1,11.423999999999992,9.585399771763827,11.425500000000001,10.811633257254606,10.811633257254607,9.77777702300653
006,2014-10-02 08:55:06,15.0,1,9.037500000000001,9.886050089222056,9.460500000000001,9.461350029740686,9.461350029740688,9.086011577349755
006,2014-10-02 09:35:07,14.7,1,8.744500000000002,8.509517043097253,8.8295,8.69450568103242,8.69450568103242,8.534951969118305
006,2014-10-02 09:45:07,14.5,1,8.700000000000003,8.473189426501559,8.345,8.506063142167188,8.50606314216719,8.360679834009925
006,2014-10-02 09:50:07,14.4,1,8.255000000000003,8.990816719528906,8.377500000000003,8.541105573176305,8.541105573176306,8.273949643237955
006,2014-10-02 09:55:07,14.3,1,9.243500000000001,8.760703803130005,9.354,9.119401267710002,9.119401267710003,8.812321014482453
006,2014-10-02 10:10:07,13.9,1,8.037000000000004,9.525959490035781,7.773000000000001,8.445319830011929,8.445319830011929,7.815510408575982
006,2014-10-02 10:35:07,11.5,1,9.590499999999999,8.907753051257476,9.440000000000003,9.312751017085825,9.312751017085827,8.964944012623524
006,2014-10-02 10:45:07,10.7,1,10.047999999999996,9.832684264809416,10.112,9.997561421603137,9.99756142160314,9.855851521639448
006,2014-10-02 10:50:07,10.3,1,8.394500000000003,8.726160737567357,8.145,8.421886912522453,8.421886912522455,8.174420368785022
006,2014-10-02 11:00:07,9.4,1,8.243999999999998,8.68062398272663,8.353500000000002,8.426041327575545,8.426041327575543,8.258727600044994
006,2014-10-02 11:05:07,8.9,1,9.424000000000005,8.832432704410332,9.371500000000003,9.209310901470113,9.209310901470115,8.88935723975164
006,2014-10-02 11:20:07,7.9,1,10.101999999999999,9.1762175481184,10.2235,9.8339058493728,9.833905849372801,9.274291883753191
006,2014-10-02 11:50:07,7.2,1,8.781500000000005,9.135950120180958,8.775500000000001,8.897650040060322,8.897650040060322,8.779672246967163
006,2014-10-02 12:30:07,6.4,1,8.064000000000004,8.517054597046632,8.288999999999998,8.290018199015545,8.290018199015545,8.089821012171285
006,2014-10-02 15:55:07,5.6,1,9.214500000000001,9.460118082805115,9.274,9.316206027601707,9.316206027601707,9.222586326334488
006,2014-10-02 16:25:07,5.8,1,7.444500000000001,8.065076051105285,7.473,7.660858683701761,7.660858683701763,7.453402552896487
006,2014-10-02 16:40:07,5.7,1,9.272499999999994,8.923677446816711,9.1955,9.130559148938902,9.130559148938902,8.95288668959818
006,2014-10-02 17:05:07,6.2,1,8.624000000000006,8.421413268196265,8.327,8.457471089398757,8.457471089398759,8.338903788868626
006,2014-10-02 17:40:07,5.9,1,7.0225,7.0977100470964976,6.8285,6.982903349032166,6.982903349032166,6.8495492135507785
006,2014-10-02 18:00:07,5.8,1,7.038499999999999,7.659644696930681,7.1265,7.27488156564356,7.274881565643561,7.053038384861178
006,2014-10-02 19:25:07,4.8,1,8.128000000000005,9.255250238416492,7.888,8.423750079472166,8.423750079472168,7.924382332998368
006,2014-10-02 19:30:07,4.8,1,7.596000000000009,7.876105924033955,7.752000000000001,7.741368641344654,7.741368641344656,7.613562449139578
006,2014-10-02 19:35:07,4.7,1,8.350000000000012,9.162676237997939,8.200999999999999,8.571225412665983,8.571225412665985,8.22471578221963
006,2014-10-02 20:05:07,4.8,1,9.497000000000007,9.463151217696193,9.333,9.431050405898732,9.431050405898734,9.346955467117136
006,2014-10-02 20:15:07,4.7,1,7.167999999999999,8.4040677053369,7.025500000000001,7.532522568445633,7.532522568445634,7.052769638980552
006,2014-10-02 20:35:07,4.3,1,7.0235,7.348996553908418,7.156999999999999,7.1764988513028065,7.1764988513028065,7.039387308818234
006,2014-10-02 20:45:07,4.3,1,6.106,7.176362910346858,6.085,6.455787636782286,6.455787636782286,6.09790073928221
006,2014-10-02 20:50:07,4.3,1,7.367000000000002,8.130152809312355,7.3195,7.605550936437453,7.605550936437453,7.332101182068849
006,2014-10-02 21:00:07,4.3,1,9.061,8.733185438012677,9.2635,9.019228479337558,9.01922847933756,8.769507805197556
006,2014-10-02 21:15:07,4.3,1,7.640000000000004,7.359461611067114,7.5115,7.503653870355706,7.5036538703557065,7.37665352020445
006,2014-10-02 21:30:07,5.2,1,6.171499999999996,7.8711754283445154,6.332999999999999,6.79189180944817,6.791891809448171,6.203778577800915
006,2014-10-03 09:20:07,9.8,1,9.167000000000007,8.99013731242539,9.4345,9.197212437475132,9.197212437475134,9.011316446287768
006,2014-10-03 09:30:07,10.8,1,9.935500000000012,10.258700631230095,10.2315,10.141900210410036,10.141900210410038,9.966740797403162
006,2014-10-03 09:40:07,11.8,1,12.822000000000003,11.195783094107936,12.907999999999998,12.308594364702648,12.308594364702648,11.366784890145045
006,2014-10-03 10:05:07,14.3,1,9.545500000000004,9.21611135671105,9.77,9.510537118903684,9.510537118903686,9.252818411041165
006,2014-10-03 10:35:07,14.5,1,12.620500000000009,10.08019687601926,12.472999999999999,11.724565625339755,11.724565625339757,10.332017214087164
006,2014-10-03 10:50:07,14.8,1,11.520000000000005,10.85638662984469,11.487,11.287795543281566,11.287795543281566,10.922694108626576
006,2014-10-03 11:15:07,12.4,1,9.704999999999998,9.154466666144604,9.336500000000003,9.398655555381536,9.398655555381536,9.1771967752248
006,2014-10-03 11:20:07,11.5,1,8.527999999999999,8.759695400781155,8.809,8.69889846692705,8.698898466927051,8.55273401377429
006,2014-10-03 11:25:07,10.7,1,11.176500000000003,10.345432547828363,10.985999999999999,10.835977515942787,10.83597751594279,10.414356465415871
006,2014-10-03 11:30:07,9.9,1,9.640000000000004,10.81877927301736,9.6025,10.02042642433912,10.020426424339123,9.61821120376364
006,2014-10-03 12:00:07,9.9,1,6.893,7.6329427803247265,6.679499999999999,7.068480926774908,7.068480926774909,6.709236714620464
006,2014-10-03 12:15:07,10.5,1,9.049000000000005,7.277266031868605,8.756499999999999,8.36092201062287,8.36092201062287,7.434954841779263
006,2014-10-03 12:30:07,10.5,1,9.17,9.407460989913465,8.8935,9.156986996637821,9.156986996637823,8.92480322725258
006,2014-10-03 12:40:07,10.3,1,9.386500000000002,9.633052716462673,9.490000000000002,9.503184238820893,9.503184238820893,9.398759141617
006,2014-10-03 13:10:07,9.5,1,8.164500000000004,8.616873942094367,8.240000000000002,8.340457980698124,8.340457980698126,8.176167873634997
006,2014-10-03 13:25:07,10.2,1,9.107999999999999,9.081918404804842,9.1515,9.113806134934947,9.113806134934949,9.085082173294415
006,2014-10-03 13:45:07,9.4,1,9.149500000000005,8.203857955375662,8.9235,8.758952651791889,8.75895265179189,8.281409996389733
006,2014-10-03 14:10:07,7.7,1,9.081000000000003,8.713932362115179,8.998000000000001,8.930977454038395,8.930977454038395,8.744482738241281
006,2014-10-03 14:30:07,6.7,1,8.074499999999999,8.493885898566528,7.907,8.158461966188842,8.158461966188844,7.9287184282684935
006,2014-10-03 14:40:07,6.4,1,8.559999999999995,8.524781591216527,8.498,8.527593863738842,8.527593863738842,8.501154189167105
006,2014-10-03 15:10:07,5.6,1,7.970500000000002,8.538879992186798,8.0035,8.1709599973956,8.1709599973956,7.97930640163132
006,2014-10-03 15:20:07,5.2,1,7.648500000000001,8.058628602839374,7.6785000000000005,7.795209534279792,7.795209534279793,7.655440014855168
006,2014-10-03 15:50:07,4.8,1,8.173,7.9319943546062115,8.0495,8.05149811820207,8.05149811820207,7.945523299823088
006,2014-10-03 16:00:07,4.4,1,7.139000000000005,7.988487511289091,7.129,7.4188291704296985,7.418829170429699,7.138541118055147
006,2014-10-03 16:05:07,4.2,1,8.453,9.302032976618634,8.693499999999998,8.816177658872876,8.816177658872878,8.484247472527501
006,2014-10-03 16:35:07,6.4,1,7.693000000000003,8.095106955299915,7.536500000000001,7.774868985099974,7.774868985099974,7.556894771599344
006,2014-10-03 16:40:07,7.3,1,8.593500000000006,8.238960714693315,8.818999999999999,8.550486904897772,8.550486904897776,8.278309137193864
006,2014-10-03 17:50:07,11.5,1,9.297,8.603025291125018,9.359499999999999,9.086508430375005,9.086508430375007,8.676256905251654
006,2014-10-03 19:25:07,9.2,1,8.797500000000003,9.052891985061368,8.92,8.923463995020457,8.923463995020459,8.811645395893281
006,2014-10-03 19:30:07,9.2,1,8.266500000000002,8.460330633683547,8.462,8.396276877894516,8.396276877894518,8.286796086911655
006,2014-10-03 19:35:07,9.2,1,9.381500000000006,8.341024810326203,9.357499999999998,9.026674936775402,9.026674936775404,8.447612809643916
006,2014-10-03 19:40:07,9.0,1,10.515500000000014,10.077756738751953,10.3315,10.308252246250655,10.308252246250657,10.106144448374593
006,2014-10-03 19:55:07,8.8,1,7.631500000000002,7.622031771475592,7.6935,7.649010590491865,7.649010590491866,7.623642378202525
006,2014-10-03 20:00:07,8.7,1,9.016000000000005,9.588512687732086,8.9695,9.191337562577363,9.191337562577365,8.98009015655882
006,2014-10-03 20:15:07,8.4,1,8.697000000000005,8.46411328770978,8.328499999999998,8.496537762569927,8.496537762569929,8.345017311637182
006,2014-10-03 21:25:07,11.4,1,11.340000000000014,10.104598711398355,11.260499999999997,10.901699570466121,10.901699570466123,10.226329067913056
006,2014-10-03 21:35:07,11.5,1,10.022999999999996,10.165050672464805,10.222500000000002,10.136850224154934,10.136850224154935,10.038436444626283
006,2014-10-03 22:25:07,9.5,1,10.120500000000014,9.427078302822682,9.975,9.84085943427423,9.840859434274233,9.485859223680889
006,2014-10-03 22:35:07,9.2,1,10.3995,10.227668382722355,10.292500000000002,10.306556127574119,10.30655612757412,10.235521344923546
006,2014-10-03 22:40:07,8.9,1,10.885000000000002,10.767260154127348,11.2455,10.965920051375782,10.965920051375784,10.783183602404032
006,2014-10-04 10:45:07,11.1,1,8.4375,8.418822382180277,8.325500000000002,8.393940794060093,8.393940794060095,8.335450564549284
006,2014-10-04 11:05:07,12.2,1,8.413500000000006,8.811808015709207,8.4605,8.561936005236404,8.561936005236404,8.42193042198571
006,2014-10-04 11:30:07,11.9,1,8.884,7.82331676598178,8.75,8.48577225532726,8.485772255327262,7.921610345311867
006,2014-10-04 11:55:07,11.0,1,8.549500000000002,8.659610751767277,8.5905,8.599870250589092,8.599870250589094,8.554480703580932
006,2014-10-04 12:05:07,10.5,1,6.933500000000005,7.689612236107418,6.906000000000001,7.176370745369141,7.176370745369142,6.916438290452284
006,2014-10-04 12:15:07,10.1,1,8.795000000000005,8.636813656949027,8.4335,8.621771218983012,8.621771218983012,8.456353411295277
006,2014-10-04 13:00:00,7.4,1,8.113999999999999,8.749693256249172,8.235999999999999,8.366564418749723,8.366564418749725,8.131901096458042
006,2014-10-04 14:35:07,7.0,1,8.581000000000003,9.565011927194663,8.659,8.935003975731554,8.935003975731556,8.598220814221563
006,2014-10-04 15:10:07,5.5,1,8.416500000000006,8.298758195118062,8.216000000000003,8.310419398372689,8.31041939837269,8.22583593580445
006,2014-10-04 15:55:07,3.7,1,5.713499999999998,7.729068493090004,5.708000000000001,6.3835228310300005,6.383522831030002,5.728731118549141
006,2014-10-04 16:05:08,3.7,1,9.466000000000006,9.681914108540104,9.5695,9.572471369513371,9.572471369513371,9.47795275553778
006,2014-10-04 16:20:08,3.8,1,9.532000000000005,9.5097638182992,9.517,9.519587939433068,9.51958793943307,9.510670898702532
006,2014-10-04 17:25:08,4.8,1,9.209500000000011,9.566952937380968,9.098500000000001,9.291650979126993,9.291650979126993,9.113687826032878
006,2014-10-04 17:30:08,4.8,1,6.579500000000004,7.6622175172550815,6.522500000000001,6.921405839085029,6.921405839085029,6.539290759943424
006,2014-10-04 17:55:08,4.9,1,6.555500000000002,7.670617645503508,6.603,6.943039215167836,6.943039215167838,6.571145830430762
006,2014-10-04 18:05:08,5.1,1,6.419,6.965080110306737,6.4319999999999995,6.605360036768912,6.6053600367689125,6.425690916928001
006,2014-10-04 18:30:08,5.1,1,9.365000000000006,8.989217472943084,9.302499999999998,9.218905824314364,9.218905824314364,9.022619436229704
006,2014-10-04 19:00:08,4.9,1,6.7615,7.263689985214339,6.757500000000001,6.92756332840478,6.92756332840478,6.762940397029045
006,2014-10-04 19:35:08,4.2,1,9.065500000000002,9.493525453269399,9.155999999999999,9.238341817756465,9.238341817756467,9.078343753160132
006,2014-10-04 19:40:08,4.1,1,9.812500000000005,10.617540326069067,9.840499999999999,10.09018010868969,10.090180108689692,9.823199883499017
006,2014-10-04 19:45:08,4.0,1,8.566000000000006,9.191060034694686,8.385,8.714020011564898,8.714020011564898,8.410187597601825
006,2014-10-04 20:00:08,3.9,1,6.864500000000001,7.608457294587831,6.7620000000000005,7.078319098195944,7.078319098195945,6.780163563104027
006,2014-10-04 20:20:08,4.1,1,6.585999999999998,7.330633492900739,6.4105,6.775711164300245,6.775711164300247,6.436307898565643
006,2014-10-04 20:40:08,4.3,1,6.131000000000003,7.533435992278979,6.143,6.602478664092994,6.602478664092995,6.1461598514535005
006,2014-10-04 21:30:08,6.1,1,8.634999999999998,6.651079202083496,8.236,7.8406930673611654,7.840693067361166,6.8208904219693895
007,2014-10-01 12:19:59,6.0,1,7.678500000000001,7.903925644390197,7.702000000000001,7.761475214796733,7.761475214796734,7.682977927358208
007,2014-10-01 12:34:59,7.7,1,8.335000000000006,8.97840963406963,8.340499999999999,8.551303211356545,8.551303211356545,8.34195452995894
007,2014-10-01 12:39:59,8.2,1,9.691500000000007,8.97036409184342,9.783999999999999,9.481954697281141,9.481954697281143,9.046737427275222
007,2014-10-01 12:54:59,8.8,1,8.2395,7.650100471595262,8.250000000000002,8.046533490531756,8.046533490531756,7.711870981271657
007,2014-10-01 12:59:59,8.8,1,7.573000000000004,7.937542993305964,7.508500000000001,7.67301433110199,7.6730143311019905,7.5188936969106255
007,2014-10-01 13:04:59,8.6,1,8.468000000000007,8.31234252800875,8.488500000000002,8.422947509336254,8.422947509336254,8.328833081156814
007,2014-10-01 13:09:59,8.4,1,7.851499999999999,7.511099875970058,7.885,7.7491999586566855,7.749199958656686,7.547048998701081
007,2014-10-01 13:19:59,7.8,1,8.09950000000001,8.124111151127401,8.049500000000002,8.091037050375805,8.091037050375807,8.054977326222566
007,2014-10-01 13:39:59,6.4,1,8.31300000000001,8.088926096913266,8.218,8.206642032304424,8.206642032304426,8.10338036292669
007,2014-10-01 13:49:59,5.9,1,10.027999999999995,8.909139436955337,9.8375,9.59154647898511,9.591546478985112,9.008173505651001
007,2014-10-01 13:59:59,5.5,1,8.683,8.69667206208959,8.853000000000002,8.74422402069653,8.744224020696532,8.685993709225837
007,2014-10-01 14:34:59,5.1,1,7.756500000000004,8.3605549575861,7.694,7.937018319195368,7.937018319195369,7.706579567964974
007,2014-10-01 14:49:59,5.3,1,8.571500000000004,8.876157172076562,8.535,8.660885724025523,8.660885724025523,8.541865358460006
007,2014-10-01 14:59:59,5.7,1,9.01150000000001,8.367729665826008,8.738,8.705743221942006,8.705743221942008,8.409203938211732
007,2014-10-01 15:54:59,7.0,1,8.358000000000004,8.844923242573707,8.692499999999999,8.63180774752457,8.63180774752457,8.394521058844287
007,2014-10-01 16:24:59,7.8,1,8.723500000000003,8.305749938711521,8.6915,8.57358331290384,8.573583312903843,8.346428766621406
007,2014-10-01 16:29:59,7.9,1,8.990500000000006,8.614675776606884,8.6945,8.766558592202296,8.766558592202298,8.625987329641513
007,2014-10-01 16:34:59,8.0,1,8.593500000000006,8.985410134266697,8.435500000000001,8.671470044755567,8.67147004475557,8.45594973983035
007,2014-10-01 18:49:59,9.9,1,8.624,11.05355422042641,8.651000000000002,9.442851406808805,9.442851406808806,8.65085039814836
007,2014-10-01 20:04:59,8.5,1,8.402500000000003,8.14412504465829,8.256000000000002,8.267541681552764,8.267541681552766,8.157294882902463
007,2014-10-01 20:09:59,8.5,1,8.471999999999998,8.532632883923771,8.4445,8.483044294641255,8.483044294641257,8.447983496930446
007,2014-10-01 20:49:59,8.0,1,8.341500000000007,8.870494425035178,8.2175,8.476498141678396,8.476498141678396,8.235763356734354
007,2014-10-01 21:09:59,7.9,1,8.326000000000011,8.204326609760926,8.4495,8.326608869920312,8.326608869920314,8.218291602340756
007,2014-10-01 21:19:59,8.0,1,8.017999999999999,7.873987396916209,8.071499999999999,7.987829132305403,7.987829132305404,7.889589613873476
007,2014-10-01 21:49:59,8.8,1,8.230000000000006,8.372719491736293,8.294500000000001,8.2990731639121,8.299073163912102,8.237530461894933
007,2014-10-01 21:59:59,9.5,1,8.034500000000001,8.128438037157677,8.032,8.064979345719227,8.064979345719227,8.033200941107138
007,2014-10-01 22:24:59,10.6,1,9.202500000000006,8.0814550237924,9.369499999999999,8.8844850079308,8.884485007930802,8.20041356322356
007,2014-10-02 07:59:59,8.5,1,7.895000000000005,7.661131134724144,7.896500000000002,7.817543711574717,7.817543711574717,7.6856144996950295
007,2014-10-02 08:09:59,8.7,1,7.564000000000002,7.481870078332546,7.468499999999998,7.504790026110849,7.504790026110849,7.4707201342259575
007,2014-10-02 08:19:59,9.0,1,8.534000000000008,7.8189962778696795,8.407,8.253332092623229,8.25333209262323,7.881785752299738
007,2014-10-02 08:24:59,9.4,1,7.448499999999998,7.69575814995045,7.3775,7.50725271665015,7.507252716650151,7.387400906389538
007,2014-10-02 08:54:59,13.0,1,9.964000000000008,9.202339811662672,10.1395,9.768613270554226,9.768613270554228,9.283782971307394
007,2014-10-02 09:09:59,13.4,1,8.350000000000007,7.645890586948235,8.459,8.151630195649414,8.151630195649416,7.720647537346556
007,2014-10-02 09:14:59,13.1,1,8.142,7.539120027555559,8.069000000000003,7.916706675851853,7.916706675851854,7.595288345696973
007,2014-10-02 10:09:59,9.0,1,8.868500000000003,7.96041672573297,8.7385,8.522472241910991,8.522472241910991,8.0431231391521
007,2014-10-02 10:19:59,8.4,1,7.3680000000000065,7.402889483124046,7.731000000000002,7.500629827708018,7.500629827708019,7.374931392716521
007,2014-10-02 10:39:59,7.3,1,7.145000000000007,6.983035396403234,7.101500000000001,7.076511798801081,7.076511798801081,6.995864671945289
007,2014-10-02 11:09:59,5.6,1,10.513,9.363293875341062,10.145000000000003,10.007097958447021,10.007097958447023,9.44875932692553
007,2014-10-02 11:44:59,5.1,1,7.3900000000000095,8.232213728371052,7.444,7.6887379094570205,7.688737909457021,7.403531849171912
007,2014-10-02 11:49:59,5.2,1,8.104500000000003,7.68637423630566,8.089500000000001,7.960124745435221,7.960124745435222,7.728700984816437
007,2014-10-02 12:24:59,5.3,1,7.6645000000000065,7.4471922183745605,7.6875,7.599730739458189,7.59973073945819,7.470157891656906
007,2014-10-02 12:39:59,5.1,1,8.105000000000016,8.556834866366433,8.298000000000002,8.319944955455483,8.319944955455485,8.127780837449267
007,2014-10-02 12:54:59,5.4,1,7.591500000000012,7.726763374994207,7.706500000000001,7.674921124998074,7.674921124998074,7.603734427585924
007,2014-10-02 14:40:00,11.7,1,7.2669999999999995,7.960671831683116,7.100499999999999,7.4427239438943715,7.4427239438943715,7.124856663305433
007,2014-10-02 14:59:59,5.7,1,6.651999999999998,7.7796614398366195,6.855500000000001,7.0957204799455385,7.09572047994554,6.682532658273324
007,2014-10-02 15:24:59,7.3,1,8.292,7.838348527423774,8.1965,8.108949509141258,8.10894950914126,7.87677487246801
007,2014-10-02 16:19:59,9.1,1,9.226,8.236923437885245,9.451500000000001,8.971474479295082,8.971474479295084,8.342659875131835
007,2014-10-02 16:39:59,8.3,1,7.908000000000002,7.6774606230623474,7.959,7.848153541020783,7.848153541020784,7.702090642665715
007,2014-10-02 16:49:59,8.0,1,9.710500000000003,9.664925543466493,9.237,9.5374751811555,9.5374751811555,9.282227152531728
007,2014-10-02 17:04:59,7.2,1,8.313000000000006,7.816849763821842,8.3355,8.155116587940617,8.155116587940617,7.868984132111971
007,2014-10-02 17:09:59,6.9,1,6.562500000000008,7.592744401639235,6.6354999999999995,6.930248133879748,6.930248133879749,6.579710017494884
007,2014-10-02 17:39:59,5.6,1,8.027000000000005,8.962654912329432,8.394,8.461218304109812,8.461218304109813,8.071083665104185
007,2014-10-02 17:49:59,5.3,1,6.912000000000006,7.418798885655483,7.0535000000000005,7.12809962855183,7.128099628551831,6.930457326489517
007,2014-10-02 17:50:00,5.4,1,7.461500000000004,7.805934818949683,7.4430000000000005,7.570144939649896,7.5701449396498965,7.448379897632673
007,2014-10-02 17:59:59,5.0,1,7.7355000000000045,7.991261999640465,7.4755,7.73408733321349,7.734087333213491,7.505259936495126
007,2014-10-02 18:04:59,4.9,1,7.033499999999995,7.638295961865746,6.964499999999999,7.212098653955247,7.212098653955248,6.977767035920238
007,2014-10-02 18:09:59,4.9,1,9.588000000000003,8.014339189277806,9.374,8.992113063092603,8.992113063092605,8.158732741986169
007,2014-10-02 18:14:59,4.8,1,8.813999999999991,8.832188841738734,9.095,8.913729613912908,8.91372961391291,8.818531106312303
007,2014-10-02 18:44:59,4.7,1,8.459000000000005,7.787833145411132,8.692,8.312944381803712,8.312944381803714,7.860383503880278
007,2014-10-02 18:45:00,4.3,1,8.260500000000004,8.310424803289319,8.2235,8.264808267763108,8.264808267763108,8.227870346919246
007,2014-10-03 06:55:00,8.5,1,7.7455,8.033991235196277,7.872000000000001,7.8838304117320925,7.883830411732093,7.760354885571531
007,2014-10-03 07:05:00,8.8,1,8.21100000000001,7.866773043575108,8.077,8.05159101452504,8.05159101452504,7.890107890518309
007,2014-10-03 07:20:00,9.5,1,8.265000000000002,8.384380057903986,8.306499999999998,8.318626685967997,8.318626685967995,8.270120708789412
007,2014-10-03 07:30:00,9.9,1,7.701499999999998,7.855535248995413,7.481999999999999,7.679678416331804,7.679678416331804,7.506505385072526
007,2014-10-03 07:45:00,10.2,1,8.838000000000001,8.816854681966932,8.652999999999999,8.769284893988976,8.76928489398898,8.670354633636718
007,2014-10-03 08:00:00,9.6,1,9.243000000000002,8.946485382701692,9.3835,9.190995127567232,9.190995127567232,8.978913015264174
007,2014-10-03 08:30:00,6.1,1,7.711000000000005,7.880580473111226,7.471000000000001,7.687526824370411,7.687526824370411,7.497805635345316
007,2014-10-03 09:25:00,5.8,1,8.80650000000001,9.172196887682514,8.794000000000002,8.924232295894177,8.924232295894177,8.798964772554648
007,2014-10-03 09:30:00,6.0,1,7.750500000000008,8.037277539690276,7.820500000000001,7.869425846563428,7.86942584656343,7.7599914759927175
007,2014-10-03 09:55:00,8.3,1,8.258500000000007,8.037005890183417,8.044500000000001,8.11333529672781,8.11333529672781,8.039929956133825
007,2014-10-03 11:20:00,8.5,1,7.8625000000000025,7.538810236490368,7.7385,7.713270078830123,7.713270078830124,7.5609426370616895
007,2014-10-03 11:40:00,8.5,1,7.2010000000000085,8.31020339437233,7.287499999999999,7.599567798124112,7.599567798124113,7.220277035394266
007,2014-10-03 12:20:00,15.8,1,10.378500000000004,8.355551237057112,10.48,9.73801707901904,9.73801707901904,8.568215823635079
007,2014-10-03 13:35:00,17.9,1,8.840500000000006,7.880851062928564,8.8795,8.53361702097619,8.533617020976191,7.981643655674254
007,2014-10-03 14:40:00,14.5,1,9.870000000000001,8.51807743333167,9.792,9.39335914444389,9.393359144443892,8.652140682767731
007,2014-10-03 20:35:00,4.6,1,8.952000000000007,8.354719604734795,8.91,8.738906534911601,8.738906534911601,8.413235424186869
007,2014-10-03 20:40:00,4.4,1,7.957000000000004,8.27772007975064,8.050500000000001,8.095073359916881,8.095073359916883,7.969054572307625
007,2014-10-03 20:55:00,4.7,1,7.0080000000000044,7.2551470013742225,7.048000000000001,7.103715667124742,7.103715667124743,7.014256441782778
007,2014-10-03 22:20:00,7.9,1,7.7010000000000005,8.335472532088943,7.773500000000001,7.936657510696315,7.936657510696316,7.714204986652262
007,2014-10-03 22:40:00,8.3,1,8.301500000000003,8.346144662026688,8.381499999999999,8.343048220675565,8.343048220675565,8.306524469635226
007,2014-10-03 23:50:00,9.2,1,9.429000000000004,8.150830932328095,9.7575,9.112443644109367,9.112443644109367,8.287843468934586
007,2014-10-03 23:55:00,9.2,1,9.896999999999998,8.844684020921932,10.369000000000002,9.70356134030731,9.703561340307312,8.959501837535562
007,2014-10-04 00:50:00,10.3,1,8.274000000000004,8.177096042018086,8.346499999999999,8.265865347339362,8.265865347339364,8.187959550229634
007,2014-10-04 01:35:00,13.0,1,8.453500000000005,8.054899386801152,8.5195,8.34263312893372,8.342633128933722,8.097262694635074
007,2014-10-04 02:10:00,12.9,1,8.750000000000009,9.344627517687476,8.835499999999998,8.976709172562494,8.976709172562495,8.76403665233319
007,2014-10-04 02:20:00,12.7,1,10.060500000000008,9.711527738821223,9.893000000000002,9.888342579607077,9.888342579607079,9.73218914606862
007,2014-10-04 02:30:00,12.5,1,10.308499999999999,10.202334701265816,10.057500000000001,10.189444900421938,10.18944490042194,10.073714881386689
007,2014-10-04 09:10:00,10.2,1,8.610500000000007,8.876184231369159,8.732999999999999,8.739894743789721,8.739894743789723,8.624748318356362
007,2014-10-04 09:15:00,10.1,1,6.837500000000001,7.746354119230431,6.8075,7.13045137307681,7.130451373076812,6.819727270019078
007,2014-10-04 10:45:01,7.3,1,7.783000000000005,8.021543468129178,7.8915,7.898681156043061,7.898681156043062,7.795652170604798
007,2014-10-04 11:00:01,5.9,1,7.335,7.949683743969507,7.1605,7.481727914656502,7.481727914656503,7.184903776782104
007,2014-10-04 12:10:01,4.8,1,7.607500000000001,7.493752475102316,7.756,7.619084158367439,7.61908415836744,7.507138229614672
007,2014-10-04 12:30:01,5.8,1,7.87350000000001,7.618448906578589,7.966,7.819316302192867,7.819316302192868,7.646058447219335
007,2014-10-04 13:00:01,8.2,1,8.555500000000004,8.191353471556127,8.3025,8.34978449051871,8.349784490518712,8.205512098650217
007,2014-10-04 13:05:01,8.5,1,8.415500000000002,8.036499584475854,8.153500000000001,8.201833194825285,8.201833194825287,8.051360670374196
007,2014-10-04 13:35:01,8.9,1,8.463999999999997,8.05697793408094,8.56,8.36032597802698,8.36032597802698,8.100522330462068
007,2014-10-04 13:45:01,8.9,1,8.759999999999998,8.699838203126994,8.657,8.705612734375665,8.705612734375665,8.662083534736793
007,2014-10-04 15:30:01,7.7,1,8.181499999999998,9.640983193775925,8.1125,8.644994397925307,8.64499439792531,8.134313908239342
007,2014-10-04 15:35:01,8.0,1,7.949000000000007,7.722589448849349,7.908,7.859863149616452,7.859863149616452,7.74239789690551
007,2014-10-04 15:40:00,6.7,1,7.886000000000005,7.753212515247066,7.7655,7.80157083841569,7.801570838415691,7.755703084667149
007,2014-10-04 16:15:01,9.1,1,7.737500000000003,7.579953152502504,7.667499999999999,7.661651050834169,7.66165105083417,7.589812679633624
007,2014-10-04 16:25:01,9.2,1,7.75,7.022171729349061,7.870999999999999,7.54772390978302,7.547723909783021,7.099530248483539
007,2014-10-04 17:25:01,7.8,1,8.770999999999999,9.059608097896998,8.9415,8.924036032632332,8.924036032632333,8.790019523144474
007,2014-10-04 17:30:01,7.6,1,7.808000000000002,7.181186093333658,7.892500000000001,7.627228697777888,7.6272286977778885,7.247611055929573
007,2014-10-04 18:00:01,6.9,1,9.284000000000002,8.425255749298321,9.3615,9.023585249766107,9.023585249766109,8.515876260448493
007,2014-10-04 18:35:01,6.3,1,8.504500000000004,7.430143764645401,8.432,8.122214588215135,8.122214588215137,7.535687266185147
007,2014-10-04 18:40:01,6.3,1,8.808000000000003,9.5146991441926,8.501,8.9412330480642,8.941233048064202,8.540186649769261
007,2014-10-04 19:10:01,6.0,1,8.847500000000002,8.97950185058439,9.004500000000002,8.943833950194799,8.943833950194799,8.861560581948053
007,2014-10-04 19:45:01,6.9,1,8.606500000000004,8.753626238988623,8.831499999999998,8.730542079662875,8.730542079662877,8.622671716526405
007,2014-10-04 19:55:01,7.1,1,8.483500000000001,8.722732662441983,8.520000000000001,8.575410887480663,8.575410887480663,8.489346113363661
007,2014-10-04 20:00:01,7.2,1,8.971000000000005,9.229855213448456,8.688,8.962951737816155,8.962951737816155,8.7201972274004
007,2014-10-04 20:20:01,7.3,1,7.831999999999999,7.679202116032568,7.878000000000001,7.7964007053441895,7.7964007053441895,7.695648486801862
007,2014-10-04 21:05:01,7.9,1,7.843500000000011,7.790207857452659,8.013,7.882235952484223,7.882235952484224,7.797478510254456
007,2014-10-04 22:00:01,7.3,1,7.855500000000001,7.597720635420532,8.068,7.8404068784735115,7.840406878473512,7.626815619505646
007,2014-10-04 22:05:01,6.9,1,8.082500000000005,7.372389442411274,8.312999999999999,7.9226298141370926,7.922629814137093,7.448989258321322
008,2014-10-01 07:01:54,6.3,1,6.313500000000004,6.380129361126009,6.396000000000003,6.363209787042005,6.363209787042006,6.32062975627127
008,2014-10-01 07:16:54,5.4,1,6.787500000000001,6.556651293709378,6.757500000000001,6.7005504312364605,6.7005504312364605,6.577964947851209
008,2014-10-01 07:36:54,4.2,1,6.9255000000000075,7.008860251044155,6.974500000000001,6.969620083681387,6.969620083681389,6.930970192927513
008,2014-10-01 07:41:54,3.9,1,6.324000000000001,6.729159284363858,6.245000000000001,6.43271976145462,6.43271976145462,6.2573169120874805
008,2014-10-01 07:46:54,3.6,1,6.8285000000000045,7.894817538237652,6.928000000000002,7.21710584607922,7.21710584607922,6.848578292657852
008,2014-10-01 08:36:54,3.2,1,7.602000000000007,7.682888927330873,7.4655000000000005,7.5834629757769605,7.5834629757769605,7.4805901054351365
008,2014-10-01 08:41:54,3.2,1,6.131999999999997,6.249398439706367,6.226499999999999,6.202632813235454,6.202632813235455,6.142115980201402
008,2014-10-01 08:51:54,3.2,1,6.667999999999998,7.489929580527181,6.7095,6.9558098601757266,6.955809860175727,6.680146204015641
008,2014-10-01 09:41:54,3.4,1,8.164500000000002,8.223601940420048,8.247499999999999,8.21186731347335,8.21186731347335,8.170922479399625
008,2014-10-01 09:56:54,3.6,1,5.942500000000004,7.047830400692987,5.934500000000001,6.308276800230996,6.308276800230998,5.946390298360736
008,2014-10-01 10:01:54,3.7,1,4.9144999999999985,5.629403355561121,4.914,5.152634451853706,5.152634451853707,4.921201345702722
008,2014-10-01 10:16:54,4.2,1,7.8605000000000045,7.343101908136726,7.796,7.66653396937891,7.666533969378912,7.391131051354156
008,2014-10-01 11:01:54,5.1,1,7.0605000000000055,6.972234923403871,7.155500000000001,7.062744974467958,7.06274497446796,6.9824195947475305
008,2014-10-01 11:31:54,8.0,1,7.541999999999996,8.29432588146247,7.6770000000000005,7.8377752938208225,7.8377752938208225,7.56229753853511
008,2014-10-01 11:56:54,9.4,1,7.258000000000005,7.134480847201597,7.309999999999999,7.234160282400533,7.234160282400534,7.147923951386503
008,2014-10-01 14:46:54,3.7,1,7.215000000000001,7.68419223247161,7.1435,7.347564077490538,7.347564077490538,7.155672559361863
008,2014-10-01 15:41:54,6.5,1,7.168000000000001,7.359404205219035,7.2410000000000005,7.256134735073012,7.2561347350730125,7.1768216155306765
008,2014-10-01 15:51:54,6.8,1,5.818500000000001,6.01285296834308,5.806500000000002,5.879284322781028,5.879284322781029,5.809699021214142
008,2014-10-01 16:16:54,6.5,1,6.696500000000006,6.905516803719124,6.5785,6.726838934573043,6.726838934573044,6.59293583475584
008,2014-10-01 16:46:54,6.1,1,6.136000000000008,6.9175194753193745,6.2,6.417839825106461,6.417839825106462,6.149871149583654
008,2014-10-01 16:56:54,6.1,1,7.047500000000001,6.908983440971142,7.056,7.0041611469903815,7.004161146990382,6.923560638198128
008,2014-10-01 17:11:54,5.6,1,6.850000000000002,7.456854906497136,6.808999999999998,7.0386183021657125,7.038618302165713,6.819358145128228
008,2014-10-01 17:21:54,5.4,1,6.360500000000005,6.231244288226616,6.3599999999999985,6.317248096075541,6.317248096075541,6.244720263698452
008,2014-10-01 17:26:54,5.5,1,7.348999999999998,8.223531616667193,7.4325,7.6683438722223976,7.6683438722223976,7.3656464447345265
008,2014-10-01 18:11:54,7.4,1,8.274000000000004,8.299502042845113,8.3335,8.302334014281707,8.302334014281707,8.277008112805538
008,2014-10-01 18:41:54,6.7,1,8.477,7.8740245556651605,8.548,8.299674851888389,8.299674851888387,7.937820435964213
008,2014-10-01 18:46:54,6.2,1,10.004500000000005,10.427230738368754,10.0485,10.160076912789586,10.160076912789588,10.012890776329625
008,2014-10-01 19:16:54,4.5,1,8.539999999999997,8.099974772250388,8.4905,8.376824924083461,8.376824924083463,8.14132819858108
008,2014-10-01 20:16:54,5.1,1,8.565,7.868952898621074,8.446000000000002,8.293317632873691,8.293317632873693,7.930516044337917
008,2014-10-01 20:31:54,6.1,1,5.759000000000002,6.55910164949457,5.7655,6.027867216498191,6.0278672164981915,5.767616074407414
008,2014-10-01 20:56:54,8.3,1,7.295499999999999,7.311085947220421,7.329000000000001,7.311861982406807,7.311861982406808,7.29730980925557
008,2014-10-01 21:26:54,9.7,1,7.497499999999998,7.1169260671094845,7.388,7.334142022369828,7.334142022369829,7.146381986021179
008,2014-10-01 21:41:55,10.0,1,6.672500000000003,7.18068054655899,6.745000000000001,6.866060182186331,6.866060182186332,6.684442066796965
008,2014-10-02 10:46:55,4.7,1,7.346500000000003,7.365317456628257,7.4849999999999985,7.39893915220942,7.3989391522094206,7.3496655885525755
008,2014-10-02 11:36:55,6.2,1,7.777999999999996,7.704142582791507,7.8755,7.785880860930501,7.785880860930502,7.712844862940287
008,2014-10-02 11:46:55,6.1,1,6.8545000000000025,7.110840254058017,6.8455,6.936946751352674,6.936946751352674,6.849005021188611
008,2014-10-02 13:46:55,9.4,1,9.937500000000002,7.921906231396206,10.029000000000002,9.296135410465403,9.296135410465405,8.13370130688241
008,2014-10-02 13:51:55,9.3,1,7.9719999999999995,7.9832029858538744,8.2495,8.068234328617956,8.068234328617958,7.975835074629641
008,2014-10-02 14:01:55,9.4,1,9.404999999999996,8.281131440486487,9.3455,9.010543813495495,9.010543813495495,8.393085249821777
008,2014-10-02 15:01:55,11.8,1,7.851000000000002,7.483462163874548,7.819,7.717820721291517,7.717820721291517,7.518887573165242
008,2014-10-02 15:21:55,13.0,1,9.048000000000007,7.934313400524947,8.910499999999999,8.630937800174985,8.630937800174985,8.03782123452776
008,2014-10-02 15:41:55,13.4,1,8.109500000000002,7.406704282960986,7.945500000000001,7.820568094320329,7.82056809432033,7.464715404588104
008,2014-10-02 16:01:55,12.8,1,9.060500000000003,8.297136145851159,9.268,8.875212048617053,8.875212048617055,8.379077550329008
008,2014-10-02 16:11:55,12.8,1,10.657500000000004,9.913669508989587,10.612,10.394389836329864,10.394389836329864,9.987186843747944
008,2014-10-02 16:51:55,13.4,1,10.5275,9.63993928684664,10.588999999999999,10.25214642894888,10.252146428948882,9.733414700042905
008,2014-10-02 16:56:55,13.5,1,9.321000000000003,8.365982982082446,9.468,9.051660994027483,9.051660994027484,8.46737096355575
008,2014-10-02 17:19:00,12.6,1,8.624500000000006,8.49047835795053,8.681500000000002,8.598826119316845,8.598826119316847,8.505070277660943
008,2014-10-02 17:21:55,13.3,1,8.165500000000002,8.006877521046388,8.224,8.132125840348797,8.132125840348797,8.024058285955261
008,2014-10-02 17:26:55,12.9,1,8.9575,8.152932814885759,8.968,8.692810938295253,8.692810938295255,8.237215088785618
008,2014-10-02 17:46:55,11.4,1,8.062000000000005,7.277812626396903,8.0465,7.795437542132302,7.795437542132304,7.358391000340452
008,2014-10-02 17:56:55,10.9,1,10.566,9.68114548524786,10.62,10.28904849508262,10.289048495082621,9.774262764346362
008,2014-10-02 18:11:55,10.4,1,8.921500000000002,8.30949845032985,9.0815,8.770832816776617,8.770832816776618,8.375128680529217
008,2014-10-02 18:51:55,10.9,1,9.845499999999994,9.19753050116915,9.658499999999998,9.567176833723046,9.567176833723048,9.24762910964397
008,2014-10-02 18:56:55,11.2,1,9.473999999999997,9.046383987725347,9.354999999999999,9.291794662575114,9.291794662575116,9.079862720196378
008,2014-10-02 18:59:00,11.3,1,9.017999999999995,8.667190549310089,9.019499999999999,8.901563516436696,8.901563516436696,8.703908740496278
008,2014-10-02 19:11:55,11.5,1,8.268499999999998,7.616907773054024,8.138,8.007802591018008,8.007802591018008,7.672731679524824
008,2014-10-02 19:36:55,10.8,1,8.411500000000007,8.577683240028003,8.5655,8.518227746676004,8.518227746676004,8.427733973711065
008,2014-10-02 19:41:55,10.6,1,9.18,8.926140728942547,8.87,8.992046909647515,8.992046909647517,8.87841227685351
008,2014-10-02 19:56:55,10.5,1,8.658000000000003,8.298361161402324,8.552,8.502787053800775,8.502787053800777,8.32595794587887
008,2014-10-02 20:01:55,10.6,1,8.080000000000007,8.375441312227787,8.283000000000001,8.246147104075932,8.246147104075932,8.102163144850131
008,2014-10-02 20:31:55,10.3,1,7.870999999999998,7.915104148028401,7.976000000000002,7.920701382676133,7.9207013826761345,7.876223323879616
008,2014-10-02 20:56:55,11.0,1,8.188500000000001,7.655873294117087,8.297500000000001,8.04729109803903,8.04729109803903,7.712688987305927
008,2014-10-02 21:21:55,11.4,1,8.531500000000003,8.47845590735685,8.545499999999999,8.518485302452284,8.518485302452286,8.484145608112488
008,2014-10-02 21:31:55,11.2,1,9.890500000000001,9.451166672894082,9.7425,9.694722224298028,9.694722224298028,9.483127216627008
008,2014-10-02 21:46:55,11.3,1,10.898500000000004,9.613737163293065,10.882499999999999,10.464912387764356,10.464912387764358,9.74664057962352
008,2014-10-02 22:16:55,11.7,1,10.678999999999998,10.006634054947767,10.549,10.411544684982589,10.411544684982589,10.064678709160992
008,2014-10-02 23:16:55,10.4,1,9.070500000000003,8.781589921982624,9.299500000000002,9.050529973994209,9.05052997399421,8.814106934989926
008,2014-10-03 00:26:55,8.2,1,9.624000000000006,8.810467885677493,9.761,9.398489295225833,9.398489295225835,8.896953108968551
008,2014-10-03 01:11:55,9.2,1,8.113999999999999,7.923274110771169,8.0435,8.026924703590389,8.02692470359039,7.936557659579409
008,2014-10-03 02:21:55,7.1,1,8.5785,8.216913932024921,8.746500000000001,8.513971310674973,8.513971310674975,8.256424619188714
008,2014-10-03 02:46:55,7.0,1,7.482000000000003,7.712890865403604,7.370000000000001,7.521630288467869,7.52163028846787,7.38402682960733
008,2014-10-03 02:56:55,7.1,1,8.9145,9.05433095075318,8.779500000000002,8.916110316917727,8.91611031691773,8.79502258922802
008,2014-10-03 11:11:56,2.8,1,7.740500000000001,7.616136701683287,7.601,7.6525455672277625,7.652545567227763,7.603827299713686
008,2014-10-03 11:31:56,4.3,1,6.573000000000002,7.140342240159385,6.7525,6.8219474133864635,6.8219474133864635,6.595658483215135
008,2014-10-03 12:06:56,9.2,1,7.807500000000001,7.663670239566583,7.940499999999999,7.8038900798555275,7.803890079855528,7.680048326740601
008,2014-10-03 12:41:56,12.0,1,8.6435,8.47774387493251,8.767999999999999,8.629747958310837,8.629747958310837,8.496330992531306
008,2014-10-03 13:11:56,12.0,1,8.733,8.45821479446757,8.7135,8.63490493148919,8.634904931489192,8.485118828922701
008,2014-10-03 13:16:56,12.0,1,9.385000000000003,7.374362162229484,9.3855,8.714954054076495,8.714954054076497,7.584728726950024
008,2014-10-03 13:26:56,11.9,1,9.14950000000001,9.006828429685003,9.038,9.064776143228338,9.06477614322834,9.011204733229118
008,2014-10-03 13:36:56,11.7,1,10.0115,9.216523586831656,9.9105,9.712841195610551,9.712841195610553,9.290140379268781
008,2014-10-03 14:16:56,9.9,1,8.482000000000005,8.28649562123397,8.446000000000002,8.404831873744659,8.40483187374466,8.303543654288298
008,2014-10-03 14:21:56,9.8,1,9.144500000000003,9.08198143518569,9.137,9.12116047839523,9.121160478395232,9.087812713698703
008,2014-10-03 15:06:56,7.6,1,9.473500000000007,8.693746723676208,9.422500000000001,9.196582241225405,9.196582241225407,8.770502020876362
008,2014-10-03 15:21:56,6.8,1,9.6785,8.806237581471658,9.5395,9.34141252715722,9.341412527157221,8.884344644492527
008,2014-10-03 15:51:56,5.4,1,6.9325,7.639729947029296,6.835999999999999,7.136076649009765,7.136076649009766,6.853168543863085
008,2014-10-03 16:31:56,8.7,1,7.026500000000003,7.458380430400649,6.985500000000001,7.1567934768002175,7.156793476800219,6.994108400367265
008,2014-10-03 16:51:56,10.3,1,7.326999999999999,7.969231065059566,7.365000000000001,7.553743688353189,7.55374368835319,7.337018033831175
008,2014-10-03 17:06:56,9.6,1,8.119000000000003,8.176820452987027,8.110999999999999,8.135606817662342,8.135606817662344,8.112415198883673
008,2014-10-03 17:21:56,8.2,1,7.120500000000006,7.746073595064882,7.3185,7.395024531688296,7.395024531688297,7.145491346207371
008,2014-10-03 18:51:56,7.4,1,7.4255000000000075,7.380518337963217,7.470500000000002,7.425506112654408,7.42550611265441,7.385674512606919
008,2014-10-03 18:56:56,7.5,1,8.244500000000006,8.410272824634102,8.061000000000002,8.238590941544702,8.238590941544704,8.081856286236784
008,2014-10-03 19:16:56,7.8,1,8.433499999999997,9.205428955897844,8.573500000000001,8.737476318632615,8.737476318632615,8.454466690750593
008,2014-10-03 19:21:56,7.9,1,8.408500000000004,8.429095345872446,8.572500000000002,8.470031781957484,8.470031781957486,8.412088820067517
008,2014-10-03 19:41:56,8.7,1,7.955000000000012,6.499221865845341,7.857,7.437073955281783,7.437073955281785,6.642258444846569
008,2014-10-03 20:01:56,9.5,1,7.936500000000004,7.547599001138918,7.8614999999999995,7.781866333712974,7.7818663337129745,7.581190671601548
008,2014-10-03 20:36:56,8.1,1,5.691500000000003,6.253210284661364,5.7885,5.911070094887123,5.9110700948871235,5.706295659386523
008,2014-10-03 21:01:56,5.8,1,6.4260000000000055,6.518089179619324,6.557,6.500363059873109,6.50036305987311,6.436023873627319
008,2014-10-03 21:36:56,3.2,1,5.846999999999996,6.5697426984433305,5.8645000000000005,6.093747566147775,6.093747566147776,5.85588335213338
008,2014-10-03 21:46:56,3.8,1,5.6865000000000006,6.8749368804640865,5.7325,6.097978960154696,6.0979789601546965,5.702737086339029
008,2014-10-03 22:36:56,3.9,1,7.112500000000008,6.520867167227381,7.023,6.885455722409129,6.88545572240913,6.5742974604638444
008,2014-10-03 22:51:56,3.9,1,7.850000000000001,7.947855350427034,7.885999999999999,7.894618450142345,7.894618450142346,7.8543850280964
008,2014-10-03 23:16:56,4.2,1,5.854000000000002,6.7045222134321865,5.806000000000001,6.121507404477396,6.121507404477398,5.819527188257162
008,2014-10-03 23:31:56,4.4,1,5.599499999999999,5.997062019238331,5.5805,5.72568733974611,5.725687339746111,5.586463481782673
008,2014-10-03 23:51:56,4.4,1,6.360000000000006,6.80423840903971,6.479000000000001,6.547746136346572,6.547746136346573,6.375702675103277
008,2014-10-04 00:06:56,4.6,1,5.662500000000005,6.005830979743412,5.7879999999999985,5.818776993247805,5.8187769932478055,5.677808658722781
008,2014-10-04 00:41:56,5.3,1,5.954999999999999,7.465172781117345,5.9045000000000005,6.441557593705781,6.441557593705782,5.924885254669578
008,2014-10-04 01:11:56,5.1,1,5.9475000000000025,6.898006357482957,5.833000000000001,6.226168785827653,6.226168785827654,5.8544845452636896
008,2014-10-04 01:26:56,4.4,1,6.049500000000003,5.777920826231559,5.9525,5.92664027541052,5.926640275410521,5.797156049073613
008,2014-10-04 01:31:56,4.3,1,6.723000000000008,6.471993200222108,6.4905,6.561831066740705,6.561831066740706,6.476254461087247
008,2014-10-04 01:36:56,4.2,1,6.2500000000000036,7.084301213967651,6.1545000000000005,6.496267071322552,6.496267071322553,6.172834632238245
008,2014-10-04 01:46:56,4.1,1,6.371,7.31422945473465,6.435499999999999,6.706909818244884,6.706909818244884,6.386535561524912
008,2014-10-04 01:56:56,4.2,1,5.556500000000003,6.702622978553055,5.6355,5.964874326184353,5.964874326184354,5.575436549029374
008,2014-10-04 02:16:56,4.3,1,6.026500000000003,6.393513887603784,5.988,6.136004629201262,6.136004629201263,5.995698174203731
008,2014-10-04 02:21:56,4.3,1,6.2685,6.809449049707434,6.1675,6.4151496832358115,6.415149683235812,6.1834765442138835
008,2014-10-04 03:11:56,4.8,1,4.878499999999998,6.1406595137231985,4.8340000000000005,5.284386504574399,5.2843865045744,4.851277376230281
008,2014-10-04 03:26:56,4.5,1,5.337999999999999,5.516631613365263,5.1695,5.341377204455088,5.341377204455088,5.188915509710708
008,2014-10-04 04:21:56,3.1,1,6.236499999999999,6.901822669365725,6.194000000000001,6.444107556455241,6.444107556455243,6.205099759198254
008,2014-10-04 04:31:56,3.0,1,5.773000000000004,6.962702386749081,5.776,6.1705674622496955,6.1705674622496955,5.7851808967501706
008,2014-10-04 05:21:56,4.2,1,6.490999999999996,5.787120958638529,6.4479999999999995,6.242040319546175,6.242040319546176,5.856694961909632
008,2014-10-04 05:36:56,3.9,1,5.151499999999996,5.4069951748435745,5.151999999999999,5.236831724947857,5.236831724947857,5.154102263895544
008,2014-10-04 06:01:56,3.7,1,5.312999999999992,6.330991064805752,5.417999999999998,5.687330354935248,5.687330354935248,5.333115461541762
008,2014-10-04 06:06:56,3.8,1,4.8224999999999945,4.7247400492949,5.045,4.864080016431632,4.8640800164316325,4.737193115140974
008,2014-10-04 06:11:56,3.8,1,4.893499999999995,4.3747060715006265,4.8445,4.704235357166874,4.7042353571668745,4.424347929701464
008,2014-10-04 06:41:56,3.9,1,4.9924999999999935,5.0712056535043635,4.989000000000001,5.017568551168119,5.01756855116812,4.990153241564832
008,2014-10-04 06:46:56,4.0,1,5.685999999999992,6.2746290795070845,5.917999999999999,5.959543026502359,5.9595430265023595,5.7138391270554605
008,2014-10-04 06:56:56,4.2,1,4.637499999999991,5.002930164856973,4.6884999999999994,4.776310054952321,4.776310054952322,4.645980140654078
008,2014-10-04 07:21:56,4.4,1,5.1160000000000005,4.8337752379034695,5.276,5.07525841263449,5.075258412634491,4.864902804450878
008,2014-10-04 07:36:56,4.6,1,5.82349999999999,6.4708889659815805,6.073999999999999,6.122796321993857,6.1227963219938575,5.853677275363382
009,2014-10-01 06:00:00,5.4,1,7.493000000000002,6.651843782210678,7.168499999999999,7.10444792740356,7.104447927403561,6.709143574354284
009,2014-10-02 06:40:19,3.9,1,9.487500000000004,8.884152925999263,9.241499999999998,9.204384308666421,9.204384308666423,8.924000111410262
009,2014-10-02 06:50:19,3.7,1,8.671000000000006,8.77381603488097,8.421999999999999,8.622272011626992,8.622272011626993,8.449079609611044
009,2014-10-02 07:20:19,3.4,1,9.454500000000012,8.822820451349015,9.476999999999999,9.251440150449675,9.251440150449676,8.88913447830353
009,2014-10-02 08:35:19,2.9,1,8.240500000000004,8.285741197448951,8.046999999999999,8.19108039914965,8.191080399149653,8.06769721290719
009,2014-10-02 08:55:19,2.5,1,9.044500000000006,9.417162395807333,9.029,9.16355413193578,9.163554131935781,9.03434830051857
009,2014-10-02 10:15:19,2.3,1,7.963500000000006,8.120934081097461,8.032500000000002,8.03897802703249,8.03897802703249,7.971603417112561
009,2014-10-02 10:40:19,2.3,1,7.910000000000008,6.9831104681161635,8.001999999999999,7.6317034893720574,7.631703489372058,7.081005631214842
009,2014-10-02 11:05:19,2.2,1,7.6240000000000085,7.885729139145596,7.700500000000001,7.736743046381869,7.73674304638187,7.633856049899739
009,2014-10-03 08:25:19,8.7,1,9.1325,8.049016667761135,9.034,8.738505555920378,8.73850555592038,8.153054853720857
009,2014-10-03 08:30:19,7.8,1,9.295000000000002,9.36699561746897,9.341500000000002,9.334498539156323,9.334498539156325,9.300119985856192
009,2014-10-03 08:40:19,6.8,1,9.016000000000012,8.664793279842588,9.015999999999998,8.898931093280867,8.898931093280867,8.70153803506643
009,2014-10-03 09:15:19,5.6,1,9.450999999999999,8.60128577966748,9.663000000000002,9.238428593222494,9.238428593222496,8.69230653026344
009,2014-10-03 09:35:19,4.8,1,8.98750000000001,8.759629914202055,8.9885,8.911876638067355,8.911876638067355,8.783480661103848
009,2014-10-03 09:55:19,4.3,1,9.218000000000005,10.12937245539361,9.4065,9.584624151797874,9.584624151797872,9.24495040401551
009,2014-10-03 11:10:19,5.1,1,7.622500000000003,7.883593424180042,7.613499999999999,7.706531141393348,7.706531141393349,7.61705255288983
009,2014-10-03 11:55:19,5.8,1,10.189000000000007,9.516614293656902,10.031000000000002,9.912204764552303,9.912204764552305,9.572011535142913
009,2014-10-03 12:00:19,5.8,1,9.254000000000001,7.641919755258685,9.47,8.788639918419562,8.788639918419564,7.812742513100188
009,2014-10-03 12:20:19,4.9,1,7.6419999999999995,8.805254642206853,7.719999999999999,8.055751547402282,8.055751547402284,7.661013241371682
009,2014-10-03 12:35:19,2.7,1,7.665000000000007,7.846283260608909,7.710000000000001,7.740427753536306,7.740427753536307,7.671070925846256
009,2014-10-04 12:45:00,6.4,1,11.468000000000002,11.392058722401256,11.109499999999999,11.323186240800418,11.32318624080042,11.139821919684573
009,2014-10-04 16:00:00,6.9,1,9.836499999999997,9.055160608416545,9.9055,9.599053536138848,9.599053536138848,9.13759769081182
001,2014-10-01 19:14:00,10.3,2,7.332500000000003,6.92452413899675,7.472,7.243008046332251,7.2430080463322515,6.968603325515399
001,2014-10-01 19:44:00,8.9,2,7.9690000000000065,7.976299721244562,8.095,8.013433240414857,8.013433240414857,7.970950730970816
001,2014-10-01 20:59:00,8.0,2,7.831500000000005,7.9129584777387505,8.0815,7.941986159246252,7.941986159246253,7.841707950964743
001,2014-10-01 21:44:00,7.6,2,9.479500000000005,9.452359610377183,9.442999999999998,9.458286536792395,9.458286536792397,9.444250646526166
001,2014-10-02 11:09:00,14.3,2,7.776500000000011,7.37673449087243,7.854499999999999,7.669244830290814,7.669244830290814,7.4193396751207406
001,2014-10-02 11:44:00,14.7,2,9.879000000000001,9.873569968163018,10.1115,9.954689989387672,9.954689989387674,9.876463081411583
001,2014-10-02 12:39:00,13.2,2,11.677499999999995,9.094765261278843,12.235,11.002421753759613,11.002421753759613,9.370557060490142
001,2014-10-02 13:09:00,11.9,2,9.55,8.996691954070378,9.642499999999998,9.396397318023459,9.39639731802346,9.05550641786525
001,2014-10-02 14:14:00,10.2,2,9.273999999999997,9.543863592737987,9.187000000000001,9.334954530912663,9.334954530912663,9.198800949525026
001,2014-10-02 14:54:00,11.2,2,8.73400000000001,9.357011675721576,8.86,8.983670558573863,8.983670558573863,8.75215277782968
001,2014-10-02 14:59:00,11.3,2,8.417000000000003,8.014525919271948,8.4155,8.28234197309065,8.282341973090652,8.05649254947098
001,2014-10-02 15:19:00,11.0,2,9.761500000000002,9.398928732266238,9.998,9.719476244088746,9.719476244088748,9.439227495259454
001,2014-10-02 16:04:00,9.8,2,7.4950000000000045,7.827152150146471,7.5260000000000025,7.616050716715493,7.616050716715494,7.501254874622468
001,2014-10-02 16:24:00,9.5,2,10.895500000000009,10.775125063698649,11.152999999999999,10.94120835456622,10.94120835456622,10.790294206451657
001,2014-10-02 16:44:00,9.0,2,11.195500000000003,9.738925706074575,10.949499999999999,10.627975235358193,10.627975235358193,9.868041187184483
001,2014-10-02 16:54:00,8.8,2,9.070000000000004,8.885840966393388,9.1,9.018613655464463,9.018613655464465,8.905408475309793
001,2014-10-02 17:44:00,11.9,2,10.503000000000004,10.880026996205013,10.499500000000003,10.627508998735008,10.627508998735006,10.50363645499184
001,2014-10-02 17:54:00,12.8,2,7.64150000000001,7.754430174073959,8.188,7.861310058024657,7.8613100580246575,7.657650938018557
001,2014-10-02 18:54:00,11.4,2,9.884000000000006,11.728801610722924,9.935500000000001,10.516100536907643,10.516100536907645,9.907321167259862
001,2014-10-02 19:24:00,10.9,2,10.201000000000008,9.9645713540317,10.465499999999999,10.210357118010569,10.210357118010569,9.991952534250906
001,2014-10-02 21:04:00,18.0,2,11.351499999999994,10.07910006539668,11.381499999999999,10.93736668846556,10.93736668846556,10.212524010527574
001,2014-10-02 21:09:00,18.0,2,7.798000000000006,7.227377771948324,7.877500000000001,7.634292590649444,7.634292590649444,7.287873719827814
001,2014-10-02 21:34:00,17.5,2,8.933000000000005,9.67401607528388,8.92,9.175672025094629,9.17567202509463,8.928770276577772
001,2014-10-03 07:04:01,2.2,2,9.029500000000006,9.68219928373417,8.7335,9.148399761244725,9.148399761244725,8.770995783928193
001,2014-10-03 07:09:01,2.2,2,7.500000000000004,7.34907859198007,7.538499999999998,7.462526197326691,7.462526197326691,7.365253637777725
001,2014-10-03 08:04:01,2.3,2,8.654500000000002,9.144843315440422,8.441,8.746781105146809,8.746781105146809,8.468240719971622
001,2014-10-03 08:24:01,2.2,2,7.187000000000005,7.20881939160149,7.3610000000000015,7.252273130533832,7.252273130533833,7.19080464453073
001,2014-10-03 08:44:01,2.2,2,10.15450000000001,10.63618361286138,10.448,10.412894537620463,10.412894537620465,10.187089066483908
001,2014-10-03 08:59:01,2.3,2,7.9265,7.997937189262471,7.7620000000000005,7.89547906308749,7.895479063087491,7.779925068292775
001,2014-10-03 09:04:01,2.5,2,8.893500000000003,8.777784114911986,9.0845,8.918594704970664,8.918594704970664,8.791800807720037
001,2014-10-03 09:49:01,3.3,2,9.366500000000004,8.98806657621157,9.4875,9.280688858737191,9.280688858737193,9.028869906086907
001,2014-10-03 09:54:01,3.3,2,9.805500000000002,9.342119824788343,9.458,9.535206608262781,9.535206608262783,9.357718706334627
001,2014-10-03 09:59:01,3.4,2,9.342500000000003,9.17638787136577,9.1205,9.213129290455258,9.213129290455258,9.128008350383768
001,2014-10-03 10:09:01,3.7,2,8.384,9.268335574776932,8.176,8.609445191592313,8.609445191592313,8.206605208946744
001,2014-10-03 10:29:01,4.2,2,9.228000000000005,10.616812274802003,9.3055,9.716770758267337,9.716770758267337,9.249221505550526
001,2014-10-03 10:34:01,4.4,2,12.584500000000006,11.503867280487276,12.426000000000002,12.171455760162429,12.171455760162429,11.60192976544886
001,2014-10-03 10:39:01,4.8,2,8.171500000000005,8.524521818508248,8.334499999999998,8.343507272836083,8.343507272836085,8.190453978143898
001,2014-10-03 11:14:01,8.0,2,9.853500000000004,10.206901834186795,9.8695,9.976633944728933,9.976633944728933,9.858548007049482
001,2014-10-03 11:34:01,9.7,2,10.097000000000008,9.837720124976821,9.806999999999999,9.913906708325609,9.91390670832561,9.812806870144458
001,2014-10-03 11:39:01,9.9,2,9.485000000000008,9.703787178286007,9.4795,9.556095726095338,9.55609572609534,9.4822633054011
001,2014-10-03 11:49:01,10.2,2,12.21050000000001,9.572988704347985,12.565,11.449496234782664,11.449496234782666,9.8524814621683
001,2014-10-03 12:09:01,9.9,2,9.610500000000007,8.810572819148252,9.6095,9.34352427304942,9.343524273049422,8.894170011582716
001,2014-10-03 12:34:01,9.5,2,9.737499999999999,9.53153485194072,9.6925,9.653844950646906,9.653844950646908,9.548825716951377
001,2014-10-03 12:49:01,9.9,2,10.874500000000012,9.664831949977737,10.695500000000003,10.411610649992584,10.411610649992586,9.774454867292452
001,2014-10-03 12:54:01,10.2,2,9.59500000000001,9.703143139065736,9.628,9.642047713021915,9.642047713021917,9.599204033100115
001,2014-10-03 13:19:01,11.4,2,10.608500000000006,10.577937172651025,10.648500000000002,10.611645724217011,10.611645724217013,10.581534786891956
001,2014-10-03 13:49:01,12.5,2,8.674000000000008,7.1891707592093566,8.860000000000003,8.241056919736456,8.241056919736456,7.34637997057299
001,2014-10-03 13:54:01,12.5,2,8.708000000000004,9.312056165738595,8.5185,8.846185388579533,8.846185388579533,8.544366865413183
001,2014-10-03 14:04:01,12.7,2,9.798000000000009,10.514069900598217,9.71,10.007356633532742,10.007356633532744,9.726367636897855
001,2014-10-03 14:59:01,14.1,2,11.277000000000005,10.365531365792028,10.786,10.80951045526401,10.809510455264013,10.414432599890144
001,2014-10-03 15:09:01,14.3,2,9.988500000000009,9.52211876473787,9.9655,9.825372921579293,9.825372921579294,9.568737213550156
001,2014-10-03 15:19:01,15.0,2,9.958000000000007,9.029183814480506,10.027,9.671394604826837,9.671394604826839,9.127050552356032
001,2014-10-03 15:29:01,16.0,2,9.890999999999998,9.626953522683216,9.645000000000003,9.720984507561072,9.720984507561074,9.631301622635744
001,2014-10-03 15:49:01,18.0,2,9.192000000000005,10.279199305477293,9.586,9.685733101825766,9.685733101825766,9.240153964979761
001,2014-10-03 15:54:01,18.3,2,10.707000000000004,9.058690050031332,11.6025,10.456063350010446,10.456063350010446,9.240098315212258
001,2014-10-03 16:19:01,20.9,2,10.419999999999993,8.889554171621745,10.516499999999999,9.942018057207244,9.942018057207246,9.050640986266723
001,2014-10-03 18:24:01,22.2,2,10.431000000000006,10.370728350176353,10.0285,10.276742783392121,10.276742783392121,10.064908116099511
001,2014-10-04 06:54:01,8.3,2,7.704499999999997,7.806644739725616,7.9670000000000005,7.826048246575205,7.826048246575205,7.716790373905415
001,2014-10-04 07:54:01,7.9,2,7.7910000000000075,6.998590182927872,7.466,7.41853006097596,7.418530060975961,7.050742605153277
001,2014-10-04 08:09:01,7.1,2,7.624500000000004,8.363858750618801,7.289000000000001,7.759119583539602,7.7591195835396025,7.331495038218961
001,2014-10-04 08:29:01,5.6,2,9.266999999999996,7.925215528772009,9.655,8.949071842924,8.949071842924003,8.069478782077448
001,2014-10-04 08:44:01,4.8,2,8.854000000000006,7.324512546040875,8.904000000000002,8.36083751534696,8.360837515346962,7.485034091438648
001,2014-10-04 09:34:01,5.2,2,7.093499999999997,7.3629643932582916,7.0455,7.167321464419429,7.16732146441943,7.053216610055421
001,2014-10-04 09:54:01,6.7,2,9.396000000000004,8.661505010964456,9.2335,9.097001670321488,9.097001670321488,8.722974582993023
001,2014-10-04 10:04:01,7.4,2,10.384500000000008,9.972312727081846,10.5605,10.305770909027283,10.305770909027286,10.017197529599786
001,2014-10-04 10:19:01,7.7,2,7.086499999999997,7.396312077466756,7.334499999999999,7.272437359155584,7.272437359155584,7.113064945742675
001,2014-10-04 10:24:01,7.4,2,8.94700000000001,8.781677967193762,9.049,8.925892655731257,8.925892655731257,8.799994668196096
001,2014-10-04 10:49:01,5.3,2,9.230000000000013,7.6727776114787964,9.525,8.80925920382627,8.80925920382627,7.838650904830528
001,2014-10-04 11:14:01,3.9,2,8.0155,7.06876752021179,8.1575,7.747255840070596,7.747255840070598,7.169238737730324
001,2014-10-04 11:19:01,3.8,2,8.920000000000007,8.918372675326038,8.95,8.929457558442015,8.929457558442015,8.918842933021526
001,2014-10-04 11:39:01,3.3,2,7.904499999999997,8.550555843435312,8.1675,8.207518614478436,8.207518614478438,7.935846747815748
001,2014-10-04 13:19:01,5.4,2,8.793500000000002,8.659065934599806,8.9485,8.800355311533268,8.80035531153327,8.67468100381221
002,2014-10-01 19:22:01,4.4,2,8.042499999999997,8.97837719868729,8.1885,8.403125732895761,8.403125732895763,8.065673918943842
002,2014-10-01 19:32:01,3.6,2,8.665,8.751214639282303,8.7325,8.716238213094101,8.716238213094101,8.672249286253065
002,2014-10-01 19:52:01,2.4,2,8.490500000000004,10.055838066445736,8.482,9.00944602214858,9.00944602214858,8.498542687165374
002,2014-10-01 19:57:01,2.7,2,8.795500000000006,8.658684212950918,9.117,8.857061404316974,8.857061404316976,8.67621346810988
002,2014-10-01 20:02:01,3.2,2,9.813999999999997,9.26261578224347,10.0215,9.699371927414488,9.69937192741449,9.32237896687352
002,2014-10-01 20:07:01,3.9,2,9.037500000000005,9.102891836239477,9.181000000000001,9.107130612079827,9.107130612079828,9.045122656352294
002,2014-10-02 07:22:01,2.7,2,10.17650000000001,9.467559475849633,10.096500000000002,9.913519825283215,9.913519825283217,9.534161934298902
002,2014-10-02 07:30:00,3.2,2,9.491500000000002,8.084320768831658,9.124,8.89994025627722,8.89994025627722,8.196771474613925
002,2014-10-02 07:32:01,4.5,2,11.561499999999997,11.101849133885727,11.3525,11.338616377961907,11.338616377961909,11.13016330385003
002,2014-10-02 08:02:01,11.0,2,9.884000000000004,9.582285249059327,9.7665,9.744261749686444,9.744261749686444,9.602733587362485
002,2014-10-02 08:37:01,11.9,2,7.596500000000003,8.868120151425632,7.5729999999999995,8.012540050475211,8.012540050475213,7.588174872428561
002,2014-10-02 09:12:01,8.3,2,10.703999999999997,10.278159091489442,10.4005,10.460886363829813,10.460886363829815,10.293993922697307
002,2014-10-02 09:32:01,6.2,2,8.573000000000013,9.87784112835681,8.805500000000002,9.085447042785608,9.08544704278561,8.608048559691088
002,2014-10-02 09:42:01,5.2,2,9.023500000000013,10.847039628447764,9.201,9.690513209482592,9.690513209482594,9.058531208509574
002,2014-10-02 09:52:01,4.3,2,8.118500000000006,7.2264611761621085,7.98,7.774987058720705,7.774987058720706,7.306684643777928
002,2014-10-02 10:32:01,4.2,2,7.044000000000002,8.392066436236751,7.450499999999997,7.628855478745584,7.628855478745584,7.095945439965178
002,2014-10-02 11:12:01,8.5,2,8.658500000000002,8.515267963383598,8.9065,8.6934226544612,8.693422654461202,8.532733514125118
002,2014-10-02 11:37:01,8.9,2,8.323500000000005,8.410199093785621,8.166,8.299899697928542,8.299899697928543,8.183345317278427
002,2014-10-02 12:07:01,6.8,2,7.8705,8.30475581478596,7.7730000000000015,7.982751938261987,7.9827519382619885,7.787543426834879
002,2014-10-02 12:42:01,5.4,2,7.879000000000007,8.71806721715176,7.901999999999999,8.166355739050589,8.166355739050589,7.889567030938716
002,2014-10-02 12:52:01,5.3,2,10.733000000000004,10.135728271268459,10.621000000000002,10.496576090422822,10.496576090422822,10.187619483394755
002,2014-10-02 13:12:01,7.3,2,8.1545,7.1719382594234435,7.8525,7.726312753141148,7.7263127531411495,7.246161551208383
002,2014-10-02 13:17:01,7.9,2,8.063000000000006,8.239531663344527,7.961,8.08784388778151,8.087843887781512,7.97343699464448
002,2014-10-02 13:22:01,8.4,2,7.3395,8.104074860209897,7.252999999999999,7.5655249534032984,7.565524953403299,7.269695750052633
002,2014-10-02 13:32:01,8.5,2,8.357500000000005,7.884394461848953,8.454,8.23196482061632,8.231964820616321,7.934857794872348
002,2014-10-02 14:17:01,4.1,2,9.2415,9.46327382533531,9.352500000000001,9.352424608445103,9.352424608445105,9.25422103491242
002,2014-10-02 14:32:01,3.0,2,8.718000000000005,8.211480575367837,8.6385,8.52266019178928,8.522660191789281,8.256952181290705
002,2014-10-02 14:37:01,2.7,2,8.255,8.547250537431692,8.383,8.39508351247723,8.395083512477232,8.270034415035225
002,2014-10-02 15:07:01,2.2,2,9.624000000000008,9.815855584366249,9.6255,9.68845186145542,9.68845186145542,9.626060492285005
002,2014-10-02 15:27:01,2.2,2,9.474000000000004,9.199711575346267,9.413,9.362237191782091,9.362237191782091,9.222636726242206
002,2014-10-02 15:32:01,2.2,2,8.973499999999996,9.196051979891276,8.8985,9.022683993297091,9.022683993297093,8.908572341865849
002,2014-10-02 15:42:01,2.4,2,9.255,8.453638928419316,9.201,8.96987964280644,8.96987964280644,8.532371053065322
002,2014-10-02 16:17:01,10.3,2,8.467000000000008,8.591681455155049,8.521999999999998,8.526893818385018,8.52689381838502,8.473451150733977
002,2014-10-02 16:22:01,11.7,2,10.328000000000001,8.86831372058735,10.13,9.77543790686245,9.775437906862452,9.002296757105341
002,2014-10-02 16:42:01,16.0,2,9.872500000000004,9.852483676454888,10.190500000000002,9.97182789215163,9.971827892151632,9.857757870178789
002,2014-10-02 16:52:01,17.2,2,10.398500000000013,10.151098848155993,10.595,10.381532949385337,10.381532949385337,10.178948019058334
002,2014-10-02 17:32:01,20.8,2,11.001999999999999,10.173038723202547,11.0175,10.730846241067516,10.730846241067518,10.259923211728042
002,2014-10-02 18:12:01,20.8,2,11.164000000000003,9.094078031577412,10.875000000000002,10.377692677192472,10.377692677192474,9.283295735594946
002,2014-10-02 18:37:01,20.0,2,10.160500000000006,11.054065920140038,10.210999999999999,10.475188640046682,10.475188640046682,10.174214186059809
002,2014-10-02 18:47:01,19.6,2,9.563000000000011,9.194297996501774,9.323500000000001,9.36026599883393,9.36026599883393,9.210210664930338
002,2014-10-02 19:12:01,19.0,2,12.717999999999996,9.114111921211506,12.35,11.3940373070705,11.394037307070501,9.456344427648613
002,2014-10-02 19:27:01,19.9,2,8.324500000000006,8.257621579874751,8.517,8.366373859958253,8.366373859958253,8.266543687379293
002,2014-10-02 19:32:01,20.1,2,13.283999999999992,10.366953225867084,13.325,12.325317741955692,12.325317741955693,10.672557185834547
002,2014-10-03 07:00:00,10.0,2,10.606,9.50842967121441,10.984000000000002,10.366143223738137,10.366143223738138,9.62704219222684
002,2014-10-03 07:12:02,10.5,2,9.798000000000009,10.376168584610664,9.6845,9.952889528203558,9.952889528203558,9.70215654324074
002,2014-10-03 07:17:02,10.7,2,9.931500000000009,8.93220475108933,10.098500000000001,9.654068250363112,9.654068250363114,9.038425311229858
002,2014-10-03 07:37:02,9.4,2,8.494500000000006,8.193591715645493,8.591000000000001,8.426363905215167,8.426363905215167,8.226039032522795
002,2014-10-03 07:42:02,8.7,2,9.661499999999995,10.188267994215648,9.6625,9.837422664738547,9.837422664738549,9.666862304236375
002,2014-10-03 08:22:02,2.8,2,10.68500000000001,11.191906881956367,10.8545,10.910468960652125,10.910468960652127,10.706107886690852
002,2014-10-03 08:27:02,2.4,2,9.851500000000005,9.84807184954194,10.101499999999998,9.933690616513982,9.933690616513982,9.850930517364112
002,2014-10-03 08:32:02,2.3,2,10.587500000000004,10.73064099745343,10.822999999999997,10.713713665817812,10.713713665817812,10.603399615858814
002,2014-10-03 09:17:02,2.4,2,10.179000000000004,10.260751482923041,10.0885,10.176083827641014,10.176083827641017,10.098786013456666
002,2014-10-03 09:42:02,5.0,2,8.005500000000001,9.114640867072126,8.368500000000001,8.496213622357375,8.496213622357377,8.050940027474706
002,2014-10-03 10:07:02,5.3,2,6.804000000000001,8.122242182849229,6.712999999999999,7.21308072761641,7.21308072761641,6.735703232603043
002,2014-10-03 10:37:02,4.2,2,7.646500000000002,8.053268276674148,7.525999999999999,7.741922758891383,7.741922758891383,7.542674910220954
002,2014-10-03 11:12:02,3.8,2,7.512500000000009,7.227197696212254,7.337999999999999,7.3592325654040875,7.3592325654040875,7.240535309044644
002,2014-10-03 11:42:02,3.6,2,7.867500000000004,7.6525202475614975,7.6720000000000015,7.7306734158538335,7.730673415853835,7.656513302912067
002,2014-10-03 11:47:02,3.8,2,7.190500000000003,8.949392923630995,7.156499999999999,7.765464307876999,7.765464307877,7.177646155239986
002,2014-10-03 12:37:02,11.4,2,8.189500000000004,8.228462720969933,8.387,8.26832090698998,8.26832090698998,8.195161819972899
002,2014-10-03 12:52:02,12.3,2,8.746500000000005,8.725339045694165,8.583,8.684946348564722,8.684946348564724,8.59810373173959
002,2014-10-03 14:17:02,11.1,2,9.128999999999998,8.227852038308965,9.339000000000002,8.89861734610299,8.89861734610299,8.324234007793956
002,2014-10-03 14:22:02,10.8,2,9.25450000000001,9.053142470578075,9.386000000000001,9.231214156859364,9.231214156859362,9.075524359980903
002,2014-10-03 14:27:02,10.5,2,8.733000000000006,8.805696502458431,8.649999999999999,8.729565500819477,8.72956550081948,8.659410781445326
002,2014-10-03 14:57:02,7.5,2,7.966000000000001,8.350116265993085,7.982000000000002,8.099372088664364,8.099372088664364,7.9713551513675425
002,2014-10-03 15:27:02,5.0,2,7.916000000000002,8.07529315756725,7.806500000000001,7.932597719189084,7.9325977191890855,7.819549291793402
002,2014-10-03 15:47:02,4.4,2,9.167000000000002,8.337654951400246,9.2535,8.919384983800084,8.919384983800084,8.425289591779702
002,2014-10-03 15:57:02,4.1,2,10.383500000000009,10.219686641372542,10.125,10.242728880457518,10.242728880457518,10.13654465661249
002,2014-10-03 16:12:02,3.8,2,8.920000000000003,10.17446109736921,9.135,9.409820365789736,9.40982036578974,8.952888834232251
002,2014-10-03 17:12:02,8.2,2,8.418000000000001,9.454241508327536,8.480500000000001,8.784247169442514,8.784247169442514,8.43427643347239
002,2014-10-03 18:27:02,8.0,2,9.244000000000005,9.425738896360759,9.2025,9.290746298786921,9.290746298786923,9.208659297173979
002,2014-10-03 19:00:00,8.7,2,7.524000000000005,7.825157410963334,7.439000000000001,7.596052470321113,7.596052470321115,7.45090463911883
002,2014-10-03 19:07:02,7.5,2,6.77900000000001,7.841969385037002,6.8135,7.144823128345671,7.144823128345672,6.792894232001168
002,2014-10-03 19:32:02,10.2,2,8.681500000000005,8.308390825371562,8.5765,8.522130275123855,8.522130275123857,8.337491558542537
002,2014-10-03 19:37:02,10.7,2,10.590999999999994,9.510987753578783,10.485,10.195662584526259,10.19566258452626,9.61395309742794
002,2014-10-03 20:07:02,10.3,2,10.116000000000007,10.617899461605585,10.437999999999999,10.39063315386853,10.390633153868531,10.151488017356783
002,2014-10-04 07:22:02,13.9,2,9.736000000000004,10.116296334504622,9.6005,9.81759877816821,9.81759877816821,9.618479555212646
002,2014-10-04 07:37:02,14.2,2,9.938000000000008,10.230613144028277,9.706500000000002,9.958371048009429,9.95837104800943,9.733646655553567
002,2014-10-04 08:07:02,10.7,2,9.1925,8.7258504577154,9.345499999999998,9.087950152571798,9.0879501525718,8.776203336727741
002,2014-10-04 08:17:02,8.2,2,9.557000000000002,9.331797578339456,9.448,9.445599192779818,9.44559919277982,9.345045174693023
002,2014-10-04 08:42:02,3.9,2,8.118000000000006,8.172689238346964,8.1925,8.161063079448992,8.161063079448992,8.123919930580334
002,2014-10-04 09:27:02,2.2,2,10.394500000000008,10.423384315392479,10.652499999999998,10.490128105130829,10.490128105130829,10.399813157958214
002,2014-10-04 09:37:02,2.2,2,9.484500000000006,9.322497131806625,9.285000000000002,9.363999043935545,9.363999043935545,9.290543139632694
002,2014-10-04 10:02:02,2.2,2,9.424,10.360543460215363,9.426499999999999,9.737014486738452,9.737014486738454,9.433601995337714
002,2014-10-04 10:27:02,5.5,2,8.683500000000002,9.79435879688224,8.945,9.14095293229408,9.14095293229408,8.719352840908883
002,2014-10-04 11:02:02,13.7,2,7.466,8.935888243818198,7.3015,7.901129414606067,7.901129414606066,7.333409578838333
002,2014-10-04 11:22:02,15.6,2,9.559,9.676090187080913,9.785500000000003,9.673530062360305,9.673530062360307,9.5723445763133
002,2014-10-04 12:30:00,12.6,2,9.264000000000012,8.650402978989192,9.099,9.004467659663067,9.004467659663069,8.698987125704265
002,2014-10-04 13:42:03,13.0,2,10.070000000000004,8.915303765676812,10.2185,9.734601255225606,9.734601255225607,9.037598044238127
002,2014-10-04 14:07:03,9.9,2,9.033000000000003,8.803842682654345,9.164,9.000280894218117,9.000280894218117,8.829128105248323
002,2014-10-04 14:12:03,9.4,2,9.824500000000004,9.91438189139714,9.992500000000001,9.910460630465714,9.910460630465716,9.83468501053714
002,2014-10-04 14:32:03,7.9,2,8.932000000000002,9.223055089996407,9.1435,9.099518363332136,9.099518363332137,8.95492358912873
002,2014-10-04 14:37:03,7.8,2,8.554500000000006,8.89581798509186,8.5945,8.68160599503062,8.681605995030623,8.561698151619956
002,2014-10-04 14:47:03,7.5,2,9.215000000000007,9.58268493020772,9.306500000000002,9.368061643402577,9.368061643402577,9.227334972223746
002,2014-10-04 15:27:03,7.2,2,9.270500000000006,9.10772654131056,9.1695,9.182575513770189,9.182575513770189,9.115199545827831
002,2014-10-04 15:47:03,6.9,2,8.625500000000006,9.125591913566428,8.3955,8.715530637855478,8.715530637855478,8.42456450680761
002,2014-10-04 16:27:03,6.2,2,7.1660000000000075,8.039142147782544,6.9525000000000015,7.3858807159275175,7.385880715927518,6.983568708295046
002,2014-10-04 18:02:03,8.3,2,9.112500000000004,9.041939487655727,9.197499999999998,9.117313162551909,9.11731316255191,9.05017183145996
002,2014-10-04 18:37:03,10.9,2,8.841,9.068999291354464,8.886500000000002,8.932166430451488,8.93216643045149,8.847585398300817
002,2014-10-04 18:47:03,10.9,2,8.828000000000001,9.074336827004155,8.934,8.945445609001384,8.945445609001386,8.840493543457981
002,2014-10-04 19:07:03,11.1,2,9.074500000000008,9.341311377998437,9.0375,9.151103792666149,9.15110379266615,9.044039212666338
002,2014-10-04 19:57:03,7.9,2,9.953000000000005,11.023881116566104,9.798,10.258293705522036,10.258293705522037,9.824925576770665
002,2014-10-04 20:07:03,7.3,2,6.262499999999999,5.689354588996096,6.2075,6.053118196332032,6.053118196332032,5.7441151869287435
003,2014-10-01 09:08:15,7.3,2,8.203500000000002,7.712759710953099,8.1315,8.015919903651033,8.015919903651035,7.75729011815856
003,2014-10-01 09:33:15,7.0,2,8.365499999999999,8.749525118140081,8.372000000000002,8.495675039380027,8.495675039380028,8.369955309093866
003,2014-10-01 09:38:15,7.2,2,9.521,9.198991370532754,9.686000000000002,9.468663790177585,9.468663790177587,9.234331296125397
003,2014-10-01 09:58:15,8.6,2,8.734999999999998,7.733901115381506,8.756000000000002,8.408300371793835,8.408300371793837,7.838850379635004
003,2014-10-01 10:28:15,10.7,2,8.372500000000006,7.140173622234285,8.446,7.9862245407447645,7.9862245407447645,7.269839899763927
003,2014-10-01 10:38:15,10.8,2,7.2025,7.3417130317623815,7.098500000000002,7.214237677254128,7.214237677254128,7.110773056917113
003,2014-10-01 10:48:15,10.9,2,8.130500000000005,7.972667478785059,8.088000000000001,8.063722492928354,8.063722492928356,7.985159062418458
003,2014-10-01 10:53:15,10.9,2,8.936500000000004,7.478578748929522,8.8365,8.417192916309842,8.417192916309844,7.621650301437059
003,2014-10-01 10:58:15,10.8,2,8.881499999999997,7.925071817042136,8.847999999999999,8.551523939014045,8.551523939014045,8.021967526805252
003,2014-10-01 11:08:15,10.7,2,9.676000000000005,10.311153153278076,9.5625,9.849884384426026,9.849884384426028,9.580726388927413
003,2014-10-01 11:13:15,10.5,2,8.629000000000001,8.107854121074656,8.366,8.367618040358218,8.36761804035822,8.137492451464531
003,2014-10-01 11:18:15,10.4,2,8.417000000000003,7.98799690824442,8.572000000000001,8.325665636081474,8.325665636081476,8.034431053940056
003,2014-10-01 12:00:00,8.2,2,8.092500000000001,7.637331549229098,8.071000000000002,7.933610516409701,7.9336105164097015,7.682918804819022
003,2014-10-01 12:08:15,8.5,2,8.209000000000005,7.972893597210549,8.2545,8.145464532403517,8.145464532403519,7.998051062964598
003,2014-10-01 12:18:15,8.4,2,8.455999999999998,8.38211406541699,8.5685,8.468871355138996,8.468871355138997,8.390969329175952
003,2014-10-01 12:23:15,8.4,2,8.106999999999996,7.464010226413041,8.108,7.893003408804346,7.893003408804347,7.531292577669017
003,2014-10-01 13:48:15,5.6,2,9.311500000000006,8.78389992685447,9.356,9.150466642284826,9.150466642284826,8.839544712140828
003,2014-10-01 14:03:15,5.2,2,7.0055000000000085,7.778205300896679,6.952999999999999,7.245568433632229,7.24556843363223,6.966219828455822
003,2014-10-01 15:13:15,5.1,2,5.715499999999992,5.675760920921758,5.769999999999999,5.720420306973916,5.720420306973916,5.680463594023502
003,2014-10-01 15:23:15,4.9,2,5.4589999999999925,6.232418142224827,5.4079999999999995,5.6998060474082735,5.6998060474082735,5.421070020427764
003,2014-10-01 15:28:15,4.8,2,5.586999999999992,6.9805506869680745,5.553,6.040183562322689,6.04018356232269,5.570492732873357
003,2014-10-01 16:28:15,5.2,2,5.330999999999992,4.5084432801038234,5.268000000000001,5.035814426701272,5.035814426701273,4.588541365847465
003,2014-10-01 16:43:15,5.3,2,5.441499999999992,5.650886942598912,5.4325,5.508295647532968,5.508295647532968,5.435535488074019
003,2014-10-01 17:48:15,5.8,2,7.6175000000000015,7.278428474077886,7.760999999999999,7.552309491359296,7.552309491359296,7.315338593169569
003,2014-10-01 17:53:15,5.7,2,6.867500000000003,8.816724377622187,6.884000000000001,7.5227414592073965,7.522741459207397,6.888553544630949
003,2014-10-01 19:13:15,5.3,2,7.749500000000001,7.999249406036814,7.8295,7.859416468678938,7.859416468678939,7.759567437598435
003,2014-10-01 19:23:15,5.2,2,9.104000000000003,7.927333491427809,9.001499999999998,8.677611163809269,8.67761116380927,8.040742404268224
003,2014-10-01 19:38:15,4.9,2,7.240500000000002,6.560479236552963,7.3185,7.039826412184322,7.039826412184323,6.632405928987534
003,2014-10-01 19:43:15,4.8,2,8.629500000000005,7.923124819258875,8.366,8.306208273086293,8.306208273086295,7.97209532247406
003,2014-10-01 19:58:15,4.8,2,7.4950000000000045,8.512750651587286,7.774000000000001,7.9272502171957635,7.927250217195764,7.531577684604889
003,2014-10-01 20:03:15,4.9,2,7.758499999999999,8.145378613898838,7.7905,7.898126204632945,7.898126204632947,7.765396763554212
003,2014-10-01 20:58:15,6.5,2,9.691000000000013,10.227540298950519,9.573500000000001,9.830680099650179,9.830680099650179,9.591158757561042
003,2014-10-01 21:23:16,7.5,2,10.188500000000003,10.915245715689618,10.16,10.42124857189654,10.421248571896541,10.17024924954233
003,2014-10-01 21:43:16,8.2,2,9.181000000000001,9.187557675263376,9.287000000000003,9.218519225087793,9.218519225087794,9.182680515393558
004,2014-10-01 08:29:56,12.7,2,11.806500000000002,13.018548222340497,11.721000000000002,12.1820160741135,12.182016074113502,11.742065859379714
004,2014-10-01 08:39:56,13.8,2,9.6155,9.745622731312201,9.5955,9.652207577104067,9.652207577104068,9.598893713197636
004,2014-10-01 08:54:56,15.1,2,13.609499999999993,14.293345636262792,13.637,13.846615212087594,13.846615212087597,13.618940624453828
004,2014-10-01 09:09:56,15.9,2,11.234000000000007,11.579797314898519,11.119999999999997,11.311265771632842,11.311265771632842,11.135385142690728
004,2014-10-01 09:34:56,14.4,2,9.854500000000016,9.861379659533705,10.046499999999998,9.920793219844573,9.920793219844574,9.857070982927901
004,2014-10-01 09:44:56,14.0,2,10.778000000000013,10.11851691929216,11.043,10.646505639764058,10.64650563976406,10.19016487116511
004,2014-10-01 10:29:56,12.0,2,12.611000000000006,14.435045011311608,12.329,13.125015003770537,13.12501500377054,12.376744501084804
004,2014-10-01 10:30:00,15.5,2,12.026,13.090836734821481,12.257,12.457945578273828,12.457945578273828,12.058506579314383
004,2014-10-01 11:04:56,9.9,2,10.427000000000007,9.247536509279511,10.67,10.114845503093173,10.114845503093173,9.373367044561304
004,2014-10-01 11:29:56,9.5,2,11.347500000000007,11.244032626264122,11.4855,11.359010875421376,11.359010875421378,11.256237827216637
004,2014-10-01 11:34:56,9.3,2,8.756500000000003,9.148256086299272,8.682500000000001,8.86241869543309,8.862418695433092,8.694159758635704
004,2014-10-01 11:39:56,9.1,2,9.198500000000006,8.423007887452524,9.505,9.04216929581751,9.042169295817512,8.507208202405518
004,2014-10-01 11:44:56,8.9,2,8.645500000000006,8.496174880026272,8.520000000000001,8.553891626675428,8.553891626675428,8.499922566388367
004,2014-10-01 11:59:56,8.3,2,10.029500000000008,8.296925795716527,10.059,9.461808598572178,9.46180859857218,8.478490149033608
004,2014-10-01 12:19:56,7.8,2,8.482500000000002,8.797837541390594,8.551499999999999,8.610612513796864,8.610612513796866,8.49218245171549
004,2014-10-01 12:24:56,7.7,2,10.252000000000004,9.638504793611137,10.310500000000001,10.067001597870382,10.067001597870382,9.703276296590515
004,2014-10-01 12:34:56,7.3,2,8.591000000000005,8.619759630110808,8.3045,8.505086543370272,8.505086543370272,8.334762456596815
004,2014-10-01 13:14:56,8.5,2,12.792000000000003,11.01860770486763,12.777499999999998,12.196035901622544,12.196035901622546,11.202775569865148
004,2014-10-01 13:29:56,9.9,2,8.814499999999999,9.359432934167025,9.295499999999999,9.156477644722342,9.156477644722342,8.865463614864304
004,2014-10-01 13:49:56,11.0,2,9.979000000000006,9.93603436096253,10.167499999999999,10.027511453654178,10.02751145365418,9.942414610622784
004,2014-10-01 13:54:56,10.8,2,9.509000000000004,9.638394849801294,9.687000000000001,9.611464949933767,9.611464949933767,9.523023896338909
004,2014-10-01 13:59:56,10.4,2,9.435999999999998,10.271386232101825,9.3445,9.683962077367275,9.683962077367276,9.362426985242681
004,2014-10-01 14:04:56,9.8,2,10.951500000000005,11.180950185053625,11.023499999999999,11.051983395017876,11.051983395017878,10.960607451034798
004,2014-10-01 14:44:56,6.2,2,12.696,9.008992098910582,12.757500000000002,11.487497366303527,11.48749736630353,9.395357698367215
004,2014-10-01 15:24:56,4.6,2,9.742500000000009,9.137779662052596,10.1105,9.6635932206842,9.663593220684204,9.204728100614362
004,2014-10-01 16:04:56,4.1,2,7.47,7.89690337816172,7.478000000000001,7.614967792720574,7.614967792720575,7.475026028135422
004,2014-10-01 16:24:56,4.2,2,11.115000000000004,10.104573844682847,10.740500000000003,10.653357948227617,10.653357948227619,10.174852169862662
004,2014-10-01 17:19:56,3.6,2,7.9835,6.988520105108684,7.935,7.63567336836956,7.635673368369562,7.088029896110648
004,2014-10-01 17:24:56,3.4,2,9.455999999999998,6.146723395616308,9.555,8.385907798538769,8.385907798538769,6.493944124748088
004,2014-10-01 17:29:56,3.3,2,9.056000000000003,6.547426151204868,9.5865,8.396642050401624,8.396642050401624,6.815188919648497
004,2014-10-01 17:54:56,3.0,2,7.777500000000006,7.44299881364438,7.834,7.684832937881462,7.684832937881462,7.478560764184546
004,2014-10-02 07:29:56,10.1,2,9.21800000000001,8.460178626789428,9.118,8.932059542263147,8.932059542263147,8.530002723688265
004,2014-10-02 07:49:56,9.3,2,7.985000000000005,8.57178854293082,7.869500000000001,8.142096180976942,8.142096180976942,7.8874519914123935
004,2014-10-02 08:04:56,8.4,2,11.805500000000002,10.73967227125116,12.040500000000002,11.528557423750387,11.528557423750389,10.853533745137852
004,2014-10-02 08:14:56,7.6,2,10.349999999999998,11.646341519852237,10.1735,10.723280506617414,10.723280506617414,10.204929603129383
004,2014-10-02 09:54:56,18.0,2,10.19400000000001,9.439008171017857,10.304499999999997,9.979169390339289,9.979169390339289,9.519103658271401
004,2014-10-02 10:29:56,19.2,2,8.871000000000004,8.241298277141624,8.7675,8.626599425713875,8.626599425713877,8.297386761016108
004,2014-10-02 10:34:56,18.6,2,9.831000000000001,7.939904514981525,9.365499999999999,9.04546817166051,9.04546817166051,8.093711436453148
004,2014-10-02 10:39:56,17.8,2,9.936500000000006,9.356180833534363,9.671,9.654560277844789,9.65456027784479,9.3917735666346
004,2014-10-02 10:44:56,16.9,2,9.340000000000002,9.386938969219065,9.396,9.374312989739689,9.37431298973969,9.345001566834041
004,2014-10-02 11:59:56,9.2,2,10.047000000000004,9.434977409458423,10.036,9.839325803152809,9.83932580315281,9.497968973807629
004,2014-10-02 12:44:56,6.2,2,9.031000000000004,10.152483989609767,8.883500000000002,9.355661329869923,9.355661329869925,8.910146923294409
004,2014-10-02 12:49:56,5.9,2,6.878000000000003,7.0060891592331584,6.975999999999999,6.95336305307772,6.95336305307772,6.888554072426466
004,2014-10-02 13:39:56,6.3,2,9.628000000000005,9.216672411811386,9.6505,9.498390803937129,9.49839080393713,9.259932270421242
004,2014-10-02 14:34:56,7.4,2,9.482500000000002,8.886903580715146,9.429499999999999,9.266301193571715,9.266301193571717,8.944202348132297
004,2014-10-02 14:39:56,7.4,2,9.693500000000004,9.546040904349967,9.858,9.69918030144999,9.699180301449992,9.56311370815953
004,2014-10-02 15:04:56,7.0,2,10.875000000000002,9.621345996236473,10.819499999999998,10.438615332078824,10.438615332078825,9.747257013254114
004,2014-10-02 16:44:56,6.8,2,9.73950000000001,9.125206066167319,9.831,9.56523535538911,9.565235355389111,9.190391135441788
004,2014-10-02 17:00:00,6.6,2,8.942000000000007,8.792386744866388,8.7185,8.817628914955465,8.817628914955465,8.727726481085625
004,2014-10-02 17:09:56,9.3,2,11.025000000000004,9.833720801486526,11.513,10.790573600495511,10.790573600495511,9.96323754685694
004,2014-10-02 17:39:56,11.9,2,9.642999999999999,9.388877092131555,9.480500000000001,9.504125697377184,9.504125697377185,9.400088074202209
004,2014-10-02 17:44:56,12.3,2,9.055500000000002,8.281010226947258,8.908499999999998,8.748336742315752,8.748336742315754,8.34813090158684
004,2014-10-02 19:00:00,11.5,2,8.675500000000005,7.892704363928694,8.634500000000001,8.4009014546429,8.4009014546429,7.970724208812471
004,2014-10-02 19:04:56,10.4,2,10.149500000000003,10.767329911101887,10.280500000000002,10.399109970367299,10.399109970367299,10.168074081654606
004,2014-10-02 19:34:56,10.2,2,9.052000000000007,8.549130900880611,9.284500000000001,8.961876966960206,8.961876966960208,8.604068225463967
004,2014-10-03 08:39:57,5.3,2,8.003999999999998,10.439382770160307,8.073500000000001,8.83896092338677,8.83896092338677,8.034930216150295
004,2014-10-03 09:19:57,4.9,2,8.055500000000002,7.671836714347467,8.201,7.976112238115824,7.9761122381158245,7.713432214829234
004,2014-10-03 09:24:57,5.9,2,10.09100000000001,9.572814391083625,9.988999999999999,9.884271463694544,9.884271463694546,9.617377516683456
004,2014-10-03 09:44:57,10.8,2,8.000500000000006,8.418132459469675,8.046999999999999,8.155210819823226,8.155210819823228,8.009076354276202
004,2014-10-03 10:19:57,17.2,2,9.590500000000006,10.057242878197984,9.482999999999997,9.710247626065994,9.710247626065996,9.498914540411253
004,2014-10-03 11:04:57,18.0,2,10.457500000000003,9.287046788226757,10.2605,10.001682262742253,10.001682262742255,9.390863643470421
004,2014-10-03 12:44:57,7.3,2,6.565500000000005,6.494487341342631,6.6099999999999985,6.5566624471142125,6.5566624471142125,6.502361990635758
004,2014-10-03 12:49:57,6.8,2,11.117500000000005,10.676770457784256,10.878999999999998,10.891090152594751,10.891090152594755,10.700313580910192
004,2014-10-03 12:59:57,5.8,2,8.582000000000008,9.287511147469953,8.905499999999998,8.92500371582332,8.92500371582332,8.619666070656768
004,2014-10-03 13:09:57,5.3,2,10.447500000000005,11.933493220688108,10.675,11.018664406896036,11.01866440689604,10.483886959143264
004,2014-10-03 13:54:57,3.2,2,6.195500000000002,6.176362998227485,6.2444999999999995,6.205454332742495,6.205454332742496,6.178855193531532
004,2014-10-03 14:04:57,3.1,2,5.8044999999999956,6.2455819473570315,5.797000000000001,5.949027315785675,5.949027315785677,5.802195501680262
004,2014-10-03 14:09:57,3.3,2,6.224999999999999,6.356319613057011,6.231,6.270773204352337,6.270773204352337,6.226880941895922
004,2014-10-03 14:14:57,3.7,2,6.268499999999997,6.835989281416365,6.192499999999999,6.432329760472121,6.432329760472121,6.206126339175325
004,2014-10-03 14:24:57,4.8,2,6.4854999999999965,6.700388980096806,6.587499999999999,6.591129660032267,6.5911296600322675,6.497300567812
004,2014-10-03 14:30:00,11.0,2,8.528500000000006,9.137139171181913,9.011,8.892213057060639,8.89221305706064,8.580242613675797
004,2014-10-03 14:34:57,5.7,2,7.0729999999999995,7.8288457609622,7.225999999999999,7.375948586987399,7.3759485869874,7.0950359746261755
004,2014-10-03 14:49:57,6.7,2,7.979500000000006,8.69851914369276,8.077,8.251673047897588,8.25167304789759,7.995916060123951
004,2014-10-03 14:59:57,7.4,2,6.558500000000002,7.1370292506894994,6.4895000000000005,6.728343083563168,6.728343083563168,6.502504368808477
004,2014-10-03 15:24:57,8.7,2,7.281999999999997,7.197641030158636,7.4110000000000005,7.296880343386211,7.296880343386212,7.207757027839906
004,2014-10-03 15:54:57,9.0,2,7.729999999999997,7.444105619998185,7.689,7.62103520666606,7.621035206666062,7.470137521665751
004,2014-10-04 06:39:57,8.0,2,9.529500000000006,8.871959571484805,9.808499999999999,9.403319857161604,9.403319857161604,8.943544274743171
004,2014-10-04 06:59:57,11.0,2,10.064000000000005,8.643199349629693,9.6775,9.461566449876566,9.461566449876567,8.755277325192028
004,2014-10-04 07:09:57,12.9,2,9.08750000000001,8.854776634594325,9.03,8.990758878198113,8.990758878198113,8.87368425553177
004,2014-10-04 07:44:57,22.2,2,8.950500000000005,8.121071917735913,8.9755,8.682357305911973,8.682357305911975,8.208100245453895
004,2014-10-04 07:54:57,22.2,2,10.48100000000001,9.93248218374927,10.4505,10.28799406124976,10.287994061249762,9.98698443217092
004,2014-10-04 08:29:58,22.2,2,9.100500000000011,8.566208110470557,8.610500000000002,8.759069370156856,8.759069370156856,8.575742118152501
004,2014-10-04 09:29:58,22.2,2,12.223500000000008,10.963608773103271,12.343499999999999,11.843536257701095,11.843536257701095,11.096624003518686
004,2014-10-04 09:44:58,22.2,2,9.581000000000007,10.041343915227808,9.69,9.770781305075937,9.77078130507594,9.595917487222899
004,2014-10-04 10:04:58,22.2,2,8.632000000000001,8.682888769339833,8.801499999999999,8.705462923113279,8.705462923113279,8.638510313882803
004,2014-10-04 10:19:58,22.2,2,11.108500000000008,10.644460838902283,11.261999999999999,11.004986946300763,11.004986946300765,10.694545608625287
004,2014-10-04 10:24:58,22.2,2,10.896500000000003,10.800774090272057,11.007,10.901424696757353,10.901424696757354,10.811894346016466
004,2014-10-04 10:54:58,22.2,2,9.549000000000003,8.336695952875539,9.356500000000002,9.08073198429185,9.080731984291848,8.445317231554604
004,2014-10-04 11:04:58,22.2,2,9.918500000000005,10.13401262132275,9.9525,10.001670873774252,10.001670873774254,9.923872352216907
004,2014-10-04 11:19:58,22.2,2,13.154999999999998,13.90317289294544,12.999499999999998,13.352557630981812,13.352557630981813,13.023250806681569
004,2014-10-04 11:24:58,22.2,2,11.641499999999994,10.636679288273676,12.148500000000002,11.475559762757891,11.475559762757891,10.746877946061561
004,2014-10-04 11:44:58,22.2,2,9.982500000000002,9.035823430240667,10.164000000000001,9.727441143413557,9.727441143413557,9.13668379821189
004,2014-10-04 11:54:58,20.6,2,10.58000000000001,9.181990817477356,10.068,9.943330272492455,9.943330272492457,9.279808902876411
004,2014-10-04 12:04:58,18.6,2,9.4825,9.310704132756078,9.434500000000002,9.409234710918694,9.409234710918694,9.324136187994547
004,2014-10-04 12:14:58,17.6,2,9.597999999999995,7.414860250674173,9.784000000000002,8.932286750224725,8.932286750224725,7.6451297061437975
004,2014-10-04 12:19:58,17.4,2,8.286500000000009,8.417046662180628,7.755500000000001,8.153015554060213,8.153015554060214,7.812360966855736
004,2014-10-04 14:09:58,13.6,2,9.453000000000007,9.14968960459941,9.621500000000001,9.408063201533139,9.40806320153314,9.18310824064956
004,2014-10-04 14:14:58,13.8,2,10.054500000000004,9.44265949845484,9.873,9.790053166151615,9.790053166151615,9.4894985697058
004,2014-10-04 14:24:58,13.7,2,10.754000000000001,10.088791794772401,10.9585,10.600430598257468,10.60043059825747,10.160433733757584
004,2014-10-04 14:44:58,11.4,2,9.736000000000004,8.352972811728609,10.2825,9.457157603909538,9.45715760390954,8.503136055196672
004,2014-10-04 14:54:58,10.5,2,9.997500000000008,9.96362537774764,9.615499999999999,9.858875125915882,9.858875125915883,9.652261118171475
004,2014-10-04 15:19:58,9.6,2,10.683500000000011,9.407923363013438,10.768000000000002,10.286474454337815,10.286474454337819,9.542224668389146
004,2014-10-04 15:24:58,9.5,2,10.429500000000012,9.94726096383242,10.8345,10.40375365461081,10.403753654610812,10.001764882639607
004,2014-10-04 15:59:58,10.3,2,12.311500000000008,10.31319380964099,12.683,11.769231269880331,11.769231269880335,10.52598018445446
004,2014-10-04 16:34:58,14.5,2,8.423499999999997,8.593745260324484,8.622,8.546415086774827,8.546415086774827,8.441594337603496
005,2014-10-01 11:30:12,9.4,2,8.6455,10.515243432067335,8.697499999999998,9.286081144022445,9.286081144022445,8.669117897620415
005,2014-10-01 11:40:12,9.0,2,8.627000000000004,9.176852952657946,8.5135,8.772450984219317,8.772450984219319,8.530873386921211
005,2014-10-01 12:05:12,7.8,2,7.6775000000000055,8.148317355308908,7.7715000000000005,7.8657724517696375,7.865772451769638,7.691102857210322
005,2014-10-01 12:20:12,7.0,2,8.627500000000005,9.272604810466644,8.613999999999999,8.838034936822217,8.838034936822218,8.621863476076712
005,2014-10-01 12:45:12,5.5,2,9.101500000000005,7.755496479787103,8.986,8.614332159929036,8.614332159929038,7.885392042131807
005,2014-10-01 13:10:12,4.5,2,9.591000000000006,9.204222850477912,9.700000000000001,9.498407616825974,9.498407616825974,9.245779136769345
005,2014-10-01 13:45:12,4.7,2,8.810000000000006,8.355179120792084,8.887,8.684059706930697,8.684059706930698,8.403534434278393
005,2014-10-01 13:55:12,4.9,2,8.906,8.348562601541644,8.7535,8.669354200513881,8.669354200513883,8.392453891061
005,2014-10-01 14:50:12,8.2,2,8.978500000000002,8.224924460442361,9.003,8.735474820147454,8.735474820147456,8.304011769414446
005,2014-10-01 14:55:12,8.3,2,9.578000000000005,9.949107463760289,9.460500000000001,9.662535821253433,9.662535821253433,9.47650442920914
005,2014-10-01 15:00:12,8.4,2,8.577000000000004,8.970403144415881,8.6555,8.734301048138628,8.73430104813863,8.58836203854089
005,2014-10-01 15:35:12,8.9,2,9.285500000000006,8.455850059689478,9.443000000000001,9.061450019896496,9.061450019896496,8.544226599148988
005,2014-10-01 15:55:12,9.4,2,9.590000000000003,9.459834270381542,9.588000000000001,9.54594475679385,9.545944756793851,9.473263519386812
005,2014-10-01 17:05:12,13.8,2,7.680000000000004,8.040664396734005,7.629499999999999,7.78338813224467,7.783388132244671,7.638390170825742
005,2014-10-01 17:10:12,13.7,2,8.429500000000003,8.60002176227905,8.363999999999999,8.464507254093016,8.464507254093018,8.37255810889458
005,2014-10-01 17:20:12,13.3,2,9.092000000000002,9.414824653552087,9.168499999999998,9.225108217850694,9.225108217850696,9.102467005043797
005,2014-10-01 17:50:12,11.7,2,8.147500000000004,9.42294188591848,8.227,8.599147295306162,8.599147295306164,8.167777050250141
005,2014-10-01 18:25:12,8.8,2,9.101000000000006,9.358381766596631,9.086000000000002,9.18179392219888,9.18179392219888,9.090143182079354
005,2014-10-01 18:45:12,6.6,2,10.703000000000008,9.60503270999521,11.163999999999998,10.490677569998406,10.490677569998407,9.724516762795034
005,2014-10-01 19:05:12,5.7,2,8.741500000000007,8.699795642917667,8.881499999999999,8.77426521430589,8.774265214305892,8.705558931843548
005,2014-10-01 19:25:12,5.6,2,9.373000000000005,8.719766697059951,9.6205,9.237755565686653,9.237755565686653,8.790585770344876
005,2014-10-01 19:45:12,5.5,2,8.680500000000002,9.676023878361018,8.809,9.05517462612034,9.05517462612034,8.702614460591631
005,2014-10-01 20:50:12,8.1,2,8.984000000000007,9.318948711460724,9.11,9.137649570486909,9.13764957048691,8.999272148187067
005,2014-10-01 21:20:12,9.9,2,9.410500000000003,9.148217920436146,9.556500000000002,9.371739306812051,9.371739306812051,9.1771189978986
005,2014-10-01 22:00:00,13.2,2,10.001500000000004,9.266853239661572,10.1065,9.79161774655386,9.79161774655386,9.344765138467288
005,2014-10-01 22:00:12,12.5,2,8.027000000000003,8.131641094511432,7.8839999999999995,8.014213698170478,8.014213698170478,7.900007685019409
005,2014-10-02 10:10:12,7.5,2,12.568499999999988,12.842726031863526,12.174499999999998,12.528575343954506,12.528575343954506,12.218464232243615
005,2014-10-02 10:25:12,7.1,2,10.01650000000001,10.468888241044592,9.791000000000002,10.092129413681535,10.092129413681535,9.819116660758375
005,2014-10-02 10:45:12,6.8,2,9.304999999999998,10.20136395027552,9.240000000000002,9.582121316758506,9.582121316758508,9.255764218627435
005,2014-10-02 10:50:12,6.8,2,7.999000000000002,8.754253914317093,8.068500000000002,8.273917971439033,8.273917971439033,8.013128927591866
005,2014-10-02 11:15:12,5.9,2,9.030000000000008,9.363926286532152,8.931000000000001,9.108308762177387,9.108308762177389,8.94469706799368
005,2014-10-02 11:20:12,5.6,2,7.902000000000006,7.964651111249132,7.9864999999999995,7.951050370416379,7.95105037041638,7.9087733171844175
005,2014-10-02 11:35:12,4.9,2,9.048000000000002,9.092364435041588,9.353000000000002,9.16445481168053,9.164454811680532,9.055247953354538
005,2014-10-02 11:50:12,4.8,2,9.032500000000006,9.407489913012618,8.985000000000003,9.141663304337543,9.141663304337543,8.993719553105853
005,2014-10-02 11:55:00,4.4,2,9.596000000000005,9.976124272739261,9.490000000000002,9.687374757579756,9.687374757579757,9.504891417915333
005,2014-10-02 12:20:12,7.0,2,10.0435,10.92411050342095,9.8135,10.260370167806983,10.260370167806984,9.846369692706153
005,2014-10-02 12:25:12,7.5,2,9.622500000000002,9.558865419506246,9.813500000000001,9.664955139835417,9.664955139835417,9.56743314257876
005,2014-10-02 12:30:12,7.9,2,9.355500000000005,9.429985531553337,9.555499999999999,9.446995177184446,9.446995177184448,9.364548140853273
005,2014-10-02 12:55:12,9.7,2,9.622500000000004,9.206390089264874,9.254500000000002,9.36113002975496,9.36113002975496,9.215103554720802
005,2014-10-02 13:15:12,10.0,2,8.202500000000004,8.840539255391757,8.4465,8.496513085130587,8.496513085130589,8.231968720345026
005,2014-10-02 13:35:12,10.3,2,8.899000000000013,8.56750213179242,8.942000000000002,8.80283404393081,8.802834043930812,8.602614862291013
005,2014-10-02 13:55:12,10.4,2,9.829500000000003,9.349806881631025,9.389000000000003,9.522768960543678,9.52276896054368,9.358312433978886
005,2014-10-02 14:00:12,10.5,2,10.597500000000004,8.362564179594884,10.295,9.751688059864962,9.751688059864964,8.56776891344153
005,2014-10-02 14:05:12,10.5,2,9.492,9.202175446995895,9.273500000000002,9.322558482331965,9.322558482331967,9.211822728014921
005,2014-10-02 14:25:12,10.9,2,8.463500000000003,8.339544753165049,8.464,8.422348251055018,8.422348251055018,8.352518483380745
005,2014-10-02 14:50:12,11.4,2,10.628000000000004,9.031091586380372,10.386999999999999,10.015363862126792,10.015363862126792,9.175362547190222
005,2014-10-02 15:05:12,11.4,2,9.327000000000012,8.40458583485344,9.360499999999998,9.030695278284485,9.030695278284485,8.50142776586583
005,2014-10-02 15:30:12,11.2,2,8.889000000000001,6.310490575899318,8.941000000000003,8.046830191966441,8.046830191966441,6.580785304550569
005,2014-10-02 16:20:12,11.6,2,8.122,8.721245608142588,8.302,8.38174853604753,8.38174853604753,8.145024829042077
005,2014-10-02 17:20:12,12.8,2,7.6410000000000045,7.7183815623423415,7.527,7.628793854114115,7.628793854114116,7.539700985165169
005,2014-10-02 17:50:12,11.4,2,6.772499999999997,6.520241266402429,6.81,6.700913755467475,6.700913755467476,6.547008658367381
005,2014-10-02 18:00:12,10.5,2,9.620000000000005,9.738426599238016,9.8965,9.751642199746007,9.751642199746009,9.633971033370466
005,2014-10-02 18:05:12,9.9,2,9.841500000000002,9.825065666073508,10.084000000000001,9.916855222024504,9.916855222024505,9.829210096661635
005,2014-10-02 18:10:12,9.3,2,5.865999999999998,7.073203278068815,5.710999999999999,6.216734426022938,6.2167344260229385,5.739288798385693
005,2014-10-02 18:25:12,7.8,2,9.232000000000001,9.426634624229488,9.3195,9.326044874743163,9.326044874743163,9.242225971987054
005,2014-10-02 18:40:12,7.0,2,8.176500000000003,8.33536445194372,7.8450000000000015,8.118954817314576,8.118954817314576,7.881271598055307
005,2014-10-02 19:00:12,6.7,2,8.843500000000004,7.637137971373964,8.9355,8.47204599045799,8.47204599045799,7.764272747199834
005,2014-10-02 19:20:12,7.0,2,10.678000000000011,10.32408098533632,10.565500000000002,10.522526995112111,10.522526995112113,10.350464279358205
005,2014-10-02 19:25:12,7.3,2,8.380500000000001,8.342622243396262,8.347999999999999,8.357040747798754,8.357040747798756,8.343509887385444
005,2014-10-02 19:30:12,7.4,2,9.873500000000007,9.68233317894711,9.8615,9.805777726315705,9.805777726315707,9.701198381148455
005,2014-10-02 20:05:12,9.0,2,9.516000000000009,8.979103162892192,9.330000000000002,9.275034387630734,9.275034387630736,9.01767549682068
005,2014-10-02 20:20:12,8.8,2,9.363000000000005,9.031821453221225,9.131499999999999,9.175440484407076,9.175440484407076,9.044565250827409
005,2014-10-02 20:30:12,8.3,2,11.489500000000007,8.557815618267295,11.390999999999996,10.479438539422432,10.479438539422434,8.855220534617795
005,2014-10-02 21:00:12,7.8,2,9.242000000000012,9.445323383428686,9.286999999999999,9.3247744611429,9.3247744611429,9.248291327074458
005,2014-10-02 21:45:12,8.9,2,8.3675,8.96232451854001,8.580500000000002,8.636774839513336,8.636774839513338,8.393603219855505
005,2014-10-02 21:50:12,8.9,2,8.495000000000003,8.664314821750102,8.62,8.593104940583368,8.59310494058337,8.508521184995733
005,2014-10-02 22:10:12,9.0,2,10.028500000000006,9.751275311394,10.296500000000002,10.025425103798002,10.025425103798003,9.782959748781384
005,2014-10-02 22:35:12,9.0,2,11.439500000000004,9.746406506296955,11.544500000000001,10.910135502098987,10.910135502098989,9.924595218134023
005,2014-10-02 22:50:13,8.9,2,8.956,8.659824239026234,8.943499999999998,8.85310807967541,8.853108079675412,8.689628615307093
005,2014-10-02 22:55:13,8.9,2,8.7475,9.469711319321307,8.666999999999998,8.961403773107103,8.961403773107103,8.682644368878389
005,2014-10-03 08:50:13,8.2,2,9.700000000000012,9.960853203344664,9.6135,9.758117734448225,9.758117734448227,9.625158533483981
005,2014-10-03 08:55:13,8.0,2,8.338500000000002,8.154221900220735,8.2125,8.235073966740245,8.235073966740247,8.161579205278962
005,2014-10-03 09:05:13,7.5,2,9.116000000000009,9.49758350036918,9.232999999999999,9.282194500123062,9.282194500123063,9.130886877428122
005,2014-10-03 09:30:13,7.3,2,8.933500000000008,8.742867200366954,8.9945,8.890289066788988,8.890289066788988,8.763422022484859
005,2014-10-03 09:35:13,7.3,2,11.366499999999998,11.228427722433565,11.164000000000001,11.252975907477856,11.252975907477856,11.172121427763852
005,2014-10-03 10:25:13,8.3,2,9.1275,7.569549094332729,9.142499999999998,8.613183031444242,8.613183031444244,7.7326986082766975
005,2014-10-03 10:35:13,8.3,2,6.826500000000006,8.466089132290366,7.113,7.468529710763456,7.468529710763458,6.8700057516186135
005,2014-10-03 10:55:13,8.4,2,9.293000000000008,8.114073719009145,9.024999999999999,8.810691239669717,8.810691239669719,8.212058738249596
005,2014-10-03 11:35:13,8.2,2,8.851000000000004,8.78097767507215,8.982000000000001,8.871325891690718,8.87132589169072,8.789613711397777
005,2014-10-03 11:45:13,8.2,2,8.581999999999995,8.154990645721345,8.542,8.426330215240448,8.426330215240448,8.19588122627155
005,2014-10-03 12:00:13,8.4,2,9.100500000000004,9.745227124347018,9.378999999999998,9.40824237478234,9.40824237478234,9.133300137185373
005,2014-10-03 12:05:13,8.4,2,8.860000000000003,9.787487902549104,8.652,9.099829300849704,9.099829300849702,8.683036732224465
005,2014-10-03 12:15:13,8.5,2,6.476499999999996,6.616868255695037,6.525500000000001,6.539622751898345,6.539622751898346,6.482540272974012
005,2014-10-03 12:30:00,8.5,2,8.033000000000005,8.899469021331997,8.075,8.335823007110667,8.335823007110669,8.045638910570807
005,2014-10-03 12:40:13,8.7,2,9.060000000000006,8.879244831439316,9.0015,8.98024827714644,8.980248277146442,8.892620692165437
005,2014-10-03 13:05:13,7.5,2,8.086000000000002,8.354486335480475,8.1955,8.21199544516016,8.21199544516016,8.099046223572534
005,2014-10-03 13:40:13,7.8,2,6.862000000000004,5.9614684061066106,6.7725,6.531989468702204,6.531989468702205,6.047217014212576
005,2014-10-03 14:05:13,7.8,2,5.7909999999999995,5.477832976575235,5.889499999999999,5.719444325525078,5.719444325525079,5.5115828553758615
005,2014-10-03 14:25:13,8.2,2,9.890500000000005,8.168965290143714,10.0565,9.371988430047907,9.371988430047907,8.350739644147739
005,2014-10-03 15:00:13,9.1,2,7.9550000000000045,9.400496360620831,8.068999999999999,8.474832120206946,8.474832120206946,7.980242133147957
005,2014-10-03 15:10:13,9.5,2,8.2635,6.7855748596106595,8.432,7.827024953203552,7.827024953203554,6.9418867343425426
005,2014-10-03 15:45:13,10.7,2,8.506500000000003,8.9012118004041,8.7365,8.714737266801366,8.714737266801368,8.532210705675988
005,2014-10-03 15:50:13,10.9,2,11.191500000000005,11.078991986009338,11.745,11.338497328669781,11.338497328669783,11.09629805756786
005,2014-10-03 16:00:13,11.2,2,10.635500000000002,10.565876386236038,10.278000000000002,10.493125462078682,10.493125462078682,10.308815099871873
005,2014-10-03 16:40:13,10.7,2,9.195000000000014,8.682650565245838,9.2815,9.053050188415284,9.053050188415286,8.737119763254007
005,2014-10-03 17:55:13,11.1,2,8.517,9.012822092770374,8.378,8.635940697590124,8.635940697590126,8.397500997825095
005,2014-10-03 18:15:13,10.8,2,8.023499999999999,7.291004804896712,8.178000000000003,7.83083493496557,7.830834934965572,7.369186597708222
005,2014-10-03 18:35:00,11.1,2,9.4395,10.275384172894663,9.666000000000002,9.793628057631556,9.793628057631556,9.469291244371101
005,2014-10-03 19:20:13,9.8,2,9.039500000000004,9.471960426151577,9.301,9.270820142050527,9.270820142050528,9.068568857201578
005,2014-10-03 19:40:13,10.6,2,9.581000000000007,8.673455075161133,9.099,9.117818358387046,9.117818358387048,8.722797412583791
005,2014-10-03 19:50:13,11.5,2,9.478499999999999,9.87823492981431,9.427999999999999,9.594911643271436,9.594911643271436,9.437280876156544
005,2014-10-03 20:05:13,12.9,2,7.4120000000000035,8.713801429406542,7.530999999999999,7.8856004764688485,7.885600476468849,7.436278305306943
005,2014-10-03 20:10:13,13.2,2,8.240000000000002,8.13641664010738,8.225,8.200472213369126,8.200472213369128,8.145834611616296
005,2014-10-03 20:25:13,13.5,2,8.273500000000011,7.963190801810105,8.181000000000001,8.139230267270039,8.13923026727004,7.9869039354466205
005,2014-10-03 20:40:13,13.4,2,8.7765,9.018143280881876,8.7885,8.861047760293959,8.86104776029396,8.780051924339526
005,2014-10-03 20:55:13,13.7,2,11.362,9.79909360964713,11.2375,10.799531203215713,10.799531203215711,9.950830863047758
005,2014-10-03 21:10:13,14.2,2,10.412500000000009,10.667607353969954,10.3215,10.467202451323322,10.467202451323322,10.333571884314251
005,2014-10-03 21:40:13,13.7,2,13.152000000000003,11.32338779689002,13.1655,12.54696259896334,12.546962598963342,11.514840058053185
005,2014-10-03 22:30:13,10.5,2,12.849500000000003,10.885824178478405,13.091,12.275441392826137,12.275441392826137,11.093687375393477
005,2014-10-04 08:45:00,11.1,2,8.4195,8.117346500254667,8.292,8.276282166751557,8.276282166751557,8.136894499399595
005,2014-10-04 08:50:13,9.3,2,7.831500000000005,8.04599236831237,7.9665,7.947997456104125,7.947997456104125,7.846419203403615
005,2014-10-04 09:10:13,11.0,2,9.129000000000005,8.818045390482055,9.284500000000001,9.077181796827354,9.077181796827356,8.852133797039144
005,2014-10-04 09:25:13,11.0,2,8.471499999999999,8.514622175238413,8.641000000000002,8.542374058412806,8.542374058412806,8.477275405397414
005,2014-10-04 11:05:13,5.9,2,6.880999999999993,6.973841972991342,6.905,6.919947324330445,6.919947324330446,6.884199402791325
005,2014-10-04 11:30:14,4.7,2,7.9129999999999985,6.469566158736093,7.4435,7.275355386245363,7.275355386245365,6.576158299501005
005,2014-10-04 11:50:14,4.7,2,7.034999999999999,8.425005044686241,6.8130000000000015,7.424335014895415,7.424335014895415,6.850126643765002
005,2014-10-04 12:00:14,5.2,2,11.295500000000002,10.385533648831466,11.542000000000003,11.074344549610489,11.07434454961049,10.483203236091748
005,2014-10-04 12:05:14,5.4,2,9.828000000000005,9.765371799223797,9.817000000000002,9.803457266407934,9.803457266407936,9.770883363292155
005,2014-10-04 12:20:14,5.9,2,8.662000000000008,9.353400278421246,8.604,8.873133426140418,8.873133426140418,8.616982211849308
005,2014-10-04 12:45:14,5.5,2,8.240000000000002,8.327245259787077,8.362,8.309748419929027,8.309748419929027,8.249475521131902
005,2014-10-04 13:15:14,4.0,2,9.885500000000015,8.760382819801793,10.238999999999999,9.628294273267267,9.628294273267269,8.881632410701414
005,2014-10-04 14:05:14,5.6,2,9.686000000000012,10.355150305521025,9.3375,9.792883435173678,9.79288343517368,9.380653069592919
005,2014-10-04 14:10:14,6.0,2,10.266500000000013,9.917632020323518,10.363500000000002,10.182544006774512,10.182544006774512,9.955102086475168
006,2014-10-01 22:15:06,7.7,2,7.809999999999999,7.347934367085748,7.976,7.711311455695249,7.71131145569525,7.397937657815422
006,2014-10-01 22:30:06,7.9,2,8.951000000000015,8.507610011530415,8.914,8.790870003843478,8.790870003843477,8.550498277254498
006,2014-10-01 22:40:06,8.8,2,8.609000000000004,9.13419325410798,8.764,8.835731084702662,8.835731084702662,8.628918698146087
006,2014-10-02 00:10:06,11.7,2,8.511500000000005,9.187431205408187,8.5395,8.746143735136064,8.746143735136064,8.520908792292406
006,2014-10-02 00:45:06,7.9,2,8.461499999999996,9.052514924115618,8.325499999999998,8.61317164137187,8.613171641371872,8.345639053255868
006,2014-10-02 00:55:06,7.9,2,9.413000000000004,8.121495615777128,9.615499999999999,9.049998538592376,9.049998538592378,8.258643350466043
006,2014-10-02 01:45:06,6.4,2,10.166000000000007,10.544392923648058,10.070000000000002,10.260130974549355,10.260130974549357,10.083827861482161
006,2014-10-02 09:25:07,15.0,2,9.2585,8.504786854665472,9.487,9.083428951555158,9.083428951555158,8.585928560544843
006,2014-10-02 10:00:07,14.2,2,7.717500000000004,8.01582801797702,7.716000000000001,7.816442672659008,7.816442672659009,7.719140216621107
006,2014-10-02 10:25:07,12.5,2,9.800500000000007,9.34130787770323,9.716500000000002,9.619435959234414,9.619435959234414,9.381402088697627
006,2014-10-02 10:55:07,9.8,2,9.931500000000012,9.333460049071473,9.7535,9.672820016357162,9.672820016357162,9.37918643248403
006,2014-10-02 11:10:07,8.5,2,10.169999999999995,9.056538414245619,10.494000000000002,9.906846138081873,9.906846138081873,9.17627354680277
006,2014-10-02 12:05:07,6.1,2,10.383500000000002,10.007552347506872,10.741,10.37735078250229,10.377350782502292,10.050460605314829
006,2014-10-02 12:20:07,5.6,2,9.782500000000004,9.026518959896393,10.0165,9.608506319965466,9.608506319965468,9.10795294266536
006,2014-10-02 12:25:07,5.9,2,8.636,8.479863813009848,8.564,8.559954604336616,8.559954604336617,8.489386502192545
006,2014-10-02 12:40:07,7.6,2,11.003499999999997,10.048026057038703,10.971499999999999,10.674342019012899,10.6743420190129,10.144963866556992
006,2014-10-02 12:45:07,8.2,2,9.873000000000005,9.203310227372748,10.309000000000001,9.79510340912425,9.795103409124252,9.277736047184147
006,2014-10-02 15:15:07,4.7,2,9.055000000000005,9.117330752942863,8.954,9.042110250980956,9.042110250980958,8.965190361246238
006,2014-10-02 15:20:07,4.7,2,9.136500000000002,9.293349269717169,9.150500000000001,9.19344975657239,9.193449756572392,9.139393232816332
006,2014-10-02 15:26:00,4.2,2,10.484000000000007,10.01677750698228,10.222000000000001,10.240925835660763,10.240925835660764,10.040868765473526
006,2014-10-02 16:35:07,5.7,2,7.524000000000001,8.156712738907935,7.5285,7.736404246302645,7.736404246302646,7.530752936713094
006,2014-10-02 16:45:07,5.8,2,10.440500000000004,9.40741363943582,10.767999999999999,10.205304546478608,10.20530454647861,9.518774570784203
006,2014-10-02 16:55:07,6.0,2,7.845500000000002,8.698676822457351,7.8685,8.137558940819117,8.137558940819119,7.856208126991768
006,2014-10-02 17:15:07,6.2,2,7.315500000000002,8.208547696307674,7.373000000000001,7.632349232102559,7.63234923210256,7.329871373881063
006,2014-10-02 17:30:07,6.0,2,7.113500000000005,8.775163938080398,7.477500000000001,7.788721312693468,7.788721312693469,7.1645598824790175
006,2014-10-02 17:55:07,5.8,2,7.114000000000001,7.904547384024203,7.039,7.352515794674734,7.352515794674735,7.0547522959071784
006,2014-10-02 18:10:07,5.6,2,8.633000000000004,8.894629967793986,8.6125,8.71337665593133,8.71337665593133,8.617261097709568
006,2014-10-02 18:25:07,5.3,2,7.017,8.789664372626584,7.161500000000001,7.656054790875529,7.656054790875529,7.0483998542419
006,2014-10-02 18:35:07,5.2,2,7.507000000000008,7.781399945265259,7.432,7.573466648421756,7.573466648421757,7.44259082151959
006,2014-10-02 19:00:07,4.8,2,7.416500000000002,8.340713442688399,7.490999999999999,7.749404480896133,7.749404480896134,7.432791644346709
006,2014-10-02 19:10:07,4.8,2,7.103500000000005,7.60850643773913,7.145499999999999,7.285835479246377,7.285835479246379,7.112524284734879
006,2014-10-02 20:00:07,4.8,2,8.205000000000002,8.277391880552212,8.217500000000001,8.233297293517404,8.233297293517406,8.206906722483344
006,2014-10-02 20:55:07,4.3,2,8.0125,7.216430036922136,8.113000000000001,7.780643345640712,7.780643345640714,7.300723294963559
006,2014-10-02 21:05:07,4.3,2,5.813999999999997,7.532025403248695,5.7045,6.35017513441623,6.350175134416232,5.733136614250216
006,2014-10-03 09:00:07,8.5,2,10.314000000000005,9.5570144374699,10.265500000000001,10.045504812489968,10.04550481248997,9.63162423941882
006,2014-10-03 09:05:07,8.7,2,9.281500000000007,8.99602874088856,9.349,9.208842913629523,9.208842913629523,9.026570969894857
006,2014-10-03 09:50:07,12.9,2,12.489500000000003,10.425323172420224,12.623000000000001,11.84594105747341,11.84594105747341,10.642621216163123
006,2014-10-03 10:20:07,14.7,2,12.163000000000011,9.706767534655881,12.255999999999998,11.375255844885297,11.375255844885299,9.964679122797142
006,2014-10-03 10:25:07,14.6,2,8.175000000000004,8.486413465442327,8.1895,8.28363782181411,8.283637821814112,8.179486186920698
006,2014-10-03 11:05:07,14.0,2,9.520000000000008,9.18744528421614,9.695500000000001,9.467648428072051,9.467648428072051,9.223993586646506
006,2014-10-03 12:05:07,10.2,2,10.9585,10.554036679771855,10.7535,10.755345559923953,10.755345559923953,10.576955388874666
006,2014-10-03 12:45:07,10.1,2,9.91500000000001,9.947462980922223,10.0275,9.963320993640744,9.963320993640746,9.919196786658238
006,2014-10-03 13:00:07,9.5,2,10.036500000000004,9.630244130073951,9.8825,9.849748043357986,9.849748043357986,9.65817622242929
006,2014-10-03 13:05:07,9.4,2,8.744499999999999,8.96749641780862,8.755499999999998,8.822498805936206,8.822498805936206,8.747770831414567
006,2014-10-03 13:15:07,9.8,2,10.011000000000003,9.228195137918545,10.186999999999998,9.808731712639515,9.808731712639517,9.311855544130385
006,2014-10-03 14:00:07,8.3,2,10.314000000000012,9.479473879026875,10.1135,9.968991293008962,9.968991293008964,9.547813414454442
006,2014-10-03 14:45:07,6.3,2,9.398500000000004,9.076134467521943,9.394500000000003,9.289711489173982,9.289711489173984,9.109483236663294
006,2014-10-03 14:50:07,6.2,2,8.926500000000006,7.981235772820569,9.015,8.640911924273526,8.640911924273526,8.081018375446165
006,2014-10-03 15:15:07,5.4,2,8.089500000000005,7.620242446540837,7.974000000000001,7.894580815513614,7.894580815513615,7.658409080898566
006,2014-10-03 15:25:07,5.1,2,8.211500000000006,8.292792168466057,8.2125,8.23893072282202,8.238930722822023,8.21240754597889
006,2014-10-03 15:45:07,4.9,2,8.3375,8.072398979768382,8.266,8.225299659922795,8.225299659922795,8.093369349871518
006,2014-10-03 15:55:07,4.6,2,7.077499999999999,7.631188863880096,7.2625,7.3237296212933645,7.323729621293365,7.1005423830705805
006,2014-10-03 16:15:07,4.3,2,8.175500000000001,9.02801381958962,8.241,8.481504606529874,8.481504606529874,8.190223029467688
006,2014-10-03 16:25:07,5.0,2,8.395500000000004,8.099511136600126,8.566,8.35367037886671,8.353670378866711,8.13218376253205
006,2014-10-03 16:50:07,9.0,2,8.305499999999999,8.635212127944897,8.2245,8.388404042648299,8.3884040426483,8.23627168911174
006,2014-10-03 16:55:07,9.8,2,7.077000000000001,8.256696690261338,6.905,7.41289889675378,7.41289889675378,6.934792345509458
006,2014-10-03 17:20:07,11.9,2,8.579000000000002,8.448854910807807,8.657499999999999,8.56178497026927,8.56178497026927,8.463256248911499
006,2014-10-03 17:45:07,11.7,2,8.475499999999997,8.246480796729422,8.471,8.397660265576473,8.397660265576475,8.270015959911754
006,2014-10-03 18:05:07,11.2,2,10.139000000000003,9.663154881535313,10.052999999999999,9.951718293845104,9.951718293845106,9.704802151912073
006,2014-10-03 18:10:07,11.0,2,7.144000000000005,8.123368580550544,7.013000000000001,7.426789526850183,7.426789526850184,7.036499468349092
006,2014-10-03 18:15:07,10.9,2,9.096499999999999,9.286718780026067,9.2325,9.205239593342021,9.205239593342023,9.111271091814974
006,2014-10-03 18:40:07,10.1,2,7.777999999999997,8.048997666133687,7.995500000000001,7.940832555377895,7.940832555377895,7.801290760655455
006,2014-10-03 19:10:07,9.4,2,8.358000000000002,8.49415150401069,8.433,8.42838383467023,8.428383834670232,8.366458337107044
006,2014-10-03 20:05:07,8.6,2,8.7625,8.399226723177158,8.6635,8.60840890772572,8.608408907725721,8.4278661282475
006,2014-10-03 20:25:07,8.2,2,9.070500000000003,9.138804131149895,8.933000000000002,9.0474347103833,9.047434710383301,8.948068881767552
006,2014-10-03 20:30:07,8.0,2,8.534000000000006,8.714737924720772,8.634000000000002,8.627579308240259,8.62757930824026,8.545269808669795
006,2014-10-03 20:45:07,8.3,2,10.19800000000001,9.91055574758372,10.459000000000001,10.189185249194578,10.189185249194578,9.94323939962205
006,2014-10-03 20:50:07,8.7,2,9.959500000000006,9.295284930233743,9.712000000000003,9.655594976744583,9.655594976744585,9.341358450301314
006,2014-10-04 10:55:07,11.8,2,7.872500000000005,11.015882862292548,8.169,9.019127620764184,9.019127620764186,7.931989931860893
006,2014-10-04 11:10:07,12.2,2,11.460500000000001,9.721947462907485,11.488499999999998,10.890315820969162,10.890315820969162,9.904122295075357
006,2014-10-04 11:25:07,12.0,2,9.235,9.341620687207708,9.142999999999999,9.23987356240257,9.23987356240257,9.153691641940853
006,2014-10-04 11:40:07,11.7,2,9.003999999999998,9.511556079020608,8.956,9.157185359673536,9.157185359673536,8.966097526913044
006,2014-10-04 11:50:07,11.3,2,8.383500000000005,9.147521027981291,8.509,8.680007009327099,8.6800070093271,8.40301555920516
006,2014-10-04 12:30:07,9.5,2,6.893500000000001,7.432055476109633,6.9215,7.082351825369879,7.082351825369879,6.9015350349994184
006,2014-10-04 12:45:07,8.4,2,8.174500000000007,7.861253121123272,7.9905,8.008751040374426,8.008751040374428,7.876615484606642
006,2014-10-04 13:10:07,6.3,2,9.410999999999994,8.88976204167575,9.674999999999999,9.325254013891914,9.325254013891916,8.946936195189148
006,2014-10-04 13:55:07,8.8,2,11.6635,9.25504994817266,11.318499999999998,10.745683316057553,10.745683316057555,9.474386953515399
006,2014-10-04 14:30:07,7.2,2,7.211500000000004,7.519529043664554,7.1205,7.283843014554852,7.2838430145548525,7.133101101211196
006,2014-10-04 14:45:07,6.8,2,7.622000000000002,8.012713497291621,7.651999999999999,7.76223783243054,7.762237832430541,7.628745863799691
006,2014-10-04 15:40:07,3.7,2,7.929500000000003,7.996105455814344,8.1385,8.021368485271449,8.02136848527145,7.937892494248024
006,2014-10-04 15:45:07,3.6,2,9.816500000000003,10.061925414805229,9.625,9.834475138268411,9.834475138268411,9.6474898064923
006,2014-10-04 16:10:08,3.7,2,7.064000000000006,8.016556126096265,7.047500000000001,7.3760187086987585,7.3760187086987585,7.058751862115688
006,2014-10-04 16:25:08,3.9,2,9.443000000000005,9.449477360947725,9.535000000000002,9.475825786982577,9.475825786982579,9.444532915708125
006,2014-10-04 16:40:08,4.8,2,9.575500000000007,9.981709962884567,9.532500000000002,9.696569987628193,9.696569987628195,9.541060944280556
006,2014-10-04 17:05:08,5.3,2,5.675499999999994,7.106068578479084,5.6865,6.156022859493025,6.156022859493026,5.690846553021268
006,2014-10-04 17:10:08,5.1,2,6.305499999999999,7.037748882123253,6.364999999999998,6.569416294041083,6.569416294041084,6.318452634327668
006,2014-10-04 17:20:08,4.9,2,9.421000000000003,10.03102489485855,9.648,9.700008298286184,9.700008298286185,9.448579963737853
006,2014-10-04 17:45:08,4.8,2,5.491499999999997,7.282628587948129,5.666499999999998,6.146876195982709,6.146876195982709,5.525970537369001
006,2014-10-04 17:50:08,4.9,2,5.946000000000002,7.277735829424182,6.0375,6.420411943141395,6.420411943141395,5.967975481215907
006,2014-10-04 18:10:08,5.1,2,9.897500000000003,8.769405779261385,9.823500000000001,9.496801926420462,9.496801926420464,8.880429643153713
006,2014-10-04 19:05:08,4.9,2,7.619500000000006,8.063800875983008,7.499499999999999,7.727600291994338,7.727600291994338,7.51649792406693
006,2014-10-04 19:20:08,4.6,2,7.716000000000001,7.578324900156947,7.745000000000001,7.679774966718983,7.679774966718983,7.593019060310498
006,2014-10-04 20:05:08,3.9,2,8.362000000000004,7.422918079910607,8.1425,7.97580602663687,7.975806026636872,7.5003988304376445
006,2014-10-04 20:50:08,4.4,2,7.067,7.408612600867575,7.188,7.221204200289191,7.221204200289192,7.081865665610002
006,2014-10-04 21:05:08,4.5,2,9.058000000000007,9.382342435961585,9.021500000000001,9.153947478653864,9.153947478653865,9.028562211098858
006,2014-10-04 21:25:08,5.6,2,9.325500000000003,9.71452475067924,9.121000000000002,9.387008250226415,9.387008250226415,9.146285915675978
006,2014-10-04 21:40:08,6.8,2,6.4275,7.093816045509231,6.574999999999999,6.698772015169744,6.6987720151697445,6.448120243853404
006,2014-10-04 21:50:08,7.2,2,8.944999999999999,8.301645842130913,8.7915,8.679381947376969,8.67938194737697,8.354431487671565
007,2014-10-01 11:49:59,3.8,2,7.965000000000001,7.779307857983786,7.9925,7.912269285994596,7.912269285994596,7.799010767285518
007,2014-10-01 12:44:59,8.5,2,8.886500000000002,8.801421316087525,8.835,8.840973772029175,8.840973772029177,8.805449462192898
007,2014-10-01 13:34:59,6.8,2,7.909500000000004,8.32115744814088,7.986500000000002,8.072385816046962,8.072385816046962,7.920902645136801
007,2014-10-01 13:44:59,6.1,2,8.349499999999999,8.189312111096234,8.429499999999997,8.322770703698744,8.322770703698744,8.206871655916316
007,2014-10-01 13:54:59,5.7,2,7.765000000000003,8.098834962681986,7.791,7.8849449875606625,7.884944987560663,7.770798581276693
007,2014-10-01 14:04:59,5.3,2,7.692000000000004,7.812615361967605,7.737,7.74720512065587,7.747205120655871,7.69746424685984
007,2014-10-01 14:09:59,5.2,2,8.152999999999999,7.792744223049381,8.1895,8.045081407683126,8.045081407683128,7.830800729453624
007,2014-10-01 14:19:59,5.1,2,8.319500000000003,8.065481292330132,8.1965,8.193827097443378,8.19382709744338,8.080419032150473
007,2014-10-01 15:04:59,5.9,2,8.689000000000004,8.485143502978389,8.8285,8.66754783432613,8.667547834326133,8.507866845102628
007,2014-10-01 15:24:59,6.3,2,8.341000000000015,9.071573329028176,8.303,8.57185777634273,8.571857776342732,8.314281456470864
007,2014-10-01 15:34:59,6.4,2,8.4185,8.405938102229191,8.290500000000002,8.371646034076397,8.371646034076399,8.302703248950207
007,2014-10-01 16:39:59,8.0,2,7.815000000000003,7.792509848485373,7.909000000000001,7.838836616161792,7.838836616161793,7.795802864714621
007,2014-10-01 16:54:59,8.1,2,8.532500000000002,8.897402979897642,8.459500000000002,8.629800993299215,8.629800993299217,8.470786603277464
007,2014-10-01 17:19:59,8.2,2,10.381000000000004,10.428904544007622,10.3315,10.380468181335877,10.380468181335877,10.337157948004254
007,2014-10-01 17:39:59,9.7,2,8.917500000000008,9.166653081343302,8.976499999999998,9.020217693781102,9.020217693781104,8.925574364172762
007,2014-10-01 17:54:59,10.5,2,9.644499999999999,9.127053873229515,10.0325,9.601351291076504,9.601351291076506,9.185071309042778
007,2014-10-01 17:59:59,10.7,2,7.7845000000000075,8.06046738821774,7.813000000000001,7.885989129405917,7.885989129405917,7.789956466267618
007,2014-10-01 18:09:59,10.7,2,8.587000000000003,7.772602643790417,9.002000000000002,8.453867547930141,8.453867547930143,7.8619583924032455
007,2014-10-01 18:24:59,10.6,2,9.857500000000003,9.585478691860029,10.1155,9.852826230620012,9.852826230620012,9.616518729238564
007,2014-10-01 18:44:59,10.0,2,8.384500000000001,9.14451421779035,8.567,8.698671405930117,8.698671405930119,8.409369075874121
007,2014-10-01 19:59:59,8.6,2,8.036499999999998,7.9313875377050715,7.985999999999999,7.984629179235024,7.984629179235024,7.937606328028612
007,2014-10-01 20:14:59,8.4,2,7.362500000000006,7.99445891637422,7.559,7.638652972124742,7.638652972124743,7.387413262979125
007,2014-10-01 20:44:59,8.2,2,8.338000000000001,8.96057675681654,8.5165,8.605025585605514,8.605025585605516,8.361116204087478
007,2014-10-01 20:54:59,8.0,2,8.105,7.926446018100465,8.0275,8.019648672700155,8.019648672700157,7.937793719635414
007,2014-10-01 21:04:59,7.9,2,8.202,8.2183301996609,8.11,8.176776733220299,8.1767767332203,8.119788737065385
007,2014-10-01 21:24:59,8.1,2,9.121,9.700462767410931,9.256,9.359154255803643,9.359154255803645,9.139568907394597
007,2014-10-01 22:29:59,10.7,2,9.104499999999993,8.727174250798097,9.374500000000001,9.06872475026603,9.068724750266032,8.769351691001585
007,2014-10-01 22:49:59,10.6,2,8.017000000000007,8.329494643865266,7.9735000000000005,8.106664881288424,8.106664881288426,7.981176103237476
007,2014-10-01 22:54:59,10.6,2,7.626499999999998,7.170459776407459,7.723,7.506653258802486,7.506653258802487,7.219137662939429
007,2014-10-01 23:44:59,11.4,2,8.2695,7.895275313700879,8.3095,8.158091771233627,8.158091771233629,7.934828307386815
007,2014-10-02 08:14:59,8.8,2,8.436000000000005,8.101756578980728,8.333000000000002,8.290252192993579,8.29025219299358,8.12698025869924
007,2014-10-02 08:44:59,11.9,2,8.983500000000006,10.461108053820572,8.937999999999999,9.460869351273526,9.460869351273526,8.957536485925479
007,2014-10-02 08:59:59,13.4,2,9.936000000000002,8.914697263314046,10.077,9.642565754438015,9.642565754438017,9.022960341330746
007,2014-10-02 09:29:59,11.8,2,7.5595000000000026,7.5347792025152645,7.685999999999999,7.593426400838422,7.593426400838423,7.5386305985048025
007,2014-10-02 09:54:59,9.9,2,8.570500000000003,7.709811712095422,8.847000000000001,8.375770570698476,8.375770570698476,7.802625616765896
007,2014-10-02 10:29:59,7.9,2,8.027999999999999,7.962247822820709,8.1325,8.040915940940236,8.040915940940238,7.970172097951902
007,2014-10-02 11:00:00,4.4,2,6.8495000000000035,7.90030606170579,6.7955,7.181768687235265,7.181768687235265,6.811657772505252
007,2014-10-02 11:19:59,5.3,2,8.115,8.92000530061814,7.78,8.27166843353938,8.27166843353938,7.823099191571841
007,2014-10-02 11:34:59,5.0,2,7.818000000000001,8.633103143321836,8.0615,8.170867714440613,8.170867714440615,7.849192047077214
007,2014-10-02 12:34:59,5.1,2,7.753000000000004,8.110100623512,7.7445,7.869200207837335,7.869200207837335,7.748960312736038
007,2014-10-02 13:14:59,6.3,2,7.991500000000006,7.311448380433163,8.000000000000002,7.767649460144391,7.767649460144391,7.382683301167492
007,2014-10-02 13:19:59,6.4,2,7.491000000000006,10.036321099143343,7.496999999999999,8.341440366381116,8.341440366381118,7.517020956756791
007,2014-10-02 13:24:59,6.4,2,7.82650000000001,8.556225613735112,7.898499999999999,8.09374187124504,8.093741871245042,7.840610205321619
007,2014-10-02 13:44:59,6.2,2,9.803500000000003,9.110930955758914,9.7915,9.568643651919638,9.56864365191964,9.1822550116846
007,2014-10-02 13:54:59,6.0,2,8.229000000000005,8.188809162480581,8.3655,8.261103054160197,8.261103054160197,8.194379100490394
007,2014-10-02 14:00:00,4.3,2,8.685000000000004,7.8855602753235035,8.718499999999999,8.42968675844117,8.42968675844117,7.969536092293892
007,2014-10-02 14:09:59,5.7,2,7.695000000000002,8.166613035146248,7.723499999999999,7.86170434504875,7.86170434504875,7.702412922736898
007,2014-10-02 14:39:59,5.6,2,8.185500000000001,7.563344858601772,8.194,7.980948286200591,7.980948286200592,7.628522401169547
007,2014-10-02 15:34:59,8.1,2,8.188999999999997,7.349914834859632,7.835999999999999,7.791638278286542,7.791638278286544,7.4043011521960995
007,2014-10-02 15:49:59,9.1,2,7.374500000000005,7.312438627111172,7.220999999999998,7.302646209037058,7.30264620903706,7.231187315555371
007,2014-10-02 15:59:59,9.5,2,9.427500000000002,7.742040396224299,9.4275,8.865680132074766,8.865680132074768,7.918380417715521
007,2014-10-02 16:14:59,9.3,2,7.7920000000000025,7.850053468533875,7.8675,7.836517822844626,7.836517822844627,7.79824826848738
007,2014-10-02 17:24:59,6.2,2,7.322500000000006,7.320106909518783,7.468,7.37020230317293,7.37020230317293,7.321812284921397
007,2014-10-02 18:29:59,4.8,2,8.112,7.762888460428901,8.113499999999998,7.996129486809633,7.996129486809633,7.799429008862626
007,2014-10-03 08:15:00,7.9,2,9.499500000000003,8.84512484979028,9.3435,9.229374949930095,9.229374949930095,8.898826998140674
007,2014-10-03 08:40:00,5.4,2,7.2505000000000015,7.736493182662959,7.2635000000000005,7.416831060887653,7.416831060887654,7.256590047651565
007,2014-10-03 09:50:00,7.9,2,8.907499999999997,8.551374049933655,8.755,8.73795801664455,8.737958016644551,8.574203271245413
007,2014-10-03 10:25:00,8.7,2,8.234500000000002,7.806679758650843,8.136999999999999,8.059393252883615,8.059393252883616,7.842214280770511
007,2014-10-03 10:30:00,8.7,2,8.177500000000002,7.904994785216266,8.159500000000001,8.080664928405424,8.080664928405424,7.931802213689811
007,2014-10-03 10:45:00,8.5,2,8.544499999999998,8.044057465461856,8.6675,8.418685821820619,8.418685821820619,8.097645912438505
007,2014-10-03 11:25:00,8.5,2,8.1635,8.249931387798062,8.2915,8.23497712926602,8.234977129266023,8.172958509069352
007,2014-10-03 11:45:00,8.7,2,7.564500000000001,7.747769575205348,7.582000000000001,7.6314231917351165,7.631423191735117,7.567988620901004
007,2014-10-03 11:55:00,9.5,2,8.623499999999998,8.053288096358855,8.496,8.390929365452953,8.390929365452951,8.100881516822692
007,2014-10-03 12:00:00,10.5,2,7.839500000000002,7.612950882588636,7.896500000000003,7.782983627529546,7.782983627529548,7.637223424105288
007,2014-10-03 12:30:00,17.7,2,9.327000000000005,8.75235497848342,9.459500000000002,9.179618326161142,9.179618326161144,8.813801808289991
007,2014-10-03 12:45:00,18.9,2,8.86450000000001,8.091367466320783,8.962,8.639289155440265,8.639289155440265,8.173230912000017
007,2014-10-03 13:50:00,17.1,2,10.149000000000008,8.991673595087162,10.211500000000003,9.784057865029057,9.784057865029059,9.113383053390113
007,2014-10-03 13:55:00,16.9,2,9.541500000000005,8.50102900195895,9.472000000000001,9.171509667319652,9.171509667319652,8.603311157342766
007,2014-10-03 14:00:00,16.7,2,9.245500000000009,8.081102344897417,9.136500000000002,8.821034114965808,8.82103411496581,8.192612579690145
007,2014-10-03 14:10:00,16.3,2,8.705500000000002,8.202741900583993,8.714500000000001,8.540913966861332,8.540913966861332,8.255432611901723
007,2014-10-03 20:30:00,4.8,2,7.678500000000007,8.25972659851641,7.710999999999999,7.883075532838806,7.883075532838806,7.687387555547508
007,2014-10-03 20:50:00,4.5,2,7.782500000000004,7.780461661339187,7.681500000000001,7.748153887113063,7.748153887113064,7.691874177359637
007,2014-10-03 21:15:00,5.6,2,7.548500000000003,7.646994266815771,7.672,7.622498088938592,7.622498088938592,7.559054950482736
007,2014-10-03 21:30:00,5.9,2,7.375000000000007,7.856336226101786,7.5440000000000005,7.591778742033931,7.591778742033932,7.395804867985191
007,2014-10-03 21:35:00,6.1,2,7.853999999999998,7.420401290471565,7.6775,7.650633763490521,7.650633763490522,7.4490650615023535
007,2014-10-03 22:00:00,7.1,2,7.4855000000000045,7.609470058730292,7.560500000000001,7.551823352910099,7.5518233529101,7.493836522654243
007,2014-10-03 22:10:00,7.5,2,7.190000000000002,7.363274985389637,7.142,7.231758328463212,7.231758328463214,7.148754715976735
007,2014-10-03 23:10:00,8.8,2,9.101500000000003,9.469982789467602,9.148499999999999,9.239994263155868,9.23999426315587,9.10963216972329
007,2014-10-03 23:20:00,9.0,2,7.655500000000002,7.936126146739086,7.600999999999999,7.730875382246363,7.730875382246364,7.609508285502697
007,2014-10-03 23:25:00,9.1,2,8.67450000000001,8.400882470498578,8.492,8.52246082349953,8.52246082349953,8.412240577714265
007,2014-10-04 00:45:00,10.0,2,8.854000000000006,8.226152009149896,9.086500000000001,8.7222173363833,8.722217336383302,8.294165162073707
007,2014-10-04 00:55:00,10.5,2,7.903499999999999,7.633936625318853,8.073,7.870145541772952,7.870145541772952,7.663834503144006
007,2014-10-04 01:05:00,11.2,2,7.585500000000003,7.317755731797923,7.6425,7.515251910599308,7.51525191059931,7.346338286891581
007,2014-10-04 01:10:00,11.5,2,7.866999999999997,8.064516224971653,7.943000000000001,7.95817207499055,7.958172074990552,7.876166608610877
007,2014-10-04 01:25:00,12.6,2,7.867000000000006,8.399743775610835,7.943000000000001,8.069914591870281,8.069914591870281,7.879518884117276
007,2014-10-04 01:30:00,12.9,2,8.077500000000004,7.561887964789281,7.946000000000001,7.861795988263096,7.861795988263096,7.603390415376857
007,2014-10-04 01:40:00,13.2,2,7.125000000000003,7.541035666150474,7.111999999999999,7.259345222050158,7.259345222050159,7.117520472486437
007,2014-10-04 08:55:00,9.6,2,9.169500000000003,9.971535359875274,8.8875,9.342845119958424,9.342845119958426,8.92502440457044
007,2014-10-04 09:05:00,10.1,2,8.231499999999999,8.762563160229336,8.134999999999998,8.376354386743111,8.376354386743111,8.150406875995085
007,2014-10-04 09:45:01,8.5,2,8.509500000000001,8.106119263666674,8.405000000000001,8.340206421222225,8.340206421222225,8.13843444976325
007,2014-10-04 09:55:01,8.5,2,8.015500000000001,7.256573616082086,8.0255,7.765857872027362,7.765857872027363,7.336075753368877
007,2014-10-04 10:40:01,7.8,2,8.059500000000002,8.044448048343924,7.986999999999999,8.030316016114641,8.030316016114643,7.9931609810291935
007,2014-10-04 10:55:01,6.3,2,7.844500000000003,7.983146858479155,7.6434999999999995,7.823715619493053,7.823715619493053,7.665915951724186
007,2014-10-04 11:20:01,5.1,2,6.6599999999999975,7.377847759783991,6.792000000000001,6.9432825865946635,6.9432825865946635,6.679668884435649
007,2014-10-04 11:30:01,4.9,2,6.7499999999999964,7.277601375311938,6.7155,6.914367125103978,6.914367125103978,6.724385551903908
007,2014-10-04 11:50:01,4.5,2,8.13400000000001,8.046864143417391,8.273000000000001,8.151288047805801,8.151288047805801,8.05737067091411
007,2014-10-04 12:40:01,6.5,2,7.280499999999998,6.874613821651218,7.288500000000002,7.14787127388374,7.14787127388374,6.917159376596987
007,2014-10-04 12:55:01,7.9,2,8.119500000000006,8.181059791876887,8.159500000000003,8.153353263958964,8.153353263958966,8.123900569687805
007,2014-10-04 13:15:01,8.8,2,8.1355,7.818215125984281,8.158500000000002,8.037405041994761,8.037405041994763,7.851640831996712
007,2014-10-04 13:30:01,8.9,2,8.454500000000003,8.617138554883246,8.6085,8.560046184961083,8.560046184961083,8.470698526859614
007,2014-10-04 13:40:01,8.9,2,7.911000000000001,8.57527853288527,7.9585,8.148259510961758,8.148259510961758,7.92213743930458
007,2014-10-04 14:10:01,8.2,2,8.876999999999997,8.005287227265866,8.776,8.55276240908862,8.552762409088622,8.086932507164024
007,2014-10-04 14:55:01,6.8,2,8.489499999999996,7.546483730884428,8.5395,8.191827910294808,8.191827910294808,7.645646142484142
007,2014-10-04 15:00:00,6.7,2,8.504500000000005,10.021065770767025,8.576,9.033855256922344,9.033855256922346,8.526431294744821
007,2014-10-04 15:10:01,6.8,2,7.878000000000005,8.090434999048757,7.863500000000003,7.943978333016255,7.943978333016256,7.867141402256763
007,2014-10-04 16:05:01,8.9,2,7.938500000000005,8.160125618419718,7.986500000000001,8.028375206139907,8.02837520613991,7.945258222307039
007,2014-10-04 16:30:01,9.3,2,7.849500000000002,7.561151001153424,7.8889999999999985,7.766550333717809,7.766550333717809,7.591714311648477
007,2014-10-04 17:10:01,8.5,2,9.754500000000007,9.332632481713588,9.798500000000002,9.6285441605712,9.6285441605712,9.377210073071115
007,2014-10-04 17:15:01,8.3,2,8.235000000000003,7.911036500381935,8.260500000000002,8.13551216679398,8.135512166793982,7.945185952884411
007,2014-10-04 17:40:01,7.3,2,7.505,7.564309340552989,7.483499999999999,7.517603113517663,7.517603113517664,7.4863425157313825
007,2014-10-04 18:05:01,6.8,2,8.680000000000005,9.005150216529549,8.782,8.822383405509852,8.822383405509852,8.692903180176334
007,2014-10-04 18:45:01,6.2,2,8.176999999999996,8.77894982499928,8.2545,8.40348327499976,8.40348327499976,8.19035288105249
007,2014-10-04 18:50:01,6.1,2,9.4785,8.715327315476333,9.387999999999998,9.19394243849211,9.193942438492112,8.78661022033963
007,2014-10-04 19:00:01,6.0,2,8.254000000000005,8.149124505366126,8.314,8.23904150178871,8.239041501788712,8.16069702997378
007,2014-10-04 19:30:01,6.5,2,8.465500000000002,8.401171192016983,8.2995,8.38872373067233,8.388723730672329,8.310780564787706
007,2014-10-04 20:35:01,7.5,2,8.613000000000005,9.299245262426147,8.745,8.885748420808717,8.885748420808719,8.632352859462076
007,2014-10-04 20:45:01,7.6,2,7.257499999999998,7.627031948627769,7.095999999999999,7.326843982875922,7.326843982875922,7.11659214300375
007,2014-10-04 21:35:01,8.2,2,8.766500000000011,7.654000822427428,8.796999999999999,8.405833607475813,8.405833607475815,7.770700263707802
007,2014-10-04 21:45:01,8.0,2,7.667000000000006,7.596718696660302,7.7195,7.661072898886769,7.66107289888677,7.604596828419489
007,2014-10-04 21:55:01,7.6,2,7.604500000000009,7.3026636956684445,7.6465000000000005,7.517887898556151,7.517887898556152,7.334663105980873
008,2014-10-01 06:56:54,6.6,2,6.403000000000003,6.391674383062319,6.4585,6.417724794354108,6.4177247943541085,6.393414317741095
008,2014-10-01 07:21:54,5.1,2,6.154999999999996,6.4817732549510065,6.020500000000001,6.219091084983668,6.219091084983669,6.037839700122886
008,2014-10-01 08:01:54,3.1,2,6.989500000000009,6.517500314312636,6.937,6.814666771437548,6.814666771437549,6.561915172855643
008,2014-10-01 08:31:54,3.2,2,5.416000000000004,6.6917904987178245,5.3055,5.804430166239276,5.804430166239277,5.329818889499134
008,2014-10-01 09:11:54,3.2,2,5.598000000000004,6.91307451113908,5.6465,6.052524837046362,6.052524837046362,5.615740023381347
008,2014-10-01 09:31:54,3.4,2,4.834500000000002,5.841334818673493,4.794,5.156611606224498,5.156611606224499,4.80830563210288
008,2014-10-01 09:51:54,3.5,2,6.344000000000002,6.104356300940582,6.270500000000001,6.239618766980196,6.239618766980196,6.122473968194745
008,2014-10-01 10:11:54,4.0,2,8.615000000000007,8.368710960127977,8.71,8.564570320042662,8.564570320042662,8.395428777100149
008,2014-10-01 10:41:54,4.3,2,7.958500000000002,7.81428737777164,7.9655000000000005,7.912762459257213,7.912762459257215,7.82944552159074
008,2014-10-01 10:46:54,4.3,2,8.320000000000004,8.461381724564779,8.314,8.365127241521593,8.365127241521595,8.316041563011002
008,2014-10-01 10:51:54,4.4,2,6.2535000000000025,6.427409316026188,6.218500000000001,6.299803105342065,6.299803105342064,6.223900943458165
008,2014-10-01 11:00:00,9.2,2,5.1685,5.5664650488883884,5.0945,5.276488349629463,5.276488349629464,5.106221848261595
008,2014-10-01 12:01:54,9.2,2,8.061500000000004,8.447537230737925,7.890499999999999,8.133179076912644,8.133179076912644,7.9122511266199975
008,2014-10-01 12:16:54,7.4,2,8.495,8.748454559559157,8.298499999999997,8.513984853186384,8.513984853186386,8.321593219410968
008,2014-10-01 12:26:54,6.2,2,7.9375000000000036,8.402362013853605,7.831,8.05695400461787,8.05695400461787,7.846791107473588
008,2014-10-01 12:36:54,5.4,2,6.9200000000000035,7.488991223007608,6.910500000000001,7.10649707433587,7.106497074335872,6.91718384302522
008,2014-10-01 13:11:54,4.1,2,9.173000000000007,9.35527854428657,9.255999999999998,9.26142618142886,9.26142618142886,9.182676601863616
008,2014-10-01 13:21:54,4.7,2,5.529000000000001,6.068306030109204,5.5465,5.714602010036401,5.714602010036402,5.536048985450043
008,2014-10-01 13:51:54,5.8,2,7.822000000000007,7.692996706450506,7.8725,7.795832235483505,7.795832235483505,7.706998584990931
008,2014-10-01 14:16:54,4.1,2,8.031500000000007,7.82159711310812,8.0325,7.961865704369376,7.961865704369377,7.84356805450515
008,2014-10-01 14:21:54,3.8,2,8.046000000000003,7.70142376945974,7.776999999999999,7.8414745898199145,7.841474589819915,7.712020879240262
008,2014-10-01 14:26:54,3.7,2,9.63,9.687518542930558,10.102,9.806506180976852,9.806506180976854,9.640162651529701
008,2014-10-01 14:31:54,3.6,2,8.769999999999998,9.264359903845891,8.794999999999998,8.943119967948629,8.94311996794863,8.777309206394099
008,2014-10-01 14:51:54,3.9,2,9.138500000000004,8.227553051558866,9.267000000000001,8.877684350519624,8.877684350519624,8.324145233116715
008,2014-10-01 15:31:54,5.9,2,6.918000000000001,6.758468739440814,6.9035,6.859989579813605,6.859989579813606,6.7737875327175034
008,2014-10-01 15:36:54,6.2,2,7.825499999999998,8.346010545002814,7.695500000000001,7.955670181667604,7.955670181667605,7.714306263699387
008,2014-10-01 16:21:54,6.3,2,6.750500000000005,7.187629809795193,6.829,6.922376603265065,6.922376603265066,6.762299305194683
008,2014-10-01 17:31:54,5.7,2,8.280499999999996,8.616633808823137,8.2045,8.367211269607711,8.367211269607713,8.215812784449392
008,2014-10-01 17:36:54,5.8,2,8.417000000000002,8.968553956524122,8.361500000000001,8.582351318841376,8.582351318841376,8.372822187894775
008,2014-10-01 17:46:54,6.2,2,5.269499999999999,5.872017168469579,5.226999999999999,5.456172389489859,5.45617238948986,5.237471704189293
008,2014-10-01 19:41:54,4.8,2,6.769999999999999,5.808202214160988,6.7989999999999995,6.459067404720329,6.45906740472033,5.909119628692384
008,2014-10-01 19:51:54,4.8,2,5.3535,6.568800021042822,5.332000000000001,5.7514333403476074,5.751433340347608,5.346402422536283
008,2014-10-01 20:26:54,5.7,2,7.281500000000009,6.922203854705546,7.295,7.166234618235184,7.166234618235185,6.959929960325048
008,2014-10-01 20:41:54,7.3,2,5.631999999999998,6.277822133398934,5.639500000000001,5.8497740444663116,5.8497740444663116,5.639167903540679
008,2014-10-01 21:16:54,9.0,2,6.059999999999998,6.939877747164393,6.047999999999999,6.34929258238813,6.349292582388131,6.058054269002351
008,2014-10-01 21:31:54,10.0,2,6.817000000000004,6.496755494927406,6.779000000000001,6.697585164975803,6.697585164975804,6.52666512706975
008,2014-10-01 21:36:54,10.0,2,5.791500000000003,6.236051133979718,5.876,5.967850377993241,5.967850377993241,5.803941264201883
008,2014-10-01 21:51:55,9.3,2,5.761499999999997,6.414521965132799,5.818,5.998007321710932,5.998007321710933,5.7733764922750845
008,2014-10-01 22:01:55,8.3,2,7.734000000000002,8.109475377632858,7.801000000000001,7.8814917925442876,7.881491792544288,7.744094581489461
008,2014-10-02 11:16:55,6.4,2,7.620000000000001,7.468188721060789,7.49,7.526062907020264,7.526062907020265,7.4717707107259645
008,2014-10-02 11:31:55,6.3,2,6.909999999999999,7.873562693932864,7.11,7.2978542313109545,7.297854231310955,6.938560485784497
008,2014-10-02 11:51:55,6.1,2,7.7165000000000035,8.001943911902899,7.831499999999998,7.849981303967634,7.849981303967635,7.7302362329550025
008,2014-10-02 12:16:55,6.6,2,7.398999999999998,7.1279889450047635,7.501000000000001,7.342662981668255,7.342662981668255,7.157363285361042
008,2014-10-02 12:21:55,6.8,2,7.519499999999998,7.20893634935842,7.6355,7.454645449786139,7.45464544978614,7.242588852118998
008,2014-10-02 12:36:55,7.5,2,6.843,6.577420499443224,6.816,6.745473499814408,6.745473499814409,6.6026517113057315
008,2014-10-02 12:41:55,7.7,2,6.844500000000004,6.330012301922351,6.837999999999999,6.6708374339741185,6.670837433974119,6.38322515630914
008,2014-10-02 12:46:55,8.0,2,8.564000000000007,8.946475614498025,8.503,8.671158538166011,8.671158538166011,8.513206838092755
008,2014-10-02 12:51:55,8.2,2,8.798500000000006,8.830156967878528,8.514000000000001,8.714218989292846,8.714218989292846,8.54408218138604
008,2014-10-02 13:26:55,9.8,2,8.116500000000002,8.940965694390371,8.173,8.410155231463458,8.410155231463458,8.130090929567663
008,2014-10-02 13:31:55,9.8,2,8.389000000000003,7.880336072965846,8.133500000000002,8.134278690988618,8.134278690988618,7.909378170155238
008,2014-10-02 13:56:55,9.3,2,8.453500000000002,7.603229642611269,8.471499999999999,8.17607654753709,8.176076547537091,7.692368578654229
008,2014-10-02 14:11:55,9.8,2,9.441,8.26825949422973,9.347500000000002,9.01891983140991,9.018919831409912,8.382109270445898
008,2014-10-02 16:41:55,13.2,2,9.34200000000001,8.75786410080651,9.562999999999999,9.22095470026884,9.220954700268841,8.821188906991612
008,2014-10-02 16:46:55,13.3,2,10.676500000000003,9.163891399583772,10.6495,10.163297133194591,10.163297133194591,9.319592150898178
008,2014-10-02 17:16:55,13.5,2,10.196500000000007,9.025990850887455,10.076500000000003,9.766330283629154,9.766330283629156,9.137099629191157
008,2014-10-02 18:31:55,10.3,2,8.9105,8.590210521766187,8.990000000000002,8.83023684058873,8.83023684058873,8.624515582374364
008,2014-10-02 18:46:55,10.6,2,9.208000000000006,8.894475783393005,9.177999999999999,9.09349192779767,9.093491927797672,8.924439304451447
008,2014-10-02 19:06:55,11.5,2,10.456000000000008,9.278049957617183,10.601,10.111683319205731,10.111683319205731,9.4027421494348
008,2014-10-02 21:36:55,11.1,2,10.8225,9.964789866943258,10.774000000000001,10.520429955647753,10.520429955647755,10.049937905994728
008,2014-10-02 21:51:55,11.4,2,10.239500000000007,10.180033639795871,10.336999999999998,10.252177879931958,10.25217787993196,10.187230265762405
008,2014-10-02 21:56:55,11.5,2,9.947000000000005,10.303976169023775,10.15,10.133658723007926,10.133658723007928,9.969778493418088
008,2014-10-02 22:06:55,11.8,2,10.644500000000003,10.051261823142918,10.600999999999999,10.43225394104764,10.432253941047641,10.109212791905595
008,2014-10-02 22:11:55,11.8,2,11.046000000000003,10.27923276411391,10.9895,10.771577588037971,10.771577588037973,10.354108972380239
008,2014-10-02 22:31:55,11.3,2,10.947500000000014,10.24213319886865,10.8045,10.664711066289554,10.664711066289556,10.302400428533067
008,2014-10-02 22:41:55,11.2,2,10.463000000000008,9.238480522927912,10.3595,10.020326840975974,10.020326840975974,9.356801394530013
008,2014-10-02 23:01:55,10.6,2,10.14950000000001,8.807901334177519,10.216999999999999,9.724800444725842,9.724800444725844,8.948940147723544
008,2014-10-02 23:11:55,10.4,2,9.844000000000003,9.365959150969122,9.931500000000002,9.71381971698971,9.71381971698971,9.416848837410104
008,2014-10-02 23:36:55,11.4,2,9.805000000000001,8.67735574172639,9.9755,9.485951913908798,9.485951913908798,8.797039726386103
008,2014-10-02 23:51:55,10.4,2,8.7995,8.87755669979215,9.0045,8.89385223326405,8.89385223326405,8.80893606012743
008,2014-10-03 00:01:55,8.9,2,8.809,7.866108212324856,8.742,8.472369404108285,8.472369404108287,7.958417772428589
008,2014-10-03 00:06:55,8.3,2,9.290000000000004,9.2390229091866,9.312999999999999,9.2806743030622,9.280674303062202,9.244586351334638
008,2014-10-03 00:56:55,9.5,2,8.6605,8.651067384729645,8.6145,8.642022461576548,8.64202246157655,8.618420162971724
008,2014-10-03 01:21:55,8.8,2,7.911500000000003,8.143167732502224,7.8975,7.984055910834076,7.984055910834076,7.901281417444181
008,2014-10-03 01:41:00,9.1,2,9.054500000000012,8.572843193199263,8.990500000000003,8.872614397733093,8.872614397733093,8.617180241839414
008,2014-10-03 01:41:55,8.2,2,9.524500000000009,9.1236556127523,9.652000000000001,9.43338520425077,9.43338520425077,9.166868673862485
008,2014-10-03 01:51:55,7.8,2,7.3455000000000075,7.530314020247405,7.375499999999999,7.417104673415804,7.417104673415804,7.350186869029254
008,2014-10-03 02:11:55,7.2,2,7.914000000000008,8.021161278315532,7.990999999999999,7.975387092771847,7.9753870927718475,7.92235768343855
008,2014-10-03 02:31:55,7.0,2,7.113499999999998,7.7863171549665005,6.9985,7.2994390516555,7.2994390516555,7.017259965385636
008,2014-10-03 02:36:55,7.0,2,8.515500000000003,8.190738719059842,8.3475,8.351246239686615,8.351246239686615,8.208819757440144
008,2014-10-03 03:01:55,7.2,2,8.145000000000001,7.854424393576165,8.150000000000002,8.049808131192057,8.049808131192059,7.884875661317507
008,2014-10-03 03:11:55,7.0,2,8.418500000000007,7.914590489206816,8.389,8.240696829735608,8.240696829735608,7.964520249447584
008,2014-10-03 03:16:55,6.6,2,8.88350000000001,8.427195811447946,8.8065,8.705731937149318,8.70573193714932,8.467650244472113
008,2014-10-03 10:56:56,2.2,2,7.105500000000003,7.105943733745068,7.1325,7.114647911248357,7.114647911248358,7.105811987992451
008,2014-10-03 11:00:00,3.1,2,7.951499999999999,7.3439772153667455,7.938,7.744492405122248,7.744492405122249,7.406261429963076
008,2014-10-03 11:01:56,2.3,2,8.204000000000002,7.856798049320502,8.130000000000003,8.063599349773503,8.063599349773503,7.886121610591469
008,2014-10-03 11:06:56,2.5,2,8.571,7.833861277480175,8.738000000000001,8.380953759160057,8.380953759160061,7.912653896070358
008,2014-10-03 11:36:56,4.8,2,8.398000000000001,7.9339670443270975,8.314499999999999,8.2154890147757,8.2154890147757,7.974615036244051
008,2014-10-03 12:26:56,11.4,2,9.058000000000003,7.921511894486511,9.064499999999999,8.681337298162171,8.681337298162173,8.040481160421939
008,2014-10-03 13:31:56,11.8,2,9.63,8.96219812396415,9.616999999999999,9.403066041321383,9.403066041321384,9.030836308102163
008,2014-10-03 14:01:56,10.6,2,9.477000000000006,8.779092233980503,9.350499999999997,9.202197411326836,9.202197411326836,8.840140368215462
008,2014-10-03 14:26:56,9.6,2,9.293000000000003,9.316765315178788,9.539499999999999,9.38308843839293,9.383088438392932,9.297713776175847
008,2014-10-03 14:41:56,9.0,2,9.432999999999996,8.702045413921986,9.5155,9.216848471307328,9.216848471307328,8.779346021601548
008,2014-10-03 14:46:56,8.7,2,10.294500000000006,9.86126696298324,10.297500000000003,10.151088987661083,10.151088987661085,9.906623663716442
008,2014-10-03 15:29:00,5.2,2,9.075,8.194535827665915,9.1085,8.792678609221971,8.792678609221973,8.286988770287518
008,2014-10-03 15:36:56,6.1,2,8.669,7.734808767803744,8.884499999999997,8.429436255934581,8.429436255934581,7.834702866144258
008,2014-10-03 15:41:56,5.8,2,6.7025,7.526062194936211,6.932999999999998,7.0538540649787365,7.053854064978737,6.73254652176842
008,2014-10-03 16:16:56,6.4,2,7.1465000000000005,7.737119980368615,7.1835,7.355706660122872,7.355706660122873,7.155907298690041
008,2014-10-03 17:26:56,7.7,2,7.825500000000006,7.156041088456919,7.8325,7.604680362818975,7.604680362818976,7.226152754590322
008,2014-10-03 17:41:56,6.2,2,9.0225,8.554222538703744,9.198,8.924907512901248,8.92490751290125,8.604970737593739
008,2014-10-03 18:06:56,4.1,2,7.830500000000006,8.123287608882615,7.785500000000001,7.91309586962754,7.913095869627542,7.793135969328988
008,2014-10-03 18:26:56,5.2,2,7.6025000000000045,8.462785305912378,7.588499999999999,7.8845951019707945,7.8845951019707945,7.598567593178283
008,2014-10-03 18:31:56,5.7,2,6.956500000000002,6.8984474702694545,7.093000000000001,6.982649156756486,6.982649156756486,6.905886175220536
008,2014-10-03 18:46:56,7.1,2,7.792000000000004,9.1141649002833,7.850000000000001,8.252054966761103,8.252054966761103,7.810709858067934
008,2014-10-03 19:01:56,7.6,2,7.214500000000003,7.689171380599633,7.171000000000001,7.358223793533213,7.358223793533213,7.18029787060482
008,2014-10-03 19:46:56,9.0,2,6.023,6.166566352779752,5.907,6.032188784259918,6.032188784259918,5.920572081657995
008,2014-10-03 19:51:56,9.2,2,7.965500000000005,7.7062639551998755,7.881500000000001,7.851087985066627,7.851087985066628,7.725437902710016
008,2014-10-03 20:46:56,7.3,2,7.8115000000000085,7.653301840841373,7.687499999999999,7.717433946947128,7.717433946947128,7.6581197991071654
008,2014-10-03 21:16:56,4.1,2,7.592000000000008,7.221902389308513,7.632999999999999,7.482300796436173,7.482300796436173,7.261033590621783
008,2014-10-03 21:26:56,3.3,2,7.028500000000004,6.814088319237909,7.123000000000001,6.988529439745971,6.988529439745972,6.83746599001142
008,2014-10-03 21:31:56,3.2,2,6.492000000000001,7.000920209450657,6.6155,6.702806736483552,6.702806736483553,6.508775302431398
008,2014-10-03 22:16:56,4.3,2,7.4455000000000044,6.445100520492418,7.479,7.123200173497474,7.123200173497475,6.550101609979811
008,2014-10-03 22:21:56,4.1,2,7.181500000000004,6.623859501913593,7.235500000000001,7.013619833971199,7.0136198339712,6.682742245457637
008,2014-10-03 23:26:56,4.4,2,6.408999999999996,6.491523119596837,6.263999999999999,6.388174373198944,6.388174373198945,6.279995753858715
008,2014-10-04 00:26:56,4.9,2,5.791000000000002,6.340942622071958,5.829999999999999,5.987314207357319,5.98731420735732,5.800189773695528
008,2014-10-04 00:51:56,5.4,2,5.545999999999996,7.144462703577018,5.6435,6.111320901192339,6.111320901192339,5.571210495722785
008,2014-10-04 01:06:56,5.3,2,6.306500000000002,6.223572695704701,6.218999999999999,6.249690898568235,6.249690898568235,6.220307688103764
008,2014-10-04 01:51:56,4.2,2,6.422500000000003,6.595568647954278,6.409000000000001,6.475689549318093,6.475689549318095,6.41214311445159
008,2014-10-04 02:31:56,4.6,2,5.913,6.393748790034226,5.8679999999999986,6.058249596678075,6.058249596678076,5.877515581140502
008,2014-10-04 02:36:56,4.7,2,6.7189999999999985,6.989904339621764,6.6114999999999995,6.773468113207254,6.7734681132072545,6.6254561550254945
008,2014-10-04 02:41:56,4.8,2,6.420500000000001,6.851185945172745,6.345,6.538895315057581,6.538895315057583,6.357205993665778
008,2014-10-04 02:51:56,5.0,2,6.522000000000002,6.249307852346614,6.446000000000001,6.405769284115539,6.405769284115539,6.270646629474615
008,2014-10-04 03:31:56,4.4,2,6.045500000000007,7.1635809510504505,6.194000000000001,6.467693650350152,6.467693650350154,6.070732517203048
008,2014-10-04 03:41:56,4.1,2,4.936999999999998,6.195232635489762,4.888,5.340077545163254,5.340077545163254,4.905708916771962
008,2014-10-04 03:46:56,4.0,2,4.709500000000005,5.764007628239814,4.629000000000001,5.034169209413274,5.034169209413275,4.647967331967579
008,2014-10-04 04:26:56,3.0,2,5.724500000000005,7.164624837338041,5.982,6.290374945779348,6.29037494577935,5.763267004136541
008,2014-10-04 05:06:56,4.2,2,4.700999999999992,4.175408156215645,4.6045,4.493636052071879,4.49363605207188,4.2212665875296524
008,2014-10-04 05:11:56,4.3,2,5.1519999999999975,4.391326087930911,5.484,5.009108695976969,5.00910869597697,4.474231059117159
008,2014-10-04 05:26:56,4.2,2,6.073499999999997,6.306224356049173,6.031499999999999,6.137074785349722,6.137074785349724,6.038221463917974
008,2014-10-04 05:46:56,3.8,2,4.305999999999999,5.663854206644794,4.306499999999999,4.758784735548264,4.758784735548265,4.319625854213558
008,2014-10-04 06:16:56,3.8,2,4.568999999999997,5.382922024718296,4.6819999999999995,4.8779740082394305,4.877974008239431,4.587831765494701
008,2014-10-04 07:01:56,4.2,2,4.743999999999999,5.021509947398322,4.748,4.8378366491327744,4.8378366491327744,4.747153596650883
008,2014-10-04 07:06:56,4.3,2,4.537499999999995,4.630887468329555,4.390499999999999,4.51962915610985,4.5196291561098505,4.406813645934494
009,2014-10-02 06:55:19,3.6,2,8.935999999999998,9.60931808944146,8.915500000000002,9.15360602981382,9.15360602981382,8.924377978926042
009,2014-10-02 07:30:19,3.4,2,8.330000000000005,7.6801519556378945,8.3205,8.110217318545967,8.110217318545967,7.747242917838184
009,2014-10-02 07:45:19,3.5,2,8.372500000000008,7.252629460182617,8.14,7.921709820060875,7.921709820060876,7.347794976627825
009,2014-10-02 08:05:19,3.4,2,9.126500000000004,9.27034566451486,9.106,9.167615221504954,9.167615221504954,9.109583254676775
009,2014-10-02 08:15:19,3.3,2,9.307500000000008,10.505141675296754,9.216,9.676213891765586,9.676213891765588,9.23754953967463
009,2014-10-02 08:20:19,3.2,2,8.246000000000008,7.114602753532036,7.9830000000000005,7.781200917844015,7.781200917844016,7.208088202551422
009,2014-10-02 08:40:19,2.8,2,7.513500000000001,8.944785333781462,7.76,8.072761777927155,8.072761777927155,7.551137741864487
009,2014-10-02 09:15:19,2.2,2,8.727000000000002,8.973879532297245,8.8035,8.834793177432415,8.834793177432417,8.73670755383125
009,2014-10-02 09:30:19,2.2,2,8.157500000000008,9.617918584150253,8.245,8.673472861383418,8.673472861383422,8.18038381158627
009,2014-10-02 09:35:19,2.2,2,8.557000000000004,6.803887827933151,8.435,7.931962609311053,7.931962609311054,6.975761787738847
009,2014-10-02 10:35:19,2.4,2,9.24500000000001,10.481721453084315,9.817,9.847907151028108,9.84790715102811,9.311492310828038
009,2014-10-02 11:15:19,2.2,2,7.7265,7.573791150845314,7.866500000000002,7.722263716948439,7.722263716948439,7.591168206410163
009,2014-10-02 11:25:19,2.2,2,8.109500000000006,7.398179041782906,8.195,7.900893013927637,7.9008930139276385,7.473455495004427
009,2014-10-03 08:35:19,7.2,2,9.005000000000003,9.193766546407451,9.016500000000002,9.071755515469151,9.071755515469153,9.007975844847671
009,2014-10-03 08:50:19,6.2,2,10.403000000000006,8.792192511226185,10.517999999999999,9.904397503742063,9.904397503742064,8.961872107872868
009,2014-10-03 09:30:19,5.0,2,8.921500000000004,7.452494138366686,8.616,8.32999804612223,8.329998046122231,7.577280117967716
009,2014-10-03 09:40:19,4.7,2,8.703000000000007,8.481483818417907,8.596,8.593494606139304,8.593494606139306,8.494534993093371
009,2014-10-03 10:00:19,4.2,2,9.193499999999998,11.074236008916234,9.3355,9.86774533630541,9.867745336305411,9.22574400986923
009,2014-10-03 10:50:19,4.5,2,9.277500000000002,8.329573494810413,9.427999999999999,9.011691164936805,9.011691164936805,8.430254636393855
009,2014-10-03 11:00:19,4.8,2,7.337999999999999,7.645187994165481,7.336500000000001,7.43989599805516,7.439895998055161,7.339728816382992
009,2014-10-03 11:05:19,5.0,2,8.297000000000006,8.370994714660442,8.2125,8.29349823822015,8.29349823822015,8.222080700008688
009,2014-10-03 12:10:19,5.7,2,6.639499999999999,7.440394951755694,6.6265,6.902131650585232,6.902131650585232,6.635869065342491
009,2014-10-03 12:15:19,5.4,2,10.718500000000006,9.723041004605602,10.737,10.392847001535202,10.392847001535204,9.827375199429518
009,2014-10-03 12:25:19,4.2,2,8.616500000000002,8.030553912548857,8.474,8.373684637516286,8.373684637516288,8.078374146475648
009,2014-10-04 19:00:00,6.9,2,8.48,8.532716395571061,8.646,8.552905465190355,8.552905465190356,8.48664825172504
001,2014-10-01 19:23:00,9.4,3,10.400000000000002,9.890189589932094,10.271500000000001,10.1872298633107,10.1872298633107,9.931368922466417
001,2014-10-01 20:14:00,7.9,3,8.286499999999998,8.45652863619431,8.4455,8.39617621206477,8.39617621206477,8.303245549143849
001,2014-10-01 20:39:00,7.5,3,7.675000000000006,6.892309357525856,7.636500000000001,7.401269785841954,7.401269785841955,6.970554778264198
001,2014-10-01 20:49:00,7.6,3,7.450000000000001,8.030795087134976,7.77,7.750265029044992,7.750265029044993,7.486087725023622
001,2014-10-01 22:14:00,8.0,3,8.514,9.588327535404066,8.542,8.881442511801355,8.881442511801357,8.527392755592361
001,2014-10-02 10:59:00,14.4,3,8.348500000000003,7.7310417048032924,8.443500000000002,8.174347234934432,8.174347234934434,7.796592843152146
001,2014-10-02 11:49:00,14.7,3,9.889500000000007,8.844939855976882,10.1995,9.644646618658962,9.644646618658964,8.957326223821758
001,2014-10-02 12:09:00,14.3,3,8.4235,9.824180893417962,8.402000000000001,8.883226964472655,8.883226964472657,8.418256231260033
001,2014-10-02 12:29:00,13.4,3,9.729500000000005,9.367056683962893,9.612,9.5695188946543,9.5695188946543,9.393858705528613
001,2014-10-02 13:39:00,11.0,3,9.387500000000006,8.432852555755371,9.376000000000001,9.06545085191846,9.065450851918461,8.531643691460383
001,2014-10-02 13:44:00,10.8,3,9.419500000000001,9.256782092851596,9.310499999999998,9.328927364283865,9.328927364283865,9.263492290974284
001,2014-10-02 14:39:00,10.8,3,11.381000000000014,10.562531320740463,11.183000000000002,11.042177106913492,11.042177106913494,10.629427418397238
001,2014-10-02 14:44:00,10.9,3,10.03300000000001,8.587696481580931,10.27,9.630232160526981,9.630232160526981,8.74128034213767
001,2014-10-02 14:49:00,11.0,3,10.021,9.511753295165335,10.2055,9.912751098388446,9.912751098388446,9.5668778722455
001,2014-10-02 16:29:00,9.4,3,10.14800000000001,10.255667969928993,9.963500000000002,10.122389323309669,10.12238932330967,9.983879861983958
001,2014-10-02 17:04:00,8.8,3,9.168000000000006,8.6669295622033,9.372,9.068976520734436,9.068976520734436,8.721393703115218
001,2014-10-02 17:14:00,9.2,3,9.454,8.526307801990267,9.4955,9.158602600663423,9.158602600663423,8.623781943465866
001,2014-10-02 17:29:00,10.4,3,9.891000000000005,10.483338092327745,9.6245,9.999612697442585,9.999612697442585,9.658305755334466
001,2014-10-02 18:19:00,13.2,3,12.483499999999994,9.820782930498265,12.639999999999997,11.648094310166087,11.648094310166087,10.10093282461802
001,2014-10-02 18:39:00,12.2,3,7.474,7.2767572744303335,7.710000000000001,7.4869190914767785,7.4869190914767785,7.299753655384242
001,2014-10-02 19:19:00,11.0,3,10.702500000000004,10.167659000459071,11.075999999999999,10.648719666819693,10.648719666819693,10.227351362559089
001,2014-10-02 19:28:00,11.0,3,11.688999999999995,10.329839335908305,11.501999999999999,11.173613111969432,11.173613111969434,10.454345818108205
001,2014-10-02 19:39:00,10.5,3,8.6885,8.846600774464454,8.677,8.737366924821485,8.737366924821485,8.679784187128238
001,2014-10-02 20:04:00,11.2,3,10.325000000000005,9.64389738059294,10.166000000000002,10.044965793530983,10.044965793530983,9.70011199866187
001,2014-10-02 20:09:00,11.7,3,8.603999999999997,8.948188210780916,8.585,8.712396070260304,8.712396070260306,8.590429743698097
001,2014-10-02 20:29:00,15.0,3,9.439500000000004,10.024746385978512,9.2885,9.584248795326173,9.584248795326173,9.310150732287887
001,2014-10-02 20:44:00,17.3,3,10.963500000000003,10.545184914068326,10.5945,10.701061638022777,10.701061638022779,10.554034470128611
001,2014-10-02 20:49:00,17.7,3,8.023000000000001,8.01843340455582,7.839999999999999,7.960477801518607,7.960477801518608,7.8587141349724075
001,2014-10-02 21:39:00,17.2,3,11.786500000000004,10.438394697827658,11.626999999999999,11.283964899275887,11.283964899275889,10.564346688680546
001,2014-10-03 07:54:01,2.2,3,7.511000000000001,7.669596104256379,7.396,7.5255320347521275,7.5255320347521275,7.409617754878535
001,2014-10-03 09:44:01,3.4,3,9.158500000000005,9.073802486391365,9.0135,9.081934162130457,9.081934162130459,9.020656080214845
001,2014-10-03 10:10:00,4.0,3,7.416500000000003,8.597507602034385,7.3195,7.777835867344796,7.7778358673447965,7.341458632560249
001,2014-10-03 12:39:01,9.5,3,8.7685,7.888535763956018,8.7805,8.47917858798534,8.47917858798534,7.980721401096112
001,2014-10-03 14:24:01,13.4,3,9.839500000000001,9.532450988741722,9.600000000000001,9.657316996247241,9.657316996247243,9.541913256370272
001,2014-10-03 14:44:01,14.2,3,8.727500000000003,8.973063146853242,8.7555,8.818687715617749,8.818687715617749,8.732605111706855
001,2014-10-03 14:54:01,14.1,3,8.689,7.590886841028602,8.52,8.266628947009535,8.266628947009535,7.689784649541938
001,2014-10-03 15:04:01,14.1,3,9.110000000000005,9.32969682866256,9.005000000000003,9.148232276220854,9.148232276220856,9.01818251918034
001,2014-10-03 15:14:01,14.5,3,10.424500000000002,9.890870353084768,11.176000000000002,10.497123451028257,10.497123451028259,9.954215978271264
001,2014-10-03 15:24:01,15.5,3,9.819000000000003,9.179620801796492,9.712,9.570206933932164,9.570206933932166,9.23639059966906
001,2014-10-03 15:44:01,17.6,3,9.096000000000005,7.961374113857769,8.5875,8.548291371285925,8.548291371285925,8.031967092791936
001,2014-10-03 16:09:01,19.6,3,9.95600000000001,9.568879952621367,10.019499999999999,9.848126650873793,9.848126650873793,9.610017114359035
001,2014-10-03 16:14:01,20.2,3,10.802500000000007,10.054069704624165,10.860500000000002,10.572356568208058,10.57235656820806,10.132953696055107
001,2014-10-03 16:29:01,22.2,3,10.036000000000003,9.540656895530645,9.8895,9.822052298510215,9.822052298510217,9.578619359131304
001,2014-10-03 16:39:01,22.2,3,9.454500000000001,9.625574461203366,9.435500000000001,9.505191487067789,9.50519148706779,9.439198606202321
001,2014-10-03 16:49:01,22.2,3,12.170499999999993,11.536470130355756,12.117999999999997,11.94165671011858,11.941656710118584,11.597837282538535
001,2014-10-03 17:04:01,22.2,3,7.990999999999997,8.755494476967797,7.855500000000002,8.200664825655933,8.200664825655933,7.877321536637281
001,2014-10-03 17:19:01,22.2,3,9.04400000000001,7.82925217175936,9.1355,8.669584057253124,8.669584057253124,7.9572593059514265
001,2014-10-03 17:34:01,22.2,3,8.048500000000004,9.156393271855631,8.196,8.466964423951879,8.466964423951879,8.073536016116872
001,2014-10-03 17:39:01,22.2,3,9.344500000000005,8.041196023038811,9.2725,8.886065341012939,8.886065341012939,8.170740332605863
001,2014-10-03 17:49:01,22.2,3,9.362000000000002,9.223722105972927,9.276,9.287240701990976,9.287240701990978,9.23005164373912
001,2014-10-03 17:54:01,22.2,3,8.5825,7.770499482716841,8.474499999999999,8.275833160905613,8.275833160905615,7.845235039972226
001,2014-10-03 18:14:01,22.2,3,8.961500000000003,8.741852424215649,8.8995,8.86761747473855,8.867617474738552,8.7589661905685
001,2014-10-03 18:39:01,22.2,3,10.452000000000009,10.271454825018766,10.607999999999999,10.443818275006258,10.44381827500626,10.29190423652706
001,2014-10-03 19:14:01,22.2,3,7.306000000000004,9.159251994570164,7.621999999999999,8.029083998190055,8.029083998190057,7.354433796921073
001,2014-10-04 07:49:01,8.0,3,8.040500000000002,6.91311750767618,7.914,7.622539169225393,7.622539169225394,7.019099132038573
001,2014-10-04 08:04:01,7.4,3,8.490500000000003,10.446945627158959,8.704,9.213815209052987,9.213815209052989,8.53026674308881
001,2014-10-04 08:14:01,6.7,3,7.569000000000002,7.708162584579327,7.796,7.691054194859777,7.6910541948597775,7.584438161348464
001,2014-10-04 08:34:01,5.3,3,8.305000000000001,8.3754725075097,8.426000000000002,8.368824169169901,8.368824169169903,8.31287841128543
001,2014-10-04 08:39:01,5.1,3,9.387000000000004,8.47984432666071,9.460000000000003,9.108948108886906,9.108948108886906,8.575484848736814
001,2014-10-04 08:54:01,4.5,3,7.682500000000001,9.338852552004361,7.696500000000001,8.239284184001454,8.239284184001455,7.700388265639204
001,2014-10-04 08:59:01,4.3,3,7.180499999999995,8.093966657117393,7.056499999999999,7.443655552372462,7.443655552372463,7.078608079055177
001,2014-10-04 09:29:01,4.8,3,8.993000000000011,10.487097654363172,9.214500000000001,9.564865884787729,9.564865884787729,9.028900257714664
001,2014-10-04 10:39:01,6.1,3,10.059000000000003,11.488133788155709,10.2555,10.600877929385236,10.600877929385238,10.091885011696936
001,2014-10-04 10:54:01,4.9,3,9.004,7.243798246740817,9.065999999999999,8.437932748913605,8.437932748913607,7.428578112870672
001,2014-10-04 11:09:01,4.1,3,11.885000000000007,10.276555629900638,11.401000000000002,11.187518543300216,11.187518543300216,10.399039828518518
001,2014-10-04 11:24:01,3.7,3,10.745999999999999,11.458847458380806,10.738499999999998,10.981115819460266,10.98111581946027,10.746413156790496
001,2014-10-04 12:14:01,2.5,3,9.764500000000012,8.422351950077083,9.645499999999998,9.277450650025697,9.277450650025699,8.551512951533997
001,2014-10-04 12:34:01,2.6,3,8.656500000000007,10.54174896141007,8.761500000000002,9.319916320470027,9.319916320470027,8.68528804050782
001,2014-10-04 13:14:01,4.9,3,9.560000000000004,10.435996847011053,9.8975,9.964498949003685,9.964498949003687,9.600695667771337
001,2014-10-04 13:29:01,6.3,3,9.736000000000002,9.211581934698428,9.6065,9.518027311566144,9.518027311566145,9.254194958557642
002,2014-10-01 20:12:01,4.5,3,9.429500000000008,9.65799067637422,9.461,9.51616355879141,9.51616355879141,9.43476557203186
002,2014-10-01 20:17:01,5.0,3,10.000000000000004,12.713197789273847,9.898499999999999,10.87056592975795,10.870565929757952,9.936251343756657
002,2014-10-02 06:47:01,2.2,3,8.828500000000004,8.822972460176603,8.949,8.866824153392201,8.866824153392203,8.824755775129429
002,2014-10-02 06:52:01,2.2,3,10.522000000000006,10.432605756231792,10.3265,10.427035252077266,10.427035252077266,10.33849518229673
002,2014-10-02 07:12:01,2.2,3,9.1355,8.609970585604225,9.165000000000001,8.970156861868075,8.970156861868077,8.665248729680307
002,2014-10-02 07:52:01,9.2,3,10.309500000000005,10.169577678382147,9.8195,10.09952589279405,10.099525892794052,9.857525853241134
002,2014-10-02 08:12:01,12.3,3,9.410000000000002,9.490348955690598,9.363000000000001,9.421116318563534,9.421116318563534,9.368720831385518
002,2014-10-02 08:17:01,12.7,3,9.044500000000001,9.59217007338906,9.027999999999999,9.221556691129686,9.221556691129688,9.035203001588613
002,2014-10-02 08:27:01,12.8,3,9.330000000000005,9.324097945114634,9.317,9.323699315038214,9.323699315038215,9.317801638046923
002,2014-10-02 08:57:01,9.6,3,11.959499999999991,11.404046320167927,11.5015,11.62168210672264,11.621682106722641,11.418822342640066
002,2014-10-02 09:22:01,7.3,3,7.558000000000005,8.08929802791432,7.736000000000001,7.794432675971442,7.794432675971442,7.580156104651348
002,2014-10-02 10:52:01,7.8,3,8.744500000000006,8.310449571675136,8.765500000000001,8.606816523891714,8.606816523891716,8.356071791397053
002,2014-10-02 11:22:01,9.0,3,7.965000000000006,9.102940713415517,8.313,8.460313571138508,8.460313571138508,8.009308661524756
002,2014-10-02 11:27:01,9.1,3,8.961000000000002,9.286674648715394,8.992500000000001,9.080058216238465,9.080058216238466,8.967237411755267
002,2014-10-02 11:57:01,7.5,3,7.588500000000003,9.394029833804852,7.722,8.234843277934951,8.234843277934953,7.6191876416172
002,2014-10-02 12:17:01,6.2,3,8.170500000000006,8.304977161516158,8.030000000000003,8.168492387172057,8.168492387172057,8.046044484953896
002,2014-10-02 12:22:01,6.0,3,8.125000000000007,8.48690239172034,8.1655,8.25913413057345,8.25913413057345,8.132451307833353
002,2014-10-02 12:37:01,5.5,3,8.314500000000002,7.8721455742539685,8.389000000000001,8.191881858084658,8.191881858084658,7.919171593845328
002,2014-10-02 13:02:01,6.0,3,9.802500000000007,10.888343758436685,9.8025,10.164447919478897,10.1644479194789,9.813358437584364
002,2014-10-02 13:27:01,8.6,3,6.989000000000001,7.576182196026257,7.004,7.189727398675418,7.18972739867542,6.996291186373648
002,2014-10-02 13:57:01,5.9,3,7.912000000000003,7.391391526018968,7.8325,7.711963842006323,7.711963842006325,7.438337188786275
002,2014-10-02 14:22:01,3.7,3,7.747000000000006,7.800704152767236,7.723,7.756901384255747,7.756901384255748,7.72604802458909
002,2014-10-02 14:57:01,2.2,3,9.464999999999998,9.62256470878756,9.579,9.555521569595854,9.555521569595854,9.477362816629618
002,2014-10-02 15:12:01,2.2,3,9.883500000000003,8.504536033127433,9.828500000000002,9.405512011042479,9.40551201104248,8.643604828741937
002,2014-10-02 15:17:01,2.2,3,10.289500000000002,10.24225860990741,10.445,10.325586203302471,10.325586203302471,10.248756207004092
002,2014-10-02 16:47:01,16.6,3,9.283000000000008,8.67489252154121,9.5205,9.159464173847072,9.159464173847073,8.740890337288423
002,2014-10-02 17:07:01,19.0,3,11.188000000000011,9.839675896374697,11.298,10.77522529879157,10.77522529879157,9.981843354104202
002,2014-10-02 17:12:01,19.6,3,10.207499999999998,9.897820715617435,10.4405,10.181940238539143,10.181940238539145,9.932550692182325
002,2014-10-02 17:27:01,20.6,3,9.8945,9.578518001488225,9.8895,9.787506000496075,9.787506000496077,9.611104273599462
002,2014-10-02 17:47:01,21.0,3,9.744500000000011,9.837193964676265,10.0045,9.862064654892093,9.862064654892093,9.755871100986495
002,2014-10-02 18:42:01,19.9,3,10.967,9.561800011654066,10.808,10.445600003884689,10.44560000388469,9.693772805899027
002,2014-10-02 19:00:00,19.7,3,9.548999999999996,9.231531112400685,9.5425,9.441010370800226,9.441010370800228,9.26413101279196
002,2014-10-02 19:17:01,19.3,3,12.511999999999999,10.000933145434576,12.5035,11.672144381811526,11.672144381811526,10.262847436346501
002,2014-10-02 19:37:01,20.2,3,12.553000000000003,9.874806539274454,12.704500000000003,11.71076884642482,11.710768846424822,10.156525639903165
002,2014-10-02 19:42:01,20.1,3,10.56,9.802381741065334,10.933499999999999,10.431960580355112,10.431960580355113,9.885382016698992
002,2014-10-02 19:47:01,20.0,3,11.098500000000003,9.473527371781618,10.9735,10.515175790593874,10.515175790593876,9.631710949367067
002,2014-10-03 06:37:02,9.3,3,10.579,10.040537028027423,10.437000000000001,10.352179009342475,10.352179009342475,10.083436686656736
002,2014-10-03 06:42:02,9.2,3,9.802000000000003,9.33690915835872,10.046000000000001,9.72830305278624,9.728303052786243,9.388008959416346
002,2014-10-03 06:47:02,9.2,3,9.960499999999998,10.622915025117255,10.45,10.344471675039085,10.344471675039086,10.013442742274723
002,2014-10-03 06:52:02,9.3,3,9.829000000000004,9.12272831040746,10.330499999999995,9.76074277013582,9.76074277013582,9.201636487462778
002,2014-10-03 07:52:02,7.1,3,10.915500000000003,10.632967197799667,10.898500000000002,10.815655732599891,10.815655732599891,10.660918379823688
002,2014-10-03 08:07:02,4.6,3,9.4015,9.523507252547272,9.284,9.403002417515758,9.40300241751576,9.297513427097009
002,2014-10-03 08:37:02,2.2,3,9.916500000000008,10.985919377415767,9.912500000000001,10.271639792471925,10.271639792471927,9.92361269095106
002,2014-10-03 08:57:02,2.2,3,10.836000000000004,11.066292206528574,10.719000000000001,10.87376406884286,10.873764068842862,10.733543964489709
002,2014-10-03 09:02:02,2.2,3,9.899500000000002,9.01599767088794,9.637000000000002,9.517499223629315,9.517499223629315,9.083594601283899
002,2014-10-03 09:07:02,2.2,3,9.074000000000002,8.290764036568815,9.071,8.811921345522938,8.81192134552294,8.372425673572431
002,2014-10-03 09:12:02,2.2,3,12.4845,11.029593261945505,12.3,11.938031087315167,11.93803108731517,11.164353670294226
002,2014-10-03 09:57:02,5.7,3,7.1560000000000015,7.913768700618778,7.038499999999999,7.36942290020626,7.369422900206261,7.058371041577722
002,2014-10-03 10:02:02,5.6,3,8.384499999999997,9.217127919360134,8.238,8.613209306453378,8.613209306453378,8.261653738297685
002,2014-10-03 10:12:02,5.1,3,6.118000000000004,7.6872508248884905,6.113,6.639416941629499,6.6394169416294995,6.129215629720012
002,2014-10-03 10:22:02,4.6,3,6.837000000000002,7.886593857915526,6.814500000000001,7.179364619305176,7.179364619305177,6.827349985199235
002,2014-10-03 10:32:02,4.3,3,6.509500000000006,7.425617182761568,6.517,6.817372394253858,6.817372394253859,6.519370854034313
002,2014-10-03 11:07:02,3.9,3,7.485499999999999,7.755478142469918,7.683499999999999,7.641492714156638,7.64149271415664,7.506935391681415
002,2014-10-03 11:27:02,3.4,3,7.819500000000006,7.755636030320555,7.7715000000000005,7.7822120101068535,7.782212010106854,7.757775786951884
002,2014-10-03 11:37:02,3.4,3,8.206000000000007,8.141488186241014,8.064,8.137162728747008,8.137162728747008,8.072752264933895
002,2014-10-03 12:27:02,10.4,3,8.912499999999994,8.972302719595262,8.977999999999998,8.954267573198418,8.954267573198418,8.91881379013448
002,2014-10-03 12:47:02,12.0,3,7.794000000000004,7.340853321213883,7.790000000000001,7.641617773737963,7.641617773737964,7.387884975485765
002,2014-10-03 13:07:02,12.5,3,8.632500000000007,8.460050496930105,8.623500000000002,8.57201683231004,8.57201683231004,8.477241285830356
002,2014-10-03 13:12:02,12.5,3,7.827500000000012,8.506462845641813,7.955499999999998,8.09648761521394,8.096487615213942,7.846401538117336
002,2014-10-03 13:27:02,11.7,3,8.840500000000002,8.329209096354989,8.865499999999999,8.67840303211833,8.67840303211833,8.382952546292946
002,2014-10-03 13:37:02,11.2,3,10.702000000000014,10.140396904349632,10.3175,10.386632301449884,10.386632301449884,10.162771190737264
002,2014-10-03 15:02:02,7.0,3,7.374500000000003,8.684919010199376,7.4110000000000005,7.823473003399793,7.823473003399793,7.391057976841237
002,2014-10-03 15:07:02,6.6,3,8.998500000000007,8.188393967415035,8.996,8.72763132247168,8.727631322471682,8.272914178586777
002,2014-10-03 15:22:02,5.3,3,7.699000000000003,7.819034785190623,7.818000000000001,7.778678261730209,7.77867826173021,7.711460638864783
002,2014-10-03 15:42:02,4.5,3,7.839000000000004,8.315405465880898,7.809500000000001,7.987968488626968,7.987968488626969,7.81735047133847
002,2014-10-03 15:52:02,4.3,3,8.189500000000008,8.306456643895002,8.136999999999999,8.210985547965002,8.210985547965004,8.143662341885804
002,2014-10-03 16:32:02,3.8,3,8.262000000000008,8.381782305559256,8.1485,8.264094101853088,8.26409410185309,8.161572680450226
002,2014-10-03 16:47:02,4.8,3,8.297000000000006,8.030076685314919,8.390999999999998,8.239358895104974,8.239358895104976,8.058943348726268
002,2014-10-03 17:22:02,9.2,3,8.304499999999999,8.171931257437167,8.452000000000002,8.30947708581239,8.309477085812391,8.18727616856421
002,2014-10-03 17:27:02,9.5,3,7.692000000000003,9.37165209053824,7.67,8.244550696846082,8.244550696846082,7.689098255378348
002,2014-10-03 17:47:02,9.5,3,8.775000000000007,8.53312648544023,8.8585,8.72220882848008,8.72220882848008,8.55926733119297
002,2014-10-03 19:12:02,7.8,3,7.876500000000011,7.9039756223597335,8.005999999999998,7.928825207453248,7.928825207453249,7.880394861374213
002,2014-10-03 19:42:02,11.1,3,11.091499999999998,10.191191988496033,10.488500000000002,10.590397329498678,10.590397329498678,10.228327629367326
002,2014-10-03 20:12:02,10.1,3,9.595500000000005,9.752066814975645,9.8095,9.71902227165855,9.719022271658552,9.612455024366263
002,2014-10-04 07:12:02,14.3,3,9.252500000000007,9.80710777869081,9.1195,9.393035926230274,9.393035926230274,9.138961108918945
002,2014-10-04 08:37:02,4.5,3,7.455499999999998,8.06739056279691,7.384000000000001,7.635630187598969,7.63563018759897,7.397599542665116
002,2014-10-04 09:12:02,2.2,3,9.359500000000002,9.740588842295569,9.1955,9.431862947431856,9.431862947431858,9.216469272675992
002,2014-10-04 09:22:02,2.2,3,9.634500000000005,8.781920850066964,9.532499999999999,9.316306950022323,9.316306950022323,8.861469663889348
002,2014-10-04 09:32:02,2.2,3,9.229500000000007,10.704355662594851,9.3545,9.762785220864954,9.762785220864954,9.256076593404185
002,2014-10-04 09:52:02,2.2,3,8.842000000000004,9.593656640570991,8.76,9.065218880190331,9.065218880190333,8.776095758532227
002,2014-10-04 10:00:00,2.3,3,9.267500000000007,9.360906051651288,8.949,9.192468683883765,9.192468683883765,8.983256898227445
002,2014-10-04 10:17:02,3.3,3,9.9775,9.60970426864373,9.831,9.80606808954791,9.80606808954791,9.634322178352072
002,2014-10-04 10:57:02,12.9,3,7.618000000000007,8.279026080492404,7.3660000000000005,7.7543420268308045,7.7543420268308045,7.398975582949839
002,2014-10-04 11:27:02,15.8,3,8.677500000000014,9.696999254431757,8.5925,8.988999751477257,8.988999751477259,8.611588057553513
002,2014-10-04 11:37:02,15.9,3,7.764500000000002,8.652972562758508,7.774999999999999,8.064157520919503,8.064157520919503,7.774378280716955
002,2014-10-04 12:02:02,14.4,3,8.745000000000006,7.2734039074577,8.606000000000002,8.208134635819237,8.208134635819237,7.41421583312807
002,2014-10-04 12:37:02,13.0,3,9.899500000000007,8.897128453009017,10.097000000000001,9.631209484336342,9.631209484336342,9.003975868665027
002,2014-10-04 12:52:03,13.9,3,7.818000000000005,8.31585876298226,7.834999999999999,7.989619587660755,7.989619587660755,7.8245872006316635
002,2014-10-04 13:52:03,11.8,3,9.36400000000001,8.216302961994835,9.324000000000002,8.968100987331615,8.968100987331617,8.332594982812193
002,2014-10-04 14:17:03,8.9,3,8.489999999999998,9.426236301990334,8.242500000000001,8.71957876733011,8.719578767330113,8.2777568758408
002,2014-10-04 14:27:03,8.2,3,8.476999999999999,7.618812637645595,8.1865,8.094104212548531,8.094104212548531,7.68111152727286
002,2014-10-04 14:57:03,7.5,3,8.191,8.374638264430422,8.1305,8.232046088143475,8.232046088143475,8.138666152444966
002,2014-10-04 15:32:03,7.1,3,8.937500000000005,8.314708441672343,9.1145,8.788902813890783,8.788902813890784,8.381637568912192
002,2014-10-04 15:42:03,7.0,3,8.822000000000003,8.002586330290443,8.871500000000001,8.565362110096816,8.565362110096817,8.088811907162821
002,2014-10-04 15:57:03,6.8,3,7.650500000000002,8.4512511654946,7.496,7.865917055164867,7.865917055164868,7.520171965112839
002,2014-10-04 16:22:03,6.4,3,7.8165,8.148225650614746,7.5680000000000005,7.844241883538249,7.844241883538249,7.597316393621271
002,2014-10-04 17:57:03,7.6,3,10.053500000000007,9.13947941815551,9.771,9.65465980605184,9.654659806051841,9.208376813320088
002,2014-10-04 18:57:03,11.0,3,8.968500000000002,8.738733483618965,9.176499999999999,8.961244494539656,8.961244494539656,8.764852643232063
002,2014-10-04 19:02:03,11.1,3,10.026500000000004,9.75171637113281,10.1575,9.978572123710938,9.97857212371094,9.781775414367855
002,2014-10-04 19:22:03,10.5,3,9.858500000000003,9.38058317508633,9.698500000000001,9.645861058362113,9.645861058362113,9.415444998515445
002,2014-10-04 19:27:03,10.1,3,11.093000000000002,10.853602445594122,11.617,11.187867481864709,11.187867481864709,10.883889245763228
002,2014-10-04 19:30:00,10.4,3,9.232499999999998,8.944258286844564,9.275,9.150586095614853,9.150586095614855,8.9748403726499
003,2014-10-01 08:58:15,7.5,3,9.834500000000011,8.64589368629177,9.716000000000001,9.398797895430594,9.398797895430596,8.759037804110124
003,2014-10-01 09:13:15,7.2,3,7.537499999999998,8.231120810046177,7.531999999999999,7.766873603348724,7.766873603348725,7.5395116417187005
003,2014-10-01 09:23:15,7.0,3,8.422500000000003,7.977268365605382,8.426,8.27525612186846,8.275256121868463,8.02388541112094
003,2014-10-01 09:48:15,7.8,3,8.629500000000005,8.048979705593116,8.579500000000001,8.41932656853104,8.41932656853104,8.104985016967927
003,2014-10-01 10:03:15,9.1,3,8.2385,7.813755395779905,8.145,8.065751798593302,8.065751798593302,7.849346628712553
003,2014-10-01 10:08:15,9.6,3,8.145499999999997,8.218273870224705,8.2955,8.219757956741567,8.219757956741569,8.153886176108092
003,2014-10-01 11:58:15,8.8,3,10.253000000000004,9.964273163633651,10.128499999999999,10.115257721211218,10.115257721211218,9.98270028048142
003,2014-10-01 12:03:15,8.7,3,7.8625,8.429585272740146,7.997499999999999,8.096528424246715,8.096528424246715,7.88094513244789
003,2014-10-01 12:33:15,8.4,3,6.702000000000006,6.892878584221487,6.751499999999998,6.7821261947404965,6.782126194740498,6.708592688406398
003,2014-10-01 13:28:15,6.9,3,7.268000000000011,7.766611924729627,7.17,7.401537308243213,7.401537308243213,7.185239300081429
003,2014-10-01 13:43:15,5.9,3,8.442,8.688329361690032,8.5585,8.562943120563345,8.562943120563345,8.45548702389421
003,2014-10-01 13:53:15,5.4,3,7.522000000000002,8.011524759970687,7.630500000000001,7.721341586656897,7.721341586656897,7.5371619835232115
003,2014-10-01 14:18:15,5.6,3,7.277000000000007,7.742414428264953,7.1745,7.39797147608832,7.397971476088322,7.189878134440798
003,2014-10-01 14:28:15,5.8,3,7.477500000000003,7.996491934173841,7.605,7.692997311391281,7.692997311391282,7.494754516855536
003,2014-10-01 14:43:15,5.7,3,6.940500000000002,6.762086049586597,7.064999999999999,6.922528683195533,6.922528683195533,6.781997483228644
003,2014-10-01 14:48:15,5.7,3,7.390500000000004,7.701392927977881,7.357,7.482964309325961,7.482964309325962,7.363613843136343
003,2014-10-01 15:33:15,4.8,3,5.270999999999998,4.803704742979238,5.2935,5.122734914326412,5.122734914326412,4.852820179440124
003,2014-10-01 15:48:15,4.8,3,5.746499999999994,6.220501502313924,5.844499999999999,5.9371671674379725,5.937167167437973,5.760513195857266
003,2014-10-01 15:58:15,4.9,3,5.124500000000003,6.090549242262171,5.166,5.460349747420725,5.460349747420725,5.138087400632996
003,2014-10-01 16:23:15,5.2,3,5.740999999999997,4.979061526973352,5.862999999999999,5.527687175657783,5.527687175657783,5.059998801957289
003,2014-10-01 16:48:15,5.4,3,5.220999999999998,5.107124518581405,5.292999999999999,5.207041506193801,5.207041506193802,5.119758660454453
003,2014-10-01 16:58:15,5.5,3,6.020999999999994,6.513590921754089,5.832999999999999,6.122530307251361,6.1225303072513615,5.857595276531998
003,2014-10-01 17:18:15,5.8,3,6.941000000000003,7.515339016630383,7.022500000000001,7.159613005543463,7.159613005543464,6.954455270145712
003,2014-10-01 17:23:15,5.8,3,8.477499999999997,9.155437306437655,8.415999999999999,8.682979102145884,8.682979102145884,8.429213767159261
003,2014-10-01 17:33:15,5.8,3,8.954500000000003,8.08215005423566,8.8505,8.629050018078555,8.629050018078555,8.163578125029726
003,2014-10-01 17:43:15,5.8,3,7.541500000000001,7.698828966084598,7.4289999999999985,7.556442988694866,7.556442988694866,7.44234352276125
003,2014-10-01 18:08:15,5.7,3,6.428000000000005,7.331829853062587,6.443999999999999,6.734609951020864,6.734609951020864,6.438552287238242
003,2014-10-01 18:58:15,5.4,3,7.920000000000003,7.823963047893829,7.946500000000001,7.896821015964611,7.896821015964612,7.834275846227538
003,2014-10-01 20:33:15,5.8,3,10.430500000000006,8.701593869364283,10.119499999999999,9.750531289788096,9.750531289788096,8.853051297560556
003,2014-10-01 21:08:16,6.9,3,10.299500000000005,12.565552310908329,10.468000000000002,11.111017436969446,11.111017436969446,10.338104716686141
003,2014-10-01 21:28:16,7.7,3,9.347500000000004,9.006286715032656,9.405000000000003,9.252928905010888,9.252928905010888,9.042560914152848
003,2014-10-01 21:48:16,8.4,3,8.157000000000005,8.422781873498682,8.517999999999999,8.36592729116623,8.36592729116623,8.18575942219784
004,2014-10-01 09:04:56,15.8,3,14.2465,12.448146030511758,14.421,13.705215343503918,13.70521534350392,12.63804254533773
004,2014-10-01 09:59:56,13.5,3,10.784,9.962470848533199,11.064,10.6034902828444,10.603490282844401,10.051222756191375
004,2014-10-01 10:09:56,13.2,3,10.445500000000004,9.229455741748133,10.7135,10.129485247249379,10.12948524724938,9.359363514015136
004,2014-10-01 10:19:56,12.5,3,10.272500000000006,11.231505847340236,10.409,10.63766861578008,10.637668615780083,10.295006274635233
004,2014-10-01 10:24:56,12.3,3,9.192499999999999,10.271081291765014,9.164,9.542527097255004,9.542527097255006,9.177767605303083
004,2014-10-01 10:44:56,11.0,3,9.116000000000005,8.700291649606797,8.946000000000002,8.920763883202268,8.92076388320227,8.727698712352082
004,2014-10-01 11:09:56,9.8,3,13.609499999999995,11.31222303678363,13.924,12.948574345594542,12.948574345594544,11.555719017701456
004,2014-10-01 11:14:56,9.7,3,8.762500000000005,8.397455241033674,8.6635,8.607818413677892,8.607818413677895,8.42627998617301
004,2014-10-01 11:19:56,9.7,3,9.981500000000004,11.373051067632783,9.9515,10.435350355877596,10.435350355877597,9.968554239503101
004,2014-10-01 12:00:00,10.0,3,11.503000000000009,9.899908875059445,11.69,11.030969625019816,11.03096962501982,10.069501152586083
004,2014-10-01 13:19:56,9.0,3,9.685500000000001,10.040626993707235,9.379499999999998,9.701875664569078,9.701875664569078,9.41506630397018
004,2014-10-01 14:14:56,8.5,3,10.713000000000005,11.01135577306627,10.515999999999998,10.746785257688757,10.746785257688758,10.53959454369315
004,2014-10-01 14:39:56,6.4,3,10.746500000000001,10.722224416820145,10.6745,10.71440813894005,10.71440813894005,10.679735889258943
004,2014-10-01 16:34:56,4.5,3,6.839499999999992,6.300260537899484,6.876,6.671920179299826,6.671920179299827,6.357043086040478
004,2014-10-01 16:59:56,4.3,3,9.397000000000004,6.761872001935465,9.385,8.514624000645156,8.514624000645156,7.036434917397048
004,2014-10-01 17:34:56,3.3,3,10.226000000000004,9.813762455073228,9.801,9.946920818357745,9.946920818357745,9.80645763830389
004,2014-10-01 17:44:56,3.2,3,7.271500000000003,9.648499226148035,7.427,8.115666408716011,8.115666408716013,7.309984070013601
004,2014-10-01 19:34:56,5.7,3,9.0425,9.292785971721727,9.0165,9.11726199057391,9.117261990573912,9.021723091367086
004,2014-10-01 19:49:56,6.6,3,10.415500000000007,9.757614004332693,10.232499999999998,10.1352046681109,10.1352046681109,9.809128616467124
004,2014-10-02 07:24:56,10.3,3,10.395000000000005,9.99962547046606,10.250500000000002,10.21504182348869,10.21504182348869,10.02731804105779
004,2014-10-02 07:39:56,9.7,3,9.361,9.597006554817586,9.557500000000001,9.505168851605863,9.505168851605864,9.381953739363553
004,2014-10-02 07:44:56,9.5,3,8.909500000000007,8.786561485085814,8.8585,8.851520495028607,8.851520495028607,8.794598001436364
004,2014-10-02 08:19:56,7.3,3,10.466000000000006,10.274004840390248,10.415500000000003,10.385168280130086,10.385168280130086,10.289313671600791
004,2014-10-02 08:24:56,7.1,3,10.147500000000003,9.098081216404843,9.796499999999998,9.680693738801613,9.680693738801615,9.174662788712565
004,2014-10-02 09:04:56,12.0,3,13.669499999999996,11.871848174448834,13.947000000000003,13.162782724816276,13.162782724816278,12.062701227960943
004,2014-10-02 09:49:56,17.4,3,9.042000000000003,9.142921990309056,8.8745,9.019807330103019,9.01980733010302,8.893033789185917
004,2014-10-02 10:09:56,19.5,3,7.650500000000002,8.139845021954047,7.468500000000001,7.752948340651351,7.752948340651351,7.492435071768644
004,2014-10-02 10:14:56,19.8,3,10.317500000000003,9.399087183638159,10.5975,10.104695727879387,10.104695727879388,9.497975476357993
004,2014-10-02 10:24:56,19.6,3,9.002500000000005,7.937033439515108,8.900000000000002,8.613177813171704,8.613177813171706,8.038808136268937
004,2014-10-02 10:59:56,14.2,3,9.357500000000002,8.73432641200982,9.1945,9.095442137336606,9.095442137336608,8.784101748874669
004,2014-10-02 11:09:56,12.9,3,8.555500000000004,8.701187507264478,8.283000000000001,8.513229169088161,8.513229169088161,8.31296699524919
004,2014-10-02 11:24:56,11.4,3,9.045500000000002,8.715800832032139,8.995999999999999,8.919100277344047,8.919100277344047,8.745611472223446
004,2014-10-02 11:29:56,11.0,3,8.937499999999998,8.83659812637459,8.802,8.858699375458196,8.858699375458198,8.806628823289728
004,2014-10-02 11:39:56,10.3,3,8.935000000000008,8.842347339640183,8.865,8.88078244654673,8.880782446546732,8.845417358242663
004,2014-10-02 11:49:56,9.7,3,8.895000000000003,8.686732814697773,8.715499999999999,8.765744271565925,8.765744271565927,8.69153756115688
004,2014-10-02 12:09:56,8.6,3,9.326000000000004,8.826615278926154,9.485000000000001,9.212538426308718,9.21253842630872,8.880453052915678
004,2014-10-02 12:39:56,6.5,3,9.280000000000003,9.164183465290558,9.236,9.22672782176352,9.226727821763522,9.172137219548276
004,2014-10-02 13:04:56,5.7,3,7.094500000000004,7.1485953362890164,7.115,7.1193651120963395,7.119365112096341,7.096980751394521
004,2014-10-02 13:09:56,5.9,3,8.205500000000002,7.883243527567033,8.203999999999999,8.097581175855678,8.09758117585568,7.916817447113704
004,2014-10-02 13:14:56,6.1,3,9.06900000000001,8.948478802436371,8.848500000000001,8.955326267478794,8.955326267478796,8.860165423618087
004,2014-10-02 13:29:56,6.4,3,7.8960000000000035,7.603691196031662,7.689000000000002,7.729563732010557,7.729563732010556,7.614686569438099
004,2014-10-02 13:44:56,6.2,3,10.176000000000005,9.922101700709886,10.074499999999999,10.05753390023663,10.057533900236631,9.939061265214333
004,2014-10-02 13:49:56,6.1,3,8.613500000000002,8.631142066859677,8.625499999999999,8.623380688953226,8.623380688953226,8.614811912199306
004,2014-10-02 14:44:56,7.4,3,8.636500000000007,8.513129347832722,8.655500000000002,8.60170978261091,8.60170978261091,8.526226915243905
004,2014-10-02 14:49:56,7.4,3,8.720000000000006,8.947830403928164,8.689,8.785610134642724,8.785610134642726,8.69452165716028
004,2014-10-02 15:09:56,6.9,3,8.798,9.119515611586149,8.623,8.846838537195381,8.846838537195385,8.644524407605383
004,2014-10-02 15:54:56,5.6,3,8.528,9.475934793078695,8.652000000000001,8.8853115976929,8.8853115976929,8.549212760414791
004,2014-10-02 16:09:56,5.2,3,8.731500000000006,9.475297372342595,8.639999999999999,8.948932457447533,8.948932457447535,8.657011096645089
004,2014-10-02 16:34:56,5.8,3,9.800500000000008,9.699132620471886,9.924,9.807877540157298,9.8078775401573,9.710973111012535
004,2014-10-02 16:49:56,7.4,3,8.808000000000009,8.80134773613038,8.661,8.75678257871013,8.75678257871013,8.67575030547753
004,2014-10-02 17:14:56,9.7,3,9.881000000000004,9.8209838924555,9.6105,9.770827964151835,9.770827964151836,9.633121889769509
004,2014-10-02 17:19:56,10.2,3,9.248000000000005,10.287197412434683,9.281,9.60539913747823,9.60539913747823,9.2615145758338
004,2014-10-02 17:49:56,12.7,3,8.97250000000001,8.788138044897428,9.000000000000002,8.92021268163248,8.920212681632481,8.807701784332131
004,2014-10-02 17:59:56,13.4,3,9.293000000000006,8.988872263404744,9.479500000000002,9.25379075446825,9.253790754468252,9.022556413200526
004,2014-10-02 18:04:56,13.8,3,9.047000000000006,9.486473419730443,8.995000000000001,9.176157806576816,9.176157806576818,9.004835197497048
004,2014-10-02 18:14:56,14.4,3,9.053000000000008,7.92744356285291,9.0695,8.683314520950972,8.683314520950974,8.045369110700792
004,2014-10-02 19:24:56,10.3,3,10.1125,7.95763371287065,10.116,9.395377904290216,9.395377904290218,8.183120077312648
004,2014-10-03 08:24:57,6.8,3,9.046000000000008,8.354512073294439,8.770000000000001,8.723504024431483,8.723504024431485,8.40074220438537
004,2014-10-03 08:49:57,4.2,3,9.359499999999999,9.934296780309202,9.190000000000001,9.494598926769735,9.494598926769735,9.213481785674373
004,2014-10-03 08:59:57,3.4,3,8.3495,8.689264619695031,7.926000000000003,8.32158820656501,8.321588206565012,7.973706034801601
004,2014-10-03 09:09:57,3.6,3,8.845499999999998,9.21162114292745,8.769999999999998,8.942373714309149,8.94237371430915,8.78156034564332
004,2014-10-03 09:34:57,8.3,3,10.067500000000006,10.047433616022913,10.316,10.143644538674307,10.143644538674309,10.052018047284177
004,2014-10-03 09:54:57,12.9,3,9.263499999999999,9.213518804383943,9.3415,9.272839601461314,9.272839601461316,9.219528051699834
004,2014-10-03 10:24:57,18.0,3,9.440000000000005,9.835829298274904,9.5755,9.617109766091636,9.617109766091637,9.456779884850354
004,2014-10-03 10:29:57,18.7,3,10.856000000000009,10.101910345329664,10.440500000000002,10.466136781776557,10.466136781776559,10.141490048981721
004,2014-10-03 10:34:57,19.4,3,10.615,9.786059600269986,10.566500000000001,10.322519866756663,10.322519866756664,9.868197626277082
004,2014-10-03 10:54:57,19.8,3,9.50750000000001,8.87371293249805,9.49,9.290404310832686,9.290404310832688,8.93836653197596
004,2014-10-03 10:59:57,19.0,3,9.346500000000006,8.518215133987463,9.565999999999999,9.143571711329155,9.143571711329157,8.607068853511981
004,2014-10-03 11:19:57,14.3,3,10.758000000000004,10.745453428483964,10.6675,10.72365114282799,10.723651142827991,10.675781288152777
004,2014-10-03 11:39:57,10.9,3,8.773,9.339990204535892,8.9785,9.030496734845297,9.030496734845299,8.79811519450877
004,2014-10-03 12:19:57,9.6,3,6.855000000000001,6.6493706912326935,6.9035,6.802623563744231,6.802623563744232,6.671369512534621
004,2014-10-03 12:29:57,8.7,3,9.408000000000003,9.382505842822061,9.958,9.582835280940687,9.582835280940689,9.390673151023684
004,2014-10-03 12:54:57,6.3,3,10.875500000000004,9.45725160921211,10.96,10.430917203070704,10.430917203070706,9.606479846135246
004,2014-10-03 13:24:57,5.1,3,8.288500000000006,10.125920647473084,8.2655,8.89330688249103,8.893306882491032,8.286280565241922
004,2014-10-03 13:59:57,3.1,3,6.311499999999998,7.322481466049351,6.2905,6.64149382201645,6.64149382201645,6.302806924839234
004,2014-10-03 15:19:57,8.5,3,8.109000000000004,8.290163481966687,8.1635,8.187554493988896,8.187554493988898,8.115968658854976
004,2014-10-03 15:29:57,8.8,3,9.40350000000001,9.279148687685833,9.304000000000002,9.328882895895282,9.328882895895283,9.282743738697285
004,2014-10-03 15:49:57,9.2,3,7.860499999999997,6.719379389827765,7.948999999999999,7.509626463275921,7.509626463275921,6.839653328293611
004,2014-10-04 06:44:57,8.9,3,9.608500000000003,9.342094871800183,9.649000000000001,9.533198290600062,9.533198290600064,9.370372320316234
004,2014-10-04 07:04:57,11.8,3,11.769000000000005,9.57173941065075,11.701500000000001,11.014079803550253,11.014079803550253,9.795239109181455
004,2014-10-04 07:14:57,14.3,3,12.202500000000004,11.215935711732518,12.267999999999999,11.895478570577508,11.89547857057751,11.319809304100934
004,2014-10-04 07:24:57,17.2,3,8.821000000000002,8.687427951696082,8.811000000000002,8.773142650565362,8.773142650565363,8.70045659003592
004,2014-10-04 07:59:57,22.2,3,7.550499999999999,9.223167208144375,7.6465,8.140055736048124,8.140055736048124,7.576310604327122
004,2014-10-04 08:04:57,22.2,3,8.489499999999998,6.940253038883996,8.423,7.950917679627999,7.950917679627999,7.096049393206289
004,2014-10-04 08:14:57,22.2,3,11.238500000000009,10.217343428356434,11.392000000000001,10.949281142785482,10.949281142785482,10.325716213958735
004,2014-10-04 08:49:58,22.2,3,10.186000000000003,9.903163435290361,10.228000000000002,10.105721145096789,10.105721145096789,9.93317501125437
004,2014-10-04 09:04:58,22.2,3,9.415000000000003,9.236793489482684,9.702999999999998,9.451597829827561,9.451597829827563,9.258318219872008
004,2014-10-04 09:14:58,22.2,3,10.662500000000007,10.784998583594476,10.668999999999999,10.705499527864825,10.705499527864829,10.664340043748416
004,2014-10-04 09:59:58,22.2,3,11.555000000000005,12.671822132113205,11.635499999999997,11.954107377371068,11.95410737737107,11.573785477006313
004,2014-10-04 10:39:58,22.2,3,9.195500000000004,9.041150300392276,9.092500000000001,9.109716766797428,9.109716766797428,9.047552726472441
004,2014-10-04 11:34:58,22.2,3,8.466000000000006,7.867743348569965,8.579,8.304247782856658,8.304247782856658,7.931465528491755
004,2014-10-04 12:39:58,19.8,3,11.192000000000002,10.372931121961507,11.115500000000003,10.893477040653837,10.893477040653838,10.451386866740368
004,2014-10-04 13:14:58,22.2,3,9.485500000000007,10.187601524525808,9.624999999999998,9.766033841508603,9.766033841508605,9.50572110428977
004,2014-10-04 13:39:58,17.8,3,10.915000000000012,11.071880809985196,10.6945,10.893793603328403,10.893793603328403,10.71913846497665
004,2014-10-04 14:04:58,13.6,3,9.4815,9.455951904952247,9.583499999999999,9.506983968317416,9.506983968317417,9.45964485636543
004,2014-10-04 14:49:58,10.9,3,8.708,7.783480196767727,8.396999999999998,8.296160065589243,8.296160065589243,7.850779273174488
004,2014-10-04 14:59:58,10.2,3,11.636500000000005,9.436334683741737,11.376,10.816278227913914,10.816278227913916,9.641875798489627
004,2014-10-04 15:04:58,10.0,3,8.992500000000001,8.781618926177051,8.982000000000001,8.918706308725683,8.918706308725685,8.802688654601994
004,2014-10-04 15:39:58,9.4,3,10.384999999999998,10.148796547199558,10.509500000000001,10.347765515733187,10.347765515733187,10.174754166742511
004,2014-10-04 16:04:58,10.8,3,10.181000000000006,9.282811711136782,10.21,9.89127057037893,9.89127057037893,9.377074026941024
004,2014-10-04 16:09:58,11.3,3,9.506500000000006,9.229286546078363,9.6065,9.44742884869279,9.447428848692791,9.259289808044823
004,2014-10-04 16:19:58,12.5,3,11.411,11.328921269818812,11.570500000000003,11.436807089939606,11.436807089939606,11.33910369903497
004,2014-10-04 16:44:58,15.7,3,9.433000000000003,10.18101550257671,9.480500000000001,9.698171834192237,9.69817183419224,9.444974809001495
005,2014-10-01 11:45:12,8.7,3,9.7735,9.352514239417292,9.913499999999997,9.679838079805764,9.679838079805764,9.39795957749739
005,2014-10-01 11:50:12,8.5,3,8.5885,8.629712490366542,8.448,8.555404163455513,8.555404163455515,8.463111838242396
005,2014-10-01 12:25:12,6.7,3,8.563000000000004,6.782419428648289,8.345500000000001,7.896973142882764,7.896973142882766,6.948130630244108
005,2014-10-01 12:40:12,5.8,3,8.960000000000004,8.681523618957785,8.866,8.835841206319264,8.835841206319264,8.701764330125664
005,2014-10-01 13:00:12,4.8,3,9.518000000000006,9.054234370899737,9.6175,9.396578123633248,9.39657812363325,9.103750522530559
005,2014-10-01 13:15:12,4.4,3,9.041500000000008,7.884652442798001,8.917499999999999,8.614550814266003,8.614550814266003,7.993953389513157
005,2014-10-01 13:25:12,4.4,3,9.283000000000001,9.138563423903065,9.664,9.361854474634356,9.361854474634356,9.157484998737603
005,2014-10-01 14:10:12,5.8,3,8.547500000000007,8.434977622255591,8.464499999999997,8.482325874085198,8.4823258740852,8.438896380190966
005,2014-10-01 14:15:12,6.2,3,8.826,8.660599055815018,8.869499999999999,8.78536635193834,8.78536635193834,8.678339012864658
005,2014-10-01 14:20:12,6.5,3,8.034000000000002,9.07076123386475,8.068000000000001,8.390920411288251,8.390920411288253,8.047584838342326
005,2014-10-01 14:25:12,6.9,3,9.987000000000002,8.704595823923746,10.0645,9.58536527464125,9.585365274641251,8.839541455758013
005,2014-10-01 15:20:12,8.6,3,8.915500000000002,7.68585537929541,8.732499999999998,8.444618459765136,8.444618459765138,7.797189834041914
005,2014-10-01 15:40:12,9.0,3,9.5695,9.085117363392074,9.422,9.358872454464025,9.358872454464027,9.12183847148412
005,2014-10-01 16:00:12,9.7,3,10.510000000000012,9.592138749307026,10.421499999999998,10.174546249769012,10.174546249769012,9.679795084819048
005,2014-10-01 16:45:12,13.4,3,9.914500000000007,9.057692690388663,9.8325,9.601564230129556,9.601564230129558,9.13957635831778
005,2014-10-01 17:00:12,13.8,3,9.277500000000003,7.904165838755078,9.4255,8.869055279585027,8.869055279585028,8.049329956111585
005,2014-10-01 18:15:12,9.8,3,10.359500000000008,9.625908467415055,10.333999999999998,10.106469489138354,10.106469489138354,9.700247044259058
005,2014-10-01 18:20:12,9.3,3,9.0305,9.049843314272994,8.9365,9.005614438091,9.005614438091,8.946528116799957
005,2014-10-01 18:35:12,7.7,3,8.479,9.202462697074592,8.7205,8.800654232358198,8.800654232358198,8.509086394026287
005,2014-10-01 19:00:12,5.7,3,9.754000000000005,9.231725862578063,9.879000000000001,9.621575287526023,9.621575287526024,9.287618425598248
005,2014-10-01 19:10:12,5.7,3,10.237500000000002,10.201973232729411,10.367500000000001,10.268991077576471,10.268991077576473,10.20699019568122
005,2014-10-01 19:30:12,5.6,3,9.924000000000001,9.557538816721847,9.6355,9.70567960557395,9.705679605573952,9.568580450499333
005,2014-10-01 19:55:12,5.6,3,8.471999999999998,8.44526573150281,8.412,8.443088577167602,8.443088577167604,8.415747746365358
005,2014-10-01 20:15:12,6.2,3,8.845000000000004,9.224627498468763,8.890499999999998,8.986709166156254,8.986709166156256,8.853101680371964
005,2014-10-01 21:00:12,8.9,3,9.823,9.14677133120524,9.752,9.573923777068414,9.573923777068416,9.210802953523142
005,2014-10-01 22:15:12,13.2,3,10.702,10.733521563095229,10.392999999999999,10.60950718769841,10.60950718769841,10.425644122546737
005,2014-10-02 09:25:12,9.6,3,8.309,7.363889095631365,8.1515,7.941463031877123,7.941463031877123,7.44786733062552
005,2014-10-02 09:30:12,9.3,3,9.234499999999999,9.441751012224115,9.130499999999998,9.268917004074703,9.268917004074705,9.143453436721725
005,2014-10-02 09:35:12,8.9,3,9.976500000000007,8.753487334237532,9.7345,9.488162444745846,9.488162444745848,8.858545092019552
005,2014-10-02 09:40:12,8.6,3,10.384500000000005,9.437102997883674,10.252000000000002,10.024534332627894,10.024534332627896,9.523686021596859
005,2014-10-02 09:45:12,8.3,3,9.146000000000004,9.435552351506631,9.1975,9.259684117168879,9.259684117168879,9.153768674667699
005,2014-10-02 10:00:12,7.8,3,10.00600000000001,9.457177173121796,10.015500000000001,9.826225724373936,9.826225724373938,9.514692374038965
005,2014-10-02 11:10:12,6.1,3,8.5225,8.518342810681501,8.541,8.527280936893835,8.527280936893835,8.51896275367991
005,2014-10-02 11:40:12,4.7,3,9.210500000000007,9.286220037992463,9.0875,9.194740012664155,9.194740012664157,9.101125988569702
005,2014-10-02 11:45:12,4.7,3,9.058500000000006,8.341961742765426,8.960999999999999,8.787153914255143,8.787153914255144,8.407703183527394
005,2014-10-02 12:05:12,5.6,3,9.171500000000004,9.413531740842163,9.295,9.293343913614057,9.293343913614057,9.185606417745316
005,2014-10-02 12:35:12,8.4,3,8.986500000000007,8.41655112097168,9.072999999999999,8.82535037365723,8.82535037365723,8.477046620184835
005,2014-10-02 13:50:12,10.4,3,10.009500000000008,9.756720239333248,9.818000000000001,9.86140674644442,9.86140674644442,9.765046591043332
005,2014-10-02 14:10:12,10.7,3,10.988499999999997,9.984808854190701,10.6725,10.5486029513969,10.548602951396902,10.059918054966365
005,2014-10-02 14:30:12,11.0,3,8.549500000000007,9.081673545418354,8.4585,8.696557848472787,8.69655784847279,8.473342546228734
005,2014-10-02 14:55:12,11.5,3,8.970000000000008,9.222416244885347,8.722500000000002,8.971638748295119,8.97163874829512,8.750918675269752
005,2014-10-02 15:10:12,11.3,3,8.125000000000007,7.413946404101697,7.820499999999999,7.7864821347005675,7.786482134700568,7.459526787137539
005,2014-10-02 15:15:12,11.2,3,9.93800000000001,9.523786325804446,9.972,9.811262108601484,9.811262108601486,9.567463139125852
005,2014-10-02 16:00:12,11.0,3,9.137000000000006,8.12918913431332,9.0935,8.786563044771109,8.786563044771109,8.230514478050111
005,2014-10-02 16:40:12,12.4,3,9.044000000000006,9.5153609494333,9.266,9.275120316477768,9.27512031647777,9.069720202812475
005,2014-10-02 16:55:12,12.7,3,8.215500000000008,8.398588441897882,7.942,8.185362813965964,8.185362813965964,7.972445628889748
005,2014-10-02 17:00:12,12.8,3,9.90700000000001,8.849886417476105,9.432499999999997,9.396462139158706,9.396462139158706,8.915586952354062
005,2014-10-02 17:35:12,12.3,3,8.357500000000005,7.225855304003219,8.518,8.033785101334407,8.03378510133441,7.345857831636314
005,2014-10-02 17:40:12,12.0,3,8.400500000000005,8.415836200028119,8.516,8.444112066676041,8.444112066676043,8.403106177103767
005,2014-10-02 18:30:12,7.5,3,8.083500000000006,8.115737338196412,8.253999999999998,8.15107911273214,8.15107911273214,8.088255435374558
005,2014-10-02 18:55:12,6.8,3,9.043000000000005,9.29259189510148,8.735000000000001,9.023530631700496,9.023530631700497,8.769720201572577
005,2014-10-02 19:35:12,7.6,3,7.9760000000000035,8.590190291354396,7.998499999999999,8.188230097118133,8.188230097118135,7.9842709495336255
005,2014-10-02 20:45:12,7.8,3,9.592500000000008,8.182286839990708,9.49,9.088262279996906,9.088262279996906,8.320130406406541
005,2014-10-02 21:55:12,9.0,3,11.620000000000003,10.793105984640068,11.6075,11.340201994880024,11.340201994880024,10.878436383718858
005,2014-10-02 22:30:12,9.0,3,7.945999999999997,8.603576519966389,7.837999999999999,8.12919217332213,8.129192173322128,7.855875188976053
005,2014-10-02 23:00:00,9.4,3,7.843999999999999,7.949368484601054,7.798499999999999,7.863956161533683,7.863956161533685,7.804314090233283
005,2014-10-03 09:20:13,7.2,3,8.879000000000001,7.6735011840626575,8.958999999999998,8.503833728020886,8.503833728020886,7.800425646870204
005,2014-10-03 09:50:13,7.7,3,9.812000000000001,8.143296483925546,10.1455,9.366932161308517,9.366932161308517,8.321218411567038
005,2014-10-03 10:15:13,8.3,3,10.049500000000007,8.670402578039456,10.084499999999998,9.601467526013154,9.601467526013154,8.815039672480774
005,2014-10-03 11:05:13,8.4,3,6.650999999999997,7.621838034155484,6.4665,6.913112678051827,6.913112678051828,6.4955115626262225
005,2014-10-03 11:10:13,8.4,3,8.290499999999994,8.604478778648762,8.614000000000003,8.502992926216253,8.502992926216255,8.323445020331528
005,2014-10-03 11:40:13,8.2,3,9.504500000000002,10.811558982336201,9.554999999999998,9.957019660778734,9.957019660778736,9.522349116681767
005,2014-10-03 11:50:13,8.3,3,8.9575,8.47558565442409,9.181,8.87136188480803,8.871361884808032,8.528240602707283
005,2014-10-03 11:55:13,8.3,3,12.017999999999999,10.682069964492364,12.14,11.613356654830788,11.613356654830788,10.82306070159247
005,2014-10-03 12:45:13,8.5,3,13.347499999999991,13.4525043210019,13.302,13.367334773667297,13.367334773667299,13.30781044859729
005,2014-10-03 12:55:13,8.0,3,7.0535000000000005,6.153711854931795,6.985499999999999,6.730903951643931,6.730903951643932,6.241417102554988
005,2014-10-03 13:25:13,7.5,3,11.223000000000004,13.92443304571881,11.713499999999996,12.28697768190627,12.286977681906272,11.29642754677497
005,2014-10-03 13:45:13,7.9,3,7.362000000000002,6.371412029948987,7.248499999999999,6.9939706766496625,6.993970676649663,6.464311739789561
005,2014-10-03 13:50:13,7.9,3,6.581999999999993,6.352722742274891,6.466999999999998,6.467240914091627,6.467240914091628,6.365828919710444
005,2014-10-03 14:00:13,7.9,3,7.0685,7.726531492893506,7.037499999999999,7.277510497631169,7.2775104976311695,7.047323668049933
005,2014-10-03 14:45:13,8.7,3,9.065499999999997,8.889972553081316,9.063999999999998,9.006490851027104,9.006490851027104,8.908195051891107
005,2014-10-03 14:50:13,8.8,3,9.215499999999999,7.766569461508942,9.2255,8.735856487169647,8.735856487169649,7.918262796480856
005,2014-10-03 14:55:13,8.9,3,8.625500000000004,8.046516598497995,8.447000000000001,8.373005532832666,8.373005532832668,8.09020189172931
005,2014-10-03 15:20:13,9.9,3,8.977000000000006,8.34858305932953,9.025,8.783527686443179,8.78352768644318,8.414810738226747
005,2014-10-03 15:40:13,10.6,3,9.302000000000007,9.67749812146233,8.9625,9.313999373820778,9.31399937382078,9.001774929104299
005,2014-10-03 15:55:13,11.0,3,8.811500000000006,8.777515070851269,8.74,8.776338356950426,8.776338356950426,8.744264837102131
005,2014-10-03 16:45:13,10.5,3,9.901000000000005,9.717439616285544,9.8185,9.812313205428516,9.812313205428518,9.72883798760586
005,2014-10-03 17:05:13,10.4,3,8.471000000000005,7.726608195607064,8.4275,8.20836939853569,8.208369398535691,7.8003735059703585
005,2014-10-03 17:20:13,10.5,3,9.516500000000008,9.734060660487499,9.6735,9.641353553495836,9.641353553495836,9.533531620798339
005,2014-10-03 17:45:13,11.0,3,9.594500000000007,8.992349470599628,9.3515,9.312783156866544,9.312783156866546,9.032355341258981
005,2014-10-03 18:25:13,10.7,3,9.815500000000009,9.049668179728165,9.947499999999998,9.604222726576056,9.604222726576058,9.131112793419806
005,2014-10-03 19:05:13,9.7,3,9.461000000000007,9.883782666573998,9.3145,9.553094222191335,9.553094222191337,9.334055285769827
005,2014-10-03 19:10:13,9.7,3,8.404500000000011,9.500571364600681,8.3255,8.74352378820023,8.743523788200232,8.344726032889847
005,2014-10-03 19:15:13,9.8,3,8.925000000000004,6.72061934012382,8.943,8.196206446707942,8.196206446707942,6.951431110868491
005,2014-10-03 19:35:13,10.3,3,11.32450000000001,9.94350646382662,11.499499999999998,10.922502154608877,10.922502154608877,10.089741937879227
005,2014-10-03 19:45:13,11.0,3,8.823000000000011,9.433358374834784,8.7395,8.998619458278265,8.998619458278265,8.754339712316204
005,2014-10-03 19:55:13,12.0,3,9.860000000000008,10.649992117201577,9.743500000000001,10.084497372400529,10.08449737240053,9.763588651449327
005,2014-10-03 20:00:13,12.4,3,9.537500000000007,9.00234437417694,9.859000000000002,9.466281458058981,9.466281458058983,9.06154965382967
005,2014-10-03 20:30:00,13.5,3,9.887500000000006,10.206205860528822,9.843499999999999,9.979068620176276,9.979068620176278,9.851290527551221
005,2014-10-03 20:30:13,13.5,3,9.280500000000009,9.493061225177838,9.333,9.36885374172595,9.36885374172595,9.28759338769864
005,2014-10-03 20:45:13,13.4,3,8.578000000000005,6.5999634685911435,8.824,8.000654489530383,8.000654489530383,6.809374144642754
005,2014-10-03 20:50:13,13.5,3,10.33350000000001,9.748942015951146,10.405500000000002,10.162647338650386,10.162647338650387,9.810820982466343
005,2014-10-03 21:20:13,14.2,3,10.480000000000004,9.518328257399563,10.607000000000001,10.201776085799857,10.201776085799857,9.62021248474608
005,2014-10-03 21:30:13,14.0,3,11.481500000000013,14.551602353564558,11.3115,12.448200784521525,12.448200784521525,11.359987153554039
005,2014-10-03 21:35:13,13.9,3,10.912000000000008,11.210328328752409,10.363500000000002,10.828609442917474,10.828609442917474,10.423869708670406
005,2014-10-03 22:25:13,11.0,3,11.131500000000019,9.99029299032519,11.008500000000002,10.710097663441736,10.710097663441736,10.098052180088233
005,2014-10-03 22:35:13,10.1,3,11.64100000000001,10.243228745303336,11.4635,11.11590958176778,11.115909581767783,10.372673764090072
005,2014-10-03 22:40:13,9.6,3,10.207,9.997582152045617,10.125500000000002,10.110027384015206,10.110027384015208,10.011780466606732
005,2014-10-04 08:10:13,4.1,3,8.513999999999996,8.026456723563363,8.349,8.29648557452112,8.296485574521121,8.061852586217839
005,2014-10-04 09:15:13,11.1,3,9.186000000000014,7.320853354418899,9.1635,8.556784451472971,8.556784451472971,7.513863959220462
005,2014-10-04 09:40:13,10.7,3,7.528500000000003,7.856229207732912,7.656499999999999,7.68040973591097,7.680409735910972,7.543889201738239
005,2014-10-04 09:50:13,10.3,3,10.071500000000007,9.501410487164994,9.9625,9.845136829055,9.845136829055003,9.550741652020298
005,2014-10-04 10:25:13,7.9,3,8.271500000000003,8.081403690693712,8.2215,8.191467896897905,8.191467896897906,8.096561168178527
005,2014-10-04 10:55:13,6.5,3,6.788999999999998,6.250065867984116,6.4735000000000005,6.504188622661371,6.504188622661372,6.276597506352243
005,2014-10-04 11:10:14,5.6,3,6.548999999999996,6.131992098516285,6.470499999999999,6.383830699505427,6.3838306995054275,6.168193248798892
005,2014-10-04 11:25:00,3.6,3,6.554499999999994,6.380319204113179,6.562500000000001,6.4991064013710576,6.499106401371059,6.398622746950532
005,2014-10-04 11:45:14,4.6,3,6.9545,6.09239592645738,7.089000000000001,6.711965308819128,6.711965308819128,6.18393795670101
005,2014-10-04 11:55:14,4.9,3,6.962999999999999,6.267337457419068,6.978999999999998,6.736445819139689,6.73644581913969,6.340280659955961
005,2014-10-04 12:25:14,6.0,3,9.291,8.449099392178962,8.954,8.89803313072632,8.898033130726322,8.50529426192644
005,2014-10-04 12:30:14,5.9,3,8.767500000000005,7.223043955973183,8.595,8.19518131865773,8.195181318657731,7.368308888788384
005,2014-10-04 12:50:14,5.2,3,7.941500000000002,7.433671493484559,7.875500000000001,7.75022383116152,7.750223831161521,7.480557489147599
005,2014-10-04 13:05:14,4.4,3,9.818000000000007,9.312476031208831,10.475999999999999,9.868825343736278,9.86882534373628,9.371946119657858
005,2014-10-04 13:55:14,4.9,3,8.601,7.853782252803263,8.7635,8.406094084267755,8.406094084267757,7.933584382236753
005,2014-10-04 14:20:14,6.8,3,11.120500000000009,10.978409019370721,11.0705,11.056469673123578,11.056469673123578,10.988543973223623
005,2014-10-04 14:35:14,7.5,3,9.983500000000005,9.118589571098767,9.812500000000002,9.638196523699591,9.638196523699593,9.192899459978516
005,2014-10-04 14:40:14,7.7,3,10.783000000000007,11.43122314281306,10.555000000000001,10.92307438093769,10.92307438093769,10.585336570511624
005,2014-10-04 14:45:14,7.8,3,9.395500000000013,8.9858568983315,9.428000000000003,9.269785632777172,9.269785632777173,9.029040518728056
005,2014-10-04 14:50:00,6.7,3,9.381000000000006,8.440696218537159,9.212,9.01123207284572,9.011232072845722,8.52308333230644
006,2014-10-01 22:00:00,6.9,3,7.815500000000002,8.049233670357397,7.726000000000002,7.863577890119134,7.863577890119134,7.737701211036787
006,2014-10-01 23:00:06,12.2,3,8.686000000000005,7.985918356346347,8.4075,8.359806118782117,8.359806118782119,8.032811038272184
006,2014-10-01 23:05:06,12.9,3,8.176000000000007,8.73153216288917,7.9845000000000015,8.297344054296392,8.297344054296394,8.010090873973143
006,2014-10-01 23:10:06,13.4,3,8.959000000000001,9.613719304470619,8.982999999999999,9.185239768156874,9.185239768156874,8.967818176106125
006,2014-10-01 23:20:06,13.4,3,8.990000000000006,8.794804134271919,9.1335,8.972768044757307,8.97276804475731,8.816661363959522
006,2014-10-01 23:45:06,13.1,3,7.529,7.960732506129448,7.495500000000001,7.6617441687098164,7.661744168709817,7.503322238917859
006,2014-10-01 23:50:06,13.2,3,10.126500000000007,8.725251021002153,10.128,9.65991700700072,9.659917007000722,8.871870706464502
006,2014-10-01 23:55:06,13.0,3,7.0340000000000025,8.105099958791536,7.1240000000000006,7.421033319597179,7.42103331959718,7.053227186068242
006,2014-10-02 00:25:06,9.5,3,9.450000000000003,9.000594373985232,9.224,9.224864791328411,9.224864791328413,9.02622802993311
006,2014-10-02 00:30:06,8.8,3,8.616500000000002,8.88828216605937,8.595500000000001,8.700094055353125,8.700094055353125,8.600414931839335
006,2014-10-02 01:00:06,7.9,3,9.628000000000007,9.046918179651886,9.8195,9.498139393217299,9.498139393217299,9.109628454993281
006,2014-10-02 01:05:06,7.9,3,8.978000000000007,8.356049157354734,9.165,8.833016385784914,8.833016385784914,8.42299032530967
006,2014-10-02 08:15:06,13.1,3,10.182500000000001,9.109834183238497,10.2465,9.8462780610795,9.8462780610795,9.222701087257366
006,2014-10-02 08:25:06,13.4,3,9.004000000000005,8.799101360042991,8.697,8.833367120014332,8.833367120014334,8.709731269133565
006,2014-10-02 09:15:06,15.3,3,8.952000000000007,9.226242753958303,9.355500000000001,9.177914251319436,9.177914251319438,8.981985027039862
006,2014-10-02 09:40:07,14.6,3,8.856500000000006,8.512123750522722,8.849500000000003,8.739374583507578,8.739374583507578,8.547491502512846
006,2014-10-02 10:30:07,12.0,3,10.196000000000007,10.007514770108134,10.035499999999999,10.079671590036048,10.079671590036048,10.012047705034314
006,2014-10-02 11:25:07,7.7,3,8.521500000000005,9.371986527984062,8.29,8.727828842661355,8.727828842661356,8.322725389393124
006,2014-10-02 11:30:07,7.6,3,8.911000000000005,9.233697760101265,9.249,9.131232586700422,9.131232586700424,8.94491504779785
006,2014-10-02 11:40:07,7.5,3,9.966999999999999,9.498440313198138,9.8955,9.786980104399378,9.78698010439938,9.540697402695319
006,2014-10-02 12:00:00,7.2,3,10.560000000000002,9.91113197574949,10.297,10.256043991916497,10.256043991916497,9.95413314545102
006,2014-10-02 12:00:07,6.5,3,9.885000000000009,10.390261139887391,10.129000000000001,10.1347537132958,10.134753713295803,9.913140939189988
006,2014-10-02 12:15:07,5.6,3,9.485000000000003,9.40033993028756,9.7705,9.551946643429188,9.55194664342919,9.412052430330332
006,2014-10-02 15:35:07,5.1,3,7.918000000000007,8.72415500566772,7.76,8.13405166855591,8.134051668555909,7.7845921885443605
006,2014-10-02 15:40:07,5.2,3,9.784500000000007,8.534600419990364,9.86,9.393033473330123,9.393033473330124,8.666125281402064
006,2014-10-02 15:45:07,5.3,3,11.29,8.796452030196287,11.142999999999997,10.40981734339876,10.409817343398762,9.043427955404113
006,2014-10-02 15:50:07,5.4,3,9.927000000000008,8.613253317851546,9.7925,9.444251105950519,9.444251105950519,8.737976169689508
006,2014-10-02 16:50:07,5.9,3,8.365000000000004,9.164067399336586,8.263499999999999,8.59752246644553,8.59752246644553,8.282110039857287
006,2014-10-02 17:00:07,6.1,3,7.256,8.214204137284115,7.2725,7.580901379094705,7.580901379094707,7.267143342227565
006,2014-10-02 17:45:07,5.8,3,6.879000000000002,7.23717662704093,6.8425,6.986225542346978,6.986225542346978,6.84990055300965
006,2014-10-02 17:50:07,5.8,3,6.9190000000000005,7.957559552459768,7.0009999999999994,7.2925198508199225,7.292519850819923,6.937144787651116
006,2014-10-02 18:15:07,5.5,3,8.092500000000006,8.291442662718758,8.006,8.129980887572922,8.129980887572923,8.017039428077723
006,2014-10-02 18:20:07,5.4,3,7.914500000000003,8.366739777868876,7.9615,8.080913259289627,8.080913259289627,7.923469739607304
006,2014-10-02 18:40:07,5.1,3,6.608500000000003,7.760448924848679,6.697500000000002,7.0221496416162275,7.022149641616228,6.628441051434589
006,2014-10-02 18:50:07,4.9,3,7.456500000000001,8.570997084152651,7.5139999999999985,7.8471656947175505,7.8471656947175505,7.473085867759512
006,2014-10-02 19:05:07,4.8,3,6.820499999999998,8.136035616599493,7.006,7.320845205533164,7.320845205533165,6.8512081627448875
006,2014-10-02 19:50:07,4.7,3,7.862000000000005,8.292158846674393,8.025500000000001,8.0598862822248,8.0598862822248,7.881772660572674
006,2014-10-02 20:20:07,4.6,3,8.2495,8.089723073301593,8.484499999999999,8.274574357767198,8.274574357767198,8.108789621490988
006,2014-10-02 20:25:07,4.4,3,6.5215,7.537596131106534,6.319000000000001,6.792698710368845,6.792698710368845,6.350347380891799
006,2014-10-03 09:25:07,10.3,3,9.845500000000007,9.422902607435772,9.998000000000001,9.755467535811926,9.755467535811928,9.468641561374488
006,2014-10-03 09:45:07,12.4,3,12.0195,9.6905579773846,11.756999999999998,11.155685992461533,11.155685992461533,9.909383015559383
006,2014-10-03 09:55:07,13.4,3,11.229000000000008,9.456427513246409,11.0605,10.581975837748805,10.581975837748807,9.625937465060113
006,2014-10-03 10:00:07,13.9,3,12.152000000000008,9.761927552209158,12.209500000000002,11.374475850736388,11.37447585073639,10.012562195207938
006,2014-10-03 10:15:07,14.7,3,11.739500000000003,9.859349778123654,11.6545,11.084449926041218,11.084449926041222,10.048016103116852
006,2014-10-03 10:30:07,14.5,3,12.133000000000003,9.274484448968613,12.249,11.218828149656206,11.218828149656206,9.574714621028903
006,2014-10-03 10:45:07,14.7,3,10.476000000000006,9.454455136641418,10.586999999999998,10.172485045547141,10.172485045547141,9.562443546990355
006,2014-10-03 11:00:07,14.5,3,11.111000000000006,9.580197032909915,11.313000000000002,10.66806567763664,10.668065677636642,9.74237621294056
006,2014-10-03 11:10:07,13.3,3,9.718000000000004,9.084614722447611,9.725000000000001,9.50920490748254,9.50920490748254,9.150952210084576
006,2014-10-03 11:54:00,10.4,3,8.589,9.753919843933389,8.6395,8.994139947977795,8.994139947977798,8.605427725297737
006,2014-10-03 12:20:07,10.5,3,9.649000000000003,8.45416352198893,9.8225,9.308554507329644,9.308554507329646,8.580907445216143
006,2014-10-03 12:55:07,9.7,3,8.396,9.481272342050811,8.324000000000002,8.733757447350271,8.733757447350273,8.342385672604768
006,2014-10-03 13:20:07,10.0,3,9.969000000000005,9.019330332446568,10.033500000000002,9.67394344414886,9.67394344414886,9.119333851162047
006,2014-10-03 13:30:07,10.2,3,9.3885,9.366781743621427,9.349,9.368093914540475,9.368093914540477,9.35107758494028
006,2014-10-03 13:55:07,8.6,3,9.551000000000005,9.077496554279099,9.499999999999998,9.376165518093034,9.376165518093035,9.122210679095637
006,2014-10-03 14:55:07,6.1,3,8.038000000000004,8.003248254139127,7.9595,8.000249418046378,8.000249418046378,7.9644246476715255
006,2014-10-03 15:00:07,5.9,3,7.325500000000008,7.978722540892427,7.456500000000001,7.586907513630813,7.5869075136308135,7.344428007952516
006,2014-10-03 15:05:07,5.7,3,8.534,8.788770719919572,8.7535,8.692090239973192,8.692090239973192,8.55731773978177
006,2014-10-03 15:30:07,5.1,3,7.552000000000005,8.197855432133633,7.86,7.869951810711213,7.869951810711213,7.587602836942902
006,2014-10-03 15:35:07,5.0,3,8.670000000000002,8.378635517570071,8.4815,8.510045172523357,8.510045172523359,8.391282641445207
006,2014-10-03 16:10:07,4.2,3,7.797500000000002,8.179228211779993,7.836,7.937576070593333,7.937576070593332,7.804960317445494
006,2014-10-03 16:45:07,8.2,3,9.190499999999998,8.280415848116064,9.179,8.883305282705356,8.883305282705356,8.374544580809458
006,2014-10-03 17:05:07,10.9,3,8.025500000000005,8.035507916301011,7.9975,8.019502638767005,8.019502638767007,8.00052955940133
006,2014-10-03 17:10:07,11.4,3,7.8485000000000085,7.921977695783098,7.957999999999999,7.9094925652610355,7.909492565261036,7.856547775104823
006,2014-10-03 17:15:07,11.7,3,6.869500000000001,7.140367087067373,6.983,6.997622362355791,6.997622362355791,6.882948528265307
006,2014-10-03 18:00:07,11.3,3,6.993500000000004,7.617815890629021,7.0865,7.232605296876343,7.232605296876343,7.0085432182692955
006,2014-10-03 18:35:07,10.3,3,7.494500000000006,7.560197237587616,7.6185,7.557732412529208,7.557732412529208,7.501956554739319
006,2014-10-03 19:00:07,9.6,3,9.944500000000005,10.36104516286927,10.1575,10.154348387623093,10.154348387623093,9.968820426298802
006,2014-10-03 19:05:07,9.5,3,8.603499999999999,7.855299522131462,8.675500000000001,8.378099840710489,8.378099840710489,7.934299469067904
006,2014-10-03 19:45:07,9.0,3,9.064,8.693092065315911,9.165000000000001,8.974030688438637,8.974030688438638,8.732908046205
006,2014-10-03 19:50:07,8.9,3,8.3825,8.371386141862752,8.670999999999998,8.474962047287583,8.474962047287585,8.375433921426485
006,2014-10-03 20:10:07,8.5,3,8.635,8.957803528115553,8.743500000000003,8.778767842705186,8.778767842705186,8.648494771204659
006,2014-10-03 20:35:07,7.9,3,8.917000000000003,9.609405137248997,8.966500000000002,9.164301712416334,9.164301712416336,8.92860795393667
006,2014-10-03 20:55:07,9.2,3,10.7025,9.396173847877662,10.614,10.237557949292555,10.237557949292556,9.524473049533249
006,2014-10-03 21:00:07,9.8,3,8.651000000000005,7.777096531026257,8.653,8.360365510342087,8.360365510342088,7.86854806468916
006,2014-10-03 21:05:07,10.3,3,10.571999999999996,9.705486334404602,10.6455,10.307662111468199,10.3076621114682,9.796879715104577
006,2014-10-03 21:10:07,10.7,3,9.810000000000008,8.755039276684748,9.819,9.461346425561587,9.461346425561587,8.865503797797603
006,2014-10-03 21:20:07,11.2,3,11.025500000000006,9.58398750942863,11.22,10.609829169809545,10.609829169809547,9.736749736372412
006,2014-10-03 21:40:07,11.5,3,10.591500000000002,9.67480754058836,10.5775,10.281269180196121,10.281269180196123,9.7693911020573
006,2014-10-03 21:50:07,11.2,3,11.113000000000005,9.824528606263232,11.3255,10.754342868754412,10.754342868754414,9.961459016463145
006,2014-10-03 21:55:07,10.9,3,10.8475,10.004285344297784,10.791000000000002,10.547595114765928,10.54759511476593,10.087159809907762
006,2014-10-03 22:00:07,10.6,3,10.603499999999997,10.20606939153446,10.6335,10.481023130511486,10.481023130511486,10.247950288448914
006,2014-10-03 22:30:07,9.4,3,10.117500000000007,9.777791607893372,10.122499999999999,10.005930535964458,10.00593053596446,9.813383358660126
006,2014-10-03 22:50:07,8.5,3,10.07900000000001,9.605264344630447,10.130500000000001,9.938254781543487,9.938254781543487,9.655343603223107
006,2014-10-04 10:40:07,10.7,3,9.300500000000005,8.565180537542352,9.401,9.088893512514119,9.08889351251412,8.643117817332516
006,2014-10-04 11:15:07,12.2,3,8.6295,8.329347475260032,8.5195,8.492782491753344,8.492782491753346,8.350342048956213
006,2014-10-04 11:45:07,11.5,3,8.91200000000001,10.069126611341924,8.794500000000001,9.258542203780644,9.258542203780646,8.818364620684957
006,2014-10-04 12:50:07,7.9,3,7.130000000000003,8.153827768106703,7.1935,7.492442589368902,7.492442589368903,7.146246920364408
006,2014-10-04 12:55:07,7.4,3,7.796000000000001,8.057384210933034,7.8875,7.913628070311012,7.913628070311012,7.807271965030995
006,2014-10-04 13:00:07,7.0,3,7.960000000000008,7.804539960645396,8.110000000000001,7.958179986881802,7.958179986881802,7.822304857543194
006,2014-10-04 13:05:07,6.6,3,7.498000000000003,7.920161414860079,7.5945,7.6708871382866946,7.6708871382866946,7.511352858541396
006,2014-10-04 13:20:07,6.3,3,6.490500000000002,7.695550619398294,6.601500000000001,6.929183539799432,6.929183539799433,6.513053802853052
006,2014-10-04 13:25:07,6.6,3,8.536499999999998,7.722343872423828,8.368499999999997,8.209114624141273,8.209114624141275,7.7916275012311935
006,2014-10-04 13:30:07,7.1,3,6.774000000000004,7.5486459162130926,6.744,7.022215305404366,7.022215305404366,6.754885187988904
006,2014-10-04 13:35:07,7.7,3,9.860000000000007,8.795969755534355,9.827,9.494323251844788,9.494323251844788,8.904170567187082
006,2014-10-04 14:05:07,8.3,3,8.502000000000002,8.23451004112665,8.402000000000001,8.379503347042219,8.379503347042219,8.25303355986369
006,2014-10-04 14:10:07,8.0,3,10.213000000000005,10.09529830741124,9.931999999999999,10.080099435803747,10.08009943580375,9.95026198708706
006,2014-10-04 14:20:07,7.5,3,7.108500000000003,8.56790431210539,7.037500000000001,7.571301437368465,7.571301437368466,7.059522368011089
006,2014-10-04 14:55:07,6.4,3,6.085500000000001,7.404872305770321,6.061999999999999,6.517457435256773,6.517457435256775,6.077652393972008
006,2014-10-04 15:00:07,6.2,3,9.781000000000006,9.041619567346993,9.569499999999998,9.464039855782332,9.464039855782334,9.09896368504895
006,2014-10-04 15:05:07,5.9,3,5.393999999999997,7.112630540727374,5.3759999999999994,5.960876846909123,5.960876846909124,5.395069542703336
006,2014-10-04 16:35:08,4.4,3,8.950500000000005,8.487993109352956,9.0805,8.839664369784321,8.839664369784321,8.537682566361497
006,2014-10-04 16:45:08,5.1,3,7.305499999999999,8.193762050001983,7.281499999999999,7.593587350000661,7.593587350000661,7.292893603561438
006,2014-10-04 16:50:08,5.3,3,10.234500000000008,9.284921903527113,9.891,9.803473967842374,9.803473967842375,9.351767396616337
006,2014-10-04 16:55:08,5.4,3,6.2564999999999955,7.689679770340298,6.270500000000001,6.7388932567800985,6.738893256780099,6.272156537822559
006,2014-10-04 17:00:08,5.4,3,10.460000000000006,9.611440759125857,10.432000000000002,10.167813586375289,10.16781358637529,9.697571190572816
006,2014-10-04 17:35:08,4.8,3,6.477499999999999,6.627751337276883,6.5755,6.56025044575896,6.560250445758961,6.4882756942069
006,2014-10-04 18:20:08,5.1,3,9.077500000000004,9.491033398579312,9.3375,9.302011132859773,9.302011132859773,9.106237650484516
006,2014-10-04 18:45:08,4.9,3,7.292499999999997,8.306208566906578,7.2135,7.604069522302193,7.604069522302193,7.231902404912906
006,2014-10-04 18:50:08,4.9,3,8.155000000000008,7.75863130821516,8.161500000000002,8.025043769405057,8.025043769405057,7.800166102846373
006,2014-10-04 19:15:08,4.7,3,7.065,7.014749859354394,7.0985000000000005,7.059416619784798,7.059416619784799,7.020342244854188
006,2014-10-04 19:25:08,4.4,3,8.571000000000009,8.927779566596172,8.796000000000003,8.764926522198728,8.76492652219873,8.595858261866784
006,2014-10-04 20:25:08,4.1,3,11.099000000000007,9.78261021596119,11.2775,10.719703405320397,10.7197034053204,9.922121568042375
006,2014-10-04 20:30:08,4.2,3,5.255999999999997,7.111467343369094,5.283499999999999,5.8836557811230294,5.883655781123031,5.277156841524897
006,2014-10-04 20:45:08,4.4,3,9.181999999999999,8.741654458827613,9.264,9.06255148627587,9.062551486275872,8.788545300288273
006,2014-10-04 21:10:08,4.6,3,7.574500000000004,6.830929562515771,7.712000000000001,7.372476520838592,7.3724765208385925,6.910100094744768
006,2014-10-04 21:15:08,4.8,3,7.6535,8.019202552033985,7.869,7.847234184011328,7.847234184011329,7.6775485609260095
006,2014-10-04 21:35:08,6.5,3,5.443,7.48629693887079,5.5760000000000005,6.168432312956931,6.168432312956931,5.476018000520744
007,2014-10-01 11:59:59,4.2,3,9.391000000000005,8.66270670795252,9.288,9.113902235984176,9.113902235984176,8.729157577317146
007,2014-10-01 12:09:59,4.9,3,9.007,7.8262871615961505,8.8485,8.56059572053205,8.560595720532051,7.93482045836276
007,2014-10-01 13:14:59,8.1,3,8.141500000000006,7.610442850570882,7.894,7.881980950190297,7.8819809501902975,7.6425848172025965
007,2014-10-01 13:24:59,7.5,3,7.933000000000004,6.971244295481545,8.025500000000001,7.643248098493849,7.643248098493851,7.072792307284477
007,2014-10-01 14:29:59,5.0,3,7.57,7.674482096702569,7.397999999999999,7.54749403223419,7.547494032234191,7.417040199573869
007,2014-10-01 14:54:59,5.5,3,7.982000000000002,8.49242701009162,7.967500000000001,8.147309003363874,8.147309003363874,7.974121322367189
007,2014-10-01 15:19:59,6.2,3,8.113999999999999,8.4089087282948,7.8424999999999985,8.121802909431599,8.1218029094316,7.873854583165263
007,2014-10-01 15:39:59,6.5,3,8.348000000000008,8.542034485891545,8.390500000000001,8.42684482863052,8.42684482863052,8.353961877363519
007,2014-10-01 15:49:59,6.9,3,8.465000000000005,8.665098969008362,8.636500000000002,8.588866323002788,8.58886632300279,8.48322905614982
007,2014-10-01 16:04:59,7.3,3,8.368,8.762378114259096,8.201500000000001,8.4439593714197,8.4439593714197,8.222863726131195
007,2014-10-01 16:44:59,8.2,3,8.264000000000003,8.30391611365126,8.377000000000002,8.314972037883756,8.314972037883757,8.26890703408249
007,2014-10-01 17:04:59,7.9,3,9.271500000000003,8.598753474073467,9.226499999999998,9.03225115802449,9.03225115802449,8.66488101130126
007,2014-10-01 17:14:59,7.9,3,10.554000000000006,9.955411015702575,10.585,10.36480367190086,10.36480367190086,10.018347965716064
007,2014-10-01 18:14:59,10.7,3,9.148499999999999,9.163303497151096,9.3485,9.220101165717033,9.220101165717033,9.151900770469993
007,2014-10-01 18:29:59,10.5,3,9.833000000000013,10.076248631857561,9.936000000000002,9.948416210619191,9.948416210619193,9.845178788623846
007,2014-10-01 18:54:59,9.8,3,8.572000000000008,8.912874415173109,8.702499999999999,8.729124805057706,8.729124805057706,8.58775721454821
007,2014-10-01 18:59:59,9.6,3,7.699000000000001,7.5797069100279915,7.5905,7.623068970009331,7.6230689700093315,7.581921129448826
007,2014-10-01 19:09:59,9.4,3,7.271999999999999,7.7695092987644125,7.144500000000001,7.395336432921471,7.395336432921472,7.162814690501438
007,2014-10-01 19:19:59,9.2,3,8.8435,8.463875872437631,8.713,8.673458624145878,8.673458624145878,8.491245308458474
007,2014-10-01 19:39:59,9.0,3,7.833000000000003,7.478259565928573,7.9125,7.741253188642858,7.741253188642859,7.516169033476667
007,2014-10-01 21:00:00,8.7,3,8.407000000000005,7.986184790363728,8.248500000000002,8.213894930121244,8.213894930121246,8.015214334036628
007,2014-10-01 21:34:59,8.3,3,8.366500000000006,7.801560628164133,8.242,8.136686876054712,8.136686876054714,7.848886286591738
007,2014-10-01 21:39:59,8.4,3,7.637500000000001,7.999037496980137,7.798999999999999,7.811845832326713,7.811845832326713,7.656397198487275
007,2014-10-01 21:54:59,9.2,3,8.67,7.553917587560014,8.829500000000001,8.351139195853337,8.35113919585334,7.672281922259437
007,2014-10-01 22:14:59,10.3,3,8.513,8.014635827756708,8.653999999999998,8.393878609252235,8.393878609252237,8.068186827545112
007,2014-10-01 22:19:59,10.5,3,9.6785,8.336424378835003,9.514000000000001,9.176308126278336,9.176308126278336,8.461272397096963
007,2014-10-01 23:04:59,10.7,3,8.317500000000003,7.855964884926323,8.194999999999999,8.122821628308776,8.122821628308776,7.892661194558685
007,2014-10-01 23:14:59,10.9,3,8.186500000000006,7.580832722397529,8.2805,8.015944240799179,8.015944240799179,7.6451402338523815
007,2014-10-01 23:19:59,11.0,3,8.232999999999999,7.726969550703338,8.2325,8.064156516901113,8.064156516901113,7.779865317170678
007,2014-10-02 07:54:59,8.5,3,8.29700000000001,7.423374041841703,8.318999999999999,8.013124680613904,8.013124680613904,7.514996541131401
007,2014-10-02 09:04:59,13.5,3,7.975500000000011,7.989838142802491,7.729500000000001,7.898279380934167,7.898279380934168,7.755380957807584
007,2014-10-02 09:59:59,9.5,3,7.98800000000001,8.085068894967598,8.013,8.02868963165587,8.02868963165587,7.991336296305328
007,2014-10-02 10:49:59,6.7,3,7.3355000000000015,7.68773149419178,7.159,7.394077164730594,7.394077164730595,7.180988502872779
007,2014-10-02 11:14:59,5.4,3,8.0145,8.715028040053236,8.002000000000002,8.243842680017746,8.243842680017748,8.010313084078355
007,2014-10-02 11:39:59,5.0,3,8.915500000000007,9.664723538213556,9.1945,9.258241179404521,9.258241179404521,8.949392413471152
007,2014-10-02 13:04:59,5.9,3,7.914499999999995,7.846902192226359,7.825,7.862134064075452,7.862134064075452,7.827967479481416
007,2014-10-02 13:29:59,6.4,3,7.500999999999998,7.83075501489451,7.566000000000002,7.632585004964837,7.632585004964837,7.510448129273621
007,2014-10-02 13:49:59,6.1,3,7.4760000000000035,7.701017384385017,7.393,7.523339128128341,7.523339128128341,7.403933990264594
007,2014-10-02 14:04:59,5.8,3,8.61950000000001,8.885346810034976,8.559000000000001,8.687948936678328,8.68794893667833,8.567988237901012
007,2014-10-02 14:14:59,5.7,3,7.816500000000001,8.119929435781629,7.847,7.927809811927211,7.927809811927211,7.822420335331703
007,2014-10-02 14:19:59,5.6,3,9.969500000000004,9.844460298387954,9.936,9.916653432795986,9.916653432795988,9.854372575062756
007,2014-10-02 14:54:59,5.6,3,7.190500000000001,7.671924434114268,7.202000000000001,7.354808144704756,7.354808144704757,7.196402423724738
007,2014-10-02 15:14:59,6.6,3,7.7839999999999945,7.58780744658547,7.814500000000001,7.728769148861822,7.728769148861822,7.60863895401883
007,2014-10-02 16:44:59,8.2,3,8.765000000000004,8.074186221571667,9.088,8.642395407190557,8.642395407190557,8.149692125581225
007,2014-10-02 17:34:59,5.7,3,7.832000000000004,7.779877555117277,7.699,7.770292518372426,7.770292518372428,7.707982981571683
007,2014-10-02 18:24:59,4.8,3,8.052000000000003,7.52156879628476,8.136499999999998,7.903356265428254,7.903356265428255,7.577909786608836
007,2014-10-02 18:34:59,4.8,3,8.032000000000004,8.029202171680808,7.986000000000001,8.015734057226938,8.015734057226938,7.9905479750043185
007,2014-10-03 07:35:00,10.0,3,7.741500000000005,8.016011037779958,7.600999999999999,7.786170345926654,7.786170345926655,7.61844482371653
007,2014-10-03 08:05:00,9.1,3,8.836000000000004,9.030581799321403,9.156500000000001,9.007693933107136,9.007693933107138,8.857617165429986
007,2014-10-03 08:10:00,8.5,3,9.056000000000003,8.047047712892876,8.909999999999998,8.671015904297626,8.671015904297628,8.138793486882044
007,2014-10-03 08:55:00,5.6,3,8.089,8.071057424433878,8.163,8.107685808144627,8.107685808144627,8.073674653739076
007,2014-10-03 09:05:00,5.8,3,6.770000000000002,8.221190412957025,6.851500000000001,7.28089680431901,7.28089680431901,6.792223784108978
007,2014-10-03 09:10:00,5.7,3,8.013499999999999,8.634234283105277,8.063,8.236911427701758,8.23691142770176,8.024391245395229
007,2014-10-03 09:15:00,5.7,3,8.327999999999994,8.50171104460653,8.4165,8.415403681535508,8.415403681535508,8.338111360485046
007,2014-10-03 10:00:00,8.5,3,8.514499999999996,8.562817951329617,8.425500000000001,8.50093931710987,8.500939317109873,8.435294741699396
007,2014-10-03 10:05:00,8.8,3,9.7015,10.039346831171438,9.880999999999998,9.873948943723812,9.873948943723812,9.721863529125251
007,2014-10-03 10:20:00,8.8,3,8.311000000000007,7.797989806633552,8.402000000000001,8.17032993554452,8.170329935544522,7.852573136045185
007,2014-10-03 10:40:00,8.5,3,8.862500000000008,8.203755452757242,8.601999999999999,8.556085150919083,8.556085150919085,8.248026507441809
007,2014-10-03 11:15:00,8.5,3,8.084500000000006,7.466649035947794,8.130999999999998,7.894049678649266,7.894049678649266,7.531756256998519
007,2014-10-03 12:05:00,11.7,3,7.95600000000001,7.429728811162562,7.988500000000001,7.791409603720858,7.791409603720859,7.48511456286608
007,2014-10-03 12:10:00,13.2,3,8.505000000000006,7.933827650067238,8.609499999999999,8.349442550022415,8.349442550022415,7.994631154060275
007,2014-10-03 12:15:00,14.5,3,7.996,8.029717784915768,8.035499999999999,8.020405928305257,8.020405928305257,7.999585521600511
007,2014-10-03 12:50:00,19.0,3,10.356000000000003,8.916717077367917,10.076999999999998,9.783239025789307,9.783239025789307,9.040900859250609
007,2014-10-03 13:00:00,19.0,3,8.364000000000003,7.841414729900545,8.521999999999998,8.242471576633514,8.242471576633516,7.897669844957527
007,2014-10-03 13:20:00,18.6,3,9.3365,8.805329132131485,9.4585,9.200109710710494,9.200109710710496,8.862122509295562
007,2014-10-03 13:40:00,17.7,3,7.1575000000000015,7.555356995660147,7.0955,7.269452331886716,7.269452331886717,7.105965276198602
007,2014-10-03 14:15:00,16.1,3,8.350000000000001,8.815840277423387,8.424999999999999,8.530280092474463,8.530280092474463,8.361755224841172
007,2014-10-03 14:20:00,15.8,3,7.826500000000002,7.842212674452439,7.6525,7.773737558150813,7.773737558150814,7.670861753939821
007,2014-10-03 20:45:00,4.4,3,8.087000000000003,8.272427799793867,8.255,8.204809266597957,8.204809266597959,8.104751159427883
007,2014-10-03 21:05:00,5.2,3,7.470999999999998,8.150232529555517,7.5035,7.708244176518505,7.708244176518506,7.480867614857892
007,2014-10-03 21:25:00,5.8,3,7.0415,7.1572930053223125,7.048500000000001,7.082431001774104,7.082431001774106,7.043320300112802
007,2014-10-03 21:50:00,6.7,3,7.981000000000002,7.7303790320878925,8.022000000000002,7.911126344029299,7.9111263440293,7.757010073973895
007,2014-10-03 22:05:00,7.3,3,7.815999999999998,7.165891677666518,8.058,7.679963892555506,7.679963892555506,7.236328802061011
007,2014-10-03 22:25:00,8.1,3,7.875000000000003,7.707388128241179,7.832499999999999,7.804962709413727,7.8049627094137275,7.7209028695232185
007,2014-10-03 22:30:00,8.2,3,8.016500000000002,7.897801488581608,8.205499999999999,8.039933829527202,8.039933829527204,7.912110236564415
007,2014-10-03 23:00:00,8.6,3,7.634500000000004,7.660785129186619,7.428000000000001,7.574428376395542,7.5744283763955425,7.449867768049504
007,2014-10-03 23:05:00,8.7,3,7.479000000000005,7.805332092384007,7.5685,7.617610697461338,7.6176106974613385,7.490732195257056
007,2014-10-03 23:40:00,9.2,3,7.615999999999998,7.268689745289539,7.664499999999999,7.516396581763178,7.51639658176318,7.30551183556602
007,2014-10-04 00:25:00,9.4,3,8.235999999999999,8.248689486328498,8.333000000000002,8.2725631621095,8.2725631621095,8.238170733687918
007,2014-10-04 00:30:00,9.5,3,8.790500000000003,8.280008965095929,8.81,8.626836321698645,8.626836321698645,8.333613729331391
007,2014-10-04 01:55:00,13.2,3,7.638999999999999,7.967783428341248,7.857500000000001,7.821427809447083,7.8214278094470835,7.6629632425717595
007,2014-10-04 08:30:00,8.0,3,8.515500000000001,8.400856932533834,8.391,8.435785644177946,8.435785644177946,8.393177705284243
007,2014-10-04 09:40:01,8.7,3,8.668500000000002,8.155189151876195,8.560499999999998,8.46139638395873,8.461396383958734,8.198674513303228
007,2014-10-04 10:20:01,9.0,3,7.808500000000005,7.753187638737855,7.853500000000001,7.805062546245954,7.805062546245955,7.75942465549687
007,2014-10-04 10:30:01,8.7,3,8.362000000000007,7.863225960420671,8.461000000000002,8.228741986806893,8.228741986806895,7.916399842289835
007,2014-10-04 11:05:01,5.6,3,7.6145000000000005,7.444947189049945,7.5975,7.552315729683315,7.552315729683316,7.461077919227762
007,2014-10-04 11:10:01,5.4,3,7.546499999999997,7.495789714192499,7.2635000000000005,7.435263238064166,7.435263238064167,7.2883102502613895
007,2014-10-04 11:15:01,5.2,3,6.770500000000001,6.967171694819377,6.801500000000001,6.846390564939793,6.846390564939794,6.775400070069194
007,2014-10-04 12:05:01,4.6,3,8.010500000000006,7.684675285885893,8.023,7.906058428628633,7.906058428628634,7.718889466641421
007,2014-10-04 12:15:01,4.9,3,7.559,7.596096398911654,7.434499999999999,7.529865466303884,7.529865466303885,7.447896688620232
007,2014-10-04 13:20:01,8.8,3,8.322000000000008,7.459211564188983,8.2825,8.021237188062997,8.021237188062997,7.545742535730017
007,2014-10-04 13:25:01,8.9,3,8.398,7.965208750313549,8.2945,8.219236250104515,8.219236250104517,8.000695614906741
007,2014-10-04 14:05:01,8.4,3,8.496999999999998,8.05879493769462,8.406,8.320598312564874,8.320598312564874,8.096031022289962
007,2014-10-04 14:30:01,7.4,3,9.943000000000005,9.30462426854451,9.9615,9.736374756181505,9.736374756181506,9.371598878898952
007,2014-10-04 14:45:01,7.0,3,7.705499999999994,7.604407150680118,7.718000000000001,7.675969050226704,7.675969050226706,7.615108918691488
007,2014-10-04 15:00:01,6.7,3,8.037500000000009,8.170333102282584,8.0335,8.08044436742753,8.080444367427532,8.035246828199728
007,2014-10-04 15:05:01,6.7,3,7.800000000000004,8.231403793483649,7.9385,7.989967931161218,7.989967931161218,7.8174195026851185
007,2014-10-04 15:25:01,7.4,3,7.782999999999996,8.05141019816822,7.9225,7.9189700660560725,7.918970066056073,7.798884191026183
007,2014-10-04 15:40:01,8.3,3,8.132500000000004,7.688972813191786,8.130500000000001,7.983990937730597,7.983990937730598,7.73518728349312
007,2014-10-04 15:45:01,8.5,3,7.753500000000002,7.839932657101369,7.823500000000001,7.80564421903379,7.805644219033791,7.760988027166822
007,2014-10-04 16:00:01,8.9,3,8.289000000000005,8.020265021874183,8.192499999999999,8.167255007291397,8.167255007291397,8.039249984901598
007,2014-10-04 16:35:01,9.3,3,8.067500000000003,7.449600315453162,8.1805,7.899200105151055,7.899200105151055,7.5153776338512515
007,2014-10-04 16:50:01,9.2,3,8.145,7.266027034106984,8.2415,7.88417567803566,7.884175678035662,7.358953960307146
007,2014-10-04 17:00:01,8.9,3,8.629500000000005,8.502457696389664,8.853000000000002,8.661652565463223,8.661652565463225,8.51798440774172
007,2014-10-04 18:55:01,6.1,3,7.915500000000008,8.50464834769218,7.8025,8.074216115897395,8.074216115897396,7.820214028724442
007,2014-10-04 19:15:01,6.1,3,7.485999999999994,7.047486515556297,7.758500000000001,7.430662171852098,7.430662171852099,7.096090679374738
007,2014-10-04 19:20:01,6.2,3,7.472499999999996,6.603229852975797,7.715999999999999,7.2639099509919305,7.263909950991931,6.696611628599808
007,2014-10-04 19:50:01,7.0,3,9.432000000000011,10.041826450316325,9.2895,9.58777548343878,9.58777548343878,9.310507226430346
007,2014-10-04 21:15:01,8.0,3,7.630000000000003,7.662998942746954,7.504499999999999,7.599166314248985,7.599166314248986,7.517960338352811
007,2014-10-04 21:20:01,8.2,3,8.084000000000001,7.741353317557363,7.980500000000001,7.935284439185788,7.935284439185789,7.767408870424376
007,2014-10-04 21:30:01,8.2,3,7.969000000000007,7.498096595624951,7.7825,7.749865531874986,7.7498655318749865,7.5297171010831185
007,2014-10-04 21:50:01,7.9,3,8.195000000000006,7.3580278018696275,8.3265,7.959842600623211,7.959842600623212,7.44691042738568
008,2014-10-01 07:26:54,4.8,3,6.456,8.335828687054697,6.534,7.108609562351565,7.108609562351567,6.482178981820161
008,2014-10-01 07:51:54,3.4,3,6.647000000000003,7.1589961328439164,6.7725,6.859498710947974,6.859498710947974,6.663995310253784
008,2014-10-01 07:56:54,3.2,3,7.435500000000003,7.640154102980195,7.484500000000001,7.520051367660066,7.520051367660067,7.442183131446869
008,2014-10-01 08:26:54,3.1,3,5.345500000000005,5.902097273236302,5.391000000000002,5.546199091078769,5.54619909107877,5.355371378119642
008,2014-10-01 08:46:54,3.2,3,9.043500000000005,7.676147111300774,8.961500000000001,8.560382370433594,8.560382370433594,7.811446250112094
008,2014-10-01 09:01:54,3.2,3,6.726000000000004,6.715387618735465,6.837500000000001,6.759629206245157,6.759629206245158,6.717612931635321
008,2014-10-01 10:21:54,4.3,3,6.999499999999997,6.831754634526875,7.051000000000001,6.960751544842291,6.960751544842292,6.849819874999156
008,2014-10-01 10:31:54,4.4,3,7.137499999999999,7.256802670450699,6.918500000000002,7.1042675568169,7.104267556816901,6.942605747139968
008,2014-10-01 10:56:54,4.7,3,6.266500000000002,6.016773317029216,6.218,6.1670911056764055,6.167091105676406,6.038311516714442
008,2014-10-01 11:41:54,8.9,3,8.810500000000005,8.937420677105292,8.864999999999998,8.870973559035098,8.8709735590351,8.816926230806363
008,2014-10-01 11:51:54,9.4,3,8.053499999999998,8.676187655780145,7.868,8.19922921859338,8.199229218593382,7.893634683136694
008,2014-10-01 12:06:54,8.7,3,7.5000000000000036,6.84162360130748,7.446999999999998,7.2628745337691605,7.262874533769161,6.905490679761672
008,2014-10-01 12:31:54,5.7,3,7.686500000000004,8.173295858635006,7.48,7.779931952878337,7.779931952878338,7.506472875343988
008,2014-10-01 12:41:54,5.1,3,7.5395000000000065,8.057490258271846,7.360500000000001,7.652496752757284,7.652496752757286,7.384407651249146
008,2014-10-01 12:46:54,4.9,3,6.568000000000003,6.645379237343269,6.639000000000001,6.61745974578109,6.617459745781092,6.575492117263469
008,2014-10-01 13:01:54,4.2,3,6.295999999999998,7.152521056195476,6.4155000000000015,6.621340352065158,6.621340352065159,6.31587281372194
008,2014-10-01 13:06:54,4.1,3,9.879000000000005,8.467621577091974,9.738499999999998,9.361707192363992,9.361707192363994,8.601991335135592
008,2014-10-01 13:31:54,5.6,3,7.8315,7.814679939449441,7.740999999999999,7.795726646483146,7.795726646483147,7.748876912269003
008,2014-10-01 13:36:54,5.9,3,5.717500000000004,6.01428068477584,5.751999999999999,5.827926894925281,5.827926894925281,5.7237323449985515
008,2014-10-01 14:36:54,3.6,3,7.621000000000001,7.644330215697536,7.593500000000001,7.619610071899179,7.619610071899181,7.5966104702481845
008,2014-10-01 16:01:54,6.9,3,6.450500000000001,7.338480523030044,6.4305,6.739826841010014,6.739826841010015,6.441472291114816
008,2014-10-01 16:31:54,6.0,3,6.954500000000004,6.914494625120518,6.779,6.882664875040174,6.882664875040175,6.7935760832734235
008,2014-10-01 16:51:54,6.2,3,8.8585,8.56920988771433,8.743,8.723569962571444,8.723569962571444,8.588547555555646
008,2014-10-01 17:06:54,5.8,3,8.386000000000006,7.823185090953766,8.566,8.258395030317926,8.258395030317924,7.883869203592516
008,2014-10-01 17:41:54,6.0,3,8.288000000000004,7.540059671191566,8.076,7.96801989039719,7.968019890397191,7.598252049840319
008,2014-10-01 17:51:54,6.3,3,7.255000000000003,8.015767754630362,7.312500000000001,7.527755918210122,7.527755918210123,7.26804857446429
008,2014-10-01 17:56:54,6.5,3,8.284500000000012,8.284402172657588,8.4075,8.325467390885867,8.325467390885867,8.285642407774242
008,2014-10-01 18:06:54,7.1,3,7.010500000000003,7.252472120882114,7.007000000000001,7.089990706960706,7.089990706960707,7.00978590623861
008,2014-10-01 18:16:54,7.6,3,7.691000000000002,7.877062134371561,7.789,7.785687378123853,7.785687378123855,7.702133802177848
008,2014-10-01 18:21:54,7.7,3,8.502500000000003,8.73080775136011,8.582,8.605102583786705,8.605102583786707,8.512305708904556
008,2014-10-01 18:26:54,7.7,3,8.052500000000006,7.6866311083637004,7.9145,7.8845437027879015,7.884543702787903,7.711851730327173
008,2014-10-01 19:46:54,4.8,3,5.489500000000004,6.694921806893206,5.491999999999999,5.8921406022977365,5.892140602297737,5.501790778804498
008,2014-10-01 20:06:54,4.9,3,5.324000000000005,6.1569901076680456,5.320000000000001,5.600330035889351,5.6003300358893515,5.328748398253583
008,2014-10-01 20:07:00,3.4,3,5.807999999999998,5.739074534821461,5.835999999999999,5.794358178273819,5.7943581782738205,5.746565812969952
008,2014-10-01 20:11:54,5.0,3,6.281000000000001,5.971106857872592,6.202999999999999,6.151702285957531,6.151702285957532,5.996148514203487
008,2014-10-01 20:46:54,7.8,3,7.3555000000000055,7.850777125754053,7.2865,7.497592375251354,7.497592375251354,7.298671847559122
008,2014-10-01 21:46:55,9.7,3,7.603499999999998,7.055328757454254,7.757000000000001,7.4719429191514175,7.471942919151418,7.114215786820511
008,2014-10-01 21:56:55,8.8,3,6.5065,6.508854992696041,6.565499999999999,6.526951664232013,6.526951664232015,6.507312839521768
008,2014-10-02 10:56:55,5.7,3,7.168500000000002,7.083161373280077,7.100499999999999,7.117387124426693,7.117387124426693,7.085655414863492
008,2014-10-02 13:01:55,8.7,3,9.081500000000002,8.044826128833853,9.058500000000002,8.728275376277951,8.728275376277953,8.1511110421798
008,2014-10-02 13:43:00,10.1,3,9.609000000000004,8.528685417772534,9.6575,9.265061805924178,9.26506180592418,8.64219756847998
008,2014-10-02 14:06:55,9.6,3,7.812999999999996,7.554048208841084,7.9895000000000005,7.785516069613693,7.785516069613695,7.582905857229604
008,2014-10-02 14:26:55,10.4,3,7.704000000000001,8.193898375792992,7.8,7.899299458597664,7.899299458597665,7.71798291600361
008,2014-10-02 14:41:55,11.0,3,7.469000000000001,7.008419740119345,7.2385,7.238639913373116,7.238639913373116,7.034796724924658
008,2014-10-02 14:56:55,11.6,3,8.040999999999999,7.919597964498109,8.0015,7.987365988166036,7.987365988166037,7.928561907158152
008,2014-10-02 15:06:55,12.0,3,7.987499999999996,7.501762089783035,7.929499999999999,7.806254029927676,7.806254029927677,7.547093866753125
008,2014-10-02 15:11:55,12.3,3,9.012000000000002,7.407247890610869,8.95,8.456415963536957,8.456415963536958,7.5692772412211555
008,2014-10-02 15:16:55,12.7,3,9.960000000000003,8.837950112606201,9.829999999999998,9.5426500375354,9.542650037535402,8.943042631911615
008,2014-10-02 15:46:55,13.2,3,5.785500000000005,6.441375912088372,5.69,5.972291970696126,5.972291970696127,5.706550379219452
008,2014-10-02 16:21:55,12.9,3,8.380500000000001,8.34730069878233,8.231,8.319600232927444,8.319600232927446,8.243499871540248
008,2014-10-02 16:31:55,13.1,3,10.793500000000005,8.55067083351986,10.665999999999999,10.003390277839955,10.003390277839955,8.77326065461821
008,2014-10-02 16:36:55,13.2,3,11.116499999999998,10.095668081026972,11.115499999999999,10.775889360342324,10.775889360342324,10.202377275778522
008,2014-10-02 17:06:55,13.7,3,9.449000000000003,8.760300872802768,9.447999999999999,9.219100290934257,9.219100290934257,8.832260908625512
008,2014-10-02 17:36:55,12.2,3,8.379999999999994,8.053786435408247,8.237499999999999,8.22376214513608,8.22376214513608,8.074432337443373
008,2014-10-02 19:16:55,11.5,3,9.123000000000003,8.711077915239393,9.178500000000001,9.004192638413132,9.004192638413134,8.754729972633513
008,2014-10-02 19:21:55,11.3,3,8.589500000000005,7.815159447188631,8.2635,8.222719815729546,8.222719815729546,7.8653267610993485
008,2014-10-02 19:26:55,11.2,3,9.092999999999996,7.867165920753809,9.007000000000001,8.655721973584603,8.655721973584603,7.987280256829518
008,2014-10-02 20:27:00,10.8,3,8.272500000000003,8.089530419807641,8.295499999999999,8.219176806602547,8.21917680660255,8.108903483000065
008,2014-10-02 20:51:55,10.6,3,8.252500000000005,7.3211081602018195,8.198,7.923869386733942,7.9238693867339425,7.413397350053114
008,2014-10-02 21:01:55,11.3,3,9.172499999999994,7.789965442060792,9.243,8.735155147353595,8.735155147353597,7.935317144428035
008,2014-10-02 21:06:55,11.5,3,6.8990000000000045,7.033726724640399,7.0660000000000025,6.999575574880136,6.999575574880136,6.9134184212324605
008,2014-10-02 21:16:55,11.6,3,7.396999999999997,8.03277173977659,7.260999999999999,7.5635905799255285,7.56359057992553,7.28158662141248
008,2014-10-02 21:26:55,11.3,3,9.13,9.449172621039102,9.2805,9.286557540346367,9.286557540346369,9.147432682491381
008,2014-10-02 21:41:55,11.2,3,10.672500000000003,8.869098317528906,10.725500000000002,10.089032772509638,10.089032772509638,9.058307945763163
008,2014-10-02 22:21:55,11.6,3,10.364000000000003,10.519743183667927,10.216000000000001,10.366581061222645,10.366581061222645,10.233041827382102
008,2014-10-02 22:36:55,11.3,3,8.215500000000002,8.316462235092276,8.444,8.32532074503076,8.32532074503076,8.227338480239071
008,2014-10-02 22:46:55,11.0,3,10.295000000000002,9.948896461657624,10.291000000000002,10.178298820552543,10.178298820552545,9.98472880290886
008,2014-10-02 23:06:55,10.5,3,9.466000000000001,8.919176845945902,9.429,9.271392281981967,9.271392281981969,8.97288673361881
008,2014-10-02 23:31:55,11.2,3,9.909000000000002,9.308055787211822,9.853000000000002,9.690018595737277,9.690018595737277,9.365630190867247
008,2014-10-03 00:31:55,8.5,3,8.814500000000002,7.624176227522116,8.732000000000001,8.390225409174041,8.390225409174041,7.740906507844238
008,2014-10-03 00:41:55,9.1,3,8.284000000000004,7.7822523777155235,8.3665,8.144250792571844,8.144250792571844,7.835572368576536
008,2014-10-03 00:46:55,9.3,3,8.609500000000004,8.90942555791761,8.555,8.69130851930587,8.691308519305872,8.563701279614483
008,2014-10-03 01:06:55,9.4,3,8.765,8.282593733702033,8.624,8.557197911234011,8.557197911234013,8.31972312335774
008,2014-10-03 01:36:55,8.4,3,8.320500000000001,7.690315188134084,8.344999999999999,8.118605062711362,8.118605062711362,7.756492829307407
008,2014-10-03 01:56:55,7.5,3,8.131499999999997,8.316287417283947,8.035499999999999,8.161095805761315,8.161095805761315,8.047391806418517
008,2014-10-03 02:16:55,7.2,3,7.895000000000001,7.398333152616386,7.895,7.729444384205462,7.729444384205463,7.450296570989275
008,2014-10-03 02:41:55,7.0,3,7.333000000000002,7.791759552280463,7.367000000000001,7.497253184093489,7.4972531840934895,7.340804821526483
008,2014-10-03 02:51:55,7.0,3,8.832500000000005,9.456920120319857,8.702,8.99714004010662,8.997140040106622,8.72189767159967
008,2014-10-03 10:51:56,2.2,3,11.969500000000004,9.718567681115202,11.954500000000001,11.214189227038403,11.214189227038403,9.952650521915302
008,2014-10-03 11:16:56,3.1,3,7.430000000000002,7.429635123554449,7.355999999999999,7.405211707851483,7.4052117078514845,7.36370767159657
008,2014-10-03 11:21:56,3.4,3,6.1995,6.665668566734263,6.243500000000001,6.369556188911421,6.369556188911422,6.208325154613278
008,2014-10-03 11:26:56,3.9,3,7.1415,6.718186853154507,7.0105,6.9567289510515025,6.956728951051503,6.750079909836154
008,2014-10-03 12:01:56,8.4,3,6.819000000000002,7.8606015084457646,6.770499999999999,7.150033836148588,7.15003383614859,6.785990293354409
008,2014-10-03 12:11:56,9.8,3,6.761000000000004,7.631496999958313,6.714499999999999,7.035665666652772,7.035665666652773,6.728069999681082
008,2014-10-03 12:16:56,10.4,3,7.2345,7.7558328457442025,7.183000000000001,7.3911109485814,7.391110948581401,7.193601479610072
008,2014-10-03 12:31:56,11.7,3,9.602,9.36307872149734,9.670499999999999,9.545192907165779,9.54519290716578,9.388760691636218
008,2014-10-03 13:21:56,11.9,3,9.678500000000005,8.79316632453085,9.628,9.366555441510284,9.366555441510286,8.881015208622784
008,2014-10-03 13:51:56,11.2,3,9.841499999999998,8.900734032936088,9.822499999999998,9.521578010978695,9.521578010978695,8.99736314668156
008,2014-10-03 14:11:56,10.1,3,10.768500000000003,9.991537545363036,10.755,10.505012515121015,10.505012515121013,10.071549265847365
008,2014-10-03 14:31:56,9.4,3,10.032499999999997,8.404179682425506,10.069500000000001,9.502059894141835,9.502059894141835,8.574911546425357
008,2014-10-03 14:51:56,8.4,3,10.331499999999998,8.796650798467514,10.226,9.784716932822505,9.784716932822505,8.947250449880139
008,2014-10-03 14:56:56,8.2,3,8.255,7.585284898934833,8.283499999999998,8.041261632978276,8.041261632978278,7.655638368716172
008,2014-10-03 15:11:56,7.3,3,8.243000000000006,8.31419577350074,8.0895,8.215565257833582,8.215565257833582,8.106271786898674
008,2014-10-03 16:36:56,9.3,3,7.651500000000002,7.772415096857731,7.726500000000002,7.716805032285912,7.7168050322859125,7.659805973035517
008,2014-10-03 16:41:56,9.9,3,7.204499999999997,7.460707503675901,7.415500000000001,7.360235834558633,7.360235834558633,7.2270278011184095
008,2014-10-03 17:51:56,5.1,3,8.55000000000001,8.329877606845807,8.512,8.46395920228194,8.46395920228194,8.349312033692286
008,2014-10-03 18:00:00,3.9,3,5.874499999999999,6.881461664580112,6.0175,6.257820554860037,6.257820554860038,5.898100890720096
008,2014-10-03 18:01:56,4.3,3,6.4095,7.918370931129955,6.483500000000001,6.9371236437099855,6.937123643709986,6.431590907084011
008,2014-10-03 18:36:56,6.3,3,7.049000000000003,7.785016612143097,7.2035,7.345838870714367,7.345838870714367,7.070979619579326
008,2014-10-03 19:26:56,8.0,3,7.3285,7.247542568986131,7.417000000000001,7.331014189662045,7.331014189662045,7.256897683068293
008,2014-10-03 19:36:56,8.4,3,6.921000000000004,6.988740488596172,6.9224999999999985,6.944080162865391,6.944080162865393,6.921819341327302
008,2014-10-03 20:26:56,8.7,3,7.787000000000005,7.541391668216994,7.416,7.581463889405666,7.581463889405668,7.431575098106834
008,2014-10-03 20:51:56,6.9,3,7.530500000000006,7.683555534167241,7.5074999999999985,7.573851844722415,7.573851844722416,7.511436914108864
008,2014-10-03 21:21:56,3.7,3,6.576499999999999,7.1201524615010525,6.551000000000001,6.7492174871670185,6.7492174871670185,6.559104444117768
008,2014-10-03 21:51:56,4.2,3,5.443499999999999,6.071988160697404,5.389500000000001,5.634996053565801,5.634996053565802,5.4014345934951695
008,2014-10-03 22:01:56,4.7,3,5.404500000000005,6.578025682575549,5.3229999999999995,5.768508560858518,5.7685085608585185,5.343262136805161
008,2014-10-03 22:11:56,4.5,3,5.772000000000004,5.948840767689397,5.644500000000001,5.788446922563135,5.788446922563135,5.659608005190689
008,2014-10-03 22:26:56,4.0,3,7.355000000000005,6.78910069433165,7.474500000000001,7.206200231443884,7.206200231443886,6.849502509790101
008,2014-10-03 22:41:56,3.9,3,7.083999999999998,7.139736857742459,7.037500000000001,7.08707895258082,7.08707895258082,7.042922398258925
008,2014-10-03 23:06:56,4.1,3,9.434500000000003,9.70220547791245,9.3725,9.503068492637484,9.503068492637485,9.381663761021125
008,2014-10-03 23:11:56,4.2,3,6.381499999999997,7.253839970079288,6.6755,6.770279990026428,6.77027999002643,6.41804294220319
008,2014-10-03 23:21:56,4.3,3,7.124500000000007,7.25889019523871,7.175,7.186130065079573,7.186130065079573,7.130622428810797
008,2014-10-03 23:36:56,4.4,3,8.043000000000005,7.877079999346177,8.017500000000002,7.979193333115394,7.979193333115396,7.892026342809774
008,2014-10-03 23:41:56,4.4,3,6.665500000000001,7.104400688747856,6.458000000000001,6.742633562915953,6.7426335629159535,6.484098547939342
008,2014-10-04 00:01:56,4.5,3,6.269499999999999,6.857766747280243,6.532,6.553088915760081,6.553088915760081,6.300221544707087
008,2014-10-04 00:21:56,4.8,3,5.3229999999999995,6.335010027901343,5.370999999999999,5.676336675967114,5.676336675967114,5.337662066401853
008,2014-10-04 00:36:56,5.2,3,6.646999999999995,6.599821505471011,6.5565,6.601107168490334,6.601107168490336,6.561504266879993
008,2014-10-04 00:56:56,5.4,3,5.843500000000002,7.248189323204698,5.930499999999999,6.3407297744015665,6.340729774401567,5.865779206829696
008,2014-10-04 01:01:56,5.4,3,6.065499999999998,7.452331421926212,5.9205,6.479443807308737,6.479443807308738,5.949538836882009
008,2014-10-04 01:16:56,4.9,3,7.035500000000001,7.123957013921789,7.1745,7.111319004640596,7.111319004640598,7.045260182511674
008,2014-10-04 02:06:56,4.2,3,7.158500000000003,6.680330060418979,7.110000000000001,6.9829433534729946,6.982943353472995,6.725768974597707
008,2014-10-04 03:56:56,3.8,3,5.151,5.506397574335778,5.0825,5.246632524778593,5.246632524778593,5.093220739897827
008,2014-10-04 04:51:56,3.6,3,6.311000000000003,7.262721091189648,6.288,6.620573697063217,6.620573697063217,6.299923569679089
008,2014-10-04 05:16:56,4.3,3,6.224999999999993,6.215255131103405,6.3255,6.255251710367799,6.2552517103678005,6.217279681134032
008,2014-10-04 05:41:56,3.8,3,6.361500000000001,5.430603945274225,6.1175,5.9698679817580755,5.9698679817580755,5.504909960206432
008,2014-10-04 05:56:56,3.7,3,5.412499999999995,5.980359810793759,5.549499999999999,5.6474532702645845,5.647453270264585,5.431142126416874
008,2014-10-04 06:51:56,4.1,3,4.684499999999995,4.061684986122909,4.708499999999999,4.484894995374301,4.484894995374302,4.127086567383065
008,2014-10-04 07:26:56,4.4,3,5.244499999999992,5.4338703562072395,5.194,5.290790118735743,5.290790118735744,5.201177230420476
008,2014-10-04 07:56:56,5.8,3,4.751999999999999,4.911870199588081,4.801500000000001,4.82179006652936,4.821790066529361,4.7582826045600575
009,2014-10-02 07:50:19,3.5,3,8.189500000000008,8.998835341358586,8.6085,8.598945113786199,8.598945113786199,8.237240932694224
009,2014-10-02 08:45:19,2.7,3,9.710500000000003,9.596827249210886,9.776000000000002,9.69444241640363,9.694442416403632,9.609375180534904
009,2014-10-02 09:00:19,2.4,3,9.441000000000004,9.279558527945747,9.253,9.32451950931525,9.324519509315252,9.25739308196254
009,2014-10-02 09:20:19,2.2,3,12.194000000000003,12.326202190018863,11.799,12.106400730006287,12.106400730006289,11.841648618119399
009,2014-10-02 09:40:19,2.2,3,11.736500000000005,12.827072691914667,11.338,11.96719089730489,11.967190897304892,11.390598508168146
009,2014-10-02 09:45:19,2.2,3,10.305000000000007,12.17794244835059,10.5605,11.014480816116865,11.014480816116867,10.347905931658214
009,2014-10-02 09:55:19,2.2,3,8.406,9.887542192004384,8.2335,8.842347397334795,8.842347397334796,8.266363112674
009,2014-10-02 10:10:19,2.3,3,9.202000000000005,9.284948772020371,9.4115,9.299482924006792,9.299482924006792,9.21194396900933
009,2014-10-02 10:25:19,2.4,3,10.830000000000005,10.931016535410158,11.259500000000003,11.006838845136722,11.006838845136723,10.843853618368328
009,2014-10-02 10:30:19,2.4,3,8.336500000000006,8.651633869805211,8.324500000000002,8.437544623268407,8.437544623268408,8.328906830228762
009,2014-10-02 10:50:19,2.2,3,10.236000000000011,9.487007283066392,9.993500000000001,9.9055024276888,9.905502427688802,9.542423726106104
009,2014-10-02 10:55:19,2.2,3,10.42900000000001,8.446778990143988,10.292,9.722592996714667,9.722592996714667,8.641203935990893
009,2014-10-02 11:10:19,2.2,3,8.4975,8.869777507694991,8.680499999999999,8.682592502564997,8.682592502564997,8.51853902092028
009,2014-10-03 08:55:19,6.1,3,9.071000000000016,8.517530918557197,9.037500000000001,8.875343639519071,8.875343639519071,8.572267316722415
009,2014-10-03 09:10:19,5.7,3,9.233500000000006,8.09934831279296,9.3985,8.910449437597656,8.910449437597656,8.219658132612059
009,2014-10-03 09:20:19,5.4,3,9.528500000000006,9.787740783916423,9.429000000000002,9.581746927972143,9.581746927972144,9.442002525114637
009,2014-10-03 09:45:19,4.5,3,6.895000000000005,6.653067112573228,6.963000000000001,6.837022370857745,6.837022370857746,6.679059170170276
009,2014-10-03 10:05:19,4.1,3,8.879,8.708063822450189,8.945,8.844021274150064,8.844021274150064,8.726607899384
009,2014-10-03 10:15:19,3.9,3,7.651000000000006,7.01987647539057,7.6725,7.447792158463525,7.447792158463526,7.086122328722165
009,2014-10-03 10:40:19,4.2,3,8.710000000000004,8.316387523079124,9.0025,8.676295841026375,8.676295841026377,8.360493950675458
009,2014-10-03 11:15:19,5.2,3,10.179500000000003,10.25408288311021,10.482999999999999,10.305527627703404,10.305527627703404,10.18959235267563
009,2014-10-03 11:20:19,5.3,3,7.991000000000007,8.135760608105873,8.0015,8.042753536035294,8.042753536035294,7.993441161170434
009,2014-10-03 11:25:19,5.3,3,7.006500000000001,7.718842213060219,7.031000000000001,7.252114071020074,7.252114071020074,7.015941717339134
009,2014-10-03 11:35:19,5.4,3,9.385000000000002,8.850231594757187,9.153999999999998,9.129743864919062,9.129743864919064,8.884323149763826
009,2014-10-03 12:00:00,8.1,3,7.308500000000002,7.221497980292943,7.167500000000001,7.232499326764316,7.232499326764316,7.1740195207748405
009,2014-10-03 12:30:19,3.3,3,8.031500000000005,8.06575754311336,7.983,8.026752514371122,8.026752514371122,7.988416853701085
009,2014-10-03 12:40:19,2.2,3,7.081,8.370344201219789,7.0889999999999995,7.513448067073263,7.513448067073264,7.094650436366003
009,2014-10-03 19:00:00,11.8,3,10.601000000000008,10.600725723774469,10.8665,10.689408574591491,10.689408574591493,10.603409419730985
001,2014-10-01 19:24:00,9.8,4,9.158500000000005,9.830666326390645,9.0305,9.339888775463551,9.339888775463551,9.050613572924814
001,2014-10-01 19:34:00,9.4,4,7.911500000000001,8.000413545728497,8.0375,7.983137848576166,7.983137848576167,7.921173381511675
001,2014-10-01 19:54:00,8.4,4,8.025,8.77610297841444,8.04,8.28036765947148,8.280367659471482,8.03393039419753
001,2014-10-01 19:59:00,8.2,4,7.868500000000004,8.191084548842474,7.787500000000001,7.949028182947493,7.949028182947494,7.799200413320718
001,2014-10-01 20:24:00,7.8,4,8.91200000000001,9.517524590537134,9.089,9.172841530179047,9.17284153017905,8.934803745983354
001,2014-10-01 21:09:00,8.3,4,7.098500000000006,7.243057767590144,7.1495000000000015,7.16368592253005,7.1636859225300515,7.104771416681423
001,2014-10-01 21:24:00,8.2,4,6.938500000000005,7.047354150905323,6.854000000000001,6.946618050301777,6.946618050301777,6.863929294371137
001,2014-10-01 21:29:00,8.0,4,7.842000000000008,6.887424724115207,7.6065000000000005,7.445308241371738,7.445308241371739,6.965012467349914
001,2014-10-02 11:04:00,14.4,4,10.261000000000003,9.71853716675256,9.925999999999998,9.968512388917521,9.968512388917523,9.743592819259167
001,2014-10-02 11:14:00,14.2,4,10.605000000000002,11.601629744848823,10.2995,10.835376581616275,10.835376581616277,10.341429019334484
001,2014-10-02 11:39:00,14.5,4,11.057000000000007,11.802009071511003,10.993,11.284003023837004,11.284003023837005,11.007146045545563
001,2014-10-02 12:14:00,14.0,4,7.469499999999997,8.391324085606655,7.603000000000001,7.821274695202217,7.821274695202218,7.491350584135214
001,2014-10-02 12:19:00,13.8,4,10.431500000000003,9.78039649670296,10.505999999999998,10.23929883223432,10.239298832234322,9.849262741203392
001,2014-10-02 12:44:00,13.0,4,8.974500000000008,9.046360936458662,8.9285,8.98312031215289,8.983120312152892,8.934031326898973
001,2014-10-02 12:54:00,12.6,4,9.12400000000001,8.436610480893176,9.141,8.900536826964396,8.900536826964396,8.508698124187976
001,2014-10-02 13:14:00,11.8,4,9.278000000000004,9.441381052122232,9.136499999999998,9.285293684040745,9.285293684040745,9.152938148154176
001,2014-10-02 13:24:00,11.5,4,8.563000000000004,8.008507584713852,8.192499999999999,8.254669194904618,8.25466919490462,8.031462661306074
001,2014-10-02 13:54:00,10.4,4,11.162000000000008,10.351114857588318,11.205500000000002,10.906204952529443,10.906204952529444,10.43638814331137
001,2014-10-02 14:09:00,10.1,4,8.732000000000003,9.262685947714735,8.7945,8.929728649238244,8.929728649238246,8.743220877866262
001,2014-10-02 14:19:00,10.3,4,8.188000000000002,8.9805765244921,8.1965,8.455025508164034,8.455025508164036,8.19673007174584
001,2014-10-02 14:29:00,10.6,4,8.772000000000002,8.250521045635027,8.6185,8.547007015211676,8.547007015211678,8.290555584025428
001,2014-10-02 14:34:00,10.7,4,9.20850000000001,9.023753189766781,8.9965,9.076251063255597,9.076251063255597,9.00119881384708
001,2014-10-02 15:24:00,10.9,4,8.867500000000001,8.481273554316088,8.9735,8.77409118477203,8.77409118477203,8.522742223607125
001,2014-10-02 15:34:00,10.5,4,11.576000000000008,10.161692102898998,11.403500000000001,11.047064034299668,11.04706403429967,10.293340377697282
001,2014-10-02 15:49:00,9.9,4,8.496500000000005,9.609217055947234,8.619,8.908239018649079,8.90823901864908,8.519218646602141
001,2014-10-02 16:09:00,9.7,4,8.225500000000006,7.3249293298500735,8.347000000000001,7.965809776616694,7.965809776616694,7.420365900615014
001,2014-10-02 16:34:00,9.2,4,9.331999999999999,8.732231897574026,9.1995,9.087910632524675,9.087910632524677,8.782444493004595
001,2014-10-02 16:39:00,9.1,4,9.4945,9.69124867895634,9.4285,9.538082892985447,9.538082892985447,9.437372690208466
001,2014-10-02 16:50:00,9.4,4,8.68050000000001,8.672162064832785,8.7115,8.688054021610931,8.688054021610933,8.673344415414952
001,2014-10-02 16:59:00,8.7,4,10.243500000000008,10.198592282956316,10.071000000000002,10.171030760985442,10.171030760985444,10.084798329723405
001,2014-10-02 17:24:00,9.9,4,8.168500000000002,9.23327944978459,8.1015,8.501093149928197,8.501093149928199,8.119157622210976
001,2014-10-02 18:04:00,13.3,4,10.97,10.980820405021126,10.863499999999998,10.938106801673706,10.93810680167371,10.874750691385259
001,2014-10-02 18:09:00,13.4,4,8.955500000000006,8.83516474511759,8.789000000000001,8.859888248372533,8.859888248372533,8.795033306424866
001,2014-10-02 18:24:00,13.0,4,12.034,12.002912446635836,11.512499999999998,11.849804148878611,11.849804148878613,11.564119931642486
001,2014-10-02 18:34:00,12.5,4,8.234000000000002,7.959350694840678,8.219,8.137450231613562,8.137450231613562,7.986666320139204
001,2014-10-02 18:44:00,11.9,4,9.091500000000002,8.58431617916836,9.052,8.909272059722786,8.909272059722788,8.633642268843719
001,2014-10-02 18:59:00,11.2,4,8.988500000000005,8.622941993534129,8.9655,8.858980664511378,8.85898066451138,8.659011883192035
001,2014-10-02 19:04:00,11.1,4,9.162500000000001,10.08988534217375,9.231000000000002,9.494461780724585,9.494461780724585,9.178255617576205
001,2014-10-02 19:09:00,11.1,4,9.60700000000001,9.260152392036742,9.342,9.403050797345584,9.403050797345585,9.27136564025397
001,2014-10-02 19:49:00,10.5,4,10.237000000000004,9.26574561630066,10.2315,9.911415205433554,9.911415205433554,9.366841987090726
001,2014-10-02 19:54:00,10.6,4,11.659999999999998,11.2474305915593,11.67,11.525810197186432,11.525810197186434,11.290695374736583
001,2014-10-02 21:14:00,18.0,4,9.758000000000003,7.886393840524525,9.613999999999997,9.086131280174842,9.086131280174842,8.068583415659885
001,2014-10-02 21:19:00,18.0,4,8.741000000000007,9.397855257272186,8.697000000000001,8.945285085757398,8.945285085757398,8.708172021518658
001,2014-10-02 21:29:00,17.7,4,9.193000000000005,9.332223081748431,9.138,9.221074360582811,9.221074360582813,9.145146566999903
001,2014-10-03 06:44:01,2.2,4,10.097500000000004,9.484415632130572,9.998500000000002,9.860138544043524,9.860138544043528,9.539191346291453
001,2014-10-03 06:49:01,2.2,4,8.940500000000004,8.848278823640376,8.6905,8.826426274546792,8.826426274546794,8.707929709830752
001,2014-10-03 07:34:01,2.2,4,8.099000000000004,8.504302996496346,8.033499999999998,8.212267665498784,8.212267665498784,8.044405921236754
001,2014-10-03 07:39:01,2.2,4,9.10250000000001,9.735342937673977,9.075500000000003,9.30444764589133,9.304447645891331,9.084653285320838
001,2014-10-03 08:34:01,2.2,4,8.375000000000004,9.490246186277226,8.266500000000002,8.710582062092412,8.710582062092412,8.289004197786277
001,2014-10-03 09:29:01,3.6,4,9.667500000000008,10.126203748753548,9.248499999999998,9.680734582917852,9.680734582917852,9.296924616768166
001,2014-10-03 10:19:01,3.9,4,9.336,9.271484445611684,8.993,9.20016148187056,9.200161481870563,9.022781394118882
001,2014-10-03 10:59:01,6.5,4,9.854500000000003,9.148770831062517,9.9125,9.63859027702084,9.63859027702084,9.223187247277199
001,2014-10-03 11:04:01,7.0,4,8.823500000000001,8.820240448060158,8.8325,8.825413482686718,8.82541348268672,8.820671476381353
001,2014-10-03 11:24:01,8.9,4,8.8375,8.657178493076831,9.0925,8.86239283102561,8.86239283102561,8.678594503472407
001,2014-10-03 11:44:01,10.1,4,8.232000000000006,7.315241269044325,8.038499999999999,7.86191375634811,7.861913756348112,7.392846703313248
001,2014-10-03 11:59:01,10.1,4,9.939500000000006,9.049796532914893,10.129,9.706098844304966,9.706098844304968,9.144776130228967
001,2014-10-03 12:04:01,10.0,4,8.326500000000005,8.574101484882329,8.4365,8.445700494960777,8.44570049496078,8.33938468721367
001,2014-10-03 12:34:00,8.8,4,10.136500000000007,9.481887499806817,10.151999999999997,9.923462499935606,9.923462499935608,9.550530870630949
001,2014-10-03 12:59:01,10.5,4,7.613000000000004,7.316869596312008,7.5635,7.497789865437338,7.497789865437338,7.3431681282325005
001,2014-10-03 13:04:01,10.9,4,10.14250000000001,11.82035253633524,10.1805,10.714450845445084,10.714450845445086,10.162874248543941
001,2014-10-03 13:09:01,11.2,4,8.614000000000006,8.499331564592168,8.514000000000001,8.542443854864059,8.542443854864059,8.501866239294108
001,2014-10-03 13:34:01,12.0,4,10.263500000000006,10.281231560596167,10.358000000000002,10.300910520198725,10.300910520198727,10.266122836406938
001,2014-10-03 13:59:01,12.6,4,9.105000000000006,9.854264566636681,9.087,9.348754855545563,9.348754855545563,9.09637588296243
001,2014-10-03 14:34:01,13.9,4,9.169500000000001,9.117657743840732,9.124500000000001,9.137219247946911,9.137219247946913,9.118823610062304
001,2014-10-03 15:39:01,17.2,4,8.941000000000004,8.852131407610347,8.995999999999999,8.929710469203451,8.929710469203451,8.861979221367957
001,2014-10-03 16:04:01,19.1,4,9.472500000000007,8.773704583209774,9.49,9.245401527736595,9.245401527736595,8.846990560499712
001,2014-10-03 17:29:01,22.2,4,11.094500000000007,10.472626041517243,10.787,10.78470868050575,10.784708680505751,10.508592195046488
001,2014-10-03 18:09:01,22.2,4,7.861000000000006,8.168345759913567,7.859000000000001,7.962781919971192,7.962781919971192,7.862282706187586
001,2014-10-03 18:19:01,22.2,4,7.983000000000008,8.102975446367804,7.832000000000001,7.972658482122604,7.972658482122605,7.848998022891781
001,2014-10-03 18:54:01,22.2,4,10.564500000000002,9.712583901411023,10.292,10.189694633803676,10.189694633803676,9.775929901788992
001,2014-10-03 18:59:01,22.2,4,10.539000000000009,9.79050655932457,10.955499999999999,10.42833551977486,10.42833551977486,9.872982157287916
001,2014-10-04 06:44:01,7.3,4,7.5125,8.455554506125084,7.491499999999999,7.819851502041694,7.819851502041695,7.50312765523999
001,2014-10-04 06:49:01,7.8,4,7.505999999999999,8.003536110442797,7.4225,7.6440120368142646,7.644012036814266,7.436211489672284
001,2014-10-04 06:59:01,8.8,4,8.86850000000001,9.239990784593234,8.98,9.029496928197748,9.029496928197748,8.882765516652121
001,2014-10-04 07:19:01,8.8,4,9.527999999999997,8.773166974150563,9.8715,9.39088899138352,9.390888991383521,8.855575846738423
001,2014-10-04 07:24:01,8.5,4,8.440500000000004,9.8656574576485,8.408000000000001,8.904719152549502,8.904719152549502,8.425651864138825
001,2014-10-04 07:34:01,8.2,4,8.73450000000001,8.881377258551856,8.6445,8.753459086183955,8.753459086183955,8.655384959065843
001,2014-10-04 07:44:01,8.0,4,8.822500000000003,7.908025771256136,8.607999999999999,8.446175257085379,8.44617525708538,7.983405080914747
001,2014-10-04 07:59:01,7.7,4,8.338500000000005,8.40580689774852,8.562000000000001,8.435435632582841,8.435435632582843,8.347103867695987
001,2014-10-04 08:19:01,6.3,4,10.504500000000007,8.98304654357515,10.639,10.042182181191718,10.04218218119172,9.143572537651087
001,2014-10-04 09:09:01,4.1,4,8.944500000000003,7.442317684461659,8.8325,8.406439228153888,8.40643922815389,7.588884528070122
001,2014-10-04 09:15:00,3.8,4,9.414500000000007,9.767221750297875,8.9125,9.364740583432628,9.364740583432628,8.968548613204357
001,2014-10-04 09:24:01,4.5,4,9.3195,9.289369967741347,9.4735,9.360789989247117,9.360789989247117,9.294062301101407
001,2014-10-04 09:39:01,5.5,4,8.696499999999999,9.18085201829505,8.4535,8.776950672765016,8.776950672765018,8.48376722367983
001,2014-10-04 09:44:01,5.9,4,10.16050000000001,10.642551794182486,9.892499999999998,10.23185059806083,10.231850598060833,9.925359828794349
001,2014-10-04 09:49:01,6.3,4,8.411500000000002,7.91693299854298,8.0485,8.125644332847662,8.125644332847662,7.934328103213831
001,2014-10-04 10:29:01,7.0,4,8.220500000000001,8.339694736921684,8.063500000000001,8.207898245640562,8.207898245640564,8.081117961562676
001,2014-10-04 10:34:01,6.5,4,8.380500000000003,8.65402285230412,8.7525,8.595674284101372,8.595674284101374,8.410101906853921
001,2014-10-04 10:44:01,5.7,4,7.595500000000004,7.08775674288547,7.324500000000001,7.335918914295159,7.335918914295159,7.115235839073806
001,2014-10-04 11:29:01,3.6,4,8.863499999999998,8.419601977715486,8.852,8.711700659238494,8.711700659238495,8.464956315621656
001,2014-10-04 11:34:01,3.4,4,8.220999999999997,8.120572339335347,8.485500000000002,8.275690779778449,8.275690779778449,8.133724512453137
001,2014-10-04 11:49:01,3.1,4,8.381000000000006,8.47635942949451,8.287500000000001,8.381619809831506,8.381619809831506,8.29823596580506
001,2014-10-04 11:54:01,2.9,4,8.177000000000003,7.688536314255484,7.979500000000001,7.948345438085163,7.948345438085164,7.720953184521855
001,2014-10-04 11:59:01,2.8,4,8.67600000000001,9.322855014954804,8.814499999999999,8.937785004984937,8.93778500498494,8.695574014899835
001,2014-10-04 12:49:01,3.1,4,7.240499999999996,8.142462558817963,7.4105,7.597820852939319,7.59782085293932,7.265605755606569
001,2014-10-04 13:04:01,4.0,4,11.191,9.516646077084966,11.106,10.604548692361655,10.604548692361657,9.683781109545045
001,2014-10-04 13:09:01,4.4,4,10.5015,8.776273049082143,10.3455,9.874424349694047,9.87442434969405,8.942012311302113
002,2014-10-01 19:47:01,2.4,4,8.434500000000007,7.5663654966305405,8.4325,8.144455165543514,8.144455165543517,7.65700420775023
002,2014-10-02 06:57:01,2.2,4,9.927500000000009,8.98206278703131,10.003999999999998,9.637854262343772,9.637854262343774,9.081743488173018
002,2014-10-02 07:27:01,3.5,4,9.243500000000008,8.214399100010091,9.2215,8.893133033336701,8.893133033336701,8.319986320885757
002,2014-10-02 07:37:01,5.7,4,9.578000000000001,10.089659490238455,9.626000000000001,9.764553163412819,9.76455316341282,9.587658561025224
002,2014-10-02 07:57:01,10.2,4,9.14050000000001,9.866957403518066,9.1885,9.398652467839357,9.398652467839359,9.152306540158028
002,2014-10-02 08:22:01,12.9,4,8.165500000000003,8.250482505316555,8.295,8.236994168438853,8.236994168438853,8.174836409587124
002,2014-10-02 08:32:01,12.4,4,9.557000000000006,9.045949826174319,9.636000000000001,9.412983275391442,9.412983275391444,9.100208089924829
002,2014-10-02 08:47:01,10.7,4,8.422999999999996,8.745501181912777,8.724,8.630833727304259,8.630833727304259,8.454706924381105
002,2014-10-02 09:02:01,9.2,4,9.208500000000004,8.441888782180927,9.375499999999999,9.008629594060311,9.008629594060311,8.523764939790869
002,2014-10-02 10:07:01,3.1,4,7.812000000000003,8.194783086423552,7.7875,7.931427695474518,7.931427695474519,7.793891126072766
002,2014-10-02 10:22:01,3.0,4,11.079000000000002,11.183703341712707,11.105,11.122567780570904,11.122567780570906,11.082507265066997
002,2014-10-02 10:37:01,5.2,4,8.789500000000002,8.589601185062357,8.6145,8.66453372835412,8.66453372835412,8.593956206002265
002,2014-10-02 10:47:01,7.2,4,7.7465,7.549787752696096,7.838000000000001,7.711429250898699,7.7114292508987,7.571283632735846
002,2014-10-02 10:57:01,8.2,4,8.661000000000008,7.991803116856791,8.3885,8.347101038952266,8.347101038952268,8.036032248277243
002,2014-10-02 11:17:01,8.8,4,7.773500000000005,7.714364709813527,7.931500000000002,7.806454903271178,7.806454903271178,7.722131697813126
002,2014-10-02 11:32:01,9.1,4,9.470000000000004,10.933718401377394,9.299,9.900906133792466,9.900906133792468,9.331527938326392
002,2014-10-02 13:07:01,6.6,4,8.151000000000005,7.953665039574305,8.219,8.107888346524769,8.10788834652477,7.974991070534928
002,2014-10-02 13:52:01,6.5,4,9.445000000000007,9.169299183975001,9.6495,9.421266394658335,9.421266394658337,9.200189187269107
002,2014-10-02 14:07:01,4.9,4,7.192000000000003,7.488016518942702,7.1485,7.276172172980902,7.276172172980903,7.15601132198825
002,2014-10-02 14:12:01,4.4,4,7.729000000000005,8.543640753073541,7.814999999999999,8.029213584357848,8.02921358435785,7.745284096834161
002,2014-10-02 14:27:01,3.3,4,7.9730000000000025,7.789404531130158,8.170999999999998,7.977801510376719,7.977801510376721,7.810593077483727
002,2014-10-02 14:42:01,2.4,4,8.719000000000012,10.98579970280878,8.813,9.505933234269598,9.505933234269598,8.750562680685325
002,2014-10-02 14:52:01,2.2,4,8.079500000000001,8.872012911693666,7.9110000000000005,8.28750430389789,8.28750430389789,7.936554322693992
002,2014-10-02 15:22:01,2.2,4,10.7675,10.889782897920966,10.820500000000003,10.825927632640322,10.825927632640324,10.773737916573177
002,2014-10-02 15:47:01,2.9,4,7.782000000000004,8.250393259614276,7.819,7.950464419871427,7.950464419871428,7.7901850314825
002,2014-10-02 16:02:01,5.9,4,8.878500000000006,8.81538612646705,8.7445,8.812795375489019,8.812795375489019,8.752547549687346
002,2014-10-02 16:12:01,8.8,4,10.117000000000006,9.833046943850464,10.1555,10.035182314616824,10.035182314616824,9.86314033194338
002,2014-10-02 16:32:01,14.2,4,9.825500000000009,9.73882588450241,9.9615,9.841941961500806,9.841941961500808,9.749254102663993
002,2014-10-02 17:37:01,20.9,4,10.528000000000011,9.506570093498759,10.2035,10.079356697832923,10.079356697832925,9.582730893091341
002,2014-10-02 18:17:01,20.6,4,9.855500000000005,9.902069140171653,9.512,9.756523046723887,9.756523046723887,9.548404136468296
002,2014-10-02 19:07:01,19.0,4,9.852000000000002,9.314098174987151,9.8985,9.688199391662385,9.688199391662385,9.370840773791919
002,2014-10-02 19:57:01,19.6,4,11.164500000000002,9.858706314179358,11.091,10.704735438059787,10.704735438059787,9.988369171337318
002,2014-10-03 06:57:02,9.5,4,11.59,9.701484503577932,11.418500000000002,10.903328167859312,10.903328167859312,9.882841038065946
002,2014-10-03 07:47:02,7.9,4,9.498500000000003,10.236700538366543,10.009999999999998,9.915066846122182,9.915066846122183,9.554282331880191
002,2014-10-03 08:17:02,3.2,4,6.293999999999998,8.06901751382013,6.334,6.8990058379400425,6.899005837940043,6.315535146907232
002,2014-10-03 08:42:02,2.2,4,10.161000000000007,10.199029650600766,10.044500000000001,10.134843216866924,10.134843216866924,10.057069026783317
002,2014-10-03 08:47:02,2.2,4,9.619500000000002,9.200384413484526,9.226999999999999,9.348961471161509,9.34896147116151,9.207094050439112
002,2014-10-03 09:22:02,2.8,4,11.084499999999998,10.837336670737882,11.206000000000001,11.042612223579296,11.042612223579296,10.86441095962044
002,2014-10-03 09:32:02,3.9,4,9.526500000000013,9.304322278074332,9.2755,9.368774092691448,9.36877409269145,9.280737287720761
002,2014-10-03 09:52:02,5.6,4,6.787999999999994,7.63618367350204,6.7095,7.044561224500678,7.044561224500679,6.726194843831747
002,2014-10-03 10:42:02,4.1,4,7.545000000000003,8.245401969565616,7.481,7.757133989855205,7.757133989855207,7.4946999745261085
002,2014-10-03 11:17:02,3.7,4,6.8260000000000005,7.628638444407615,6.7935,7.082712814802538,7.082712814802539,6.804926674006413
002,2014-10-03 11:52:02,4.4,4,6.092499999999998,7.552273637170994,6.14,6.594924545723664,6.594924545723664,6.111592390347433
002,2014-10-03 11:57:02,5.2,4,6.1454999999999975,7.40393775936827,6.343499999999999,6.630979253122756,6.630979253122756,6.176819987850398
002,2014-10-03 12:32:02,11.0,4,10.534500000000003,11.221284896881068,10.6455,10.800428298960357,10.800428298960359,10.55187114562788
002,2014-10-03 12:57:02,12.4,4,8.6115,8.614566002282242,8.652999999999999,8.62635533409408,8.62635533409408,8.612205118302048
002,2014-10-03 13:02:02,12.5,4,8.212000000000002,7.976117878342161,8.2335,8.140539292780721,8.140539292780721,8.001011878841108
002,2014-10-03 13:22:02,12.0,4,9.500500000000011,10.079954611945162,9.987,9.855818203981725,9.855818203981725,9.552329265260338
002,2014-10-03 13:32:02,11.4,4,10.304500000000003,9.218616809428173,10.2555,9.926205603142725,9.926205603142726,9.327589981436402
002,2014-10-03 15:12:02,6.2,4,8.511999999999999,8.446837916866164,8.430500000000002,8.463112638955389,8.463112638955389,8.43286096385258
002,2014-10-03 15:17:02,5.7,4,9.3035,8.514754252082053,9.3875,9.068584750694017,9.068584750694018,8.59811621928161
002,2014-10-03 15:32:02,4.8,4,8.190500000000009,8.109059745868132,8.1105,8.136686581956047,8.136686581956049,8.110010431440182
002,2014-10-03 16:17:02,3.7,4,7.672000000000006,7.60856803587,7.748499999999999,7.676356011956668,7.67635601195667,7.61596956034846
002,2014-10-03 16:42:02,4.3,4,8.210000000000003,8.550428371006863,8.2585,8.339642790335622,8.339642790335622,8.217993561980023
002,2014-10-03 16:52:02,5.4,4,9.618500000000008,9.433682611890472,9.658,9.57006087063016,9.570060870630162,9.453414000682095
002,2014-10-03 17:02:02,6.8,4,9.394000000000007,9.410670115617117,9.371500000000001,9.39205670520571,9.39205670520571,9.374020747776251
002,2014-10-03 17:07:02,7.5,4,9.6145,9.232415165767907,9.535,9.460638388589302,9.460638388589304,9.264867890492884
002,2014-10-03 17:32:02,9.7,4,9.488000000000003,9.384893544118311,9.529499999999999,9.467464514706103,9.467464514706105,9.396095984295059
002,2014-10-03 18:02:02,8.9,4,8.959000000000001,8.33023917199912,8.966000000000001,8.751746390666375,8.751746390666375,8.396092829865573
002,2014-10-03 18:07:02,8.7,4,8.961000000000002,8.742016442037595,9.066999999999998,8.923338814012531,8.923338814012533,8.765987442236476
002,2014-10-03 18:12:02,8.5,4,10.146,8.846580370152779,9.884,9.625526790050927,9.625526790050928,8.957739666741592
002,2014-10-03 18:17:02,8.3,4,9.152500000000002,8.782180356583343,9.412,9.115560118861113,9.115560118861117,8.823519787913778
002,2014-10-03 18:22:02,8.2,4,9.069000000000006,8.738116934614073,9.339,9.04870564487136,9.048705644871362,8.77543534180136
002,2014-10-03 18:42:02,7.5,4,8.672000000000002,8.742760750518556,8.602500000000001,8.672420250172854,8.672420250172854,8.610478995953882
002,2014-10-03 19:02:02,7.4,4,9.09650000000001,9.25720911654246,9.201500000000001,9.185069705514158,9.185069705514158,9.108042642059145
002,2014-10-03 19:17:02,8.3,4,10.443500000000006,10.04416357583352,10.154,10.213887858611175,10.213887858611177,10.058550134192227
002,2014-10-03 19:22:02,8.9,4,10.082500000000008,10.119969276124852,10.303000000000003,10.168489758708288,10.168489758708288,10.088250503808473
002,2014-10-03 19:52:02,11.2,4,7.791000000000004,7.904618083097847,7.9830000000000005,7.892872694365951,7.892872694365951,7.803671030924429
002,2014-10-04 07:27:02,13.9,4,11.017999999999999,11.059267222437732,11.0145,11.03058907414591,11.030589074145912,11.015278857254163
002,2014-10-04 07:32:02,14.0,4,10.671000000000003,10.53174760644071,10.513,10.571915868813571,10.571915868813573,10.516353979027873
002,2014-10-04 07:42:02,14.2,4,10.721500000000002,9.954235528188956,10.898,10.524578509396319,10.52457850939632,10.036275032036759
002,2014-10-04 07:52:02,13.7,4,10.21400000000001,10.056034701322304,10.1445,10.138178233774104,10.138178233774106,10.065985320759934
002,2014-10-04 08:22:02,7.0,4,10.133500000000003,10.677955399734662,10.291500000000001,10.367651799911556,10.367651799911556,10.153895192485031
002,2014-10-04 08:32:02,5.2,4,8.319499999999998,8.28189618026935,8.3515,8.317632060089784,8.317632060089784,8.286150453368862
002,2014-10-04 08:52:02,2.8,4,8.543499999999995,8.549610798986112,8.607000000000001,8.566703599662036,8.566703599662038,8.544713230041209
002,2014-10-04 09:07:02,2.2,4,8.751000000000005,9.106590062306234,8.909500000000001,8.92236335410208,8.922363354102082,8.769553851257863
002,2014-10-04 10:22:02,4.3,4,8.537000000000003,9.245329189093361,8.194,8.658776396364454,8.658776396364456,8.2369694248104
002,2014-10-04 10:37:02,8.4,4,8.89350000000001,8.771000064792558,8.999,8.887833354930857,8.887833354930859,8.784871534056347
002,2014-10-04 10:52:02,12.0,4,7.937500000000003,8.521614940250311,7.995000000000001,8.151371646750105,8.151371646750105,7.94878204632049
002,2014-10-04 12:07:02,14.0,4,9.428999999999997,9.966301023738746,9.555,9.650100341246247,9.650100341246247,9.446295671309839
002,2014-10-04 12:32:02,12.9,4,8.496,8.115858402644044,8.577499999999999,8.396452800881349,8.396452800881349,8.156445448973297
002,2014-10-04 12:42:03,13.2,4,8.698000000000002,8.375071828922193,8.853,8.642023942974065,8.642023942974065,8.410407960906852
002,2014-10-04 12:47:03,13.5,4,8.754000000000007,8.288195575229375,8.885500000000002,8.64256519174313,8.64256519174313,8.33824503441828
002,2014-10-04 13:02:03,14.9,4,9.519500000000011,8.274815163575873,9.612499999999999,9.135605054525294,9.135605054525296,8.40596943612037
002,2014-10-04 13:07:03,15.2,4,10.464500000000005,9.823529465645878,10.513499999999999,10.267176488548628,10.267176488548628,9.891080555422244
002,2014-10-04 13:12:03,15.4,4,8.882500000000007,9.554585420746792,8.722,9.053028473582266,9.053028473582268,8.745513053430715
002,2014-10-04 13:32:03,14.2,4,8.513000000000003,8.491558720485719,8.8365,8.613686240161906,8.61368624016191,8.497036999222198
002,2014-10-04 14:42:03,7.7,4,9.452000000000004,8.966332731215713,9.3985,9.272277577071906,9.272277577071906,9.012082926699781
002,2014-10-04 14:52:03,7.5,4,8.905000000000006,8.320666664620575,8.7925,8.672722221540194,8.672722221540194,8.371156894326877
002,2014-10-04 15:12:03,7.3,4,10.447000000000008,10.079662386816947,10.5725,10.36638746227232,10.36638746227232,10.119349825338832
002,2014-10-04 16:32:03,6.1,4,11.034,9.616407041550401,10.674499999999998,10.4416356805168,10.4416356805168,9.730704270553536
002,2014-10-04 18:07:03,8.9,4,11.409500000000005,10.45605152634007,11.0295,10.965017175446691,10.965017175446693,10.519848168171631
002,2014-10-04 18:42:03,10.9,4,9.791500000000006,10.240785133396297,9.898000000000001,9.9767617111321,9.976761711132104,9.80607033866902
002,2014-10-04 19:37:03,9.2,4,11.952500000000002,10.639088357294863,11.984499999999999,11.525362785764955,11.525362785764957,10.776823123440908
002,2014-10-04 20:02:03,7.6,4,8.795499999999997,8.073659631990434,8.9815,8.616886543996811,8.616886543996813,8.151041671037165
003,2014-10-01 08:53:15,7.7,4,9.634499999999997,9.027445838033122,9.351500000000001,9.337815279344374,9.337815279344374,9.064179776019856
003,2014-10-01 09:03:15,7.4,4,8.734500000000008,10.543489403616602,8.558,9.278663134538869,9.278663134538872,8.594556081967028
003,2014-10-01 09:28:15,7.0,4,8.928000000000003,7.96881403629096,9.035,8.643938012096987,8.643938012096989,8.070238190775363
003,2014-10-01 09:53:15,8.2,4,9.858500000000006,8.877699682159063,9.806999999999999,9.514399894053023,9.514399894053025,8.975442072037032
003,2014-10-01 10:13:15,10.0,4,8.2725,8.17268864345908,8.279000000000002,8.241396214486363,8.241396214486361,8.183196336192896
003,2014-10-01 10:18:15,10.3,4,8.375500000000006,7.621274982014571,8.2585,8.085091660671525,8.085091660671527,7.689114199784353
003,2014-10-01 10:33:15,10.7,4,8.0945,7.466358287262213,8.1755,7.912119429087404,7.912119429087404,7.532887170631222
003,2014-10-01 10:43:15,10.8,4,8.508000000000001,7.015078054574784,8.569,8.030692684858261,8.030692684858263,7.171883959449187
003,2014-10-01 11:03:15,10.8,4,7.792500000000002,7.06487184315167,8.125,7.660790614383891,7.660790614383892,7.144324425520786
003,2014-10-01 11:28:15,10.1,4,8.821500000000002,7.583925099248325,9.081499999999998,8.495641699749441,8.495641699749443,7.7160054997911
003,2014-10-01 11:33:15,9.9,4,8.132500000000007,7.925725306912952,8.324499999999999,8.12757510230432,8.12757510230432,7.94927896324095
003,2014-10-01 11:38:15,9.7,4,7.638000000000001,7.244260509684561,7.687,7.523086836561521,7.5230868365615216,7.28594522596766
003,2014-10-01 11:43:15,9.4,4,8.007500000000004,8.0120316630998,8.0365,8.018677221033268,8.018677221033268,8.008218805422489
003,2014-10-01 11:53:15,8.9,4,7.5275,7.950973990618967,7.690000000000001,7.722824663539655,7.722824663539657,7.547111187717889
003,2014-10-01 12:13:15,8.5,4,8.454000000000011,7.648376826005615,8.469500000000004,8.190625608668542,8.190625608668546,7.73281958199677
003,2014-10-01 12:28:15,8.4,4,7.951499999999999,7.739194142634187,7.566500000000001,7.752398047544729,7.752398047544729,7.586691061363697
003,2014-10-01 12:48:15,8.5,4,8.023500000000002,7.865633916363014,7.930499999999999,7.939877972121004,7.939877972121007,7.873350484582726
003,2014-10-01 12:53:15,8.5,4,8.036000000000003,7.682209020719018,8.122000000000002,7.946736340239674,7.946736340239675,7.720084152229763
003,2014-10-01 14:08:15,5.3,4,8.298000000000009,7.9874601098522335,7.965,8.08348670328408,8.08348670328408,7.970455272043
003,2014-10-01 14:13:15,5.4,4,7.193500000000006,7.1973583373595575,7.172999999999999,7.187952779119854,7.187952779119855,7.175183381405223
003,2014-10-01 15:38:15,4.8,4,5.113999999999995,5.600380818662423,5.161499999999998,5.291960272887472,5.291960272887473,5.123358462162346
003,2014-10-01 15:53:15,4.9,4,5.312999999999995,4.57974675931758,5.241499999999999,5.044748919772524,5.044748919772525,4.649697225075649
003,2014-10-01 16:03:15,5.0,4,5.998499999999996,6.545788275003042,6.108,6.217429425001012,6.217429425001014,6.014334242967757
003,2014-10-01 17:08:15,5.7,4,8.284,8.09686173869757,8.2915,8.224120579565856,8.224120579565858,8.116515947208988
003,2014-10-01 18:03:15,5.7,4,5.922500000000005,5.949606965012684,5.852500000000001,5.908202321670896,5.908202321670897,5.8600947702459365
003,2014-10-01 18:33:15,5.6,4,8.723000000000004,8.045812680078663,8.4805,8.416437560026223,8.416437560026223,8.093716534134359
003,2014-10-01 19:08:15,5.4,4,8.503999999999998,7.976704178490961,8.6515,8.37740139283032,8.377401392830322,8.033347131664584
003,2014-10-01 19:28:15,5.1,4,7.591500000000002,7.582136417817373,7.791,7.654878805939124,7.654878805939125,7.585111075994654
003,2014-10-01 19:33:15,5.1,4,9.607000000000003,9.963756573151727,8.965499999999997,9.512085524383908,9.512085524383911,9.036184050477399
003,2014-10-01 19:53:15,4.8,4,7.634000000000001,8.71059374691497,7.6475,7.99736458230499,7.997364582304992,7.646043365441197
003,2014-10-01 20:13:15,5.2,4,8.843000000000004,8.044025308982624,8.943999999999999,8.610341769660875,8.610341769660875,8.128627472134635
003,2014-10-01 20:18:15,5.3,4,8.060000000000004,9.037005637020085,8.4325,8.509835212340029,8.50983521234003,8.105017605969334
003,2014-10-01 20:48:15,6.2,4,8.739500000000005,6.255848231440188,8.9265,7.973949410480064,7.973949410480065,6.517568544828556
003,2014-10-01 21:03:16,6.7,4,9.107500000000003,8.552487126725108,9.216499999999998,8.958829042241703,8.958829042241705,8.611644956877756
004,2014-10-01 08:24:56,11.8,4,9.211500000000003,9.320317216229974,9.6365,9.389439072076657,9.38943907207666,9.226046752285383
004,2014-10-01 09:39:56,14.2,4,11.746000000000002,11.769237320034659,11.745,11.753412440011553,11.753412440011555,11.745336997494569
004,2014-10-01 10:14:56,12.9,4,11.4485,10.661804672097297,11.219000000000001,11.10976822403243,11.109768224032434,10.722395840025058
004,2014-10-01 11:24:56,9.7,4,10.130999999999997,10.227663134118917,10.109000000000002,10.155887711372971,10.155887711372973,10.112268365814156
004,2014-10-01 11:54:56,8.4,4,9.207500000000005,8.442143507118827,9.290499999999998,8.980047835706277,8.980047835706278,8.523048390017694
004,2014-10-01 12:09:56,8.2,4,8.99400000000001,9.727198453169725,9.2185,9.313232817723245,9.313232817723247,9.022575138585408
004,2014-10-01 12:14:56,8.0,4,10.85600000000001,8.908254425612181,10.8335,10.199251475204065,10.199251475204065,9.109906885043957
004,2014-10-01 12:44:56,7.0,4,8.2625,9.982349161450703,8.3115,8.852116387150234,8.852116387150236,8.284335082031571
004,2014-10-01 12:54:56,7.2,4,11.136000000000001,10.912182342672116,11.0435,11.030560780890704,11.030560780890708,10.926846359889435
004,2014-10-01 12:59:56,7.4,4,9.667500000000002,9.303818080040003,9.644,9.538439360013335,9.538439360013337,9.339644373324212
004,2014-10-01 13:44:56,10.9,4,9.4715,9.95241090058261,9.384,9.60263696686087,9.60263696686087,9.397963734750585
004,2014-10-01 14:29:56,7.0,4,9.573000000000004,9.10753389979051,9.360999999999999,9.347177966596838,9.347177966596838,9.136172611635105
004,2014-10-01 14:49:56,6.0,4,7.7650000000000015,8.966553903119745,7.810499999999999,8.180684634373248,8.18068463437325,7.781320944418472
004,2014-10-01 14:54:56,5.8,4,11.751499999999997,11.334323126381438,11.802,11.629274375460477,11.62927437546048,11.378474962351124
004,2014-10-01 16:09:56,4.1,4,8.536000000000008,10.080422538473648,8.427499999999998,9.014640846157885,9.014640846157887,8.454295961308238
004,2014-10-01 16:49:56,4.6,4,5.696999999999998,8.074941516428458,5.824,6.5319805054761515,6.531980505476153,5.732796700530964
004,2014-10-01 16:54:56,4.4,4,6.748999999999999,7.518561735711767,7.0415,7.103020578570589,7.1030205785705895,6.784373223418178
004,2014-10-01 17:09:56,3.9,4,9.133000000000008,6.211749133831269,9.187999999999999,8.177583044610424,8.177583044610426,6.517932943960843
004,2014-10-01 17:59:56,2.9,4,10.87500000000001,13.730503267059454,10.488500000000002,11.69800108901982,11.698001089019824,10.557492322388887
004,2014-10-01 19:54:56,6.8,4,10.940000000000007,10.25010389399129,11.045,10.745034631330432,10.745034631330434,10.323333787171613
004,2014-10-02 07:54:56,9.0,4,10.571500000000006,9.699257743276421,10.630499999999998,10.300419247758809,10.300419247758809,9.79110547378009
004,2014-10-02 07:59:56,8.7,4,9.791500000000006,10.438856852802372,9.9855,10.07195228426746,10.07195228426746,9.816330681607843
004,2014-10-02 08:00:00,8.8,4,10.834500000000006,10.942443185686098,10.812000000000001,10.862981061895368,10.86298106189537,10.81543347847694
004,2014-10-02 08:54:56,10.2,4,9.475000000000005,9.235286302910753,9.375,9.361762100970253,9.361762100970253,9.250903749862395
004,2014-10-02 09:39:56,16.4,4,9.247000000000007,9.708531948973752,9.273000000000001,9.40951064965792,9.409510649657921,9.254075551139612
004,2014-10-02 09:44:56,16.9,4,8.907500000000004,9.22463147914325,8.771,8.967710493047752,8.967710493047752,8.78845253095326
004,2014-10-02 11:04:56,13.5,4,10.058499999999999,9.911576492659407,9.966000000000001,9.978692164219803,9.978692164219803,9.918195513704207
004,2014-10-02 11:34:56,10.7,4,10.997500000000011,10.480705471450225,11.008,10.828735157150078,10.82873515715008,10.534879734259526
004,2014-10-02 11:44:56,10.0,4,10.385500000000004,10.37361951576007,10.378499999999999,10.379206505253359,10.379206505253359,10.37420013297915
004,2014-10-02 11:54:56,9.4,4,8.360000000000008,9.160526633498685,8.456000000000001,8.658842211166231,8.658842211166233,8.377089198580673
004,2014-10-02 12:04:56,8.9,4,10.423500000000008,9.11883390537524,10.643000000000002,10.061777968458417,10.061777968458417,9.257528674725757
004,2014-10-02 12:14:56,8.3,4,9.674000000000005,10.043535684088875,9.465500000000002,9.72767856136296,9.727678561362962,9.49100952218698
004,2014-10-02 12:24:56,7.5,4,9.101500000000003,8.388826660798715,9.097000000000001,8.86244222026624,8.86244222026624,8.462963796602216
004,2014-10-02 12:54:56,5.8,4,8.715500000000006,8.028520623565454,8.697000000000001,8.480340207855155,8.480340207855155,8.098644806529457
004,2014-10-02 13:59:56,6.1,4,9.565000000000003,9.141331023047297,9.3575,9.354610341015766,9.354610341015768,9.166022549694496
004,2014-10-02 14:04:56,6.2,4,8.620000000000006,8.543382013229003,8.677,8.613460671076338,8.613460671076338,8.551968116019923
004,2014-10-02 14:14:56,6.7,4,8.309000000000008,8.823259738927744,8.2665,8.46625324630925,8.466253246309252,8.276089129893874
004,2014-10-02 14:19:56,6.9,4,9.573500000000006,12.135246548576387,9.670499999999999,10.459748849525463,10.459748849525466,9.608296022025675
004,2014-10-02 14:54:56,7.3,4,9.289500000000011,9.263150075726795,9.535,9.36255002524227,9.36255002524227,9.268361917956781
004,2014-10-02 16:04:56,5.3,4,10.029500000000002,10.72951411551259,10.209000000000001,10.322671371837531,10.322671371837533,10.053485201968666
004,2014-10-02 16:14:56,5.1,4,9.133000000000004,7.814206521713692,9.119,8.6887355072379,8.6887355072379,7.950859618489894
004,2014-10-02 16:19:56,5.1,4,10.355500000000006,9.964771366427444,10.459000000000001,10.259757122142483,10.259757122142485,10.006686073948803
004,2014-10-02 16:24:56,5.2,4,8.714000000000006,9.732649422079048,8.683,9.043216474026352,9.043216474026352,8.69642984734179
004,2014-10-02 16:39:56,6.3,4,8.919000000000004,8.813589326401829,9.0245,8.919029775467278,8.91902977546728,8.825672843730906
004,2014-10-02 16:54:56,7.9,4,9.163000000000004,9.054650348938829,9.113000000000001,9.110216782979611,9.110216782979613,9.061255139999426
004,2014-10-02 17:04:56,8.8,4,9.106000000000007,8.182494232384252,8.927500000000002,8.738664744128087,8.738664744128089,8.26222493501524
004,2014-10-02 17:24:56,10.7,4,9.139500000000009,9.45878964533677,9.37,9.322763215112259,9.32276321511226,9.164503796272433
004,2014-10-02 17:29:56,11.1,4,9.987500000000006,9.800829267743676,9.982000000000001,9.923443089247895,9.923443089247895,9.819839127740373
004,2014-10-02 18:19:56,14.4,4,9.714000000000002,9.302717018063014,9.5635,9.526739006021005,9.526739006021005,9.33150625349428
004,2014-10-02 18:29:56,14.0,4,7.891000000000002,8.614761886284983,8.031500000000001,8.17908729542833,8.17908729542833,7.911532332201582
004,2014-10-02 18:34:56,13.5,4,8.02850000000001,7.7077980405159705,7.806000000000003,7.847432680171994,7.847432680171996,7.720297351218581
004,2014-10-02 18:39:56,13.0,4,9.783000000000001,9.506954067577688,9.658,9.649318022525897,9.649318022525897,9.524007141653057
004,2014-10-02 18:49:56,11.7,4,8.283500000000002,7.945483713176276,8.535000000000002,8.254661237725427,8.254661237725427,7.98336342862205
004,2014-10-02 19:14:56,10.3,4,9.87650000000001,8.642042835877364,9.586999999999998,9.36851427862579,9.368514278625792,8.743803312247358
004,2014-10-02 19:19:56,10.3,4,10.6075,10.072790683134643,10.530999999999999,10.403763561044881,10.403763561044881,10.121495509519388
004,2014-10-03 08:14:57,7.7,4,8.586500000000003,8.862763105347296,8.6485,8.699254368449099,8.6992543684491,8.595129337295475
004,2014-10-03 08:44:57,4.8,4,11.144999999999992,10.507238672189251,11.412499999999998,11.021579557396413,11.021579557396416,10.576639000995993
004,2014-10-03 09:04:57,3.4,4,11.922000000000002,12.572702000175717,12.3175,12.270734000058575,12.270734000058576,11.965930928368081
004,2014-10-03 10:09:57,15.5,4,10.492500000000009,14.384475514478035,10.299000000000001,11.725325171492683,11.725325171492685,10.358164556077481
004,2014-10-03 10:14:57,16.4,4,10.804000000000007,10.61116877387857,10.808500000000002,10.741222924626193,10.741222924626195,10.631388604816228
004,2014-10-03 10:49:57,20.3,4,8.602500000000003,8.548053075565718,8.4685,8.539684358521908,8.539684358521908,8.4773676536289
004,2014-10-03 11:09:57,16.8,4,9.78900000000001,10.707110157252622,9.901499999999999,10.132536719084209,10.13253671908421,9.80882633467294
004,2014-10-03 11:14:57,15.6,4,10.16450000000001,9.707688224045384,9.917,9.929729408015133,9.929729408015131,9.732062320877795
004,2014-10-03 11:24:57,13.2,4,11.325000000000005,8.830930986769499,11.520500000000002,10.558810328923169,10.558810328923169,9.093826197029315
004,2014-10-03 11:29:57,12.3,4,9.065000000000001,8.64750263951093,9.2725,8.995000879836978,8.99500087983698,8.693258006193254
004,2014-10-03 12:04:57,10.0,4,10.392499999999998,10.632031893276924,10.2865,10.437010631092308,10.437010631092308,10.299985494120707
004,2014-10-03 12:14:57,9.9,4,7.8975000000000035,7.656707380154398,7.802,7.7854024600514675,7.785402460051468,7.672863517961967
004,2014-10-03 12:39:57,7.8,4,8.723000000000006,8.890230665054787,8.963500000000002,8.858910221684932,8.858910221684932,8.741229083653732
004,2014-10-03 14:44:57,6.4,4,6.310500000000002,7.290372182803639,6.3134999999999994,6.638124060934547,6.6381240609345475,6.320582594710713
004,2014-10-03 14:54:57,7.1,4,7.828500000000003,8.121768662501388,7.881999999999998,7.944089554167129,7.94408955416713,7.836495086366097
004,2014-10-03 15:09:57,8.0,4,7.8759999999999994,7.67545673921161,7.976500000000002,7.84265224640387,7.842652246403872,7.697443436333344
004,2014-10-04 06:54:57,10.4,4,9.800000000000006,10.12990845432843,9.601500000000001,9.843802818109479,9.84380281810948,9.625567006947115
004,2014-10-04 07:39:57,21.3,4,8.808500000000004,9.234455159716852,8.886000000000001,8.976318386572286,8.976318386572286,8.820092934399673
004,2014-10-04 07:49:57,22.2,4,8.585500000000001,8.349493898010657,8.365499999999999,8.433497966003552,8.433497966003554,8.353368525134595
004,2014-10-04 08:09:57,22.2,4,8.511499999999996,12.784188053418845,8.219999999999999,9.838562684472947,9.838562684472947,8.29322486230102
004,2014-10-04 08:19:57,22.2,4,11.373000000000006,11.087422014160314,11.525,11.328474004720107,11.328474004720109,11.11882040937523
004,2014-10-04 08:34:58,22.2,4,11.055000000000007,10.931151016435734,10.910999999999996,10.965717005478579,10.96571700547858,10.914346775708157
004,2014-10-04 08:44:58,22.2,4,9.078500000000012,9.149096295434294,9.086000000000002,9.104532098478103,9.104532098478105,9.079915645161044
004,2014-10-04 08:54:58,22.2,4,9.569500000000001,9.678006671108298,9.6025,9.616668890369432,9.616668890369434,9.573707668420536
004,2014-10-04 09:34:58,22.2,4,9.405000000000001,9.534687778091298,9.543,9.494229259363765,9.494229259363768,9.418651614471605
004,2014-10-04 10:14:58,22.2,4,8.308500000000006,9.501239996283887,8.445,8.751579998761299,8.751579998761299,8.33334361612467
004,2014-10-04 10:34:58,22.2,4,8.719999999999994,8.678046202349519,8.3005,8.566182067449837,8.566182067449839,8.340420042934973
004,2014-10-04 11:49:58,21.8,4,10.869500000000002,10.00322914736499,10.712,10.528243049121665,10.528243049121667,10.078958797589783
004,2014-10-04 12:54:58,22.2,4,8.926000000000007,8.781955222513576,8.979000000000001,8.895651740837861,8.895651740837863,8.797555805695012
004,2014-10-04 13:04:58,22.2,4,8.832500000000005,7.912888631831088,8.669500000000001,8.471629543943697,8.471629543943699,7.993678562229017
004,2014-10-04 13:09:58,22.2,4,10.466500000000007,9.787696163874324,10.4235,10.225898721291445,10.225898721291445,9.854646691495061
004,2014-10-04 13:19:58,22.2,4,10.274500000000005,10.3085650865865,10.296499999999998,10.293188362195501,10.293188362195503,10.276922385338835
004,2014-10-04 13:44:58,16.4,4,12.028999999999996,12.01157049974472,12.072500000000002,12.037690166581575,12.037690166581573,12.013829048907633
004,2014-10-04 14:34:58,12.6,4,10.167000000000009,10.457115484352267,10.168000000000001,10.26403849478409,10.264038494784094,10.169995779137754
004,2014-10-04 15:14:58,9.7,4,13.197000000000003,12.928960097136226,12.853499999999999,12.993153365712075,12.993153365712077,12.864075358433725
004,2014-10-04 15:44:58,9.5,4,8.3885,11.06184083527641,8.5555,9.33528027842547,9.335280278425472,8.43103566548848
004,2014-10-04 16:14:58,11.8,4,11.400000000000007,11.930161231544497,11.318,11.549387077181501,11.549387077181503,11.331880804441962
005,2014-10-01 11:35:12,9.2,4,11.060500000000005,10.406042352900192,10.728499999999999,10.731680784300066,10.731680784300067,10.443099256645736
005,2014-10-01 11:40:00,8.3,4,8.390999999999998,8.66864554080609,8.4565,8.505381846935363,8.505381846935364,8.39997434667985
005,2014-10-01 12:10:12,7.5,4,8.910500000000006,8.566516684453118,8.800500000000001,8.759172228151042,8.759172228151042,8.592097023702834
005,2014-10-01 13:40:12,4.6,4,9.653500000000001,7.6946321911796876,9.567,8.971710730393228,8.97171073039323,7.891392351708723
005,2014-10-01 14:00:12,5.2,4,10.197000000000001,10.17448962100514,10.049000000000001,10.140163207001713,10.140163207001715,10.06235436682028
005,2014-10-01 14:05:12,5.4,4,8.331500000000002,7.889751970469715,8.3595,8.193583990156572,8.193583990156574,7.936249546284982
005,2014-10-01 15:05:12,8.4,4,8.187499999999998,8.382078726404135,8.154000000000002,8.241192908801379,8.241192908801379,8.159450701120607
005,2014-10-01 15:15:12,8.5,4,8.435000000000004,7.683933024460291,8.607,8.241977674820099,8.241977674820099,7.764232876692479
005,2014-10-01 15:30:12,8.8,4,8.916000000000004,7.416624047225729,9.0505,8.461041349075243,8.461041349075245,7.5748401980639555
005,2014-10-01 16:05:12,10.0,4,9.09500000000001,9.212399238409342,8.909999999999998,9.072466412803116,9.072466412803118,8.930529486815873
005,2014-10-01 16:25:12,11.9,4,9.625500000000004,9.176032639239034,9.513,9.438177546413014,9.438177546413014,9.212412611535797
005,2014-10-01 16:55:12,13.8,4,8.933500000000002,7.210969864217562,8.740499999999999,8.294989954739187,8.294989954739188,7.372925875170975
005,2014-10-01 17:25:12,13.0,4,10.403000000000004,8.820008423514174,10.637,9.953336141171393,9.953336141171393,8.987967799969477
005,2014-10-01 17:30:12,12.8,4,8.641,8.892810887807505,8.565999999999999,8.699936962602502,8.699936962602504,8.57636493094501
005,2014-10-01 18:10:12,10.2,4,8.712,9.32794251621572,8.748,8.929314172071905,8.929314172071907,8.721565899754284
005,2014-10-01 18:30:00,6.3,4,7.558000000000003,8.321184704490724,7.616499999999999,7.831894901496909,7.83189490149691,7.57116736825712
005,2014-10-01 19:15:12,5.7,4,10.129000000000005,9.813753331552695,9.8795,9.940751110517567,9.940751110517567,9.823127030336693
005,2014-10-01 19:20:12,5.7,4,8.957500000000003,8.83086041329483,9.004,8.93078680443161,8.930786804431612,8.84457499067491
005,2014-10-01 19:40:00,4.8,4,8.996500000000001,8.791753760684028,9.1335,8.97391792022801,8.973917920228011,8.814545191467857
005,2014-10-01 20:25:12,6.5,4,8.340500000000006,8.357091563543726,8.372,8.356530521181243,8.356530521181245,8.34238496499043
005,2014-10-01 21:10:12,9.5,4,8.779000000000007,7.439455560810492,8.4345,8.217651853603499,8.2176518536035,7.547006382984055
005,2014-10-01 21:45:12,11.5,4,9.3425,8.448612597261496,9.2095,9.000204199087165,9.000204199087166,8.529549904758355
005,2014-10-01 21:50:12,11.9,4,9.793500000000002,9.123532194095738,9.575000000000001,9.49734406469858,9.497344064698582,9.172951694654163
005,2014-10-01 21:55:12,12.2,4,9.55600000000001,9.171844932244447,9.466,9.397948310748154,9.397948310748154,9.203520698601327
005,2014-10-01 22:25:12,13.1,4,8.275500000000008,7.9870814504575005,8.085000000000003,8.115860483485838,8.115860483485838,7.9992311095950015
005,2014-10-02 10:15:12,7.4,4,11.342500000000008,10.465968176999054,11.171000000000001,10.993156058999688,10.99315605899969,10.541446633887292
005,2014-10-02 10:40:12,6.9,4,8.234999999999998,8.66850070993978,8.3995,8.434333569979925,8.434333569979927,8.254900703499546
005,2014-10-02 12:45:12,9.2,4,9.936,12.275577482850984,10.5825,10.931359160950327,10.93135916095033,10.020570381045523
005,2014-10-02 13:00:12,9.8,4,9.641500000000002,10.024730983554768,9.301,9.655743661184923,9.655743661184925,9.34045688201945
005,2014-10-02 13:10:12,9.9,4,9.255000000000003,9.71905562047619,9.255500000000001,9.409851873492064,9.409851873492066,9.259687868351874
005,2014-10-02 13:40:12,10.3,4,9.759500000000008,10.136970596535512,9.5085,9.80165686551184,9.801656865511841,9.538535403816041
005,2014-10-02 13:45:12,10.4,4,9.3665,9.031436912084176,9.746500000000001,9.381478970694726,9.381478970694728,9.070292651178502
005,2014-10-02 14:35:12,11.2,4,9.022500000000006,8.997285382734818,9.022499999999997,9.014095127578274,9.014095127578274,8.99992344427036
005,2014-10-02 14:45:12,11.3,4,8.274000000000004,8.159150502104495,8.007500000000002,8.1468835007015,8.146883500701502,8.024514821730634
005,2014-10-02 16:05:12,11.1,4,10.296500000000002,9.03803936627219,9.927000000000001,9.753846455424066,9.753846455424066,9.13474124517053
005,2014-10-02 16:15:12,11.4,4,9.8775,10.024763585426028,9.632499999999999,9.844921195142009,9.84492119514201,9.65960558793959
005,2014-10-02 17:15:12,12.8,4,12.036500000000007,10.749271255359666,11.71,11.498590418453224,11.498590418453226,10.85305182221015
005,2014-10-02 18:20:12,8.3,4,8.726,8.83513972400941,8.891,8.817379908003138,8.817379908003138,8.737977269356392
005,2014-10-02 18:50:12,6.8,4,9.136500000000007,9.09914030295538,9.055,9.09688010098513,9.09688010098513,9.059991745014065
005,2014-10-02 19:10:12,6.8,4,9.972500000000004,10.854660394550525,10.225,10.350720131516843,10.350720131516844,10.005214238237533
005,2014-10-02 19:40:12,7.8,4,8.884000000000007,7.921665456565872,9.106,8.637221818855293,8.637221818855293,8.024569028981828
005,2014-10-02 19:50:12,8.3,4,11.611500000000001,10.123963861758407,12.158499999999998,11.297987953919469,11.29798795391947,10.285066280357386
005,2014-10-02 20:00:12,8.9,4,9.196,9.78326113818698,9.23,9.403087046062327,9.403087046062328,9.205089837385545
005,2014-10-02 20:35:12,8.1,4,9.772000000000002,8.959590518886527,9.9945,9.57536350629551,9.575363506295512,9.046813287470416
005,2014-10-02 20:50:12,7.8,4,9.6555,9.793654085052303,10.012500000000001,9.820551361684101,9.820551361684103,9.67214273279249
005,2014-10-02 21:05:12,7.9,4,9.465999999999992,8.835652112528539,9.703000000000001,9.33488403750951,9.334884037509513,8.903971815371996
005,2014-10-02 21:10:12,7.9,4,8.967,8.316117288020267,8.872499999999999,8.718539096006756,8.718539096006756,8.375273436580612
005,2014-10-02 21:20:12,8.2,4,8.769500000000003,8.862577136491536,8.792,8.808025712163847,8.808025712163847,8.772559817984996
005,2014-10-02 21:25:12,8.3,4,9.759500000000005,9.043527681188083,9.672500000000001,9.49184256039603,9.49184256039603,9.110203466131377
005,2014-10-02 21:35:12,8.7,4,9.225999999999997,8.723471004263855,9.2985,9.082657001421284,9.082657001421286,8.776772745770774
005,2014-10-02 21:40:12,8.8,4,8.586499999999997,8.063304420935088,8.544500000000001,8.398101473645028,8.39810147364503,8.114069168779354
005,2014-10-02 22:15:12,9.0,4,12.027500000000002,12.156571229105085,11.754499999999998,11.97952374303503,11.97952374303503,11.784353144614704
005,2014-10-02 22:40:12,9.0,4,8.781000000000004,7.604736332833668,8.750499999999999,8.378745444277891,8.378745444277891,7.724916047860572
005,2014-10-02 23:00:13,8.8,4,8.3425,8.218730338552977,8.046,8.202410112850991,8.202410112850993,8.065309486376965
005,2014-10-03 09:00:13,7.8,4,9.559500000000002,8.522220902688277,9.732,9.271240300896093,9.271240300896094,8.632470496159746
005,2014-10-03 09:40:13,7.4,4,10.292500000000004,11.007650625814225,10.095000000000002,10.465050208604744,10.465050208604746,10.12281480436775
005,2014-10-03 09:45:13,7.5,4,9.738999999999999,9.20985926431795,9.817,9.58861975477265,9.588619754772651,9.266000240334833
005,2014-10-03 10:10:13,8.2,4,10.23150000000001,9.975542593772447,10.094000000000001,10.100347531257485,10.100347531257487,9.989311116294829
005,2014-10-03 10:45:13,8.4,4,8.160000000000002,8.575406145106571,8.1965,8.310635381702191,8.310635381702193,8.167607848190308
005,2014-10-03 10:50:13,8.4,4,9.023000000000005,7.850892394206957,9.166,8.67996413140232,8.679964131402322,7.97495332521981
005,2014-10-03 11:25:13,8.2,4,8.684500000000005,8.721764688114872,8.427000000000001,8.611088229371626,8.611088229371628,8.454313402644306
005,2014-10-03 12:10:13,8.5,4,7.591000000000007,8.857397778712578,7.611499999999999,8.019965926237528,8.019965926237528,7.605603775818759
005,2014-10-03 12:25:13,8.7,4,9.444000000000006,9.120037326280691,9.417,9.327012442093567,9.327012442093567,9.151376836429995
005,2014-10-03 13:00:13,7.8,4,10.013000000000002,9.098645773499875,9.840499999999999,9.650715257833292,9.650715257833292,9.177986748365916
005,2014-10-03 13:20:13,7.4,4,6.969000000000001,6.88070994008831,6.903,6.917569980029437,6.9175699800294375,6.88370202187482
005,2014-10-03 13:30:13,7.6,4,6.3045000000000035,6.162765998759684,6.405,6.290755332919896,6.290755332919897,6.178599818607257
005,2014-10-03 13:35:13,7.7,4,6.660999999999994,7.037827600610712,6.6145,6.771109200203568,6.771109200203569,6.623133305687606
005,2014-10-03 13:55:13,7.9,4,8.369000000000005,8.072192143895949,8.451,8.297397381298651,8.297397381298653,8.104065456361521
005,2014-10-03 14:10:13,7.9,4,9.347000000000008,8.254050972282956,9.257,8.952683657427654,8.952683657427656,8.359883806452357
005,2014-10-03 14:15:13,7.9,4,9.186500000000006,9.460386457687601,9.116499999999998,9.254462152562535,9.254462152562537,9.126562565172682
005,2014-10-03 14:20:13,8.1,4,8.332000000000003,7.360092495703976,8.240499999999999,7.977530831901326,7.977530831901326,7.453119509472093
005,2014-10-03 14:30:13,8.4,4,10.184500000000003,8.944968712627517,9.956,9.695156237542507,9.695156237542507,9.053032147509118
005,2014-10-03 15:30:13,10.3,4,12.056500000000002,11.55965909701411,12.453,12.023053032338035,12.023053032338039,11.615605725831541
005,2014-10-03 16:20:13,11.4,4,9.44450000000001,8.78479371406919,9.405000000000001,9.211431238023067,9.211431238023069,8.850077359009138
005,2014-10-03 16:30:13,11.2,4,8.5835,9.418841699964236,8.394,8.798780566654747,8.798780566654747,8.42217972075544
005,2014-10-03 16:55:13,10.3,4,7.489000000000003,8.095010454642097,7.374500000000001,7.652836818214034,7.652836818214034,7.39253958623528
005,2014-10-03 17:00:13,10.3,4,8.954500000000005,8.941012796777867,8.8585,8.918004265592623,8.918004265592625,8.867267715159704
005,2014-10-03 17:40:13,10.9,4,8.196500000000006,8.832393508455104,8.131,8.386631169485037,8.386631169485039,8.144211826356342
005,2014-10-03 18:05:13,11.0,4,9.51600000000001,8.763864806067593,9.8665,9.382121602022535,9.382121602022536,8.846061419895197
005,2014-10-03 18:10:13,10.9,4,9.402000000000008,9.549079238030549,9.119,9.35669307934352,9.35669307934352,9.15007946764622
005,2014-10-03 18:30:13,10.5,4,8.984500000000004,8.903545134554395,8.886000000000001,8.924681711518133,8.924681711518135,8.888645195974306
005,2014-10-03 18:35:13,10.4,4,9.409000000000006,6.960413641336594,9.4155,8.594971213778868,8.594971213778868,7.21666026096281
005,2014-10-03 18:40:13,10.2,4,9.478000000000003,9.209766962167052,9.341000000000001,9.342922320722352,9.342922320722353,9.224867126129435
005,2014-10-03 18:55:13,9.8,4,10.107000000000006,9.31737882626669,9.971499999999999,9.798626275422231,9.798626275422233,9.387170792406723
005,2014-10-03 19:00:13,9.8,4,10.063999999999997,8.373664855104748,10.0065,9.481388285034916,9.481388285034917,8.545074079726584
005,2014-10-03 19:30:13,10.0,4,9.930500000000013,8.961123739933242,10.39,9.760541246644419,9.76054124664442,9.067139046982025
005,2014-10-03 20:20:13,13.5,4,10.211500000000003,9.650578357914924,10.0295,9.963859452638308,9.96385945263831,9.692042767284974
005,2014-10-03 20:35:13,13.4,4,8.512,8.683897453775632,8.561,8.585632484591878,8.585632484591878,8.51835556495482
005,2014-10-03 21:00:13,13.9,4,10.64650000000001,11.064473188647037,10.3385,10.683157729549015,10.683157729549016,10.37490401450803
005,2014-10-03 21:45:13,13.6,4,8.932,9.64616036874372,9.047500000000003,9.208553456247907,9.208553456247909,8.950070709670522
005,2014-10-03 21:50:13,13.4,4,8.622500000000002,8.109828032917125,8.6195,8.45060934430571,8.450609344305711,8.163182102759873
005,2014-10-03 22:05:13,12.5,4,11.310500000000012,9.768646375090203,11.717999999999996,10.932382125030069,10.932382125030072,9.934036722395966
005,2014-10-03 22:10:13,12.2,4,9.546500000000004,9.256528552485445,9.5235,9.442176184161816,9.442176184161818,9.284690251760107
005,2014-10-03 22:45:13,9.1,4,10.157000000000002,9.607258149572965,10.196,9.986752716524322,9.986752716524324,9.665164502680307
005,2014-10-04 08:15:13,4.6,4,9.71050000000001,9.566992509747076,9.857500000000002,9.711664169915695,9.711664169915696,9.58347687963091
005,2014-10-04 08:20:13,5.1,4,7.680000000000007,8.231893659347213,7.820500000000001,7.910797886449074,7.910797886449075,7.698813649932209
005,2014-10-04 08:30:13,6.3,4,9.539000000000005,8.914027205156005,9.43,9.294342401718671,9.294342401718671,8.969100494656297
005,2014-10-04 08:35:13,7.0,4,9.912000000000013,8.997811702058142,9.770000000000001,9.559937234019387,9.559937234019387,9.08002135773977
005,2014-10-04 08:45:13,8.5,4,9.2125,10.00254105299263,9.175999999999998,9.463680350997544,9.463680350997544,9.187719197269166
005,2014-10-04 08:55:13,9.9,4,7.921000000000008,7.1571181611472,7.985500000000001,7.687872720382404,7.687872720382404,7.237683759409122
005,2014-10-04 09:55:13,10.0,4,8.109500000000004,8.083520945800055,8.258000000000003,8.150340315266687,8.150340315266687,8.087723986010378
005,2014-10-04 10:10:13,8.9,4,12.789000000000009,14.462118568914821,12.703999999999999,13.318372856304942,13.318372856304945,12.729624250698341
005,2014-10-04 10:30:13,7.7,4,8.204000000000004,8.452862386762112,8.1585,8.271787462254037,8.27178746225404,8.165749029254895
005,2014-10-04 10:40:13,7.3,4,8.916000000000002,8.368027130050756,9.277500000000002,8.853842376683588,8.853842376683588,8.42897340482411
005,2014-10-04 11:20:14,5.1,4,6.790499999999996,6.353181618262939,6.8525,6.665393872754311,6.665393872754312,6.39955574530417
005,2014-10-04 11:40:14,4.6,4,6.960500000000001,6.223826933632751,6.771999999999999,6.652108977877584,6.652108977877584,6.283064153815046
005,2014-10-04 12:10:14,5.7,4,9.167000000000002,8.90483323026047,9.331500000000002,9.134444410086825,9.134444410086825,8.933907243513938
005,2014-10-04 12:35:14,5.9,4,10.1205,8.330247063696024,10.399000000000001,9.616582354565342,9.616582354565343,8.520336013642591
005,2014-10-04 12:40:14,5.7,4,7.351,7.725577582010377,7.186,7.420859194003459,7.42085919400346,7.207008784367368
005,2014-10-04 13:30:14,3.9,4,8.007500000000004,9.842506422850393,8.305000000000001,8.718335474283466,8.718335474283467,8.054000791760696
005,2014-10-04 13:50:14,4.6,4,5.845500000000002,6.482027758010624,5.8855,6.071009252670208,6.071009252670209,5.85565024934914
005,2014-10-04 14:00:14,5.2,4,9.34800000000001,8.738412684192676,9.341000000000001,9.142470894730897,9.142470894730897,8.801527956818468
005,2014-10-04 14:15:14,6.4,4,11.178000000000008,9.440161851553722,11.158999999999999,10.592387283851243,10.592387283851243,9.620184079723387
005,2014-10-04 14:30:14,7.4,4,10.192500000000008,9.262624326593079,10.1015,9.852208108864362,9.852208108864364,9.351301101866513
005,2014-10-04 14:50:14,7.8,4,9.538000000000006,8.705473950694053,9.6485,9.297324650231353,9.297324650231355,8.793681401027325
005,2014-10-04 14:55:14,7.9,4,9.593500000000006,9.415216690305575,9.3955,9.46807223010186,9.468072230101862,9.399345677904632
005,2014-10-04 15:05:14,8.3,4,7.433500000000004,7.235709063593594,7.414499999999999,7.3612363545312,7.3612363545312,7.254604939129092
005,2014-10-04 15:10:14,8.4,4,8.2305,7.553945378473584,8.546,8.110148459491194,8.110148459491196,7.627884428256023
006,2014-10-01 22:05:06,8.0,4,8.567500000000006,8.70334275567806,8.8505,8.707114251892689,8.70711425189269,8.583184024881735
006,2014-10-01 22:20:06,7.7,4,10.045500000000006,9.40592481882748,9.8215,9.757641606275827,9.757641606275829,9.451644078855432
006,2014-10-01 22:45:06,9.5,4,8.607000000000005,8.996798310028359,8.561,8.72159943667612,8.721599436676122,8.56971070063467
006,2014-10-01 22:50:06,10.4,4,9.974500000000004,10.450917373417235,10.15,10.19180579113908,10.191805791139082,9.99587073737081
006,2014-10-01 22:55:06,11.3,4,9.091500000000002,7.840935028776287,9.367,8.76647834292543,8.766478342925431,7.974529506274144
006,2014-10-01 23:25:06,13.2,4,7.89000000000001,7.910400423385146,7.656500000000001,7.818966807795053,7.818966807795054,7.681133776935588
006,2014-10-01 23:40:06,13.0,4,8.288000000000004,8.4420077473651,8.290999999999999,8.340335915788367,8.34033591578837,8.289823950356329
006,2014-10-02 00:00:06,12.8,4,8.396000000000008,7.98883538525216,8.181999999999999,8.188945128417389,8.18894512841739,8.01118509673956
006,2014-10-02 00:40:06,8.0,4,8.216000000000008,8.92683367922105,8.348500000000001,8.49711122640702,8.497111226407021,8.235646055777142
006,2014-10-02 00:50:06,7.9,4,8.410000000000007,8.571615321761639,8.276,8.419205107253882,8.419205107253884,8.291635808643878
006,2014-10-02 01:15:06,7.6,4,11.788499999999994,12.144311227407016,11.8215,11.918103742469002,11.918103742469004,11.795180713983513
006,2014-10-02 01:50:06,6.7,4,8.337000000000003,9.740458428594017,8.746999999999998,8.941486142864674,8.941486142864674,8.389830544918542
006,2014-10-02 01:55:06,6.8,4,8.1775,8.673267289561158,8.2035,8.35142242985372,8.35142242985372,8.18491790454548
006,2014-10-02 02:05:06,7.2,4,8.217000000000006,8.15261757796173,8.139,8.169539192653911,8.169539192653913,8.141068553703692
006,2014-10-02 08:05:06,12.7,4,10.289000000000009,11.218103323521166,10.138,10.548367774507058,10.54836777450706,10.163089301663314
006,2014-10-02 08:10:06,12.9,4,9.378000000000009,8.881718046631269,9.457500000000001,9.239072682210427,9.239072682210427,8.934436195739499
006,2014-10-02 08:50:06,14.8,4,9.328500000000004,9.541432700093655,9.5025,9.457477566697884,9.457477566697888,9.347093954196236
006,2014-10-02 09:00:06,15.1,4,9.6335,9.19448370102926,9.588000000000001,9.471994567009753,9.471994567009755,9.23611006607544
006,2014-10-02 09:05:06,15.2,4,8.616500000000002,9.062172741807327,8.782,8.82022424726911,8.820224247269111,8.63661704811245
006,2014-10-02 09:30:07,14.8,4,9.968500000000008,9.310233130859135,10.215,9.831244376953048,9.83124437695305,9.381568837455259
006,2014-10-02 10:15:07,13.5,4,8.398000000000003,8.982778468793471,8.4,8.593592822931157,8.593592822931159,8.404037033276387
006,2014-10-02 10:20:07,13.1,4,8.51350000000001,8.810903840424217,8.631499999999999,8.651967946808075,8.651967946808076,8.527639705122898
006,2014-10-02 11:15:07,8.2,4,10.592499999999998,9.627808379242191,10.725000000000001,10.315102793080731,10.315102793080731,9.73006355920957
006,2014-10-02 12:10:07,5.7,4,8.087999999999996,8.082948473822537,8.181,8.117316157940843,8.117316157940845,8.084406986183614
006,2014-10-02 12:35:07,7.0,4,7.3770000000000024,7.185462525884487,7.203499999999999,7.255320841961496,7.255320841961497,7.189084683883437
006,2014-10-02 16:00:07,5.7,4,9.807999999999998,9.237318368882011,9.7835,9.609606122960669,9.609606122960672,9.294707236556855
006,2014-10-02 16:05:07,5.8,4,7.083000000000002,7.906789496604052,7.141,7.376929832201351,7.376929832201352,7.09672610403114
006,2014-10-02 16:10:07,5.8,4,8.660500000000006,8.397656252250739,8.683,8.580385417416915,8.580385417416915,8.425381093850682
006,2014-10-02 17:10:07,6.2,4,7.987000000000006,7.956329030499587,7.733500000000001,7.892276343499866,7.892276343499866,7.757120039744054
006,2014-10-02 17:35:07,5.9,4,7.734000000000002,8.53621239381566,7.9159999999999995,8.062070797938555,8.062070797938555,7.759243745487262
006,2014-10-02 18:05:07,5.7,4,7.917000000000004,8.510898017918782,8.1145,8.180799339306262,8.180799339306263,7.941627278288795
006,2014-10-02 18:30:07,5.2,4,7.232499999999998,7.639635366163007,7.041,7.304378455387668,7.30437845538767,7.065106906005879
006,2014-10-02 18:55:07,4.9,4,6.456000000000005,7.192973942760134,6.4625,6.703824647586714,6.703824647586713,6.463984797340072
006,2014-10-02 19:45:07,4.7,4,8.111500000000001,8.255422976311138,7.905500000000001,8.090807658770379,8.09080765877038,7.928491834373636
006,2014-10-02 19:55:07,4.7,4,9.289500000000006,9.50291912405101,8.9995,9.263973041350338,9.26397304135034,9.031975236566005
006,2014-10-02 20:30:07,4.3,4,6.288999999999998,8.131554735290822,6.486500000000001,6.96901824509694,6.969018245096941,6.326113845462511
006,2014-10-02 21:05:00,4.1,4,5.910499999999997,7.019099346505293,5.939500000000001,6.28969978216843,6.289699782168431,5.924330097997599
006,2014-10-03 09:15:07,9.3,4,7.669500000000004,8.289330431732791,7.579999999999997,7.846276810577598,7.846276810577598,7.595562178650538
006,2014-10-03 10:40:07,14.5,4,11.829000000000006,9.722554725124366,11.770500000000002,11.107351575041458,11.10735157504146,9.937404554121404
006,2014-10-03 11:35:07,9.4,4,10.172500000000008,9.761485167820489,10.389000000000001,10.107661722606833,10.107661722606833,9.806652304553626
006,2014-10-03 11:45:07,9.2,4,9.635500000000006,9.673467041831477,9.758000000000001,9.688989013943827,9.68898901394383,9.640317604537149
006,2014-10-03 11:55:07,9.7,4,6.881499999999994,6.813991322742242,6.9265,6.873997107580745,6.873997107580746,6.821504370454454
006,2014-10-03 12:25:07,10.6,4,8.950499999999998,8.678102648810961,8.896,8.84153421627032,8.841534216270322,8.701445005392795
006,2014-10-03 12:35:07,10.5,4,8.909000000000006,8.93785798494958,9.068999999999999,8.971952661649862,8.971952661649864,8.913330666458636
006,2014-10-03 12:50:07,9.9,4,9.325500000000003,8.751939269613652,9.356,9.144479756537885,9.144479756537887,8.812252656225988
006,2014-10-03 14:20:07,7.2,4,7.952000000000006,6.402856823837749,7.9785,7.444452274612584,7.444452274612586,6.565199835298524
006,2014-10-03 14:25:07,6.9,4,7.982000000000003,7.734173936986169,8.125,7.9470579789953915,7.9470579789953915,7.761532563919761
006,2014-10-03 14:35:07,6.5,4,8.586500000000008,9.071806902714716,8.650500000000001,8.769602300904909,8.76960230090491,8.597409023857606
006,2014-10-03 15:40:07,5.0,4,8.0935,8.168063217263567,8.111500000000001,8.124354405754524,8.124354405754524,8.0959488694687
006,2014-10-03 16:20:07,4.6,4,7.646000000000006,7.7463548128760475,7.677000000000001,7.689784937625352,7.689784937625353,7.649936901249765
006,2014-10-03 16:22:00,3.3,4,7.430999999999998,8.256034368673982,7.348999999999998,7.678678122891327,7.678678122891327,7.365829535813256
006,2014-10-03 16:30:07,5.7,4,8.568000000000005,9.282830211569399,8.276000000000002,8.708943403856468,8.70894340385647,8.313698596029642
006,2014-10-03 17:35:07,12.0,4,7.443000000000003,8.22912279011328,7.346,7.672707596704427,7.672707596704429,7.364009784441039
006,2014-10-03 17:55:07,11.3,4,8.762500000000006,9.063601192737746,8.804,8.876700397579251,8.876700397579253,8.769437920137753
006,2014-10-03 18:20:07,10.8,4,8.275500000000003,8.007244173994449,8.148000000000001,8.143581391331486,8.143581391331486,8.023245652948454
006,2014-10-03 18:45:07,10.0,4,9.36800000000001,9.396487343834803,9.504000000000001,9.422829114611604,9.422829114611606,9.372055594804744
006,2014-10-03 20:20:07,8.3,4,8.601500000000001,8.973526209161097,8.76,8.778342069720367,8.778342069720367,8.620218212726407
006,2014-10-03 20:30:00,7.9,4,8.673499999999997,8.823033703116767,8.771,8.755844567705589,8.755844567705589,8.684221205718183
006,2014-10-03 20:40:07,8.0,4,9.713500000000002,9.379555347199434,9.297499999999998,9.463518449066477,9.463518449066479,9.309424429316199
006,2014-10-03 21:30:07,11.5,4,10.892500000000014,10.279553207678898,11.067,10.746351069226305,10.746351069226305,10.345427333223494
006,2014-10-03 22:10:07,10.1,4,9.728000000000002,9.277002305610653,9.749999999999998,9.585000768536885,9.585000768536885,9.324407621083624
006,2014-10-03 22:45:07,8.7,4,10.477500000000004,9.946775222520213,10.529000000000002,10.317758407506739,10.31775840750674,10.002816927792207
006,2014-10-04 10:35:07,10.2,4,8.823000000000008,8.520182784653906,8.792,8.711727594884637,8.711727594884639,8.548931468967925
006,2014-10-04 11:20:07,12.1,4,7.826499999999997,8.172270921241646,7.864000000000001,7.954256973747214,7.954256973747215,7.833506120245881
006,2014-10-04 12:00:07,10.8,4,7.795500000000001,7.846836225106943,7.769500000000001,7.803945408368982,7.803945408368983,7.77273359390094
006,2014-10-04 12:35:07,9.2,4,7.054500000000001,7.391089005749549,6.9215,7.122363001916516,7.122363001916518,6.938780921189532
006,2014-10-04 13:45:07,8.6,4,10.264000000000003,10.943991659661558,10.437999999999999,10.548663886553852,10.548663886553854,10.287264543791913
006,2014-10-04 14:00:07,8.5,4,6.48,6.795651387615936,6.4835,6.586383795871979,6.58638379587198,6.483487698905948
006,2014-10-04 14:40:07,6.9,4,5.966000000000001,7.330662983616815,5.934,6.410220994538939,6.41022099453894,5.950994607251394
006,2014-10-04 14:50:07,6.6,4,5.915000000000001,6.3469458535787675,6.082999999999999,6.114981951192923,6.114981951192924,5.935216339965731
006,2014-10-04 15:35:07,3.8,4,6.900500000000001,7.540491602534313,6.951999999999998,7.130997200844771,7.130997200844772,6.911773067177974
006,2014-10-04 15:50:07,3.6,4,7.541500000000005,8.639289523085836,7.706999999999999,7.962596507695281,7.962596507695281,7.56813821592524
006,2014-10-04 17:15:08,5.0,4,6.908500000000001,7.672548794426817,6.9205000000000005,7.1671829314756055,7.167182931475606,6.917275979474977
006,2014-10-04 17:40:08,4.8,4,5.639999999999995,6.495758467538283,5.558,5.897919489179426,5.897919489179427,5.575136776801901
006,2014-10-04 18:00:08,5.0,4,8.867500000000001,9.453097723825435,9.1425,9.154365907941811,9.154365907941813,8.899377658150362
006,2014-10-04 18:15:08,5.1,4,8.5125,9.096059642225715,8.572000000000001,8.72685321407524,8.72685321407524,8.523965741928691
006,2014-10-04 18:25:08,5.1,4,6.5695,6.748947960162255,6.515,6.611149320054085,6.611149320054086,6.52249650363693
006,2014-10-04 18:35:08,5.0,4,7.182500000000001,7.653412514482829,7.262,7.365970838160943,7.365970838160944,7.1947317565357825
006,2014-10-04 18:55:08,4.9,4,7.465500000000009,7.846631720022808,7.152,7.488043906674272,7.488043906674274,7.188611033440033
006,2014-10-04 19:30:08,4.3,4,9.889000000000008,9.808716463673775,9.921,9.872905487891261,9.872905487891261,9.817436071999861
006,2014-10-04 20:35:08,4.3,4,8.333000000000004,8.327063916100363,8.473999999999997,8.378021305366788,8.378021305366788,8.329094974688825
006,2014-10-04 21:00:08,4.4,4,9.805000000000009,9.349128451792925,9.7795,9.64454281726431,9.644542817264313,9.394410771278977
006,2014-10-04 21:20:08,5.2,4,9.872000000000003,7.589300087035644,9.908999999999999,9.123433362345216,9.123433362345217,7.828495954358961
006,2014-10-04 21:55:08,7.2,4,10.145500000000013,9.943913026057329,10.3735,10.154304342019115,10.154304342019115,9.967283920931203
007,2014-10-01 09:00:00,5.4,4,8.152000000000008,8.328535655310871,8.251,8.24384521843696,8.24384521843696,8.163133161681472
007,2014-10-01 12:00:00,5.4,4,8.467,8.311941703159475,8.366,8.381647234386492,8.381647234386493,8.318607514313463
007,2014-10-01 12:04:59,4.5,4,8.499500000000006,8.244477065338552,8.5695,8.437825688446187,8.437825688446187,8.27185865988891
007,2014-10-01 12:14:59,5.4,4,7.981500000000002,7.534867511982274,8.258499999999998,7.924955837327424,7.924955837327426,7.584366120819464
007,2014-10-01 12:24:59,6.5,4,8.53,8.206086446307493,8.374500000000001,8.370195482102497,8.370195482102499,8.225261595500637
007,2014-10-01 12:29:59,7.2,4,8.579000000000002,8.467591193690229,8.597000000000001,8.547863731230079,8.547863731230079,8.47942726142093
007,2014-10-01 14:14:59,5.1,4,8.035000000000004,7.7629983978459,8.126,7.974666132615301,7.974666132615302,7.792366373499572
007,2014-10-01 14:24:59,5.0,4,8.373000000000008,8.33191001486238,8.2535,8.319470004954129,8.319470004954132,8.26211449231659
007,2014-10-01 14:39:59,5.1,4,7.80250000000001,7.86632827695312,7.8315,7.8334427589843765,7.833442758984377,7.805882387302087
007,2014-10-01 15:29:59,6.3,4,7.608500000000003,8.054149193095341,7.657499999999999,7.773383064365114,7.773383064365116,7.617593082348019
007,2014-10-01 15:44:59,6.7,4,8.372500000000013,8.606871098162198,8.232000000000001,8.40379036605407,8.403790366054073,8.249043424320355
007,2014-10-01 16:09:59,7.4,4,7.1975000000000025,7.992057789972913,7.291999999999999,7.493852596657638,7.493852596657638,7.214387573704073
007,2014-10-01 16:19:59,7.7,4,7.551500000000004,7.7481110532424475,7.546500000000001,7.615370351080817,7.615370351080818,7.548989232003553
007,2014-10-01 17:24:59,8.4,4,8.475,9.62154415198657,8.3845,8.827014717328856,8.827014717328858,8.405433940147303
007,2014-10-01 17:29:59,8.9,4,8.862000000000002,9.126225862962471,8.9275,8.971908620987492,8.971908620987492,8.870840149901417
007,2014-10-01 17:44:59,10.0,4,8.706000000000007,8.726049072324043,8.541500000000003,8.657849690774684,8.657849690774684,8.558911187123394
007,2014-10-01 17:49:59,10.3,4,7.979000000000006,7.788197408391385,8.160499999999999,7.9758991361304625,7.975899136130464,7.809974994874898
007,2014-10-01 18:04:59,10.7,4,9.075000000000003,9.09974405426875,8.765,8.97991468475625,8.979914684756253,8.797680971752701
007,2014-10-01 18:15:00,11.0,4,9.309500000000005,8.571222083805154,9.4225,9.101074027935054,9.101074027935054,8.649593889729573
007,2014-10-01 18:19:59,10.7,4,9.131500000000006,8.575572453536196,8.985,8.897357484512067,8.897357484512069,8.619873521621592
007,2014-10-01 18:34:59,10.4,4,7.887500000000002,8.838915382538495,8.068000000000001,8.264805127512833,8.264805127512833,7.914093838933151
007,2014-10-01 18:39:59,10.2,4,8.218500000000002,8.91154966886133,8.252500000000001,8.460849889620444,8.460849889620444,8.22864772269229
007,2014-10-01 19:54:59,8.7,4,8.492500000000005,9.3106890781983,8.492,8.765063026066102,8.765063026066104,8.500234202929095
007,2014-10-01 20:24:59,8.4,4,8.163499999999997,8.258364752658016,8.280000000000001,8.233954917552671,8.233954917552673,8.173641510267169
007,2014-10-01 20:29:59,8.4,4,8.548499999999997,8.296070160671164,8.318999999999999,8.38785672022372,8.387856720223722,8.300764178927652
007,2014-10-01 20:39:59,8.3,4,8.920499999999999,8.642977243217876,9.082999999999998,8.882159081072624,8.882159081072626,8.673637865777817
007,2014-10-01 20:59:59,7.9,4,8.108000000000004,8.328174578173787,8.334,8.256724859391264,8.256724859391264,8.131093864066171
007,2014-10-01 21:14:59,7.9,4,8.610499999999995,8.762850380687148,8.781500000000001,8.718283460229047,8.718283460229049,8.626626047247553
007,2014-10-01 21:29:59,8.2,4,8.502500000000007,8.482057866223126,8.578,8.520852622074377,8.52085262207438,8.484951610042
007,2014-10-01 21:44:59,8.6,4,8.387000000000002,8.689845862318075,8.765,8.613948620772693,8.613948620772694,8.419436575981068
007,2014-10-01 22:04:59,9.8,4,8.751499999999998,8.78314686217662,8.8625,8.799048954058874,8.799048954058874,8.75560456199792
007,2014-10-01 22:34:59,10.6,4,9.211999999999998,8.755950497042726,9.228499999999999,9.06548349901424,9.065483499014242,8.80382935442168
007,2014-10-01 23:09:59,10.8,4,8.575500000000007,7.6697253442398,8.902500000000002,8.382575114746603,8.382575114746604,7.767761378326377
007,2014-10-01 23:29:59,11.2,4,8.904000000000007,7.341116165171627,8.902999999999999,8.382705388390544,8.382705388390546,7.504537159053317
007,2014-10-01 23:34:59,11.3,4,8.426500000000004,8.461167459851525,8.505500000000001,8.464389153283843,8.464389153283845,8.430570383921054
007,2014-10-01 23:39:59,11.4,4,8.236000000000004,7.624898935700812,8.286,8.048966311900273,8.048966311900273,7.689334953253781
007,2014-10-02 08:29:59,9.9,4,7.449000000000004,7.517722126460884,7.3534999999999995,7.440074042153629,7.44007404215363,7.3641788413631755
007,2014-10-02 09:19:59,12.7,4,7.4665000000000035,7.267025650011537,7.427500000000001,7.387008550003848,7.387008550003848,7.284205165620431
007,2014-10-02 09:44:59,10.5,4,8.487000000000005,8.40240224072134,8.623000000000001,8.50413408024045,8.50413408024045,8.412613221578956
007,2014-10-02 10:24:59,8.2,4,6.8285000000000045,7.982575348495521,6.833499999999999,7.214858449498507,7.214858449498509,6.840513874956086
007,2014-10-02 10:34:59,7.5,4,8.803000000000006,7.970083716959001,9.034,8.602361238986335,8.602361238986338,8.059536995221388
007,2014-10-02 10:44:59,6.9,4,7.138999999999999,7.7191035530659615,7.1160000000000005,7.3247011843553205,7.324701184355321,7.124207394297852
007,2014-10-02 10:59:59,6.1,4,6.320500000000002,7.465048519137812,6.325499999999998,6.703682839712603,6.703682839712604,6.3324186066625066
007,2014-10-02 11:04:59,5.8,4,9.581000000000005,7.9264457401142225,9.823,9.110148580038077,9.110148580038077,8.101972311813153
007,2014-10-02 11:24:59,5.2,4,7.4759999999999955,7.897936877807878,7.664999999999999,7.679645625935957,7.679645625935958,7.498103360386759
007,2014-10-02 11:29:59,5.1,4,8.135500000000006,7.565907878632818,8.259,7.986802626210942,7.986802626210943,7.626736052327466
007,2014-10-02 12:04:59,5.4,4,9.689000000000009,8.465309859985863,9.201,9.118436619995292,9.118436619995292,8.547160921653761
007,2014-10-02 12:09:59,5.5,4,8.395500000000007,10.075098519818274,8.396999999999998,8.95586617327276,8.955866173272762,8.412437921639524
007,2014-10-02 12:19:59,5.4,4,7.3024999999999975,7.297175500797026,7.305499999999999,7.30172516693234,7.301725166932341,7.2977625727682405
007,2014-10-02 12:29:59,5.2,4,8.382000000000007,8.536431301564694,8.278500000000001,8.398977100521568,8.398977100521568,8.290872927468023
007,2014-10-02 12:59:59,5.7,4,7.208999999999999,8.181087811367702,7.084500000000002,7.4915292704559,7.491529270455902,7.107246602744795
007,2014-10-02 13:34:59,6.3,4,8.207000000000003,8.291664258613064,8.357999999999999,8.285554752871022,8.285554752871024,8.216521295717417
007,2014-10-02 13:39:59,6.3,4,6.766500000000003,6.932057393622452,6.754000000000001,6.817519131207486,6.8175191312074865,6.756963377614047
007,2014-10-02 14:34:59,5.6,4,8.331500000000005,8.862364206780072,8.205000000000002,8.466288068926692,8.466288068926694,8.22354361528737
007,2014-10-02 14:44:59,5.5,4,8.024999999999999,7.635374246864038,8.015999999999998,7.892124748954679,7.8921247489546795,7.67528694765007
007,2014-10-02 15:04:59,5.9,4,7.489999999999998,7.608166755548437,7.5075,7.535222251849478,7.535222251849479,7.492837592704433
007,2014-10-02 15:19:59,6.9,4,7.773999999999996,7.321766992497974,7.67,7.588588997499323,7.588588997499324,7.359240625134018
007,2014-10-02 15:29:59,7.7,4,8.218999999999994,7.838160900346166,8.104,8.053720300115387,8.053720300115387,7.867124128525083
007,2014-10-02 15:39:59,8.4,4,7.6875000000000036,7.605797159736051,7.820499999999999,7.70459905324535,7.704599053245352,7.615675261734912
007,2014-10-02 15:44:59,8.8,4,9.208000000000009,8.278160755562187,8.9795,8.821886918520732,8.821886918520732,8.353822879024385
007,2014-10-02 16:04:59,9.5,4,6.887000000000003,7.609294516015661,6.7485,7.081598172005221,7.081598172005222,6.770213409910435
007,2014-10-02 16:09:59,9.4,4,7.786000000000001,8.613139602117903,7.9615,8.120213200705969,8.120213200705969,7.810877959657815
007,2014-10-02 16:24:59,8.9,4,8.851,8.050612553358864,8.775,8.558870851119622,8.558870851119623,8.12716107870976
007,2014-10-02 16:29:59,8.7,4,9.473500000000007,10.539990933944477,9.471499999999999,9.828330311314827,9.82833031131483,9.482374157927893
007,2014-10-02 16:54:59,7.8,4,11.487500000000002,12.104329343992791,11.536,11.709276447997597,11.709276447997599,11.49825757170988
007,2014-10-02 17:14:59,6.7,4,8.060500000000006,7.203585421483689,7.9,7.721361807161233,7.721361807161233,7.278052305249553
007,2014-10-02 17:19:59,6.4,4,8.281,8.12023871902154,8.323500000000001,8.241579573007181,8.241579573007181,8.137483254582753
007,2014-10-03 07:00:00,8.6,4,8.023500000000006,7.751118608277137,8.046999999999999,7.9405395360923805,7.940539536092381,7.779851319146396
007,2014-10-03 07:10:00,9.0,4,8.435000000000004,7.858119883293539,8.466,8.253039961097848,8.25303996109785,7.91878555835688
007,2014-10-03 07:25:00,9.8,4,8.326000000000008,8.479191745536909,8.543,8.449397248512305,8.449397248512305,8.34266566080266
007,2014-10-03 07:40:00,10.1,4,9.019000000000007,8.310561509660685,9.038499999999999,8.789353836553564,8.789353836553564,8.384876386714865
007,2014-10-03 08:35:00,5.7,4,7.010500000000004,8.048954350835563,7.041000000000001,7.36681811694519,7.36681811694519,7.023770584482246
007,2014-10-03 08:45:00,5.4,4,8.517499999999997,8.165373098617755,8.363000000000001,8.348624366205918,8.348624366205918,8.187594673694912
007,2014-10-03 09:00:00,5.7,4,8.468500000000004,7.579158309904732,8.5605,8.202719436634913,8.202719436634913,7.673125056556577
007,2014-10-03 09:20:00,5.7,4,8.9415,8.535716376944416,9.2265,8.901238792314805,8.901238792314807,8.581021202115014
007,2014-10-03 10:10:00,8.8,4,8.554499999999996,8.568796637883015,8.4675,8.530265545961003,8.530265545961004,8.476745279976475
007,2014-10-03 10:35:00,8.6,4,8.498000000000006,8.175688301444538,8.449499999999999,8.374396100481514,8.374396100481516,8.204820657156683
007,2014-10-03 10:50:00,8.5,4,8.981000000000005,8.182079318064035,8.665,8.609359772688014,8.609359772688014,8.235764553578653
007,2014-10-03 11:10:00,8.5,4,8.154000000000003,7.432407500762315,8.044,7.876802500254105,7.876802500254107,7.497494934348882
007,2014-10-03 11:50:00,8.9,4,7.864500000000003,8.017223954864837,7.962,7.947907984954948,7.947907984954948,7.875253108235669
007,2014-10-03 12:40:00,18.7,4,8.512500000000005,8.027523961255596,8.500499999999999,8.346841320418532,8.346841320418534,8.077128745494967
007,2014-10-03 13:05:00,19.0,4,10.538000000000006,8.913545673441956,10.196000000000002,9.882515224480654,9.882515224480656,9.051141552234984
007,2014-10-03 13:30:00,18.2,4,10.001999999999999,8.414181364108472,10.093499999999999,9.50322712136949,9.503227121369491,8.581220768247283
007,2014-10-03 14:05:00,16.5,4,8.329,7.834341844034858,8.3915,8.184947281344954,8.184947281344954,7.8867201044857715
007,2014-10-03 14:30:00,15.2,4,8.189500000000002,7.576764957418372,8.0735,7.946588319139458,7.946588319139459,7.6298955106657225
007,2014-10-03 14:35:00,14.8,4,8.972000000000003,8.435048685606622,8.943000000000001,8.783349561868876,8.783349561868876,8.488482733376122
007,2014-10-03 20:20:00,5.2,4,8.123000000000001,7.505392351734651,7.86,7.829464117244885,7.829464117244885,7.545122926661501
007,2014-10-03 20:25:00,5.0,4,6.766999999999999,7.000583476984544,6.8980000000000015,6.888527825661515,6.888527825661515,6.781731617313429
007,2014-10-03 21:10:00,5.4,4,7.862000000000005,7.316324581268059,7.945500000000001,7.707941527089356,7.707941527089356,7.374250486829285
007,2014-10-03 21:20:00,5.7,4,7.521000000000003,8.290695197664949,7.460999999999999,7.7575650658883175,7.7575650658883175,7.474974409630198
007,2014-10-03 21:40:00,6.3,4,7.604500000000004,7.678501313573154,7.562000000000001,7.61500043785772,7.61500043785772,7.567186545640329
007,2014-10-03 21:45:00,6.5,4,7.5675000000000034,7.828628350740821,7.38,7.592042783580275,7.5920427835802755,7.402228338674754
007,2014-10-03 22:15:00,7.8,4,7.797000000000004,7.584876549722689,7.810000000000002,7.730625516574232,7.730625516574233,7.607199815996704
007,2014-10-03 22:35:00,8.3,4,7.943000000000003,7.804756166379116,7.839000000000001,7.862252055459707,7.862252055459708,7.809378903303286
007,2014-10-03 22:55:00,8.5,4,8.206000000000007,7.987986112543543,8.416500000000001,8.203495370847849,8.203495370847852,8.012900661650107
007,2014-10-03 23:15:00,8.9,4,7.617000000000003,7.175745116265898,7.626499999999998,7.473081705421966,7.473081705421968,7.222006097050289
007,2014-10-04 00:05:00,9.2,4,8.222500000000005,8.28091028180478,8.2575,8.253636760601596,8.253636760601598,8.226395953115954
007,2014-10-04 00:35:00,9.6,4,8.3935,8.004862448633991,8.388499999999999,8.262287482877996,8.262287482877998,8.045050256684194
007,2014-10-04 01:00:00,10.8,4,7.942,7.6734731880951905,7.940499999999999,7.851991062698397,7.8519910626983975,7.701425679830109
007,2014-10-04 01:20:00,12.3,4,7.781999999999996,7.56216921023393,7.624500000000001,7.656223070077975,7.656223070077977,7.5702655251217426
007,2014-10-04 01:45:00,13.3,4,7.725000000000001,7.592375362858945,7.727,7.681458454286315,7.681458454286316,7.606271121916786
007,2014-10-04 02:00:00,13.1,4,7.803000000000004,8.907517880168433,7.769500000000001,8.160005960056147,8.160005960056147,7.78405009265825
007,2014-10-04 02:25:00,12.6,4,7.837000000000002,8.109523705078637,7.812500000000001,7.919674568359547,7.9196745683595475,7.817788532259319
007,2014-10-04 02:40:00,12.3,4,7.425000000000003,7.371016912236578,7.418499999999999,7.404838970745526,7.404838970745527,7.376049796781487
007,2014-10-04 08:40:00,8.5,4,8.007500000000002,7.640598754978307,7.675999999999999,7.77469958499277,7.77469958499277,7.647617585253416
007,2014-10-04 08:45:00,8.9,4,8.48200000000001,8.378832189263731,8.4615,8.440777396421247,8.440777396421248,8.387686250617206
007,2014-10-04 08:50:00,9.3,4,8.005500000000001,7.612887059791798,7.8735,7.8306290199306,7.830629019930601,7.6414735047272035
007,2014-10-04 09:25:00,9.6,4,8.227500000000004,8.312490798924678,8.2575,8.265830266308228,8.265830266308228,8.231188636816023
007,2014-10-04 09:30:01,9.3,4,8.702000000000004,8.118594412390735,8.681500000000002,8.50069813746358,8.500698137463582,8.177693012210142
007,2014-10-04 09:50:01,8.4,4,8.1175,7.987177490930573,8.034500000000001,8.046392496976859,8.046392496976859,7.992958575042955
007,2014-10-04 10:00:01,8.6,4,8.2855,7.584219199463943,8.174,8.014573066487982,8.014573066487982,7.647039599467986
007,2014-10-04 10:25:01,8.9,4,8.361000000000004,7.268141450405163,8.2525,7.960547150135056,7.960547150135056,7.372214268921708
007,2014-10-04 10:50:01,6.8,4,7.350000000000003,7.728367021499919,7.541999999999999,7.540122340499973,7.540122340499975,7.371951534706364
007,2014-10-04 11:35:01,4.8,4,6.569000000000005,7.433987977177805,6.401500000000001,6.801495992392604,6.801495992392605,6.427674449054608
007,2014-10-04 11:40:01,4.7,4,7.6865000000000006,7.522536198609384,7.784999999999999,7.6646787328697945,7.6646787328697945,7.540675795608463
007,2014-10-04 11:45:01,4.6,4,8.539500000000006,8.26226798033746,8.496,8.432589326779157,8.432589326779157,8.287157027932635
007,2014-10-04 12:35:01,6.1,4,7.525,7.7441157666115,7.640000000000002,7.636371922203835,7.636371922203835,7.538072951502086
007,2014-10-04 12:40:00,6.3,4,8.046000000000003,7.370544462625356,8.185499999999998,7.867348154208453,7.867348154208453,7.4426085215041216
007,2014-10-04 12:50:01,7.4,4,8.045500000000002,7.933316272221698,7.985499999999999,7.9881054240739,7.9881054240739005,7.939375957910574
007,2014-10-04 13:50:01,8.8,4,8.397000000000007,7.991218762971085,8.3255,8.237906254323697,8.237906254323699,8.02690770146818
007,2014-10-04 13:55:01,8.7,4,8.840000000000005,8.415371772566612,8.885,8.713457257522206,8.713457257522206,8.460248201170204
007,2014-10-04 14:00:01,8.5,4,8.623999999999995,8.216113394056503,8.779500000000002,8.539871131352166,8.539871131352168,8.260343242327519
007,2014-10-04 14:25:01,7.6,4,8.114000000000003,8.124233878660593,8.196499999999999,8.144911292886865,8.144911292886865,8.11579337354545
007,2014-10-04 14:50:01,6.9,4,8.5105,9.074935419790705,8.727500000000001,8.770978473263568,8.77097847326357,8.536677826044915
007,2014-10-04 15:55:01,8.8,4,7.947000000000006,7.6517508038976905,8.074500000000002,7.891083601299234,7.8910836012992345,7.683916042660644
007,2014-10-04 16:10:01,9.0,4,7.885999999999999,8.160408680183952,8.099,8.048469560061317,8.048469560061317,7.908899061471944
007,2014-10-04 16:20:01,9.2,4,7.983000000000001,8.129888664866789,8.1655,8.092796221622264,8.092796221622265,7.998724236242797
007,2014-10-04 16:40:01,9.3,4,8.461499999999997,7.079209646799052,8.396500000000001,7.979069882266351,7.9790698822663515,7.217680220293228
007,2014-10-04 16:55:01,9.0,4,8.322500000000002,7.151147118853828,8.324000000000002,7.932549039617943,7.932549039617944,7.273714087333167
007,2014-10-04 17:05:01,8.7,4,8.539499999999999,7.921547812274447,8.5225,8.327849270758149,8.32784927075815,7.984592010778715
007,2014-10-04 17:20:01,8.0,4,7.323,8.458363291320751,7.170000000000001,7.650454430440251,7.650454430440251,7.197361149929762
007,2014-10-04 17:35:01,7.4,4,8.052000000000007,7.6715106978584044,8.0765,7.933336899286137,7.933336899286138,7.711564122555456
007,2014-10-04 17:45:01,7.2,4,7.3015,7.353741035479228,7.355499999999998,7.336913678493076,7.336913678493076,7.306983271111847
007,2014-10-04 17:50:01,7.1,4,7.8284999999999965,7.3046296024440025,7.653999999999999,7.595709867481332,7.595709867481333,7.342927233711703
007,2014-10-04 17:55:01,7.0,4,10.124000000000006,8.852900146220929,10.03,9.66896671540698,9.66896671540698,8.97699338765592
007,2014-10-04 18:15:01,6.7,4,7.780000000000006,9.017454266591901,8.009500000000001,8.268984755530637,8.268984755530637,7.814090818190755
007,2014-10-04 18:20:01,6.5,4,8.449000000000002,7.789653394271616,8.460999999999999,8.233217798090537,8.23321779809054,7.8587570675461595
007,2014-10-04 18:30:01,6.4,4,7.523500000000002,7.475100944088806,7.369000000000001,7.455866981362935,7.455866981362937,7.380584726951098
007,2014-10-04 19:05:01,6.0,4,8.646,9.541971280057464,8.552,8.913323760019155,8.913323760019155,8.570794396457801
007,2014-10-04 19:40:01,6.8,4,8.706500000000004,8.738788867820437,8.807500000000001,8.750929622606813,8.750929622606815,8.71056531132886
007,2014-10-04 20:15:01,7.2,4,8.952500000000004,10.001144059877053,8.999999999999998,9.317881353292352,9.317881353292353,8.967481094574499
007,2014-10-04 20:25:01,7.3,4,8.192499999999997,7.824392462388557,8.1495,8.055464154129519,8.055464154129519,7.858836609058658
007,2014-10-04 20:40:01,7.5,4,7.945499999999998,7.6380334924284545,7.9590000000000005,7.847511164142818,7.847511164142818,7.670336958781213
007,2014-10-04 20:55:01,7.7,4,8.164000000000001,7.766329566699658,8.316500000000001,8.08227652223322,8.08227652223322,7.809460555118194
007,2014-10-04 21:00:01,7.8,4,8.64700000000001,8.076145485901986,8.7975,8.506881828633999,8.506881828633999,8.137375736545133
007,2014-10-04 21:25:01,8.2,4,9.059500000000012,8.127540603826672,9.05,8.745680201275562,8.745680201275562,8.224147267103314
008,2014-10-01 06:51:54,6.9,4,6.146000000000004,6.4337082801667025,6.1375,6.239069426722235,6.239069426722236,6.141266389302585
008,2014-10-01 07:06:54,5.9,4,7.2685,7.8047039408890315,7.366499999999999,7.479901313629678,7.479901313629678,7.283135220243023
008,2014-10-01 07:31:54,4.5,4,6.063500000000004,6.719824173316238,6.125,6.3027747244387475,6.302774724438748,6.075882635828054
008,2014-10-01 08:06:54,3.1,4,7.603000000000005,7.41730258062591,7.826999999999999,7.615767526875305,7.615767526875305,7.438971042067485
008,2014-10-01 08:11:54,3.0,4,5.604500000000005,6.541483988879161,5.694500000000001,5.946827996293056,5.946827996293057,5.622386026369121
008,2014-10-01 08:16:54,3.0,4,5.531000000000003,5.955376636643633,5.800500000000002,5.762292212214547,5.762292212214547,5.560745013660306
008,2014-10-01 08:21:54,3.1,4,7.191499999999996,8.018817591229714,7.202000000000001,7.470772530409904,7.470772530409905,7.2007667310016625
008,2014-10-01 09:21:54,3.4,4,5.5085000000000015,5.894025857816629,5.600499999999999,5.667675285938877,5.667675285938877,5.521060693646945
008,2014-10-01 09:26:54,3.4,4,7.060000000000002,6.537965028403799,6.889499999999999,6.829155009467933,6.829155009467934,6.576449126702756
008,2014-10-01 11:06:54,5.4,4,7.111999999999995,7.341050557684046,7.028,7.160350185894679,7.160350185894681,7.039078946291809
008,2014-10-01 12:11:54,8.1,4,7.722499999999999,8.586305463757153,7.571500000000001,7.960101821252384,7.960101821252385,7.595936323065674
008,2014-10-01 12:21:54,6.7,4,7.565500000000005,7.633685741836307,7.445500000000001,7.548228580612104,7.548228580612106,7.458736772725465
008,2014-10-01 13:04:00,4.2,4,7.4710000000000045,7.300798721990199,7.569,7.446932907330068,7.446932907330069,7.3195859105783105
008,2014-10-01 13:26:54,5.2,4,4.961000000000003,5.635761425435438,4.919,5.171920475145146,5.171920475145147,4.930141834611838
008,2014-10-01 13:41:54,6.0,4,6.9185,7.58736003476567,6.6615,7.055786678255224,7.055786678255224,6.6950770439637
008,2014-10-01 14:01:54,5.2,4,6.7669999999999995,7.25278421984532,6.9674999999999985,6.995761406615106,6.995761406615107,6.790830013190734
008,2014-10-01 14:06:54,4.8,4,7.926000000000004,7.330229881779517,8.035499999999999,7.763909960593174,7.763909960593174,7.393656909919188
008,2014-10-01 14:41:54,3.6,4,7.764000000000003,7.929819515031906,7.7995,7.831106505010635,7.831106505010637,7.769017357595336
008,2014-10-01 14:56:54,4.1,4,7.679000000000002,8.411874190120177,7.606000000000002,7.898958063373393,7.898958063373394,7.620966315379689
008,2014-10-01 15:06:54,4.7,4,7.400000000000003,7.478276200920447,7.435,7.437758733640149,7.437758733640151,7.40409461230711
008,2014-10-01 15:11:54,4.9,4,8.741500000000004,8.720950128779435,8.971499999999999,8.811316709593145,8.811316709593147,8.725400144552317
008,2014-10-01 15:16:54,5.2,4,8.015499999999998,8.32586656258321,7.978,8.106455520861068,8.10645552086107,7.985027076659298
008,2014-10-01 15:26:54,5.7,4,9.023499999999995,8.9421843559915,8.898000000000001,8.954561451997165,8.954561451997167,8.903435913501518
008,2014-10-01 15:46:54,6.7,4,7.410999999999999,7.5438238295611555,7.162000000000002,7.372274609853719,7.3722746098537195,7.189379687557849
008,2014-10-01 16:06:54,6.9,4,6.569000000000006,6.761042596790268,6.5394999999999985,6.623180865596758,6.623180865596758,6.5445068426475626
008,2014-10-01 16:11:54,6.8,4,7.851000000000003,8.648776573170831,7.978999999999998,8.159592191056944,8.159592191056944,7.871089675392617
008,2014-10-01 16:36:54,6.0,4,6.035500000000001,6.492008649199839,6.0525,6.193336216399946,6.193336216399947,6.0416736994938365
008,2014-10-01 16:41:54,6.1,4,6.290500000000004,6.568582828213308,6.0095,6.289527609404438,6.289527609404439,6.041680254959597
008,2014-10-01 18:01:54,6.8,4,8.03,8.451919616233802,8.225,8.235639872077934,8.235639872077934,8.052670933536376
008,2014-10-01 18:15:00,7.8,4,8.594000000000001,8.687745239795198,8.543000000000001,8.608248413265066,8.608248413265068,8.549273291403468
008,2014-10-01 18:56:54,5.3,4,9.867500000000009,10.474603105584594,9.608,9.983367701861534,9.983367701861535,9.641221035407453
008,2014-10-01 19:21:54,4.6,4,6.248000000000003,6.519277426023349,6.336,6.367759142007785,6.367759142007785,6.259039712152109
008,2014-10-01 19:26:54,4.7,4,7.771499999999998,7.374267721113199,7.8825,7.676089240371065,7.676089240371066,7.416937867935457
008,2014-10-01 20:01:54,4.8,4,6.551500000000005,7.46416576878378,6.563500000000001,6.859721922927929,6.859721922927929,6.561762149218551
008,2014-10-01 20:51:54,8.1,4,8.330499999999999,9.332843455422989,8.1255,8.596281151807665,8.596281151807665,8.156971414870528
008,2014-10-01 21:21:54,9.4,4,7.319500000000005,6.319158730095429,7.308500000000001,6.982386243365145,6.982386243365146,6.422777862207705
008,2014-10-02 10:31:55,3.5,4,7.647000000000004,8.781036509107397,7.629,8.019012169702465,8.019012169702467,7.642223602387136
008,2014-10-02 10:41:55,4.3,4,6.72,7.059030273290128,6.806500000000001,6.861843424430043,6.8618434244300435,6.731575304183435
008,2014-10-02 11:06:55,6.2,4,7.372999999999998,7.8854681952014545,7.331,7.529822731733817,7.529822731733819,7.3405189023094986
008,2014-10-02 11:11:55,6.4,4,6.936999999999999,6.9841885485769195,6.7865,6.90256284952564,6.902562849525641,6.802717841766759
008,2014-10-02 11:44:00,8.7,4,8.393499999999996,8.447975172762096,8.4955,8.445658390920697,8.445658390920698,8.399674674775438
008,2014-10-02 12:11:55,6.4,4,6.499500000000005,6.621530956489328,6.544,6.555010318829777,6.555010318829778,6.504931090657946
008,2014-10-02 12:26:55,7.0,4,7.850000000000002,7.467712288216618,7.9254999999999995,7.7477374294055394,7.747737429405541,7.50846387025317
008,2014-10-02 12:56:55,8.4,4,7.97,8.30728770906338,7.8595,8.045595903021127,8.045595903021127,7.874433861602588
008,2014-10-02 13:06:55,9.0,4,6.972,7.449705364015653,6.946999999999999,7.122901788005218,7.122901788005219,6.9543926609958
008,2014-10-02 13:16:55,9.6,4,6.972500000000008,6.448823179272363,6.780000000000001,6.7337743930907905,6.733774393090791,6.485397320404953
008,2014-10-02 13:21:55,9.8,4,6.951500000000003,6.7865702013253255,7.065499999999999,6.934523400441776,6.934523400441776,6.804965865108474
008,2014-10-02 13:36:55,9.7,4,6.624500000000003,8.364022811542345,6.544,7.177507603847449,7.17750760384745,6.569817483800603
008,2014-10-02 14:21:55,10.2,4,6.949,6.99679192076746,7.1075,7.017763973589152,7.017763973589154,6.955107276772316
008,2014-10-02 14:36:55,10.8,4,6.688500000000006,6.865366803628917,6.556499999999999,6.70345560120964,6.703455601209642,6.572079074874099
008,2014-10-02 14:46:55,11.2,4,8.124,7.2077139203883585,8.219,7.850237973462787,7.850237973462787,7.304529704776701
008,2014-10-02 14:51:55,11.4,4,7.710000000000003,7.54037902368943,7.625,7.625126341229811,7.625126341229811,7.550082433612623
008,2014-10-02 15:31:55,13.5,4,9.446999999999997,8.21036508473826,9.301000000000002,8.986121694912754,8.986121694912754,8.325931993005593
008,2014-10-02 15:36:55,13.5,4,7.338000000000002,8.336644268565689,7.241499999999999,7.638714756188563,7.638714756188564,7.261582687078449
008,2014-10-02 15:56:55,12.9,4,9.456000000000003,8.298407668346648,9.493,9.082469222782217,9.082469222782219,8.41988994904714
008,2014-10-02 16:06:55,12.8,4,9.3645,8.393469065828086,9.304999999999998,9.020989688609362,9.020989688609362,8.489432346480854
008,2014-10-02 16:16:55,12.8,4,10.568,9.382924244006462,10.546,10.165641414668821,10.165641414668823,9.504830224108488
008,2014-10-02 17:01:55,13.7,4,9.510000000000009,8.554714493957864,9.3175,9.127404831319291,9.127404831319293,8.636445389173232
008,2014-10-02 17:11:55,13.7,4,9.152500000000002,8.830529218343635,9.154499999999999,9.045843072781212,9.045843072781214,8.864235184135776
008,2014-10-02 17:41:55,11.8,4,9.40150000000001,8.9223755143393,9.4765,9.266791838113102,9.266791838113104,8.973253575497875
008,2014-10-02 17:51:55,11.1,4,9.163500000000008,8.955584363150182,9.145500000000002,9.08819478771673,9.088194787716732,8.975634152618046
008,2014-10-02 18:01:55,10.7,4,9.452000000000005,8.810723602916,9.151000000000002,9.137907867638669,9.13790786763867,8.849334780802627
008,2014-10-02 18:06:55,10.5,4,9.502500000000005,9.225746650930697,9.4475,9.391915550310232,9.391915550310236,9.24949743856929
008,2014-10-02 18:26:55,10.3,4,9.386000000000001,8.318704458767852,9.440500000000002,9.048401486255953,9.048401486255953,8.430914501499666
008,2014-10-02 18:36:55,10.3,4,8.65150000000001,8.195971753618792,8.572,8.473157251206267,8.473157251206269,8.23610844350541
008,2014-10-02 19:31:55,10.9,4,8.786000000000003,9.069833971377903,8.8905,8.915444657125969,8.91544465712597,8.79872657846038
008,2014-10-02 19:46:55,10.5,4,7.7604999999999995,7.935690979794174,7.813000000000001,7.836396993264725,7.836396993264725,7.767219685244796
008,2014-10-02 19:51:55,10.5,4,7.530500000000005,7.318587253047159,7.696000000000001,7.515029084349055,7.515029084349056,7.342413474634561
008,2014-10-02 20:06:55,10.7,4,8.324000000000002,7.961955171808318,8.37,8.218651723936105,8.218651723936109,8.000293856435992
008,2014-10-02 20:11:55,10.7,4,7.855500000000002,7.927369292906891,7.8214999999999995,7.868123097635631,7.868123097635632,7.825775918932745
008,2014-10-02 20:36:55,10.2,4,8.9015,8.285830847968862,8.809999999999999,8.665776949322954,8.665776949322956,8.341586675555082
008,2014-10-02 21:11:55,11.7,4,8.352500000000003,7.714965080525056,8.100999999999999,8.056155026841687,8.056155026841687,7.757868711521655
008,2014-10-02 22:26:55,11.4,4,11.098500000000003,9.400242507478001,11.108000000000002,10.535580835826003,10.535580835826003,9.578016499046885
008,2014-10-02 22:51:55,10.9,4,10.646000000000006,9.65064285556808,10.8255,10.374047618522695,10.374047618522697,9.756576394306931
008,2014-10-02 23:21:55,10.6,4,9.047499999999996,8.497187348524418,8.8135,8.786062449508137,8.786062449508139,8.532621336439757
008,2014-10-02 23:36:00,9.3,4,10.290500000000003,9.900802137975393,10.42,10.203767379325134,10.203767379325134,9.942869001751038
008,2014-10-02 23:41:55,11.4,4,9.079,8.218339633465995,8.818,8.70511321115533,8.705113211155332,8.283688676089831
008,2014-10-03 00:16:55,7.8,4,8.681000000000003,7.968192913514408,8.723499999999998,8.457564304504803,8.457564304504803,8.04319485185715
008,2014-10-03 00:36:55,8.8,4,9.360500000000007,8.202460875014207,9.351500000000001,8.97148695833807,8.971486958338073,8.322768282503738
008,2014-10-03 01:01:55,9.5,4,9.022000000000004,7.64598396788563,8.917,8.528327989295212,8.528327989295212,7.780013123195341
008,2014-10-03 01:46:55,8.0,4,7.692000000000004,7.43161338275983,7.7205,7.614704460919945,7.6147044609199455,7.459141148814438
008,2014-10-03 03:06:55,7.2,4,8.110500000000007,8.251658329651972,7.9545,8.10555277655066,8.105552776550661,7.9722329731957515
008,2014-10-03 12:36:56,11.9,4,8.818500000000006,7.896063243551089,8.814,8.509521081183697,8.5095210811837,7.9921467288385255
008,2014-10-03 12:46:56,12.1,4,8.287,7.611174905891946,8.204,8.034058301963983,8.034058301963983,7.674028812962375
008,2014-10-03 12:51:56,12.1,4,8.271500000000003,7.763759940577637,8.3095,8.114919980192546,8.114919980192548,7.817261885944894
008,2014-10-03 13:01:56,12.1,4,10.206500000000007,8.934976963380096,10.107500000000002,9.749658987793369,9.749658987793369,9.058641358550009
008,2014-10-03 13:06:56,12.1,4,8.851,8.327971215623332,8.702500000000002,8.627157071874445,8.627157071874446,8.368641025356007
008,2014-10-03 13:41:56,11.5,4,9.573500000000003,8.725860661616196,9.509500000000001,9.269620220538734,9.269620220538734,8.808488374322215
008,2014-10-03 13:46:56,11.4,4,10.82500000000001,9.438418029572645,10.812499999999998,10.358639343190886,10.358639343190886,9.582305385937078
008,2014-10-03 13:56:56,10.9,4,9.435500000000001,8.341552245480866,9.551999999999998,9.109684081826956,9.109684081826956,8.457170757217387
008,2014-10-03 14:06:56,10.3,4,9.151500000000008,8.653138134090112,9.195500000000001,9.000046044696708,9.000046044696708,8.705718892580013
008,2014-10-03 14:36:56,9.2,4,9.538000000000002,9.170932553897165,9.524499999999998,9.41114418463239,9.41114418463239,9.20805929840691
008,2014-10-03 15:01:56,7.9,4,9.828500000000004,8.447921003328563,9.657,9.311140334442856,9.311140334442857,8.576135040018617
008,2014-10-03 15:26:56,6.5,4,8.555500000000002,8.736653985569921,8.65,8.647384661856641,8.647384661856643,8.566253535660042
008,2014-10-03 15:31:56,6.3,4,8.196999999999997,7.894765743173775,7.989500000000003,8.027088581057926,8.027088581057926,7.906752247933228
008,2014-10-03 16:01:56,5.3,4,6.354499999999998,7.694137116046971,6.375000000000003,6.807879038682324,6.807879038682324,6.369836169192096
008,2014-10-03 16:11:56,5.8,4,5.876500000000004,6.860412564048457,5.860999999999999,6.199304188016153,6.199304188016154,5.872460802200982
008,2014-10-03 16:26:56,7.8,4,5.148000000000003,6.141089473707965,5.1805,5.489863157902657,5.489863157902657,5.161006184299421
008,2014-10-03 17:31:56,7.2,4,8.312000000000003,7.898039289409717,8.572000000000001,8.260679763136574,8.260679763136576,7.943949636592457
008,2014-10-03 17:56:56,4.7,4,6.998000000000001,6.994586600847817,7.081999999999999,7.024862200282605,7.024862200282606,6.995783725325023
008,2014-10-03 18:11:56,4.1,4,8.060000000000002,8.102664049712187,8.411,8.191221349904064,8.191221349904064,8.067547055592833
008,2014-10-03 18:41:56,6.8,4,7.226999999999997,8.45163934244052,7.523499999999999,7.734046447480172,7.734046447480173,7.267302496662365
008,2014-10-03 20:11:56,9.4,4,6.883000000000006,6.625616135593457,6.989,6.832538711864488,6.832538711864489,6.6536047407521135
008,2014-10-03 20:21:56,8.9,4,7.532500000000007,7.125780568843365,7.506,7.388093522947791,7.388093522947791,7.165825758479082
008,2014-10-03 20:41:56,7.8,4,5.401000000000002,6.311502651862093,5.488500000000001,5.733667550620699,5.733667550620699,5.418384652263383
008,2014-10-03 21:41:56,3.4,4,5.4525000000000015,6.767799252203831,5.4544999999999995,5.891599750734611,5.891599750734611,5.465842241110489
008,2014-10-03 23:46:56,4.4,4,5.565500000000002,6.1814139280697535,5.625,5.790637976023252,5.790637976023253,5.577289284787136
008,2014-10-03 23:56:56,4.4,4,5.698999999999997,6.432672411485738,5.682,5.937890803828577,5.937890803828579,5.691115337116695
008,2014-10-04 02:11:56,4.2,4,7.0800000000000045,7.270706601885937,7.208499999999999,7.186402200628646,7.186402200628648,7.094066287826883
008,2014-10-04 03:01:56,5.0,4,5.404000000000004,6.792542249041058,5.3685,5.855014083013688,5.855014083013688,5.386099584935427
008,2014-10-04 03:06:56,4.9,4,6.039000000000002,7.253351189546774,6.0495,6.447283729848926,6.447283729848927,6.052137066984839
008,2014-10-04 03:16:56,4.7,4,6.628499999999999,8.868075987135613,6.650499999999999,7.382358662378537,7.382358662378539,6.652977494344322
008,2014-10-04 03:51:56,3.9,4,5.604500000000001,5.8452831217557355,5.4510000000000005,5.633594373918579,5.633594373918579,5.469467660381224
008,2014-10-04 04:06:56,3.5,4,6.350000000000003,6.514367810210542,6.3389999999999995,6.401122603403515,6.401122603403516,6.341794545338587
008,2014-10-04 04:16:56,3.2,4,5.938499999999996,6.664738631817917,5.81,6.137746210605971,6.137746210605971,5.830706608126199
008,2014-10-04 05:01:56,4.1,4,8.774000000000006,7.327021653788641,9.083,8.394673884596216,8.394673884596218,7.481500742021099
008,2014-10-04 05:51:56,3.7,4,4.917499999999997,4.897145278472928,4.8405,4.885048426157642,4.885048426157642,4.846630019496726
008,2014-10-04 06:26:56,3.8,4,4.491999999999996,4.674275163591125,4.624999999999999,4.59709172119704,4.5970917211970415,4.506407782767945
008,2014-10-04 06:36:56,3.8,4,4.494499999999996,5.241743119256268,4.4719999999999995,4.736081039752087,4.736081039752088,4.481826477812642
008,2014-10-04 07:16:56,4.3,4,5.990999999999997,6.047610074862785,6.1884999999999994,6.075703358287593,6.075703358287595,5.998331688379959
008,2014-10-04 07:31:56,4.4,4,7.102999999999996,7.875412138011592,7.1525,7.37697071267053,7.376970712670531,7.11540802394429
008,2014-10-04 07:41:56,4.7,4,5.458999999999996,5.4700058498484285,5.3845,5.4378352832828085,5.437835283282809,5.392404568418309
008,2014-10-04 07:46:56,5.0,4,4.406999999999998,4.694957085573698,4.4935,4.531819028524565,4.531819028524566,4.41806457230627
009,2014-10-02 06:20:19,5.8,4,9.027500000000002,9.482189565059153,9.128,9.212563188353052,9.212563188353052,9.041556637220289
009,2014-10-02 06:30:19,4.6,4,9.332000000000013,10.457227736760856,9.309,9.699409245586956,9.699409245586958,9.3226586361348
009,2014-10-02 06:35:19,4.2,4,9.620500000000002,8.207171087639638,9.5685,9.132057029213213,9.132057029213215,8.35011916430459
009,2014-10-02 07:00:19,3.6,4,10.064500000000008,9.42298413307901,10.181499999999998,9.889661377693004,9.889661377693006,9.491272277890303
009,2014-10-02 07:05:19,3.5,4,8.421000000000001,7.371753443389112,8.228000000000002,8.006917814463039,8.006917814463039,7.463267635057844
009,2014-10-02 07:25:19,3.4,4,10.375,8.583167419605855,10.361999999999998,9.773389139868618,9.77338913986862,8.76940652287555
009,2014-10-02 07:40:19,3.5,4,9.1495,10.518381921639412,9.179,9.615627307213138,9.615627307213138,9.165980235896054
009,2014-10-02 08:00:19,3.4,4,9.5965,9.432156022123857,9.653000000000002,9.56055200737462,9.560552007374621,9.449915394819417
009,2014-10-02 08:50:19,2.6,4,7.381500000000002,7.398999148926918,7.148500000000001,7.30966638297564,7.309666382975641,7.173052452043892
009,2014-10-02 10:05:19,2.2,4,7.427499999999998,6.217856885193439,7.3345,6.993285628397811,6.993285628397813,6.3356148829822345
009,2014-10-02 10:20:19,2.4,4,11.174000000000008,8.75791114047464,11.087,10.339637046824881,10.339637046824883,9.002460418591783
009,2014-10-02 10:45:19,2.2,4,8.446999999999997,9.550179635248005,8.261500000000002,8.752893211749335,8.752893211749337,8.291939602931375
009,2014-10-02 11:20:19,2.2,4,9.634500000000008,8.020418519857738,9.649,9.101306173285915,9.101306173285916,8.189435655540645
009,2014-10-02 19:00:00,3.8,4,10.536500000000004,9.478558066463027,10.350000000000001,10.121686022154345,10.121686022154345,9.571597063718144
009,2014-10-03 08:30:00,6.2,4,9.092500000000001,8.793810973739012,9.068,8.98477032457967,8.984770324579673,8.82274280709604
009,2014-10-03 09:05:19,5.9,4,9.414000000000003,9.127850805814514,9.501,9.347616935271505,9.347616935271507,9.158658963299466
009,2014-10-03 09:25:19,5.2,4,9.203499999999996,8.626866506933679,9.129999999999999,8.986788835644559,8.986788835644559,8.680241493547129
009,2014-10-03 09:50:19,4.4,4,10.396500000000005,9.324797529040252,10.553500000000001,10.091599176346753,10.091599176346755,9.438493643684518
009,2014-10-03 10:20:19,3.8,4,9.520000000000003,7.526850132739931,9.368999999999998,8.805283377579977,8.805283377579979,7.721093762460267
009,2014-10-03 10:35:19,4.1,4,9.008500000000009,9.232121694148162,8.878,9.039540564716058,9.039540564716058,8.893889687337953
009,2014-10-03 10:55:19,4.7,4,7.948999999999999,7.392602893841576,7.7335,7.691700964613858,7.691700964613859,7.430424012977036
009,2014-10-03 11:30:19,5.4,4,7.9985,7.338167600024062,8.12,7.81888920000802,7.818889200008021,7.408469411326007
001,2014-10-01 19:19:00,9.9,5,8.479000000000003,8.731933639178283,8.459500000000002,8.55681121305943,8.556811213059431,8.464069510129185
001,2014-10-01 19:29:00,9.6,5,8.391999999999998,8.205608753279709,8.4885,8.362036251093237,8.362036251093237,8.226074805917694
001,2014-10-01 20:04:00,8.0,5,8.7695,10.801768627974765,8.645999999999999,9.405756209324922,9.405756209324922,8.679243786616638
001,2014-10-01 20:29:00,7.7,5,7.172500000000003,7.763486980541751,7.250500000000001,7.395495660180585,7.395495660180586,7.185790564755035
001,2014-10-01 20:44:00,7.5,5,6.860500000000006,7.544964508635095,6.71,7.038488169545034,7.038488169545035,6.732590601367341
001,2014-10-01 20:54:00,7.8,5,8.883000000000008,9.64600003816667,8.5465,9.025166679388894,9.025166679388894,8.589336075388665
001,2014-10-01 21:59:00,7.5,5,8.036499999999998,7.471117244315232,7.957499999999999,7.821705748105077,7.821705748105077,7.522794696852375
001,2014-10-01 22:04:00,7.6,5,8.998000000000001,9.308987058191391,9.0285,9.11182901939713,9.111829019397131,9.0039959115558
001,2014-10-01 22:09:00,7.8,5,7.885999999999998,7.212512220382313,8.073999999999998,7.724170740127437,7.724170740127437,7.284855403994549
001,2014-10-01 22:19:00,8.3,5,8.069500000000003,7.987823252808428,8.157,8.071441084269477,8.071441084269479,7.997243624838007
001,2014-10-02 11:34:00,14.4,5,10.884999999999998,9.457582483552976,10.856000000000002,10.399527494517658,10.39952749451766,9.604180929244317
001,2014-10-02 11:54:00,14.7,5,7.546000000000007,6.8655425352774735,7.422999999999999,7.278180845092493,7.278180845092494,6.925096129085
001,2014-10-02 13:04:00,12.1,5,9.925,9.738270144616285,9.755999999999998,9.806423381538762,9.806423381538762,9.74181511822253
001,2014-10-02 13:59:00,10.2,5,8.753500000000008,7.8030506876161,8.879,8.478516895872035,8.478516895872037,7.903745776121714
001,2014-10-02 15:09:00,11.3,5,8.7455,8.89572632085465,8.4105,8.683908773618215,8.683908773618219,8.447051401774205
001,2014-10-02 15:14:00,11.2,5,9.705000000000004,9.349583655643908,9.688,9.580861218547971,9.580861218547971,9.385160226826654
001,2014-10-02 15:39:00,10.3,5,9.948000000000008,9.310119544805616,9.748999999999999,9.669039848268541,9.669039848268541,9.358027102679847
001,2014-10-02 15:54:00,9.9,5,8.422000000000002,8.836007080949225,8.3725,8.54350236031641,8.54350236031641,8.38181897337367
001,2014-10-02 16:19:00,9.5,5,7.424500000000005,8.756462898519045,7.3245000000000005,7.83515429950635,7.835154299506351,7.348282058407774
001,2014-10-02 17:09:00,8.9,5,7.841999999999997,8.410539408090374,7.973,8.07517980269679,8.075179802696791,7.860081176624485
001,2014-10-02 17:19:00,9.5,5,9.949000000000007,9.609293688625392,9.896500000000001,9.818264562875134,9.818264562875134,9.63986744625017
001,2014-10-02 17:34:00,10.8,5,8.816,8.737900774900366,8.93,8.82796692496679,8.82796692496679,8.747211851205998
001,2014-10-02 17:49:00,12.4,5,8.268500000000003,7.690580683488302,8.249000000000002,8.069360227829437,8.069360227829437,7.749199910360422
001,2014-10-02 18:14:00,13.3,5,9.026500000000004,9.695030294182931,9.227,9.316176764727645,9.316176764727647,9.052157473934113
001,2014-10-02 18:29:00,12.8,5,7.777999999999999,8.376969111472562,7.7535,7.969489703824187,7.969489703824188,7.762052986323257
001,2014-10-02 19:29:00,10.8,5,8.555,8.452466082036633,8.5695,8.525655360678877,8.525655360678877,8.463338620837758
001,2014-10-02 19:44:00,10.5,5,9.261000000000013,8.707018213787578,9.105,9.024339404595864,9.024339404595866,8.750216777284795
001,2014-10-02 20:19:00,13.2,5,9.37250000000001,9.44098861896618,9.547,9.453496206322063,9.453496206322065,9.380725687232182
001,2014-10-02 20:24:00,14.1,5,9.410999999999998,8.784535489684737,9.431500000000002,9.209011829894912,9.209011829894914,8.850283896934016
001,2014-10-02 20:54:00,17.9,5,9.139000000000006,8.498737840918666,9.2135,8.950412613639559,8.950412613639559,8.566469817432072
001,2014-10-02 20:59:00,18.0,5,8.703000000000005,9.478286634317712,8.847000000000003,9.009428878105906,9.009428878105908,8.724378764711702
001,2014-10-03 07:29:01,2.2,5,10.097999999999999,9.973063373174732,10.073500000000001,10.048187791058245,10.048187791058245,9.983816484370747
001,2014-10-03 07:59:01,2.3,5,8.939000000000004,8.109036066655273,8.895500000000002,8.64784535555176,8.64784535555176,8.191754300615553
001,2014-10-03 08:14:01,2.2,5,10.123000000000006,9.658999118718407,10.087,9.956333039572804,9.956333039572804,9.704138408850536
001,2014-10-03 08:19:01,2.2,5,10.090000000000007,8.689994120848548,10.288,9.689331373616186,9.689331373616186,8.838448747866815
001,2014-10-03 08:54:01,2.2,5,9.049000000000012,8.853784852556904,8.9725,8.958428284185638,8.95842828418564,8.866970341072054
001,2014-10-03 09:09:01,2.8,5,7.4220000000000015,7.588617646258536,7.358000000000001,7.45620588208618,7.456205882086181,7.366362131293039
001,2014-10-03 09:14:01,3.1,5,10.914000000000009,8.301732745580285,11.0655,10.093744248526765,10.093744248526766,8.576554363403261
001,2014-10-03 09:19:01,3.4,5,10.005000000000004,8.819530400479916,9.9065,9.577010133493308,9.577010133493308,8.934238827674664
001,2014-10-03 09:39:01,3.4,5,9.960000000000006,10.003898519900716,9.835,9.932966173300242,9.932966173300242,9.848517021977237
001,2014-10-03 10:24:01,4.1,5,9.258500000000009,10.281265082958503,8.979,9.506255027652836,9.506255027652838,9.018470141065709
001,2014-10-03 11:09:01,7.5,5,9.872500000000004,12.586385723055294,9.651,10.703295241018433,10.703295241018434,9.701313138401577
001,2014-10-03 11:54:01,10.2,5,8.591999999999999,9.405898232119014,8.488500000000002,8.828799410706338,8.82879941070634,8.507467596773564
001,2014-10-03 12:29:01,9.5,5,9.514000000000005,10.855107944350651,9.440000000000001,9.936369314783553,9.936369314783553,9.46115327721622
001,2014-10-03 12:44:01,9.7,5,8.340000000000005,8.98044100537467,8.546,8.622147001791559,8.622147001791559,8.365897014664274
001,2014-10-03 13:24:01,11.6,5,9.745500000000003,8.898137349952924,9.610000000000003,9.417879116650976,9.417879116650978,8.973970477299844
001,2014-10-03 14:09:01,12.8,5,9.846000000000002,9.838098140847313,9.942499999999999,9.87553271361577,9.875532713615772,9.839889867284231
001,2014-10-03 14:19:01,13.2,5,9.42100000000001,9.593999902982075,9.287500000000001,9.434166634327362,9.434166634327363,9.303197342308971
001,2014-10-03 14:39:01,14.0,5,9.711500000000008,8.979415105518063,9.599000000000002,9.429971701839358,9.429971701839358,9.045363737816235
001,2014-10-03 15:59:01,18.7,5,10.296999999999999,9.779843089833303,10.6185,10.231781029944434,10.231781029944434,9.837165266563515
001,2014-10-03 16:44:01,22.2,5,9.766500000000006,10.409041139245254,9.898500000000002,10.024680379748421,10.024680379748423,9.785415818230268
001,2014-10-03 17:24:01,22.2,5,10.161500000000006,9.283213496453435,10.201,9.881904498817812,9.881904498817814,9.375498602015087
001,2014-10-03 18:44:01,22.2,5,9.070500000000008,9.233808215820845,9.059,9.12110273860695,9.121102738606952,9.061836261541803
001,2014-10-04 07:04:01,9.0,5,9.071000000000009,8.861292257728483,8.735999999999999,8.889430752576162,8.889430752576166,8.751205691459518
001,2014-10-04 07:29:01,8.3,5,9.696500000000004,9.353677612280778,10.0605,9.703559204093594,9.703559204093594,9.393185162640723
001,2014-10-04 07:39:01,8.1,5,8.886500000000003,8.586994502253937,8.497499999999999,8.65699816741798,8.656998167417981,8.509858354112868
001,2014-10-04 09:14:01,4.2,5,9.014000000000006,8.883933246223583,9.005,8.967644415407863,8.967644415407864,8.896689769891653
001,2014-10-04 10:14:01,7.8,5,8.235000000000007,7.185238150607332,7.926499999999999,7.7822460502024455,7.782246050202446,7.26587714843659
001,2014-10-04 10:59:01,4.6,5,9.932000000000006,9.706614279639895,10.444,10.027538093213302,10.027538093213302,9.735315101561154
001,2014-10-04 11:04:01,4.3,5,7.874500000000001,7.312824061462697,7.712,7.633108020487566,7.633108020487566,7.356212562304103
001,2014-10-04 12:04:01,2.7,5,8.780000000000001,8.768566537780604,9.0265,8.858355512593535,8.858355512593537,8.772227755695864
001,2014-10-04 12:07:00,3.4,5,10.0135,8.257364257203088,10.213000000000001,9.494621419067697,9.494621419067698,8.443093719858012
001,2014-10-04 12:19:01,2.5,5,9.273000000000007,9.598684377521241,9.323,9.398228125840417,9.398228125840417,9.280988058486507
001,2014-10-04 12:24:01,2.5,5,9.703500000000004,10.001089142137882,9.348500000000003,9.684363047379295,9.684363047379298,9.388617515871557
001,2014-10-04 12:29:01,2.6,5,8.849499999999999,8.77253410717393,9.0295,8.88384470239131,8.883844702391311,8.782386609390318
001,2014-10-04 12:39:01,2.7,5,9.432500000000003,8.650079633121374,9.117500000000001,9.066693211040459,9.06669321104046,8.702133159112838
001,2014-10-04 12:44:01,2.9,5,7.620999999999997,8.454665667471899,7.667500000000001,7.914388555823965,7.914388555823966,7.633736686356216
001,2014-10-04 12:59:01,3.7,5,8.797000000000002,9.07237107122289,9.1635,9.010957023740964,9.010957023740964,8.826721793264683
001,2014-10-04 13:44:01,7.3,5,7.7625000000000055,8.412657959601644,7.6275,7.934219319867217,7.934219319867217,7.648125859316505
002,2014-10-01 19:37:01,3.1,5,8.605000000000004,8.522469114341558,8.719,8.61548970478052,8.615489704780522,8.532243850005404
002,2014-10-01 19:42:01,2.7,5,9.941500000000003,8.336144518732214,10.026000000000002,9.43454817291074,9.434548172910741,8.504948702941462
002,2014-10-02 08:52:01,10.1,5,8.654500000000006,8.91541715471929,8.493999999999998,8.68797238490643,8.687972384906432,8.513401370770438
002,2014-10-02 09:07:01,8.8,5,11.449499999999999,9.29646023459552,11.0865,10.610820078198506,10.610820078198508,9.487371881687178
002,2014-10-02 09:27:01,6.7,5,10.92950000000001,12.412119486897325,11.045500000000002,11.462373162299114,11.462373162299114,10.955302612999176
002,2014-10-02 10:02:01,3.4,5,9.722000000000008,10.496847089756997,9.845500000000001,10.021449029919003,10.021449029919003,9.741434571234468
002,2014-10-02 10:17:01,2.8,5,9.746500000000008,9.129301684506826,10.0785,9.65143389483561,9.651433894835613,9.197195622662685
002,2014-10-02 10:42:01,6.3,5,8.084500000000006,8.52687757318609,8.1705,8.2606258577287,8.2606258577287,8.097061465035287
002,2014-10-02 11:47:01,8.3,5,9.374000000000008,9.8783716183187,9.265500000000001,9.505957206106237,9.505957206106238,9.28189545210669
002,2014-10-02 11:52:01,7.9,5,8.138499999999997,8.936273878508814,8.139999999999999,8.404924626169603,8.404924626169604,8.146619675226422
002,2014-10-02 12:12:01,6.4,5,8.796000000000006,8.936158849959766,8.682,8.804719616653259,8.804719616653259,8.695328758041343
002,2014-10-02 12:32:01,5.7,5,9.139500000000005,9.527130797291418,9.279000000000002,9.31521026576381,9.31521026576381,9.156576397017423
002,2014-10-02 12:47:01,5.3,5,8.947000000000008,9.277234168734715,8.742999999999999,8.989078056244908,8.989078056244908,8.767645697709417
002,2014-10-02 13:00:00,5.6,5,8.033000000000001,8.885046041343491,8.176499999999999,8.36484868044783,8.364848680447832,8.055099046634844
002,2014-10-02 13:37:01,8.2,5,8.299999999999999,8.897144445033375,8.226500000000001,8.474548148344459,8.474548148344459,8.240161330075933
002,2014-10-02 13:47:01,7.0,5,9.309000000000006,9.193110293716682,9.356,9.28603676457223,9.28603676457223,9.205705172444613
002,2014-10-02 14:02:01,5.4,5,6.9595,6.499721647599863,7.0025,6.820573882533288,6.820573882533289,6.548255633220052
002,2014-10-02 14:47:01,2.2,5,10.41350000000001,13.099454342738508,10.422,11.311651447579507,11.311651447579507,10.44116384992831
002,2014-10-02 15:52:01,3.7,5,8.228000000000002,9.977353265590898,8.096999999999998,8.767451088530299,8.7674510885303,8.128199315199492
002,2014-10-02 16:07:01,7.3,5,10.055500000000007,9.550943359305343,9.896,9.834147786435118,9.834147786435118,9.588639666805964
002,2014-10-02 16:37:01,15.2,5,9.70650000000001,8.881884017844962,9.621500000000001,9.403294672614992,9.403294672614992,8.960115817976094
002,2014-10-02 16:57:01,17.8,5,9.781500000000008,10.353013587631187,9.735,9.956504529210399,9.9565045292104,9.745580165557811
002,2014-10-02 17:42:01,21.0,5,9.5865,9.113567515429667,9.7035,9.467855838476554,9.467855838476556,9.164217742844315
002,2014-10-02 17:57:01,21.0,5,11.466000000000006,9.912851311638146,11.495999999999999,10.958283770546052,10.958283770546052,10.075648396985818
002,2014-10-02 18:02:01,21.0,5,12.092000000000002,9.81080110499873,12.2215,11.374767034999577,11.374767034999579,10.050764929377037
002,2014-10-02 18:32:01,20.1,5,9.481500000000006,10.099118778265582,9.828499999999998,9.803039592755196,9.803039592755196,9.52051081787903
002,2014-10-02 18:57:01,19.2,5,9.853500000000007,11.95663050399669,10.002500000000001,10.604210167998898,10.604210167998902,9.888630324879623
002,2014-10-02 19:22:01,19.6,5,11.169499999999998,10.486051757961867,11.181,10.945517252653955,10.945517252653955,10.557672047925005
002,2014-10-02 19:52:01,19.8,5,9.293500000000007,9.796529189508712,9.380499999999998,9.490176396502905,9.490176396502907,9.30676260549274
002,2014-10-03 07:07:02,10.2,5,9.125000000000002,9.623540799820692,9.413999999999998,9.387513599940231,9.387513599940231,9.157331829029477
002,2014-10-03 07:32:02,9.9,5,10.544500000000003,15.02604746346143,10.6125,12.061015821153811,12.061015821153813,10.59574992664197
002,2014-10-03 08:02:02,5.4,5,10.181000000000008,9.426118720038296,10.144,9.917039573346102,9.917039573346102,9.50159654229224
002,2014-10-03 08:12:02,3.8,5,7.5764999999999985,8.995003579694778,7.7139999999999995,8.09516785989826,8.09516785989826,7.603695876252999
002,2014-10-03 08:52:02,2.2,5,9.893000000000006,10.56019981114924,9.755,10.06939993704975,10.06939993704975,9.776110150714658
002,2014-10-03 09:27:02,3.3,5,9.073500000000003,9.138777389611839,9.175,9.129092463203948,9.129092463203948,9.080691826920926
002,2014-10-03 09:37:02,4.5,5,7.723999999999998,8.608517578147323,7.439499999999998,7.92400585938244,7.92400585938244,7.478110787488725
002,2014-10-03 09:47:02,5.4,5,7.824000000000004,8.253469751599559,7.7895,7.955656583866521,7.9556565838665225,7.797404235666785
002,2014-10-03 10:17:02,4.9,5,6.440000000000006,8.190610293054393,6.099,6.9098700976847995,6.9098700976848,6.152182987261559
002,2014-10-03 10:27:02,4.4,5,5.984999999999997,7.5815017462022025,6.0495,6.538667248734067,6.538667248734067,6.007068284439585
002,2014-10-03 10:47:02,4.1,5,7.410500000000004,7.618466699040072,7.402499999999999,7.477155566346692,7.477155566346693,7.405416661344205
002,2014-10-03 10:52:02,4.1,5,7.342000000000005,7.34424026517617,7.126000000000001,7.270746755058725,7.270746755058726,7.148621250204545
002,2014-10-03 10:57:02,4.0,5,6.9780000000000015,7.613428713606178,7.054999999999999,7.215476237868725,7.215476237868727,6.991640357791451
002,2014-10-03 11:22:02,3.6,5,8.672500000000003,9.129766545880521,8.713000000000001,8.838422181960174,8.838422181960176,8.680904949374952
002,2014-10-03 11:32:02,3.4,5,6.0845000000000065,7.5674430788193945,6.250499999999999,6.634147692939799,6.6341476929398,6.115037063629689
002,2014-10-03 12:07:02,7.2,5,10.472500000000009,8.87120124389874,10.5185,9.954067081299582,9.954067081299584,9.039195996100574
002,2014-10-03 12:17:02,9.0,5,10.111000000000004,9.7017334313554,10.437000000000001,10.083244477118468,10.08324447711847,9.747812657250076
002,2014-10-03 12:22:02,9.8,5,8.707500000000003,9.70314200885047,8.959499999999998,9.123380669616823,9.123380669616825,8.74130174223342
002,2014-10-03 12:42:02,11.8,5,8.23900000000001,9.382219026836733,8.266,8.62907300894558,8.629073008945582,8.252987046212471
002,2014-10-03 14:07:02,11.3,5,11.166500000000008,10.796748455068792,11.26,11.074416151689599,11.0744161516896,10.836368449496137
002,2014-10-03 14:37:02,9.6,5,10.329999999999995,9.58952229540394,10.383,10.100840765134645,10.100840765134645,9.667524252637282
002,2014-10-03 14:47:02,8.6,5,9.967000000000006,9.392278618761871,10.0365,9.798592872920626,9.798592872920628,9.453103437650418
002,2014-10-03 14:52:02,8.0,5,8.258,8.583569096681515,8.3055,8.382356365560504,8.382356365560506,8.26575034494254
002,2014-10-03 16:02:02,4.0,5,9.055500000000002,8.1934068803429,9.043000000000001,8.7639689601143,8.763968960114303,8.282419960866164
002,2014-10-03 16:07:02,3.9,5,9.497500000000008,9.38010531140707,9.4885,9.455368437135691,9.455368437135693,9.391536029198932
002,2014-10-03 16:22:02,3.7,5,8.804500000000004,8.100105073805352,8.908999999999999,8.604535024601786,8.604535024601786,8.174846895814738
002,2014-10-03 16:27:02,3.7,5,10.194000000000004,10.300579958101617,10.2235,10.239359986033874,10.239359986033875,10.19785721626068
002,2014-10-03 16:57:02,6.1,5,9.497999999999998,9.106392922496829,9.1735,9.259297640832276,9.259297640832278,9.116658953118154
002,2014-10-03 17:17:02,8.8,5,9.08000000000001,9.24946566977765,9.322499999999998,9.217321889925886,9.217321889925886,9.098460569398227
002,2014-10-03 17:37:02,9.7,5,9.830499999999999,8.145715937637902,9.6885,9.221571979212634,9.221571979212635,8.308548631305435
002,2014-10-03 18:32:02,7.8,5,8.38900000000001,8.512853545949934,8.034500000000001,8.312117848649981,8.312117848649983,8.072827847762564
002,2014-10-03 18:52:02,7.3,5,8.634000000000002,9.19701911119892,8.572999999999999,8.801339703732973,8.801339703732975,8.585012273059762
002,2014-10-03 19:27:02,9.5,5,9.852500000000003,9.493634440901207,10.076,9.80737814696707,9.807378146967071,9.533415496743883
002,2014-10-03 20:02:02,10.6,5,7.943500000000001,8.948856720203453,7.860500000000001,8.25095224006782,8.25095224006782,7.879237383622779
002,2014-10-03 20:17:02,10.0,5,9.854500000000007,9.423235565887774,9.894,9.723911855295926,9.723911855295928,9.468751302931476
002,2014-10-04 07:07:02,14.6,5,8.153500000000006,8.594082811695705,8.0405,8.262694270565236,8.262694270565238,8.056728373364477
002,2014-10-04 07:57:02,12.9,5,9.812999999999999,9.961426802775113,9.8765,9.883642267591704,9.883642267591705,9.820492910711089
002,2014-10-04 08:12:02,9.4,5,9.830000000000002,10.22727832388699,9.8135,9.95692610796233,9.956926107962332,9.819199084093594
002,2014-10-04 08:27:02,6.1,5,10.641500000000006,10.21264575044913,10.598499999999996,10.48421525014971,10.484215250149711,10.253445478982433
002,2014-10-04 08:47:02,3.3,5,8.390000000000008,9.027258661760742,8.595999999999998,8.671086220586915,8.671086220586918,8.415865191228137
002,2014-10-04 08:57:02,2.4,5,8.637500000000001,9.372010416905232,9.187499999999998,9.06567013896841,9.065670138968411,8.696888465993272
002,2014-10-04 09:17:02,2.2,5,13.688499999999998,13.494435189888467,13.274000000000003,13.485645063296156,13.485645063296158,13.299003524265737
002,2014-10-04 09:42:02,2.2,5,10.197000000000005,10.595802735402533,9.9695,10.254100911800846,10.254100911800847,9.997290054290405
002,2014-10-04 10:12:02,2.6,5,9.591999999999999,9.456954510527236,9.6285,9.559151503509078,9.55915150350908,9.471448549551706
002,2014-10-04 10:32:02,6.9,5,8.771500000000005,9.25857706907214,8.52,8.850025689690716,8.850025689690716,8.551183780688522
002,2014-10-04 10:42:02,9.8,5,7.748500000000011,7.57977636274448,7.557,7.6284254542481635,7.628425454248164,7.561070197249727
002,2014-10-04 11:17:02,15.3,5,9.684000000000005,8.505388765774867,9.7085,9.299296255258291,9.299296255258291,8.628945134322334
002,2014-10-04 12:12:02,13.7,5,11.016500000000002,10.02654801911358,10.972999999999999,10.672016006371194,10.672016006371194,10.126004889632483
002,2014-10-04 12:57:03,14.4,5,9.552,9.005745000498267,9.636500000000002,9.398081666832756,9.398081666832757,9.06374154428848
002,2014-10-04 13:22:03,15.0,5,10.31200000000001,10.065496804884463,10.298000000000002,10.225165601628158,10.22516560162816,10.089962287578679
002,2014-10-04 13:37:03,13.6,5,10.284499999999998,9.590074286556247,10.538499999999999,10.137691428852081,10.137691428852083,9.665268086717584
002,2014-10-04 13:47:03,12.4,5,9.948000000000004,8.951664145227921,9.8895,9.596388048409308,9.59638804840931,9.05036955963315
002,2014-10-04 13:57:03,11.2,5,10.625500000000006,10.005483738643358,10.779000000000003,10.46999457954779,10.469994579547791,10.071887502396347
002,2014-10-04 15:02:03,7.4,5,7.4435,7.7815698603505625,7.218,7.481023286783521,7.481023286783522,7.244973476951433
002,2014-10-04 15:07:03,7.4,5,9.983000000000004,10.65194739245696,9.95,10.194982464152321,10.194982464152321,9.960142075634018
002,2014-10-04 15:17:03,7.3,5,8.073500000000003,8.494902758958466,8.037500000000001,8.20196758631949,8.20196758631949,8.045480502181714
002,2014-10-04 15:22:03,7.2,5,9.810000000000004,9.427175338209837,9.94,9.725725112736614,9.725725112736615,9.468528098261881
002,2014-10-04 15:52:03,6.9,5,9.911500000000006,10.088483106654675,9.699,9.89966103555156,9.89966103555156,9.723002493589536
002,2014-10-04 16:07:03,6.7,5,7.751000000000006,7.789631828010941,7.78,7.773543942670315,7.773543942670316,7.754130422812662
002,2014-10-04 16:42:03,5.9,5,7.269999999999998,7.928196127610134,7.2885,7.495565375870044,7.4955653758700445,7.278332510719275
002,2014-10-04 17:52:03,6.9,5,8.845500000000003,8.077109974582314,8.640500000000001,8.521036658194106,8.521036658194106,8.138104258365523
002,2014-10-04 18:12:03,9.5,5,10.424500000000013,10.251185968627977,10.311000000000002,10.328895322875995,10.328895322875999,10.258578969445075
002,2014-10-04 18:17:03,10.0,5,8.258500000000005,9.630667746099329,8.2375,8.708889248699778,8.70888924869978,8.253418787639735
002,2014-10-04 18:22:03,10.4,5,8.176499999999999,8.596686637664433,8.291000000000002,8.354728879221478,8.35472887922148,8.191536348065501
002,2014-10-04 18:32:03,10.8,5,8.617500000000005,7.739692220314083,8.502999999999998,8.286730740104696,8.286730740104696,7.820697758040825
002,2014-10-04 18:52:03,11.0,5,9.425000000000004,9.392065135209979,9.244000000000002,9.353688378403328,9.35368837840333,9.2598205589187
002,2014-10-04 19:42:03,8.8,5,10.235000000000003,10.011366203580124,10.429,10.225122067860042,10.225122067860044,10.0367037316956
002,2014-10-04 19:47:03,8.5,5,10.854500000000005,10.660529769231553,10.8125,10.77584325641052,10.775843256410521,10.676849547369038
003,2014-10-01 10:23:15,10.5,5,7.250500000000001,8.585013829345023,7.252500000000001,7.696004609781674,7.696004609781675,7.2640343868818995
003,2014-10-01 13:03:15,8.2,5,9.1515,8.684157472261473,8.956,8.930552490753824,8.930552490753826,8.714553804866686
003,2014-10-01 13:08:15,7.9,5,8.204999999999998,8.59448414521251,8.188,8.329161381737505,8.329161381737505,8.193673454453963
003,2014-10-01 13:13:15,7.7,5,7.358500000000006,7.1574720878611755,7.387999999999998,7.301324029287059,7.301324029287061,7.178799491288395
003,2014-10-01 13:18:15,7.4,5,7.0505,7.215216189779278,7.1259999999999994,7.13057206325976,7.130572063259761,7.059291296111843
003,2014-10-01 13:23:15,7.2,5,6.714000000000002,7.119804562132081,6.7525,6.862101520710695,6.862101520710695,6.721701080949016
003,2014-10-01 13:33:15,6.5,5,8.867000000000004,8.626553260234632,8.937,8.81018442007821,8.810184420078214,8.652409830681489
003,2014-10-01 13:38:15,6.2,5,7.3600000000000065,7.600011796685231,7.327999999999999,7.429337265561745,7.429337265561746,7.333748095382077
003,2014-10-01 14:33:15,5.8,5,8.088000000000005,9.033944734745218,7.953499999999999,8.358481578248407,8.358481578248407,7.977031414920827
003,2014-10-01 14:38:15,5.8,5,8.4045,8.379990268504827,8.4055,8.396663422834942,8.396663422834944,8.382564581864171
003,2014-10-01 14:53:15,5.6,5,9.081500000000009,8.37951669047862,9.006,8.82233889682621,8.82233889682621,8.44581706458157
003,2014-10-01 15:03:15,5.4,5,9.208500000000003,8.908029378897453,9.434000000000001,9.183509792965818,9.18350979296582,8.941720905565909
003,2014-10-01 15:18:15,5.0,5,5.0465,4.407461947426314,5.186000000000002,4.879987315808772,4.879987315808773,4.475715852660301
003,2014-10-01 16:13:15,5.1,5,5.733499999999996,6.902556919877295,5.593000000000001,6.076352306625764,6.076352306625764,5.619390282537504
003,2014-10-01 16:18:15,5.2,5,5.035499999999999,4.934754263699493,5.1045,5.02491808789983,5.024918087899831,4.945984715256196
003,2014-10-01 16:33:15,5.3,5,5.005000000000005,4.481741308865867,5.0184999999999995,4.8350804362886235,4.835080436288624,4.536621880123319
003,2014-10-01 16:38:15,5.3,5,5.061999999999997,6.793425848548413,5.05,5.635141949516137,5.635141949516137,5.068569750016192
003,2014-10-01 17:38:15,5.8,5,8.348500000000003,7.436898225381381,8.384,8.056466075127128,8.05646607512713,7.53262891766589
003,2014-10-01 17:58:15,5.7,5,6.258000000000005,7.3502104256811425,6.120500000000001,6.576236808560382,6.576236808560383,6.145807944712866
003,2014-10-01 18:13:15,5.7,5,7.165999999999998,7.373994877521756,7.164999999999999,7.2349982925072505,7.234998292507252,7.16718457306944
003,2014-10-01 18:18:15,5.6,5,7.114500000000008,7.322303134794016,7.0415,7.159434378264674,7.159434378264676,7.051215604826426
003,2014-10-01 18:38:15,5.5,5,8.836500000000004,9.310163095284361,8.806499999999998,8.984387698428122,8.984387698428122,8.814375359779614
003,2014-10-01 18:43:15,5.5,5,8.497499999999997,8.112999475914757,8.259,8.28983315863825,8.289833158638253,8.130659677703777
003,2014-10-01 19:18:15,5.3,5,8.386500000000007,8.282256979804293,8.212000000000002,8.293585659934768,8.293585659934768,8.22039301712842
003,2014-10-01 20:08:15,5.0,5,8.499000000000002,8.157959388146761,8.532,8.396319796048921,8.396319796048923,8.193970521464259
003,2014-10-01 20:43:15,6.1,5,8.838000000000008,9.043521176089701,8.7555,8.87900705869657,8.87900705869657,8.766186716034527
003,2014-10-01 21:13:16,7.2,5,11.153999999999998,10.100657238905184,11.274000000000001,10.842885746301727,10.842885746301729,10.21206248186264
003,2014-10-01 21:53:16,8.5,5,8.308000000000003,8.060371063693976,8.469,8.279123687897993,8.279123687897995,8.087889066384891
003,2014-10-01 21:58:16,8.7,5,7.699999999999993,8.594248295886814,8.029000000000002,8.107749431962269,8.10774943196227,7.740073875759166
003,2014-10-01 22:08:16,8.9,5,8.589000000000004,8.331037053758296,8.693999999999999,8.538012351252766,8.538012351252767,8.359076244945255
004,2014-10-01 08:30:00,13.0,5,10.952000000000005,10.762284562853845,11.426000000000002,11.046761520951284,11.046761520951286,10.786873406569008
004,2014-10-01 08:34:56,13.3,5,9.334500000000007,8.849853841236214,9.1735,9.119284613745409,9.119284613745409,8.885325092175782
004,2014-10-01 08:49:56,14.7,5,11.267499999999995,10.287303138973344,11.248500000000002,10.93443437965778,10.93443437965778,10.388057682170363
004,2014-10-01 09:24:56,15.2,5,10.814000000000012,11.796838039864447,11.003500000000004,11.204779346621487,11.204779346621489,10.841759684154452
004,2014-10-01 09:29:56,14.8,5,10.358000000000004,9.593831247491977,10.458499999999999,10.136777082497327,10.136777082497328,9.674786863892578
004,2014-10-01 09:49:56,13.8,5,10.431000000000008,10.896316965521228,10.73,10.685772321840412,10.685772321840414,10.463945833628745
004,2014-10-01 09:54:56,13.7,5,11.2565,10.69365801622912,11.504000000000001,11.151386005409707,11.151386005409709,10.755019961541826
004,2014-10-01 10:39:56,11.3,5,11.736500000000003,12.378516747857939,12.133,12.082672249285983,12.082672249285983,11.780438700139129
004,2014-10-01 10:54:56,10.3,5,10.874000000000013,12.128922280365929,10.682,11.228307426788648,11.22830742678865,10.714637087295023
004,2014-10-01 12:29:56,7.4,5,8.174500000000009,8.807327642694114,7.971499999999999,8.31777588089804,8.317775880898042,7.999067008154787
004,2014-10-01 12:49:56,7.1,5,9.607000000000001,9.465615903990551,9.415500000000002,9.496038634663519,9.496038634663519,9.422157182044595
004,2014-10-01 13:04:56,7.8,5,10.763000000000007,10.59584179809081,10.943000000000001,10.767280599363607,10.767280599363607,10.61513060698962
004,2014-10-01 13:24:56,9.5,5,9.091500000000003,10.112365496605948,9.0775,9.427121832201983,9.427121832201985,9.089173395085218
004,2014-10-01 13:34:56,10.4,5,10.405500000000007,9.735996162940342,10.5055,10.215665387646782,10.215665387646784,9.807042529374208
004,2014-10-01 13:39:56,10.7,5,10.298000000000009,9.233395209975345,10.215000000000002,9.915465069991784,9.915465069991786,9.336924918340392
004,2014-10-01 14:09:56,9.2,5,9.599000000000004,9.614374863145912,9.655500000000002,9.622958287715306,9.622958287715306,9.601019835574002
004,2014-10-01 14:24:56,7.4,5,8.496000000000004,8.915795031256447,8.5015,8.637765010418818,8.63776501041882,8.500718383930806
004,2014-10-01 14:34:56,6.7,5,9.370500000000009,9.081455793913982,9.5775,9.343151931304662,9.343151931304664,9.113766839975803
004,2014-10-01 15:04:56,5.3,5,9.2885,8.327398101325569,9.6805,9.098799367108525,9.098799367108525,8.431872709153508
004,2014-10-01 15:09:56,5.1,5,9.896,8.410776439411475,9.675,9.327258813137158,9.32725881313716,8.545254937181745
004,2014-10-01 15:19:56,4.7,5,8.777000000000005,9.245145511505719,8.7805,8.934215170501908,8.93421517050191,8.782012640144849
004,2014-10-01 15:29:56,4.4,5,7.674999999999999,7.330769902508468,7.819500000000001,7.608423300836155,7.608423300836157,7.368229733509815
004,2014-10-01 15:34:56,4.4,5,9.024500000000007,8.891051070760833,9.051000000000002,8.988850356920281,8.988850356920281,8.905278070797674
004,2014-10-01 15:39:56,4.3,5,8.661000000000003,9.087479360240252,8.37,8.70615978674675,8.706159786746753,8.404710463222123
004,2014-10-01 15:44:56,4.3,5,7.912000000000001,9.037258041427505,7.9254999999999995,8.291586013809168,8.29158601380917,7.924530008386322
004,2014-10-01 15:49:56,4.2,5,10.01750000000001,9.91302258309128,9.886999999999999,9.939174194363764,9.939174194363764,9.890767368558942
004,2014-10-01 15:59:56,4.1,5,10.055500000000006,8.94949778895592,9.752500000000001,9.585832596318642,9.585832596318642,9.036541328548207
004,2014-10-01 16:19:56,4.1,5,9.947000000000006,11.38754127477273,9.8605,10.398347091590912,10.398347091590912,9.88395541419826
004,2014-10-01 16:39:56,4.6,5,11.017500000000002,16.05629126963211,11.422,12.831930423210702,12.831930423210705,11.106163439710679
004,2014-10-01 16:44:56,4.6,5,12.160499999999999,14.098144084636393,12.015499999999998,12.75804802821213,12.758048028212132,12.050046963509107
004,2014-10-01 17:49:56,3.1,5,12.160000000000004,10.357851067305583,11.752,11.423283689101863,11.423283689101865,10.507792915434463
004,2014-10-01 18:04:56,2.8,5,9.463500000000005,8.473990943751902,9.672,9.203163647917302,9.203163647917304,8.57960263039195
004,2014-10-01 18:09:56,2.7,5,8.857000000000001,9.514286209854479,8.952,9.107762069951493,9.107762069951495,8.87256217005
004,2014-10-01 19:39:56,6.1,5,9.040500000000003,8.976193957196037,9.056000000000001,9.024231319065347,9.024231319065349,8.983076931538857
004,2014-10-02 07:34:56,9.9,5,8.920000000000005,9.136446707738227,8.9355,8.997315569246076,8.997315569246078,8.923631143637884
004,2014-10-02 08:09:56,8.0,5,7.777999999999994,8.715288621444145,7.827999999999999,8.107096207148047,8.107096207148047,7.792104100925727
004,2014-10-02 08:29:56,7.1,5,10.245000000000012,11.02289477521943,10.078500000000002,10.448798258406482,10.448798258406482,10.103698892740798
004,2014-10-02 08:44:56,8.5,5,11.602500000000004,10.762731644360104,11.4965,11.287243881453369,11.28724388145337,10.84056164069419
004,2014-10-02 08:59:56,11.1,5,8.286000000000005,8.744820726288438,8.392499999999998,8.474440242096147,8.474440242096149,8.300665694597939
004,2014-10-02 09:09:56,12.8,5,12.954499999999994,10.878967033309252,13.341500000000002,12.39165567776975,12.39165567776975,11.099988205091766
004,2014-10-02 09:14:56,13.5,5,11.469500000000004,10.311494265430412,11.172000000000002,10.98433142181014,10.984331421810142,10.404499070587054
004,2014-10-02 09:19:56,14.2,5,8.410000000000004,8.951446394940595,8.265500000000001,8.5423154649802,8.5423154649802,8.28603267446504
004,2014-10-02 09:59:56,18.6,5,9.967499999999996,9.03092131279037,10.024,9.674140437596789,9.67414043759679,9.129475196926654
004,2014-10-02 10:54:56,15.0,5,9.596000000000009,8.867266698733346,9.435500000000001,9.299588899577786,9.299588899577786,8.928322706833995
004,2014-10-02 11:19:56,11.8,5,10.197499999999994,9.108113687168496,10.1435,9.816371229056163,9.816371229056164,9.216980249399601
004,2014-10-02 12:29:56,7.2,5,9.411500000000004,9.295925225383453,9.482500000000002,9.396641741794486,9.396641741794488,9.308727154608018
004,2014-10-02 13:19:56,6.3,5,9.1415,8.147494009778065,9.1665,8.818498003259355,8.818498003259355,8.251741184961306
004,2014-10-02 13:54:56,6.0,5,8.026000000000007,8.466914068223383,8.161999999999999,8.218304689407796,8.218304689407798,8.043278044696955
004,2014-10-02 14:29:56,7.3,5,8.8435,9.273750863356584,8.653,8.923416954452195,8.923416954452195,8.677233436683588
004,2014-10-02 15:14:56,6.8,5,9.075500000000003,9.480495522727367,9.280000000000001,9.278665174242457,9.278665174242459,9.09890062339646
004,2014-10-02 15:29:56,6.3,5,8.748000000000005,9.381328160369033,8.5485,8.89260938678968,8.89260938678968,8.575705828301746
004,2014-10-02 15:39:56,6.1,5,7.944500000000005,8.150337269005183,7.946000000000001,8.01361242300173,8.01361242300173,7.946700309131392
004,2014-10-02 15:44:56,5.9,5,9.884500000000003,9.743684174889745,9.812000000000001,9.81339472496325,9.813394724963251,9.75155666987636
004,2014-10-02 15:59:56,5.4,5,9.492500000000012,9.847879183282503,9.493999999999998,9.611459727760838,9.61145972776084,9.49619572827417
004,2014-10-02 16:29:56,5.4,5,9.265000000000017,8.765708783987195,9.1735,9.068069594662404,9.068069594662406,8.809288652154036
004,2014-10-02 16:59:56,8.4,5,9.4325,8.747060165490419,9.302500000000002,9.16068672183014,9.16068672183014,8.806472666160907
004,2014-10-02 17:54:56,13.0,5,9.309999999999997,9.159982284777161,9.0235,9.16449409492572,9.16449409492572,9.039279539871368
004,2014-10-02 18:09:56,14.2,5,8.612000000000007,6.418099467860318,8.3795,7.803199822620108,7.80319982262011,6.625634614229649
004,2014-10-03 08:09:57,8.0,5,8.695000000000011,12.853924871925068,8.609000000000002,10.052641623975028,10.052641623975028,8.659586938022674
004,2014-10-03 08:19:57,7.2,5,8.546500000000002,8.322526002105562,8.497,8.455342000701854,8.455342000701856,8.341275220996028
004,2014-10-03 08:45:00,4.1,5,12.376,9.308021980427641,12.193999999999999,11.29267399347588,11.292673993475882,9.61178539387673
004,2014-10-03 09:29:57,7.1,5,8.703999999999999,9.521042095916686,8.436,8.887014031972228,8.88701403197223,8.472209731811693
004,2014-10-03 09:39:57,9.6,5,9.794500000000014,10.058315778662879,9.7825,9.878438592887631,9.878438592887631,9.786393649317338
004,2014-10-03 09:49:57,11.9,5,8.929500000000004,9.127219529906368,8.946,9.000906509968791,9.000906509968791,8.933038496153792
004,2014-10-03 09:59:57,13.8,5,10.431000000000001,11.021188289864188,10.597000000000001,10.683062763288063,10.683062763288065,10.452609515740132
004,2014-10-03 11:34:57,11.5,5,9.34,9.852812646675469,9.403500000000001,9.53210421555849,9.53210421555849,9.351136769150093
004,2014-10-03 11:44:57,10.5,5,8.680000000000005,9.730278264046971,8.573,8.99442608801566,8.99442608801566,8.594697582122635
004,2014-10-03 12:34:57,8.2,5,8.615000000000002,8.68125250011665,8.4305,8.575584166705552,8.575584166705552,8.450465707285835
004,2014-10-03 13:14:57,5.2,5,8.563500000000003,8.468519945847715,8.484,8.50533998194924,8.505339981949241,8.470934535587974
004,2014-10-03 13:19:57,5.2,5,8.666000000000007,8.349784345486988,8.713000000000001,8.576261448495666,8.576261448495666,8.383338185163577
004,2014-10-03 13:44:57,3.9,5,10.368000000000006,9.440637217919138,10.307,10.03854573930638,10.038545739306382,9.531889812537894
004,2014-10-03 13:49:57,3.5,5,9.939500000000004,9.795407854296293,9.689,9.807969284765433,9.807969284765434,9.70157376811287
004,2014-10-03 15:14:57,8.3,5,7.328500000000004,7.198032846385019,7.372000000000001,7.299510948795008,7.2995109487950085,7.212117880251641
004,2014-10-03 15:34:57,8.9,5,7.5420000000000025,7.784937786365229,7.437,7.587979262121745,7.587979262121745,7.4504149287573656
004,2014-10-03 15:39:57,9.0,5,8.294000000000002,7.579516618670775,8.2695,8.047672206223593,8.047672206223593,7.651950642969912
004,2014-10-03 15:44:57,9.1,5,8.505500000000007,7.558908403193058,8.591000000000001,8.21846946773102,8.218469467731023,7.658799880929109
004,2014-10-03 15:59:57,8.9,5,7.9105,7.538973663640794,8.097999999999999,7.849157887880264,7.849157887880265,7.579719344368692
004,2014-10-04 06:34:57,7.1,5,9.97900000000001,8.962014889222097,10.165999999999999,9.702338296407369,9.70233829640737,9.070286238675436
004,2014-10-04 08:39:58,22.2,5,9.815500000000004,7.818878449955286,9.5175,9.050626149985098,9.050626149985098,7.999575530785542
004,2014-10-04 09:19:58,22.2,5,13.076499999999994,9.569138502446917,13.097000000000001,11.91421283414897,11.914212834148971,9.936298723723347
004,2014-10-04 09:24:58,22.2,5,11.517999999999999,6.827650619051075,11.348000000000003,9.897883539683692,9.897883539683693,7.30228898268714
004,2014-10-04 09:39:58,22.2,5,10.935500000000008,9.039552234819052,11.485999999999999,10.487017411606352,10.487017411606354,9.243419431640197
004,2014-10-04 09:49:58,22.2,5,10.456499999999998,9.277632621196577,10.482000000000001,10.072044207065526,10.072044207065527,9.401225788689768
004,2014-10-04 09:54:58,22.2,5,11.249,9.590706366388693,10.916999999999998,10.58556878879623,10.585568788796232,9.73278890174152
004,2014-10-04 10:29:58,22.2,5,9.56750000000001,7.649437311058271,9.364999999999998,8.86064577035276,8.860645770352761,7.830951846589009
004,2014-10-04 10:44:58,22.2,5,8.485000000000003,8.845035893393604,8.3595,8.563178631131203,8.563178631131203,8.376230707859278
004,2014-10-04 10:49:58,22.2,5,9.610500000000004,9.046660867915342,9.598500000000001,9.418553622638449,9.41855362263845,9.104516647635904
004,2014-10-04 11:09:58,22.2,5,10.22750000000001,11.020989955070075,9.948500000000001,10.398996651690029,10.39899665169003,9.985625077639712
004,2014-10-04 11:29:58,22.2,5,9.549500000000002,9.784526904826572,9.469000000000001,9.601008968275524,9.601008968275526,9.479772524733445
004,2014-10-04 12:24:58,17.5,5,12.130000000000004,9.707495603346802,11.538999999999998,11.125498534448935,11.125498534448937,9.90502545821819
004,2014-10-04 12:29:58,17.9,5,9.442000000000005,9.678572412638363,9.557,9.55919080421279,9.559190804212792,9.45524751796236
004,2014-10-04 12:44:58,21.4,5,9.81300000000001,9.496199397609402,9.729999999999997,9.67973313253647,9.679733132536471,9.521490620624094
004,2014-10-04 12:49:58,22.2,5,10.787500000000001,10.66284484709437,10.5255,10.658614949031458,10.658614949031458,10.541116159221858
004,2014-10-04 12:59:58,22.2,5,8.959000000000014,9.347733859243775,8.6185,8.975077953081263,8.975077953081264,8.65801191077634
004,2014-10-04 13:24:58,22.2,5,8.799500000000009,10.592662766038162,8.585500000000001,9.325887588679391,9.325887588679393,8.625821226624714
004,2014-10-04 13:29:58,20.8,5,10.876999999999999,9.662854481438124,10.2655,10.268451493812707,10.268451493812709,9.732020843486032
004,2014-10-04 13:34:58,19.2,5,8.372000000000003,10.04885174717033,8.35,8.923617249056777,8.923617249056779,8.369070251944668
004,2014-10-04 13:59:58,13.8,5,11.107000000000003,10.056864415550734,11.318499999999998,10.827454805183578,10.82745480518358,10.168849109915191
004,2014-10-04 14:29:58,13.2,5,10.661500000000004,12.174626424761867,10.559,11.131708808253956,11.131708808253958,10.584855254405763
004,2014-10-04 14:39:58,12.0,5,9.506500000000011,8.89989680549074,9.663,9.35646560183025,9.356465601830251,8.96492723659142
004,2014-10-04 15:09:58,9.8,5,9.440500000000005,7.570666030275087,9.251999999999999,8.754388676758364,8.754388676758365,7.748459410215512
004,2014-10-04 16:49:58,16.3,5,12.629500000000005,11.80622158563501,12.503,12.312907195211672,12.312907195211674,11.880386535469754
004,2014-10-04 16:59:58,17.5,5,8.456000000000003,9.015581176343499,8.274499999999998,8.582027058781167,8.582027058781168,8.299085121165422
004,2014-10-04 17:04:58,18.0,5,9.578499999999998,8.855044232223655,9.295500000000002,9.243014744074552,9.243014744074552,8.90395660606496
005,2014-10-01 12:00:12,8.0,5,9.615000000000006,8.54412170838844,9.392000000000001,9.183707236129484,9.183707236129484,8.635060376237721
005,2014-10-01 12:30:12,6.4,5,8.469500000000004,7.703008980416771,8.619000000000002,8.263836326805594,8.263836326805594,7.784697562371121
005,2014-10-01 12:50:12,5.2,5,10.049,9.247254973771163,10.243,9.846418324590388,9.846418324590388,9.333076981289443
005,2014-10-01 13:20:12,4.4,5,8.258999999999993,8.308350039442784,8.310500000000001,8.29261667981426,8.29261667981426,8.264184712652282
005,2014-10-01 13:30:12,4.4,5,8.016500000000006,8.441090660947108,7.9595,8.139030220315703,8.139030220315705,7.969709491380343
005,2014-10-01 14:00:00,9.8,5,9.294,9.137017529222387,9.231499999999997,9.22083917640746,9.220839176407463,9.147527691044207
005,2014-10-01 15:45:12,9.1,5,10.097000000000007,9.271121936182473,9.918,9.76204064539416,9.76204064539416,9.340591097059567
005,2014-10-01 16:10:12,10.4,5,8.562000000000005,9.527587521940799,8.561,8.883529173980268,8.88352917398027,8.570760499513632
005,2014-10-01 16:15:12,10.9,5,8.537500000000005,8.447669885877993,8.245,8.410056628626,8.410056628626,8.267102494912036
005,2014-10-01 16:30:12,12.4,5,10.294,9.233901845022299,9.991,9.839633948340767,9.839633948340767,9.316142705146536
005,2014-10-01 16:35:12,12.8,5,9.962000000000012,8.013508225288918,9.823500000000001,9.26633607509631,9.266336075096312,8.204262337272668
005,2014-10-01 16:40:12,13.1,5,9.506500000000006,9.113418539594772,9.711,9.443639513198258,9.44363951319826,9.156589409962935
005,2014-10-01 16:50:12,13.6,5,9.1415,8.855335853386151,9.051,9.01594528446205,9.015945284462052,8.876712076630927
005,2014-10-01 17:15:12,13.5,5,8.571999999999997,8.951778344720513,8.699000000000002,8.740926114906838,8.740926114906838,8.587815068813883
005,2014-10-01 17:40:12,12.3,5,8.291500000000003,8.624844105386124,8.229500000000002,8.38194803512871,8.38194803512871,8.239320147295862
005,2014-10-01 17:45:12,12.0,5,8.241500000000004,8.751212318315632,8.0785,8.357070772771879,8.35707077277188,8.100650883141968
005,2014-10-01 18:40:12,7.2,5,9.043000000000001,10.046034961509196,9.250499999999999,9.4465116538364,9.446511653836401,9.072664890666955
005,2014-10-01 18:50:12,6.2,5,9.126000000000003,8.26290353300722,9.032499999999999,8.807134511002408,8.807134511002408,8.344357020205049
005,2014-10-01 18:55:12,5.9,5,8.514000000000005,8.908095538575171,8.041499999999997,8.487865179525059,8.487865179525059,8.094875934407463
005,2014-10-01 19:50:12,5.6,5,9.801000000000002,12.168625074489261,9.695500000000001,10.555041691496422,10.555041691496422,9.730214113785719
005,2014-10-01 20:00:12,5.8,5,8.729500000000003,8.802491521889243,8.756999999999998,8.76299717396308,8.762997173963083,8.732832083310104
005,2014-10-01 20:05:12,5.9,5,9.1905,9.11265775651387,9.229000000000001,9.177385918837956,9.177385918837958,9.121186946299561
005,2014-10-01 20:10:12,6.1,5,8.197000000000008,9.672344204215845,8.1305,8.666614734738618,8.66661473473862,8.152210957608176
005,2014-10-01 20:20:12,6.3,5,8.611500000000003,8.45156202926619,8.877,8.64668734308873,8.646687343088733,8.470950426574127
005,2014-10-01 20:35:12,7.0,5,7.655000000000001,8.955257214084716,7.898999999999998,8.169752404694906,8.169752404694906,7.691090899931955
005,2014-10-01 20:40:12,7.4,5,9.456000000000008,8.880358031910689,9.818,9.3847860106369,9.3847860106369,8.944204166548813
005,2014-10-01 20:45:12,7.7,5,9.63100000000001,8.53345756975551,9.669500000000001,9.277985856585174,9.277985856585175,8.64867217190277
005,2014-10-01 21:15:12,9.7,5,8.248500000000005,8.314122516374251,8.081,8.214540838791418,8.21454083879142,8.099180794446571
005,2014-10-01 21:25:12,10.2,5,9.489500000000005,8.839166263460953,9.538,9.288888754486987,9.288888754486987,8.907691971657613
005,2014-10-01 21:30:12,10.5,5,7.6930000000000005,6.3111366092398065,7.7545,7.252878869746603,7.252878869746604,6.456328091214638
005,2014-10-01 21:40:12,11.2,5,10.01500000000001,9.059373339520102,10.119500000000002,9.731291113173372,9.731291113173372,9.16040010441622
005,2014-10-01 22:05:12,12.8,5,9.397500000000006,9.121517017546026,9.205500000000002,9.241505672515345,9.241505672515347,9.132223677812252
005,2014-10-01 22:10:12,13.0,5,10.329000000000006,9.092506886292009,10.0505,9.824002295430672,9.824002295430672,9.195521239686935
005,2014-10-01 22:20:12,13.2,5,8.764000000000012,7.5917269796350215,8.840000000000002,8.398575659878345,8.398575659878347,7.715135217030719
005,2014-10-02 09:55:12,7.9,5,11.144000000000005,10.683028957460097,11.338500000000002,11.055176319153368,11.05517631915337,10.73320272744439
005,2014-10-02 10:30:12,7.0,5,10.515500000000008,8.492760031969132,10.1665,9.72492001065638,9.724920010656382,8.671363894841965
005,2014-10-02 11:25:12,5.3,5,9.704000000000006,8.253679521658857,9.919000000000002,9.292226507219622,9.292226507219622,8.407568278106602
005,2014-10-02 11:30:12,5.1,5,8.560500000000005,9.230469180688212,8.673,8.821323060229405,8.821323060229407,8.577844924907293
005,2014-10-02 12:50:12,9.5,5,9.268000000000006,9.63407727636011,9.503999999999998,9.468692425453371,9.468692425453373,9.293992106200905
005,2014-10-02 13:20:12,10.0,5,9.749500000000006,10.8905627219736,10.011000000000001,10.217020907324537,10.217020907324537,9.7856548801598
005,2014-10-02 13:25:12,10.1,5,10.126500000000007,10.519790832945002,10.097000000000001,10.24776361098167,10.247763610981671,10.10401932500911
005,2014-10-02 13:30:12,10.2,5,8.610500000000002,8.87097954892034,8.640500000000001,8.70732651630678,8.707326516306782,8.615943524315979
005,2014-10-02 14:15:12,10.8,5,9.72800000000001,8.667926667870566,9.5665,9.320808889290191,9.320808889290193,8.763554268554781
005,2014-10-02 14:40:12,11.2,5,9.079000000000004,9.345667515424271,9.217500000000001,9.214055838474758,9.21405583847476,9.094772139904524
005,2014-10-02 15:20:12,11.2,5,8.17900000000001,7.274123818058251,8.162,7.871707939352753,7.8717079393527545,7.3671872369538525
005,2014-10-02 15:25:12,11.2,5,8.6765,8.034986302565127,8.8235,8.511662100855043,8.511662100855045,8.103574220395467
005,2014-10-02 15:40:12,11.3,5,9.344000000000005,10.0177584318544,9.4565,9.606086143951467,9.606086143951469,9.361382817418953
005,2014-10-02 15:50:12,11.2,5,8.121500000000003,8.073765710690788,8.492,8.229088570230264,8.229088570230264,8.082464877020135
005,2014-10-02 16:25:12,11.9,5,9.689500000000008,10.354440131542987,9.424,9.822646710514332,9.822646710514332,9.458427151432392
005,2014-10-02 16:35:12,12.3,5,9.135000000000007,9.175778214546613,9.2005,9.170426071515541,9.170426071515541,9.139513609771267
005,2014-10-02 16:50:12,12.6,5,10.652500000000007,10.02760785953816,10.758500000000002,10.47953595317939,10.47953595317939,10.09404675870126
005,2014-10-02 17:05:12,12.8,5,14.460999999999997,16.495487157080202,14.560999999999996,15.172495719026733,15.172495719026733,14.49080730099338
005,2014-10-02 17:25:12,12.7,5,7.806500000000007,7.793638735011332,7.778,7.792712911670446,7.792712911670447,7.77976480426303
005,2014-10-02 17:45:12,11.8,5,11.446000000000009,12.317414962027838,11.561999999999998,11.775138320675948,11.77513832067595,11.465690567750482
005,2014-10-02 18:15:12,8.8,5,5.8905,5.78185688696852,5.84,5.837452295656173,5.837452295656174,5.788445069133531
005,2014-10-02 18:30:00,7.7,5,10.226000000000004,9.28761034654715,10.302999999999999,9.938870115515718,9.93887011551572,9.386558701748497
005,2014-10-02 18:35:12,7.2,5,9.429500000000008,10.021743711206186,9.537,9.662747903735399,9.662747903735399,9.445594548741346
005,2014-10-02 18:45:12,6.9,5,10.103000000000003,9.12752926317735,10.406500000000003,9.87900975439245,9.879009754392452,9.232622200555394
005,2014-10-02 19:05:12,6.7,5,8.629500000000005,8.261362675667517,8.129,8.339954225222506,8.339954225222508,8.146529724766882
005,2014-10-02 20:15:12,9.0,5,7.577500000000006,8.170755306153628,7.781000000000001,7.843085102051212,7.843085102051212,7.602688596936501
005,2014-10-02 20:25:12,8.5,5,8.879500000000009,9.128539366606969,9.0015,9.003179788868993,9.003179788868994,8.89353455756163
005,2014-10-02 21:15:12,8.0,5,10.43950000000001,10.738478033412457,10.7865,10.654826011137489,10.65482601113749,10.471260585400692
005,2014-10-02 21:30:12,8.5,5,8.270000000000005,7.756174635263615,8.347,8.124391545087873,8.124391545087875,7.8107032514045
005,2014-10-02 22:05:12,9.0,5,11.708000000000006,9.758786587098594,11.750500000000002,11.0724288623662,11.072428862366202,9.963146664718975
005,2014-10-03 09:10:13,7.4,5,8.888000000000003,8.171760721916552,9.000999999999998,8.68692024063885,8.686920240638853,8.247826750882867
005,2014-10-03 09:25:13,7.2,5,9.633000000000006,12.106507541410448,9.6965,10.47866918047015,10.478669180470153,9.663743718097448
005,2014-10-03 09:55:13,7.8,5,10.409999999999998,9.164720759987693,10.5875,10.054073586662563,10.054073586662565,9.296782221588089
005,2014-10-03 10:05:13,8.1,5,8.593,8.397346748384638,8.607500000000002,8.53261558279488,8.532615582794882,8.417961831747887
005,2014-10-03 10:20:13,8.3,5,7.863499999999999,7.262542314272574,8.0505,7.725514104757525,7.725514104757526,7.327287088001407
005,2014-10-03 10:40:13,8.3,5,7.926000000000005,8.244640950780685,7.7675,7.979380316926897,7.979380316926898,7.787269360142602
005,2014-10-03 11:00:13,8.4,5,10.887000000000006,9.403901770850416,10.6805,10.323800590283474,10.323800590283476,9.539529959585165
005,2014-10-03 11:15:13,8.3,5,9.140000000000008,9.978448648257558,9.048000000000002,9.388816216085855,9.388816216085857,9.066009921551354
005,2014-10-03 12:20:13,8.7,5,8.588000000000005,7.599747457422802,8.596,8.261249152474269,8.261249152474269,7.703222682206848
005,2014-10-03 12:35:13,8.8,5,8.66050000000001,8.737063708059171,8.7335,8.71035456935306,8.710354569353061,8.668173210559084
005,2014-10-03 13:10:13,7.4,5,8.057500000000006,9.010291790852662,7.958499999999999,8.342097263617555,8.342097263617557,7.978385723036883
005,2014-10-03 13:15:13,7.4,5,9.368500000000006,8.25209538992396,9.536000000000001,9.05219846330799,9.05219846330799,8.370573434323656
005,2014-10-03 15:15:13,9.7,5,9.117,9.434541186636917,9.393,9.314847062212307,9.314847062212307,9.146291717072703
005,2014-10-03 15:35:13,10.4,5,9.38700000000001,9.034563189987288,9.324,9.248521063329099,9.2485210633291,9.065475311957847
005,2014-10-03 16:25:13,11.3,5,7.4665000000000035,7.624164482465089,7.6225,7.571054827488364,7.571054827488364,7.482838034723885
005,2014-10-03 16:50:13,10.4,5,7.766000000000002,8.13485935101308,7.939499999999999,7.946786450337694,7.946786450337694,7.786105908558316
005,2014-10-03 17:25:13,10.7,5,8.306000000000004,8.630205606770108,8.313,8.416401868923371,8.416401868923371,8.309904426127282
005,2014-10-03 17:30:13,10.7,5,8.021499999999998,8.35407735515088,8.356,8.243859118383625,8.243859118383627,8.056314897506649
005,2014-10-03 17:50:13,11.0,5,7.545,8.619855772680554,7.843999999999999,8.002951924226851,8.002951924226853,7.584041221700334
005,2014-10-03 18:45:13,10.0,5,9.507000000000007,8.731567366680949,9.463000000000001,9.233855788893651,9.233855788893653,8.808532989715712
005,2014-10-03 19:25:13,9.9,5,7.824500000000003,8.040892360302347,7.912000000000003,7.925797453434118,7.925797453434118,7.834943549347786
005,2014-10-03 21:05:13,14.1,5,9.237000000000005,10.271397992508165,9.565500000000002,9.691299330836058,9.691299330836058,9.278428060578277
005,2014-10-03 22:00:13,12.9,5,10.817000000000005,11.048253260554812,10.754499999999998,10.873251086851605,10.873251086851607,10.76335155099466
005,2014-10-03 22:15:13,11.8,5,9.041000000000007,8.75531242193083,8.915999999999999,8.90410414064361,8.904104140643613,8.773374246377177
005,2014-10-03 22:45:00,8.3,5,10.483500000000014,9.91315308474415,10.3205,10.239051028248054,10.239051028248056,9.95740146825787
005,2014-10-04 08:05:13,3.9,5,10.665500000000014,10.66344969898891,10.645999999999999,10.65831656632964,10.658316566329642,10.647846165451275
005,2014-10-04 08:40:13,7.8,5,7.773000000000007,7.834310613585103,7.536000000000001,7.714436871195037,7.714436871195038,7.561409063867378
005,2014-10-04 09:00:13,10.4,5,10.706000000000012,9.500384599770745,10.6925,10.299628199923587,10.299628199923587,9.625243832155501
005,2014-10-04 09:05:13,10.8,5,7.416500000000003,7.894028142684114,7.197000000000002,7.502509380894707,7.502509380894707,7.224740314009416
005,2014-10-04 09:20:13,11.1,5,7.887000000000006,7.798928787168964,7.961,7.882309595722989,7.88230959572299,7.808883175653024
005,2014-10-04 09:35:13,10.8,5,7.404500000000002,7.797507966828136,7.3839999999999995,7.528669322276046,7.528669322276047,7.390074877699908
005,2014-10-04 09:45:13,10.5,5,8.059500000000007,7.71984271133645,7.815000000000002,7.864780903778819,7.864780903778821,7.732243475503317
005,2014-10-04 10:05:13,9.3,5,6.533999999999997,6.34829046135967,6.53,6.470763487119889,6.47076348711989,6.367341693594018
005,2014-10-04 10:15:13,8.5,5,7.632500000000006,7.401164793856859,7.5405,7.524721597952289,7.524721597952289,7.416662641460396
005,2014-10-04 10:45:13,7.0,5,6.252500000000003,6.022207145346691,6.386,6.220235715115565,6.220235715115566,6.047636372730049
005,2014-10-04 11:00:13,6.2,5,5.861500000000007,5.860338807928102,5.9755,5.899112935976036,5.899112935976037,5.861600296829083
005,2014-10-04 11:15:14,5.3,5,6.488499999999998,3.8310319942304893,6.4265,5.582010664743496,5.582010664743497,4.1032010025199135
005,2014-10-04 12:15:14,5.8,5,8.054500000000004,8.690597472580151,8.0785,8.274532490860052,8.274532490860054,8.063131957787222
005,2014-10-04 12:55:14,4.9,5,7.560000000000007,6.6902924872228136,7.617499999999999,7.289264162407606,7.2892641624076076,6.781860021930051
005,2014-10-04 15:00:14,8.0,5,8.876000000000007,8.525740126964095,8.403500000000001,8.601746708988033,8.601746708988035,8.419791885740056
006,2014-10-01 21:55:06,8.2,5,9.033000000000008,8.4123636414538,9.001000000000001,8.81545454715127,8.81545454715127,8.474269305022371
006,2014-10-01 22:00:06,8.2,5,8.373000000000005,8.73455276523733,8.329500000000003,8.479017588412447,8.479017588412447,8.337666684451198
006,2014-10-01 22:10:06,7.8,5,8.797500000000003,8.479371211347603,8.479499999999998,8.5854570704492,8.585457070449202,8.48256468576946
006,2014-10-01 22:25:06,7.7,5,8.922500000000008,8.520426260959756,8.895000000000001,8.779308753653256,8.779308753653257,8.559890774042378
006,2014-10-01 23:15:06,13.5,5,8.593500000000006,8.032472021769657,8.756499999999999,8.460824007256553,8.460824007256555,8.092799178032964
006,2014-10-01 23:35:06,12.9,5,11.89150000000001,9.308993484493783,11.599999999999998,10.933497828164596,10.933497828164597,9.551603424245457
006,2014-10-02 00:20:06,10.3,5,8.843000000000007,7.574042338384465,8.936,8.451014112794825,8.451014112794825,7.70773613813348
006,2014-10-02 01:25:06,6.9,5,7.746,8.463760310081385,7.909,8.039586770027128,8.03958677002713,7.768601363059625
006,2014-10-02 02:10:06,7.3,5,9.358500000000003,9.67909322680005,9.246500000000001,9.42803107560002,9.42803107560002,9.261423853221295
006,2014-10-02 08:30:06,13.7,5,9.054500000000004,9.723804316897818,8.9655,9.247934772299274,9.247934772299276,8.981504605355077
006,2014-10-02 08:35:06,13.9,5,10.276000000000003,9.613379140792878,10.042500000000004,9.977293046930962,9.977293046930962,9.660610607825014
006,2014-10-02 08:40:06,14.3,5,9.873000000000003,8.9026060278419,9.986500000000001,9.587368675947301,9.587368675947303,9.005267812299964
006,2014-10-02 08:45:06,14.5,5,9.558999999999997,9.511380042642118,9.433,9.501126680880704,9.501126680880706,9.4416766562164
006,2014-10-02 09:10:06,15.3,5,8.023000000000001,8.103546322288672,8.1005,8.075682107429559,8.075682107429559,8.031138846025389
006,2014-10-02 09:20:06,15.1,5,10.938000000000006,9.421201306449825,11.062999999999999,10.474067102149943,10.474067102149943,9.581145299245211
006,2014-10-02 09:51:00,14.9,5,7.193500000000004,8.05623202456198,7.262500000000001,7.504077341520662,7.504077341520663,7.208656396547205
006,2014-10-02 10:05:07,14.1,5,8.182500000000006,7.667221429680981,8.168,8.005907143226995,8.005907143226997,7.7197600341640396
006,2014-10-02 10:40:07,11.1,5,10.353000000000009,9.794128416144453,9.980999999999998,10.042709472048154,10.042709472048154,9.817399723716205
006,2014-10-02 11:35:07,7.5,5,8.392500000000004,8.303068268229511,8.435,8.37685608940984,8.37685608940984,8.312850000047392
006,2014-10-02 11:45:07,7.4,5,9.593,9.070936322438882,9.790500000000002,9.484812107479629,9.484812107479629,9.127531866244667
006,2014-10-02 11:55:07,6.9,5,9.940000000000003,9.688453679712646,9.9475,9.858651226570883,9.858651226570883,9.71484653593782
006,2014-10-02 15:25:07,4.8,5,11.048000000000012,12.076922231941762,10.683,11.269307410647258,11.26930741064726,10.731477089711852
006,2014-10-02 15:30:07,4.9,5,8.924000000000003,11.921060358794598,9.035000000000002,9.9600201195982,9.960020119598202,8.964473900247016
006,2014-10-02 16:15:07,5.9,5,6.872000000000002,7.931772335623665,6.8069999999999995,7.203590778541222,7.203590778541223,6.8243983024809145
006,2014-10-02 16:20:07,5.9,5,7.521000000000008,9.034945312906201,7.5955,8.050481770968737,8.050481770968737,7.543188963048893
006,2014-10-02 16:30:07,5.7,5,7.217000000000006,8.944968939707271,7.257999999999999,7.806656313235759,7.806656313235759,7.238159285460336
006,2014-10-02 17:20:07,6.1,5,7.921500000000004,8.565160211183024,8.104,8.196886737061009,8.19688673706101,7.94520553580805
006,2014-10-02 17:25:07,6.1,5,9.419,9.403745545202934,9.1055,9.30941518173431,9.309415181734312,9.136856274220829
006,2014-10-02 18:45:07,5.0,5,6.983000000000004,7.853581133043551,7.108,7.314860377681185,7.314860377681185,7.003533848108669
006,2014-10-02 19:15:07,4.8,5,7.0075,8.136127659261899,6.993499999999999,7.3790425530873,7.3790425530873,7.0062510167117775
006,2014-10-02 19:20:07,4.8,5,7.700000000000005,8.643956177435117,7.849500000000002,8.064485392478375,8.064485392478375,7.723585893761118
006,2014-10-02 19:40:07,4.7,5,7.830000000000001,8.813853059861964,7.835999999999999,8.159951019953988,8.159951019953988,7.840406276363972
006,2014-10-02 20:10:07,4.8,5,7.416500000000003,8.268483480611037,7.796,7.826994493537014,7.826994493537015,7.460929754464822
006,2014-10-02 20:40:07,4.3,5,7.2799999999999985,8.485858169659416,6.9270000000000005,7.564286056553137,7.564286056553139,6.975990957558319
006,2014-10-02 21:10:07,4.3,5,7.142499999999999,9.269445696271214,7.048000000000001,7.819981898757072,7.819981898757072,7.079156452767054
006,2014-10-02 21:20:07,4.4,5,6.665499999999998,6.767050552896339,6.944,6.792183517632112,6.792183517632113,6.677894149396057
006,2014-10-02 21:25:07,4.7,5,6.667499999999999,7.482140067820957,6.680499999999999,6.943380022606985,6.943380022606986,6.6768765165031425
006,2014-10-03 09:10:07,8.9,5,9.635,9.384509469810208,9.582,9.533836489936737,9.533836489936737,9.405701777147602
006,2014-10-03 09:35:07,11.3,5,11.491000000000007,10.408383111495699,11.621000000000002,11.173461037165234,11.173461037165238,10.522951139372452
006,2014-10-03 10:10:07,14.5,5,10.600500000000002,10.153197037848498,10.636,10.4632323459495,10.463232345949502,10.20035079456873
006,2014-10-03 10:55:07,14.7,5,11.606000000000003,8.71117577352343,11.4595,10.592225257841143,10.592225257841145,9.00018225602236
006,2014-10-03 11:40:07,9.2,5,9.051500000000004,9.297854183529752,9.2085,9.18595139450992,9.185951394509921,9.068819556028759
006,2014-10-03 11:50:07,9.3,5,9.034000000000002,9.531575120569839,9.0285,9.198025040189947,9.198025040189949,9.034051184823937
006,2014-10-03 12:10:07,10.4,5,8.055500000000006,8.600257627151608,7.9110000000000005,8.188919209050539,8.188919209050539,7.931565786787151
006,2014-10-03 13:35:07,10.0,5,9.826500000000005,8.584363860798344,9.754500000000002,9.388454620266117,9.388454620266119,8.707508528510482
006,2014-10-03 13:40:07,9.7,5,9.829500000000001,9.803833389238283,9.779499999999999,9.80427779641276,9.804277796412762,9.78230252978279
006,2014-10-03 13:50:07,9.0,5,10.086500000000006,9.05035310819148,9.920000000000002,9.685617702730497,9.685617702730497,9.143004300472654
006,2014-10-03 14:05:07,8.0,5,8.032000000000002,8.620277468649899,7.919499999999999,8.190592489549966,8.190592489549967,7.937153007786905
006,2014-10-03 14:15:07,7.5,5,9.09650000000001,8.407954814837224,8.915000000000001,8.806484938279077,8.806484938279079,8.462819059475494
006,2014-10-03 17:00:07,10.4,5,11.95350000000001,10.56418905138423,11.9495,11.48906301712808,11.489063017128082,10.709166231666503
006,2014-10-03 17:25:07,12.1,5,6.985000000000001,7.739437296372764,7.062500000000001,7.262312432124255,7.262312432124256,6.999877755766231
006,2014-10-03 17:30:07,12.1,5,8.162500000000003,8.8299406274103,8.474,8.488813542470101,8.488813542470101,8.198649873925458
006,2014-10-03 17:40:07,11.9,5,8.521000000000004,8.836682964107073,8.406,8.587894321369026,8.587894321369028,8.421188623477043
006,2014-10-03 18:25:07,10.5,5,8.171,8.263377368609593,8.019,8.15112578953653,8.151125789536533,8.035826666408424
006,2014-10-03 18:30:07,10.4,5,7.005000000000003,7.529197051347482,6.7935,7.109232350449162,7.109232350449162,6.820870008742241
006,2014-10-03 18:50:07,9.9,5,10.548500000000013,10.083198765662537,10.491499999999998,10.374399588554182,10.374399588554184,10.126486994136638
006,2014-10-03 18:55:07,9.8,5,10.519499999999999,10.80259802876743,10.749500000000001,10.690532676255808,10.690532676255811,10.544094567959617
006,2014-10-03 19:15:07,9.3,5,8.509500000000001,7.626077852869053,8.3835,8.173025950956351,8.173025950956353,7.706582610443658
006,2014-10-03 19:20:07,9.3,5,7.8539999999999965,8.592548701290927,7.931500000000001,8.126016233763641,8.126016233763641,7.868718869815408
006,2014-10-03 21:15:07,11.0,5,7.897500000000001,8.745928517643268,8.0535,8.232309505881089,8.23230950588109,7.920745675075665
006,2014-10-03 21:45:07,11.4,5,9.434,8.929180126417801,9.575,9.312726708805934,9.312726708805934,8.98340654940252
006,2014-10-03 22:05:07,10.3,5,8.995000000000003,9.471859919929612,9.283500000000002,9.250119973309872,9.250119973309873,9.027067708083456
006,2014-10-03 22:15:07,9.9,5,10.678000000000013,10.071905359926351,10.774000000000001,10.50796845330879,10.50796845330879,10.136277583878128
006,2014-10-03 22:20:07,9.8,5,12.508500000000012,10.07070494810207,12.522,11.70040164936736,11.700401649367363,10.325892534874173
006,2014-10-04 10:50:07,11.5,5,8.577500000000006,9.26316630309401,8.377000000000002,8.73922210103134,8.739222101031341,8.404833834023224
006,2014-10-04 11:00:07,12.0,5,9.409500000000007,7.470473091382275,9.345500000000001,8.741824363794095,8.741824363794096,7.667286458350891
006,2014-10-04 11:35:07,11.8,5,8.915000000000006,9.198516041975557,8.805,8.972838680658521,8.972838680658521,8.819343832784597
006,2014-10-04 12:10:07,10.3,5,6.785000000000002,7.623754249670356,6.842000000000001,7.083584749890121,7.083584749890121,6.798781127267577
006,2014-10-04 12:20:07,9.9,5,6.507500000000002,6.863451412986422,6.311,6.560650470995475,6.560650470995476,6.335118187945243
006,2014-10-04 12:25:07,9.7,5,8.690000000000003,9.898504007181767,8.5135,9.034001335727256,9.034001335727257,8.54405122800268
006,2014-10-04 12:40:07,8.8,5,8.0685,7.68793107749223,7.9165,7.890977025830743,7.890977025830744,7.713364939691568
006,2014-10-04 13:15:07,6.2,5,7.476999999999996,7.5235257164524505,7.236000000000001,7.412175238817483,7.4121752388174835,7.2616797120729535
006,2014-10-04 13:40:07,8.2,5,10.892000000000001,11.662853364632504,10.8005,11.118451121544169,11.118451121544169,10.817781656567988
006,2014-10-04 13:50:07,8.8,5,10.299500000000007,9.316034510231079,10.783500000000002,10.133011503410364,10.133011503410364,9.423768892993635
006,2014-10-04 14:15:07,7.8,5,10.239500000000005,10.450164023987693,10.075,10.254888007995898,10.2548880079959,10.094317336640026
006,2014-10-04 14:25:07,7.3,5,6.098499999999998,7.156145364519227,6.125,6.459881788173075,6.4598817881730755,6.111583997442174
006,2014-10-04 15:15:07,5.1,5,6.743000000000002,6.640186562979706,6.712999999999997,6.698728854326569,6.6987288543265695,6.64810461743811
006,2014-10-04 15:20:07,4.7,5,6.787500000000001,7.509525555871014,6.676999999999998,6.991341851957006,6.991341851957006,6.695781240070663
006,2014-10-04 15:25:07,4.3,5,8.297000000000004,8.360009478373257,8.176000000000002,8.277669826124422,8.277669826124422,8.18928963438506
006,2014-10-04 15:30:07,4.0,5,5.872500000000001,7.711030581056635,5.882000000000001,6.488510193685546,6.4885101936855465,5.8917842366057105
006,2014-10-04 16:00:08,3.7,5,7.386999999999997,7.647624186464771,7.2139999999999995,7.416208062154922,7.416208062154923,7.234706244765718
006,2014-10-04 16:15:08,3.7,5,7.968999999999999,8.175696165162947,8.176,8.106898721720983,8.106898721720983,7.990628478747731
006,2014-10-04 16:20:00,3.2,5,8.816500000000003,9.59263227918271,8.6965,9.03521075972757,9.035210759727573,8.716816238098927
006,2014-10-04 16:30:08,4.2,5,9.286500000000007,11.030894320098794,9.4595,9.925631440032932,9.925631440032936,9.320313946102065
006,2014-10-04 18:40:08,5.0,5,8.69,7.338142758242907,8.687000000000001,8.238380919414302,8.238380919414304,7.4792959951731754
006,2014-10-04 19:10:08,4.8,5,7.686000000000004,8.089628479189516,7.774999999999999,7.850209493063173,7.850209493063174,7.698457846977997
006,2014-10-04 19:50:08,3.9,5,7.3805000000000005,8.439718712832969,7.81,7.876739570944323,7.8767395709443235,7.431733321498333
006,2014-10-04 19:55:08,3.9,5,8.7875,8.45543600066412,8.616,8.619645333554706,8.619645333554708,8.473949895772714
006,2014-10-04 20:10:08,3.9,5,6.3425,7.164132439363555,6.279,6.595210813121184,6.595210813121185,6.293859967076975
006,2014-10-04 20:15:08,3.9,5,5.988999999999997,6.976860025002991,6.144000000000001,6.369953341667664,6.369953341667665,6.013545365855033
006,2014-10-04 20:55:08,4.4,5,9.1185,7.198205448035342,9.1975,8.504735149345114,8.504735149345114,7.399904910240399
006,2014-10-04 21:45:08,7.0,5,8.911,8.561675383116652,9.010000000000002,8.827558461038885,8.827558461038885,8.599213224613788
007,2014-10-01 11:54:59,4.0,5,7.79300000000001,7.730150580728092,7.821499999999999,7.781550193576034,7.7815501935760345,7.737011156861919
007,2014-10-01 12:49:59,8.7,5,7.822000000000002,7.497296321127906,7.728,7.6824321070426365,7.682432107042637,7.522373530705205
007,2014-10-01 13:29:59,7.1,5,10.003000000000004,9.438763821660434,9.921999999999999,9.78792127388681,9.787921273886813,9.490132065763607
007,2014-10-01 14:44:59,5.2,5,7.223000000000004,7.312267825667589,7.272,7.269089275222531,7.269089275222532,7.228529268673745
007,2014-10-01 15:09:59,6.1,5,8.278499999999998,8.4095760687804,8.2985,8.328858689593465,8.328858689593467,8.281703246572317
007,2014-10-01 15:14:59,6.2,5,9.095000000000006,8.252656675092746,9.193,8.84688555836425,8.846885558364251,8.341766250957026
007,2014-10-01 15:59:59,7.2,5,7.807999999999998,8.346343158679748,7.824999999999999,7.993114386226581,7.9931143862265825,7.8149920445886325
007,2014-10-01 16:14:59,7.5,5,7.725500000000003,8.499664578395002,7.583499999999999,7.936221526131668,7.936221526131669,7.606098295564018
007,2014-10-01 16:20:00,7.2,5,8.170999999999998,8.381272816785492,8.202,8.25142427226183,8.251424272261831,8.176036081288851
007,2014-10-01 16:49:59,8.2,5,9.419499999999998,8.810412567461723,9.040000000000001,9.089970855820575,9.089970855820575,8.838227990554165
007,2014-10-01 16:59:59,8.0,5,11.061000000000002,8.876337845467331,10.879000000000001,10.272112615155779,10.272112615155779,9.087684959958143
007,2014-10-01 17:09:59,7.8,5,7.849000000000005,9.380533438979437,7.773500000000001,8.334344479659814,8.334344479659816,7.796714468603845
007,2014-10-01 17:34:59,9.3,5,8.801500000000003,8.129724401553531,8.694500000000001,8.541908133851178,8.54190813385118,8.189883649936975
007,2014-10-01 19:04:59,9.5,5,8.0395,8.226810025445436,7.9719999999999995,8.079436675148479,8.07943667514848,7.980935240114697
007,2014-10-01 19:14:59,9.3,5,8.226999999999999,8.471168618363674,8.665999999999999,8.45472287278789,8.454722872787892,8.25449428318476
007,2014-10-01 19:24:59,9.1,5,8.491000000000007,8.120864076825367,8.4395,8.350454692275123,8.350454692275125,8.154716135402515
007,2014-10-01 19:29:59,9.0,5,7.713999999999999,7.9710085164257,7.682,7.789002838808567,7.7890028388085675,7.687918062579482
007,2014-10-01 19:34:59,9.0,5,7.792500000000001,8.305439290564081,7.7075,7.935146430188027,7.935146430188028,7.721522457914836
007,2014-10-01 19:44:59,8.9,5,8.004000000000003,8.165571009771252,8.103500000000002,8.091023669923752,8.091023669923754,8.015030827373185
007,2014-10-01 19:49:59,8.8,5,7.6560000000000095,7.598933813341291,7.6865000000000006,7.647144604447099,7.647144604447101,7.605209322844617
007,2014-10-01 20:19:59,8.4,5,7.781000000000005,7.789487488725741,7.769,7.779829162908581,7.779829162908583,7.770340366417965
007,2014-10-01 20:34:59,8.3,5,8.610500000000005,7.954297856208184,8.8525,8.472432618736063,8.472432618736065,8.025372542371894
007,2014-10-01 22:09:59,10.1,5,8.62,8.528320546488903,8.622,8.590106848829635,8.590106848829635,8.53793244460751
007,2014-10-01 22:39:59,10.6,5,10.0545,8.71005639464156,10.482000000000001,9.748852131547187,9.748852131547189,8.85499285797865
007,2014-10-01 22:44:59,10.6,5,8.5955,7.85969941360089,8.574,8.343066471200297,8.343066471200297,7.93464760831801
007,2014-10-01 22:59:59,10.7,5,8.40800000000001,7.452536695798907,8.3615,8.074012231932972,8.074012231932974,7.548101339978146
007,2014-10-01 23:24:59,11.1,5,7.843499999999999,7.007792065339864,7.826499999999999,7.559264021779954,7.5592640217799545,7.093618805180787
007,2014-10-01 23:40:00,11.2,5,7.765000000000007,7.124231542356664,7.863500000000001,7.584243847452224,7.584243847452225,7.192256489999786
007,2014-10-02 08:04:59,8.5,5,8.168999999999999,7.696889822235403,8.1345,8.000129940745135,8.000129940745135,7.743019478230073
007,2014-10-02 08:34:59,10.5,5,6.769500000000002,7.177142188279745,6.780000000000001,6.908880729426582,6.908880729426583,6.774569976972169
007,2014-10-02 08:39:59,11.2,5,8.055000000000001,8.144284199351892,8.0325,8.077261399783964,8.077261399783966,8.035746888613598
007,2014-10-02 08:49:59,12.5,5,11.20900000000001,10.442776258659629,11.465,11.038925419553214,11.038925419553214,10.525501876816458
007,2014-10-02 09:24:59,12.2,5,8.905500000000002,8.067762857070829,8.8355,8.602920952356943,8.602920952356945,8.148786813800767
007,2014-10-02 09:34:59,11.3,5,8.875000000000005,8.084033225314187,8.6235,8.527511075104732,8.527511075104732,8.142989555873985
007,2014-10-02 09:39:59,10.9,5,8.81200000000001,8.454659906973776,8.682,8.649553302324597,8.649553302324597,8.479745203755883
007,2014-10-02 09:49:59,10.2,5,8.578500000000002,7.417458814435445,8.711,8.235652938145149,8.23565293814515,7.540256929042286
007,2014-10-02 10:04:59,9.3,5,8.43700000000001,7.959449879828135,8.533,8.309816626609383,8.309816626609383,8.010373224108587
007,2014-10-02 10:14:59,8.7,5,9.273500000000007,8.238568246907915,9.361500000000001,8.95785608230264,8.957856082302643,8.3477272511471
007,2014-10-02 10:54:59,6.4,5,7.991500000000005,8.54180117129534,8.056499999999998,8.196600390431781,8.196600390431781,8.003153590837636
007,2014-10-02 11:50:00,6.7,5,7.264000000000014,7.742526594481299,7.565,7.5238421981604375,7.523842198160438,7.2972671785068055
007,2014-10-02 11:54:59,5.2,5,8.177000000000007,8.754386678622012,8.217,8.382795559540673,8.382795559540673,8.186558838555257
007,2014-10-02 11:59:59,5.3,5,9.251000000000003,8.759415837141272,9.184000000000001,9.064805279047091,9.064805279047093,8.80450765551984
007,2014-10-02 12:14:59,5.5,5,7.591500000000004,8.175126709174982,7.7445,7.837042236391663,7.837042236391663,7.611813784108308
007,2014-10-02 12:44:59,5.1,5,8.810500000000005,8.384037208003829,9.0135,8.736012402667944,8.736012402667946,8.430685576630014
007,2014-10-02 12:49:59,5.2,5,8.298500000000008,8.941255309160654,8.3605,8.533418436386889,8.533418436386889,8.310794259333614
007,2014-10-02 13:09:59,6.2,5,7.8075000000000045,8.162893826073107,7.8685,7.94629794202437,7.946297942024371,7.816826020208509
007,2014-10-02 13:59:59,5.9,5,8.114999999999998,7.997998705698393,8.088,8.06699956856613,8.066999568566132,8.007685027594109
007,2014-10-02 14:24:59,5.6,5,7.966999999999996,7.935621129412845,7.9505,7.951040376470947,7.9510403764709485,7.937342820746901
007,2014-10-02 14:29:59,5.6,5,7.777000000000002,7.927703363500355,7.690500000000001,7.798401121166786,7.798401121166786,7.7010570350855385
007,2014-10-02 14:49:59,5.5,5,7.508499999999997,8.383554075875077,7.559999999999999,7.817351358625024,7.817351358625025,7.522123691911377
007,2014-10-02 15:09:59,6.2,5,8.051999999999998,8.240580129473061,8.210999999999999,8.167860043157686,8.167860043157686,8.068931064076637
007,2014-10-02 15:54:59,9.3,5,7.8275,8.175383645252603,7.6865000000000006,7.8964612150842015,7.8964612150842015,7.704730861938369
007,2014-10-02 16:34:59,8.5,5,7.620999999999999,7.6521707577726765,7.463000000000001,7.578723585924226,7.578723585924227,7.47984234606541
007,2014-10-02 16:59:59,7.5,5,8.921000000000008,8.353690488542512,8.779499999999999,8.684730162847506,8.684730162847508,8.399655508153405
007,2014-10-02 17:10:00,3.5,5,7.393500000000014,7.238830850868229,7.396999999999999,7.343110283622747,7.343110283622748,7.255048001434653
007,2014-10-02 17:29:59,5.9,5,7.056500000000007,7.68510793113591,7.2325,7.324702643711973,7.324702643711973,7.079439955095114
007,2014-10-02 17:44:59,5.4,5,8.530500000000007,8.569661155717975,8.2455,8.448553718572661,8.448553718572661,8.275709535411547
007,2014-10-02 17:54:59,5.1,5,8.895500000000007,7.960277703371402,8.882000000000001,8.579259234457137,8.579259234457139,8.0568472481284
007,2014-10-02 18:19:59,4.8,5,7.396999999999997,7.563340565235008,7.3755,7.445280188411668,7.445280188411669,7.379412827978203
007,2014-10-02 18:39:59,4.7,5,7.714499999999999,7.754097762964923,7.8854999999999995,7.784699254321641,7.784699254321641,7.719956910373475
007,2014-10-03 06:50:00,8.4,5,8.140500000000001,7.477678744113686,8.003999999999998,7.874059581371228,7.874059581371229,7.534109734046855
007,2014-10-03 07:15:00,9.3,5,7.342500000000005,8.05267495153352,7.432500000000001,7.609224983844508,7.60922498384451,7.358117935995664
007,2014-10-03 07:50:00,10.1,5,8.863000000000007,8.13323513046577,9.088000000000001,8.694745043488593,8.694745043488593,8.21183626489161
007,2014-10-03 07:55:00,9.9,5,8.326000000000004,7.660168538804543,8.1995,8.06188951293485,8.061889512934851,7.717860712285915
007,2014-10-03 08:20:00,7.2,5,7.633500000000003,8.20241441988364,7.702000000000001,7.845971473294548,7.845971473294549,7.645670908353308
007,2014-10-03 08:25:00,6.6,5,7.680000000000003,7.935573820780041,7.470999999999999,7.695524606926681,7.695524606926681,7.495422215701001
007,2014-10-03 08:50:00,5.4,5,7.930000000000003,7.582311406858672,7.895,7.8024371356195585,7.802437135619559,7.615376230228557
007,2014-10-03 09:35:00,6.4,5,8.038500000000006,7.039550707262162,8.131,7.736350235754056,7.736350235754057,7.144990071982274
007,2014-10-03 09:40:00,6.9,5,8.090000000000002,7.9289368588962725,8.1065,8.041812286298759,8.041812286298759,7.945952976360047
007,2014-10-03 09:45:00,7.4,5,7.819000000000005,7.304070551878528,7.7905000000000015,7.637856850626179,7.6378568506261795,7.355247889578907
007,2014-10-03 10:15:00,8.9,5,7.936500000000002,8.158345302796102,8.0,8.031615100932035,8.031615100932036,7.944727095711302
007,2014-10-03 10:55:00,8.5,5,8.938500000000003,8.13494755115374,9.033000000000001,8.702149183717914,8.702149183717916,8.219963658987735
007,2014-10-03 11:00:00,8.5,5,8.158499999999998,8.263277749345303,7.937500000000001,8.119759249781767,8.119759249781767,7.961669746517365
007,2014-10-03 11:05:00,8.5,5,7.505999999999999,7.845575418160754,7.457499999999999,7.603025139386918,7.603025139386918,7.465970032451557
007,2014-10-03 11:30:00,8.5,5,8.292999999999996,8.049557801099793,8.170499999999999,8.17101926703326,8.171019267033264,8.063436293301848
007,2014-10-03 11:35:00,8.5,5,7.729500000000001,8.001063904138334,7.7604999999999995,7.830354634712779,7.830354634712779,7.735148992162382
007,2014-10-03 12:25:00,16.9,5,8.5805,7.715734615572402,8.542,8.279411538524135,8.279411538524135,7.802567048261393
007,2014-10-03 12:35:00,18.3,5,7.843500000000003,8.44544540471581,7.98,8.089648468238606,8.089648468238606,7.8624356702089875
007,2014-10-03 12:55:00,19.0,5,9.508000000000008,7.990122627343866,9.582500000000003,9.026874209114625,9.026874209114627,8.14967447617941
007,2014-10-03 13:10:00,18.9,5,7.544500000000003,7.689222278056523,7.5550000000000015,7.596240759352175,7.596240759352177,7.546940777869937
007,2014-10-03 13:15:00,18.8,5,9.094999999999997,7.952237283828931,9.188500000000001,8.74524576127631,8.74524576127631,8.07273302647595
007,2014-10-03 13:25:00,18.4,5,7.326000000000002,7.128366275660621,7.287999999999999,7.247455425220207,7.247455425220208,7.1454478414042715
007,2014-10-03 13:45:00,17.4,5,8.8565,7.70908456570883,8.607,8.390861521902943,8.390861521902945,7.805523334296044
007,2014-10-03 14:25:00,15.5,5,7.908000000000003,7.236312965408898,7.887500000000001,7.677270988469634,7.677270988469635,7.3046479493120176
007,2014-10-03 21:00:00,5.0,5,6.988999999999999,6.809629390891736,7.109500000000001,6.969376463630579,6.96937646363058,6.829600914274548
007,2014-10-03 21:55:00,6.9,5,7.540000000000001,7.920838356642067,7.690500000000002,7.717112785547357,7.717112785547358,7.55804933984741
007,2014-10-03 22:45:00,8.4,5,9.097500000000002,8.707680582026121,8.976,8.927060194008709,8.927060194008709,8.736968311758728
007,2014-10-03 22:50:00,8.4,5,7.556499999999995,7.383277133695271,7.3069999999999995,7.415592377898421,7.415592377898423,7.3167126699414835
007,2014-10-03 23:30:00,9.2,5,7.3225,7.771278853657432,7.524499999999998,7.539426284552476,7.539426284552477,7.346101895970195
007,2014-10-03 23:35:00,9.2,5,7.926000000000004,7.689506470230993,7.882000000000001,7.832502156743666,7.832502156743667,7.710085969926117
007,2014-10-03 23:45:00,9.2,5,7.9605,8.199206669299947,7.986999999999999,8.048902223099981,8.048902223099983,7.965394610489982
007,2014-10-04 00:00:00,9.2,5,8.046999999999999,7.923862030790656,8.192,8.054287343596885,8.054287343596886,7.938195253911586
007,2014-10-04 00:10:00,9.2,5,8.2145,8.319925799826603,8.208999999999998,8.247808599942198,8.247808599942202,8.210629691616504
007,2014-10-04 00:15:00,9.2,5,7.843000000000009,7.889180687805283,7.784999999999999,7.83906022926843,7.839060229268431,7.79153001594315
007,2014-10-04 00:20:00,9.3,5,8.28700000000001,8.580237166312916,8.539000000000001,8.468745722104309,8.46874572210431,8.313777693808051
007,2014-10-04 00:40:00,9.8,5,8.716500000000002,7.134889771168747,8.7475,8.199629923722917,8.199629923722918,7.300674625100609
007,2014-10-04 01:15:00,11.9,5,8.688000000000002,8.301348195292364,8.8075,8.598949398430788,8.59894939843079,8.342996367471052
007,2014-10-04 01:50:00,13.3,5,8.685500000000001,7.903636886492916,8.649999999999999,8.413045628830972,8.413045628830973,7.982079600479804
007,2014-10-04 02:05:00,13.0,5,8.602500000000003,8.021762016235991,8.7195,8.447920672078665,8.447920672078666,8.083691317917445
007,2014-10-04 02:15:00,12.8,5,7.986499999999994,8.242947539009236,8.034999999999998,8.088149179669742,8.088149179669744,7.9936537536600385
007,2014-10-04 02:35:00,12.4,5,7.0729999999999995,6.862709641058028,7.049499999999999,6.995069880352676,6.995069880352676,6.882487450530523
007,2014-10-04 08:35:00,8.2,5,7.809000000000002,7.645020200889446,7.853500000000001,7.769173400296483,7.769173400296484,7.662621471638683
007,2014-10-04 09:00:00,9.9,5,7.5489999999999995,7.894891976688892,7.7860000000000005,7.743297325562964,7.743297325562964,7.574884877498414
007,2014-10-04 09:20:00,9.9,5,8.07150000000001,8.459805727834919,8.3015,8.277601909278308,8.27760190927831,8.097146644950302
007,2014-10-04 09:30:00,10.9,5,7.515999999999998,7.438852015490056,7.53,7.4949506718300185,7.494950671830019,7.4470635689203535
007,2014-10-04 09:35:01,9.0,5,8.505500000000005,8.247182355542769,8.4675,8.406727451847592,8.406727451847592,8.270612933599606
007,2014-10-04 10:05:01,8.7,5,6.962500000000001,7.539434609063255,7.066999999999999,7.1896448696877515,7.189644869687753,6.978157584837233
007,2014-10-04 10:10:01,8.9,5,7.9340000000000055,8.145839697346975,8.039,8.039613232448993,8.039613232448994,7.946053947867187
007,2014-10-04 10:15:01,9.0,5,7.416000000000004,7.75081828660439,7.499999999999999,7.555606095534798,7.555606095534799,7.427296623581016
007,2014-10-04 10:35:01,8.3,5,7.326499999999998,7.49038087832784,7.406000000000001,7.407626959442612,7.407626959442614,7.3356614401742295
007,2014-10-04 11:25:01,5.0,5,6.821000000000002,7.886418741564887,6.807,7.171472913854963,7.171472913854964,6.8191189275348085
007,2014-10-04 11:55:01,4.5,5,6.9929999999999986,7.275673899178324,6.977499999999999,7.0820579663927745,7.082057966392775,6.981948415552281
007,2014-10-04 12:00:01,4.6,5,8.845999999999997,8.06324915452851,8.627500000000001,8.51224971817617,8.51224971817617,8.124468501002305
007,2014-10-04 12:20:01,5.2,5,7.722999999999997,7.9063768865979664,7.756499999999999,7.795292295532654,7.795292295532654,7.728003682722541
007,2014-10-04 12:25:01,5.4,5,7.711000000000007,7.955025038498758,7.689499999999999,7.785175012832922,7.785175012832922,7.6941896727108405
007,2014-10-04 12:30:00,4.4,5,8.704000000000006,7.694866653303442,8.7725,8.39045555110115,8.390455551101152,7.801131517481344
007,2014-10-04 12:45:01,7.0,5,8.631999999999998,8.149563104752092,8.6295,8.470354368250696,8.470354368250698,8.19980116369035
007,2014-10-04 13:10:01,8.7,5,8.701000000000004,8.4392884492539,8.5935,8.577929483084633,8.577929483084636,8.456497723912182
007,2014-10-04 14:15:01,8.0,5,8.61950000000001,8.858475362730486,8.794500000000001,8.757491787576832,8.757491787576834,8.638449005116835
007,2014-10-04 14:20:01,7.8,5,10.283500000000002,8.417088581442608,10.361999999999998,9.687529527147536,9.687529527147538,8.613145558844252
007,2014-10-04 14:35:01,7.3,5,8.291000000000006,7.808182617295102,8.325000000000001,8.141394205765037,8.141394205765037,7.859037045200575
007,2014-10-04 14:40:01,7.2,5,9.229000000000003,8.838813830500497,9.288999999999998,9.118937943500166,9.118937943500168,8.88023678310107
007,2014-10-04 15:15:01,6.9,5,7.717000000000004,7.53445265450669,7.698,7.649817551502231,7.649817551502233,7.551753680101437
007,2014-10-04 15:20:01,7.0,5,7.6535,8.008920456825852,7.576999999999999,7.746473485608617,7.746473485608618,7.588557963076534
007,2014-10-04 15:50:01,8.7,5,7.920499999999995,8.038146915962331,8.059,8.005882305320775,8.005882305320776,7.9330172563907775
007,2014-10-04 16:45:01,9.3,5,8.291999999999994,8.065348807013287,8.1785,8.178616269004428,8.17861626900443,8.078322170720332
007,2014-10-04 18:10:01,6.7,5,8.386500000000002,8.254360358039808,8.274999999999999,8.30528678601327,8.305286786013271,8.257634766012963
007,2014-10-04 18:25:01,6.5,5,8.606000000000002,7.342689922886382,8.562999999999999,8.170563307628795,8.170563307628795,7.470794003441092
007,2014-10-04 19:25:01,6.3,5,8.076499999999998,7.641471737332251,8.075,7.930990579110749,7.93099057911075,7.6868443258408234
007,2014-10-04 19:35:01,6.7,5,9.451000000000011,8.516238202946282,9.414000000000001,9.127079400982097,9.1270794009821,8.61053589734596
007,2014-10-04 20:05:01,7.2,5,8.457500000000003,9.103567905446685,8.608,8.723022635148896,8.723022635148897,8.47820163533546
007,2014-10-04 20:10:01,7.2,5,9.551000000000002,7.3502801906661945,9.620499999999998,8.84059339688873,8.840593396888734,7.581223947506603
007,2014-10-04 20:30:01,7.4,5,7.690500000000009,8.31927657903511,7.320500000000001,7.776758859678374,7.776758859678374,7.365498754653918
007,2014-10-04 20:50:01,7.7,5,6.956000000000002,7.4055934824087535,7.075000000000002,7.145531160802919,7.14553116080292,6.971756225836964
007,2014-10-04 21:10:01,8.0,5,6.786999999999998,7.6538848506767225,6.9479999999999995,7.129628283558907,7.129628283558907,6.810903359877126
007,2014-10-04 21:40:01,8.2,5,7.406500000000006,7.186918414777534,7.354499999999999,7.3159728049258455,7.315972804925847,7.204971519856682
008,2014-10-01 06:46:54,7.2,5,6.9120000000000035,6.80727183223082,6.825,6.848090610743608,6.848090610743609,6.809996629271586
008,2014-10-01 07:11:54,5.7,5,8.604999999999999,9.429451945901805,8.745,8.926483981967268,8.92648398196727,8.626491920650633
008,2014-10-01 08:36:00,3.5,5,7.394500000000006,7.539166824485266,7.3485000000000005,7.427388941495091,7.427388941495091,7.35475938577924
008,2014-10-01 08:56:54,3.2,5,8.140500000000008,7.87052407681016,8.074,8.028341358936721,8.028341358936723,7.892477601665848
008,2014-10-01 09:06:54,3.2,5,6.125500000000001,6.279680518953418,6.367499999999999,6.257560172984473,6.257560172984473,6.142509222789342
008,2014-10-01 09:16:54,3.3,5,6.3975000000000035,7.040034517836796,6.392499999999999,6.610011505945599,6.6100115059456,6.399448466649495
008,2014-10-01 09:36:54,3.4,5,5.850000000000002,7.291487414612769,6.0365,6.392662471537591,6.392662471537592,5.88206230501925
008,2014-10-01 09:46:54,3.4,5,7.519500000000005,6.9235481449198,7.406999999999999,7.283349381639934,7.283349381639936,6.9752539540497445
008,2014-10-01 10:06:54,3.8,5,6.580499999999998,7.861911955912904,6.466,6.969470651970968,6.969470651970968,6.490793601247987
008,2014-10-01 10:26:54,4.4,5,7.367000000000003,7.517779120839862,7.406000000000001,7.430259706946622,7.4302597069466225,7.372198138683206
008,2014-10-01 10:36:54,4.4,5,6.968,7.4452708378458405,6.823499999999999,7.07892361261528,7.078923612615281,6.843390918894091
008,2014-10-01 11:11:54,5.9,5,7.358500000000004,6.988208788179562,7.455,7.267236262726523,7.267236262726523,7.02791524487431
008,2014-10-01 11:16:54,6.5,5,7.549999999999999,8.559906280877103,7.6004999999999985,7.903468760292367,7.903468760292368,7.564877589667173
008,2014-10-01 11:21:54,7.0,5,5.744,6.564957808819457,5.753499999999999,6.020819269606485,6.020819269606486,5.753108508883338
008,2014-10-01 11:26:54,7.5,5,6.327499999999999,8.755810956794516,6.5455,7.209603652264838,7.209603652264839,6.372411205709179
008,2014-10-01 11:36:54,8.5,5,6.8505,7.110916698311713,6.91,6.957138899437237,6.957138899437239,6.8587343124895535
008,2014-10-01 11:46:54,9.2,5,9.360500000000007,7.4390709035378455,9.4605,8.753356967845951,8.753356967845953,7.641099066660221
008,2014-10-01 12:51:54,4.6,5,5.860999999999998,6.577779461026774,5.84,6.092926487008924,6.092926487008925,5.849364904789009
008,2014-10-01 12:56:54,4.4,5,7.603000000000003,7.602343722027136,7.6235,7.609614574009046,7.609614574009048,7.6026173846468605
008,2014-10-01 13:16:54,4.3,5,9.034000000000006,8.304685679444558,8.995999999999999,8.778228559814854,8.778228559814856,8.377393952320896
008,2014-10-01 13:46:54,6.0,5,6.076999999999997,6.604012028631592,5.990999999999999,6.2240040095438625,6.224004009543863,6.005267809589736
008,2014-10-01 13:56:54,5.5,5,7.544000000000002,7.884743279033822,7.577000000000002,7.668581093011276,7.6685810930112766,7.550530034499791
008,2014-10-01 14:11:54,4.4,5,7.8744999999999985,8.341638394877783,7.754,7.990046131625927,7.990046131625928,7.77127861140299
008,2014-10-01 15:01:54,4.4,5,6.181000000000007,6.538475660675856,6.141,6.286825220225288,6.286825220225289,6.148759728375792
008,2014-10-01 15:21:54,5.4,5,7.412000000000003,8.566086898990918,7.4135,7.797195632996973,7.797195632996974,7.423682805431248
008,2014-10-01 15:56:54,6.9,5,6.304999999999998,6.736349308915497,6.191,6.410783102971831,6.410783102971833,6.2072406626309
008,2014-10-01 16:18:00,5.3,5,7.6105000000000045,7.828600521278849,7.621999999999999,7.687033507092951,7.687033507092952,7.6137691845963875
008,2014-10-01 16:26:54,6.2,5,6.7165000000000035,7.754605046460708,6.8755,7.115535015486903,7.115535015486905,6.741926313246519
008,2014-10-01 17:01:54,5.9,5,7.340999999999999,8.93174407453456,7.28,7.8509146915115195,7.85091469151152,7.30228952269312
008,2014-10-01 17:16:54,5.5,5,7.987499999999998,9.298779265158709,8.1475,8.47792642171957,8.47792642171957,8.01575267972772
008,2014-10-01 18:31:54,7.4,5,8.053500000000007,7.507646955755268,8.073,7.878048985251759,7.87804898525176,7.564951445260406
008,2014-10-01 18:36:54,7.1,5,8.157000000000002,8.211528745037217,8.256500000000003,8.208342915012407,8.208342915012409,8.163154744014166
008,2014-10-01 18:51:54,5.7,5,5.311999999999996,6.310678828355919,5.367999999999999,5.663559609451972,5.663559609451972,5.327285748760201
008,2014-10-01 19:01:54,4.9,5,6.606499999999999,6.805255657223724,6.6005,6.6707518857412405,6.670751885741242,6.60311530233759
008,2014-10-01 19:06:54,4.6,5,6.567000000000003,6.658157096981886,6.669499999999999,6.631552365660629,6.63155236566063,6.576650675965589
008,2014-10-01 19:11:54,4.5,5,5.730500000000002,6.366974889831513,5.635,5.910824963277172,5.9108249632771726,5.651356368996883
008,2014-10-01 19:31:54,4.8,5,5.434999999999997,6.212549380443857,5.422,5.689849793481284,5.689849793481285,5.431135609629372
008,2014-10-01 19:36:54,4.8,5,5.644000000000005,6.647622255896013,5.605500000000001,5.9657074186320065,5.965707418632007,5.619564257886656
008,2014-10-01 19:56:54,4.8,5,5.666999999999998,6.874270160469836,5.520000000000001,6.020423386823278,6.020423386823279,5.547452472855898
008,2014-10-01 20:21:54,5.3,5,7.051500000000002,7.430985587900472,7.029,7.170495195966825,7.170495195966825,7.035148902499085
008,2014-10-01 20:36:54,6.7,5,6.168499999999997,6.429770061372958,6.215,6.271090020457652,6.2710900204576525,6.175512730295227
008,2014-10-01 21:01:54,8.4,5,6.159000000000001,6.733599782254344,6.202999999999999,6.365199927418114,6.365199927418115,6.168909466768479
008,2014-10-01 21:06:54,8.5,5,8.232500000000007,8.751577788640375,8.078,8.354025929546795,8.354025929546795,8.099355231344296
008,2014-10-01 21:11:54,8.7,5,7.958499999999998,7.413016860477195,7.837000000000001,7.736172286825731,7.736172286825732,7.458590797213429
008,2014-10-02 10:16:55,3.1,5,8.556,7.402630812588534,8.578,8.17887693752951,8.17887693752951,7.523521249803305
008,2014-10-02 10:21:55,3.1,5,7.627999999999999,7.937177866250151,7.6,7.721725955416716,7.7217259554167175,7.606021258900823
008,2014-10-02 10:26:55,3.3,5,7.685000000000003,7.652318147214045,7.913500000000002,7.750272715738017,7.750272715738017,7.658022462995766
008,2014-10-02 10:36:55,3.8,5,7.855,7.867539391415629,7.919999999999999,7.880846463805209,7.88084646380521,7.856836531062723
008,2014-10-02 10:51:55,5.2,5,7.3285,7.763563204314204,7.299500000000002,7.463854401438069,7.463854401438069,7.306884736575691
008,2014-10-02 11:01:55,6.0,5,7.227000000000001,7.332650113444998,7.2035,7.254383371148333,7.254383371148333,7.207015172048756
008,2014-10-02 11:21:55,6.4,5,7.522000000000004,7.643875563037305,7.584,7.583291854345769,7.583291854345771,7.529085461872377
008,2014-10-02 11:26:55,6.4,5,7.900499999999998,8.091362139439944,7.6964999999999995,7.896120713146647,7.896120713146648,7.719751977416471
008,2014-10-02 11:41:55,6.2,5,8.493499999999996,7.961702773742844,8.4095,8.288234257914281,8.288234257914281,8.009393242496293
008,2014-10-02 11:56:55,6.1,5,7.236999999999998,7.3640305191611155,7.18,7.260343506387038,7.260343506387039,7.1872338899624815
008,2014-10-02 12:01:55,6.2,5,7.291999999999991,6.846372386969864,7.201500000000001,7.11329079565662,7.11329079565662,6.884432362843252
008,2014-10-02 12:06:55,6.3,5,7.211000000000002,7.154380110240401,7.106,7.157126703413468,7.157126703413469,7.111627933786064
008,2014-10-02 12:31:55,7.3,5,7.798499999999999,7.463156368643895,7.874999999999999,7.712218789547965,7.712218789547965,7.49900645939766
008,2014-10-02 13:11:55,9.3,5,7.857499999999999,7.432451751225374,7.7655,7.685150583741791,7.685150583741792,7.4682166891965736
008,2014-10-02 13:41:55,9.5,5,8.139000000000003,7.047939860221866,8.110500000000002,7.765813286740624,7.765813286740625,7.1593944649186785
008,2014-10-02 14:16:55,10.0,5,7.787000000000001,8.229051498194027,7.888499999999999,7.9681838327313415,7.968183832731343,7.801024880845862
008,2014-10-02 14:31:55,10.6,5,8.165500000000003,7.108471453473178,8.0535,7.775823817824393,7.775823817824394,7.208464398176831
008,2014-10-02 15:26:55,13.3,5,9.155000000000005,8.58558928398683,9.2315,8.990696427995612,8.990696427995612,8.645928478274344
008,2014-10-02 15:51:55,13.0,5,10.029499999999999,8.089828312428029,10.0105,9.37660943747601,9.376609437476011,8.290967232179828
008,2014-10-02 16:26:55,13.0,5,11.306500000000002,10.380131476524237,11.39,11.02554382550808,11.02554382550808,10.477887129485934
008,2014-10-02 17:31:55,12.5,5,9.773000000000003,8.987383883162387,9.79,9.516794627720797,9.516794627720797,9.069748414918978
008,2014-10-02 18:16:55,10.4,5,9.627000000000004,9.293369267841125,9.732,9.550789755947044,9.550789755947044,9.329325147725301
008,2014-10-02 18:21:55,10.3,5,9.219500000000002,8.221928370661837,9.202,8.881142790220613,8.881142790220613,8.324642673172125
008,2014-10-02 18:41:55,10.4,5,9.270999999999995,9.21760265310798,9.25,9.246200884369324,9.246200884369326,9.221202202661345
008,2014-10-02 19:01:55,11.4,5,9.341999999999992,9.592155807453947,9.388499999999999,9.440885269151314,9.440885269151313,9.34890158775603
008,2014-10-02 20:16:55,10.7,5,7.933000000000002,7.821471110276472,7.8245000000000005,7.859657036758825,7.859657036758826,7.822873005726082
008,2014-10-02 20:21:55,10.5,5,8.159000000000006,9.126475496234285,8.162500000000001,8.482658498744764,8.482658498744765,8.169005939992136
008,2014-10-02 20:26:55,10.4,5,9.012999999999998,8.311528330153337,9.226500000000001,8.85034277671778,8.85034277671778,8.387054308530473
008,2014-10-02 20:41:55,10.2,5,8.422500000000003,8.177757924629661,8.318000000000001,8.306085974876556,8.306085974876556,8.19347565278605
008,2014-10-02 20:46:55,10.4,5,9.2575,8.471514958265754,9.219,8.98267165275525,8.982671652755252,8.55010505320158
008,2014-10-02 22:01:55,11.7,5,10.654500000000002,8.85704318383273,10.652999999999999,10.054847727944244,10.054847727944244,9.044958898184344
008,2014-10-02 22:56:55,10.8,5,11.118000000000004,10.633838391992134,11.0675,10.93977946399738,10.93977946399738,10.679714931662803
008,2014-10-02 23:26:55,10.8,5,11.030499999999996,10.69746408191477,11.129999999999997,10.952654693971589,10.952654693971589,10.733302729796293
008,2014-10-02 23:46:55,11.0,5,10.992500000000001,10.401419179542765,11.041000000000002,10.811639726514256,10.811639726514258,10.46374559321354
008,2014-10-02 23:56:55,9.7,5,9.000999999999994,8.70467565538149,8.940000000000001,8.881891885127162,8.881891885127162,8.72990629885136
008,2014-10-03 00:11:55,7.9,5,9.374500000000003,8.752051466860907,9.512999999999998,9.21318382228697,9.21318382228697,8.818559705332502
008,2014-10-03 00:21:55,7.9,5,8.842999999999998,8.736604643321407,8.797000000000002,8.792201547773802,8.792201547773804,8.74338346488842
008,2014-10-03 00:51:55,9.5,5,9.067999999999996,8.994813122112088,9.119500000000002,9.060771040704028,9.06077104070403,9.002985247557701
008,2014-10-03 01:16:55,9.0,5,7.794000000000003,8.642376717935278,7.722,8.052792239311762,8.052792239311762,7.738016716363612
008,2014-10-03 01:26:55,8.7,5,7.725,8.007808127868216,7.8245000000000005,7.852436042622739,7.85243604262274,7.737243198554152
008,2014-10-03 01:31:55,8.5,5,7.464000000000002,7.73369486054355,7.447,7.548231620181184,7.548231620181185,7.451475561607273
008,2014-10-03 02:01:55,7.4,5,7.250000000000003,7.763355509670221,7.131499999999999,7.381618503223407,7.381618503223408,7.149031533962463
008,2014-10-03 02:06:55,7.3,5,8.170000000000002,7.72484522156306,8.174000000000001,8.022948407187688,8.022948407187688,7.7714592260782895
008,2014-10-03 02:26:55,7.1,5,8.269499999999995,8.319001072278404,8.151500000000002,8.2466670240928,8.246667024092801,8.164340677441434
008,2014-10-03 03:21:55,5.9,5,8.199500000000002,7.919130429601106,8.045000000000002,8.054543476533704,8.054543476533704,7.9338444445685985
008,2014-10-03 11:41:56,5.4,5,7.556500000000001,7.725522594004562,7.464499999999999,7.58217419800152,7.582174198001521,7.475815661008822
008,2014-10-03 11:46:56,6.1,5,8.931500000000002,7.8988548075127865,8.6205,8.483618269170929,8.48361826917093,7.977466426458241
008,2014-10-03 11:51:56,6.9,5,6.99,7.725175859377773,6.9265,7.213891953125924,7.213891953125925,6.940495401277117
008,2014-10-03 11:56:56,7.7,5,7.982000000000003,7.363314007824914,7.774499999999998,7.706604669274971,7.706604669274973,7.408409052051788
008,2014-10-03 12:21:56,11.0,5,7.1610000000000005,7.775905265792249,7.061,7.332635088597416,7.332635088597417,7.077611482080505
008,2014-10-03 12:56:56,12.1,5,9.353000000000005,8.720133098020712,9.2415,9.104877699340241,9.10487769934024,8.775795742173013
008,2014-10-03 15:16:56,7.0,5,9.311499999999997,7.959043914451871,9.322,8.864181304817288,8.86418130481729,8.100648677873805
008,2014-10-03 15:46:56,5.6,5,8.297499999999996,8.052791901014816,8.046500000000002,8.132263967004938,8.132263967004938,8.049605366692864
008,2014-10-03 15:56:56,5.3,5,7.939500000000002,8.245970062501149,7.891500000000001,8.025656687500383,8.025656687500383,7.899586666747851
008,2014-10-03 16:06:56,5.5,5,7.4270000000000005,7.935325551461545,7.4225,7.5949418504871815,7.594941850487182,7.428054064838629
008,2014-10-03 16:21:56,7.0,5,5.707999999999999,6.621366077363461,5.658,5.995788692454487,5.995788692454487,5.672364875484925
008,2014-10-03 16:46:56,10.2,5,7.2830000000000075,7.64816284146371,7.312500000000001,7.414554280487906,7.414554280487907,7.289443045094305
008,2014-10-03 16:56:56,10.3,5,7.495500000000002,7.602458563030568,7.422999999999999,7.506986187676856,7.506986187676857,7.431654846961677
008,2014-10-03 17:01:56,10.0,5,7.3835000000000015,7.717226106554857,7.291999999999999,7.464242035518286,7.464242035518287,7.3049103839872105
008,2014-10-03 17:11:56,9.2,5,6.628500000000005,7.380354674972776,6.587000000000001,6.865284891657594,6.865284891657594,6.5988604549601
008,2014-10-03 17:16:56,8.7,5,7.479499999999999,7.349887218450437,7.502999999999998,7.4441290728168115,7.444129072816812,7.3636828642427075
008,2014-10-03 17:36:56,6.7,5,8.547499999999992,8.334848759193367,8.680000000000001,8.52078291973112,8.520782919731122,8.35842224517901
008,2014-10-03 17:46:56,5.7,5,8.642500000000004,8.170899269701339,8.705499999999999,8.506299756567115,8.506299756567115,8.220870163265232
008,2014-10-03 18:16:56,4.3,5,8.180000000000001,7.279913626539922,8.5425,8.000804542179974,8.000804542179976,7.377709528105491
008,2014-10-03 18:21:56,4.6,5,7.840999999999999,8.590664320438632,7.676,8.035888106812877,8.035888106812878,7.70075965175165
008,2014-10-03 19:06:56,7.6,5,7.379000000000004,8.13943830483987,7.281499999999999,7.599979434946626,7.599979434946626,7.299305251735417
008,2014-10-03 19:11:56,7.7,5,8.426999999999998,8.432288614159772,8.500499999999997,8.45326287138659,8.45326287138659,8.428235431382296
008,2014-10-03 19:13:00,7.8,5,7.0505,8.241590594280966,7.1015,7.464530198093655,7.464530198093656,7.067236744948326
008,2014-10-03 19:31:56,8.2,5,7.797500000000008,6.5516397152809445,7.798000000000002,7.382379905093651,7.382379905093652,6.681991968273699
008,2014-10-03 19:56:56,9.4,5,7.390500000000003,6.908416328395865,7.485499999999999,7.261472109465289,7.2614721094652905,6.959803992295255
008,2014-10-03 20:06:56,9.5,5,8.218000000000004,7.433993233580323,8.197000000000001,7.949664411193443,7.949664411193443,7.514032278006532
008,2014-10-03 20:16:56,9.2,5,7.919000000000004,8.140244141970932,7.9384999999999994,7.999248047323644,7.999248047323646,7.923057615157114
008,2014-10-03 20:31:56,8.4,5,5.943500000000006,6.542360226271635,6.0925,6.192786742090547,6.192786742090548,5.963587622102372
008,2014-10-03 20:40:00,8.7,5,7.4594999999999985,7.337659957668442,7.477499999999999,7.424886652556147,7.424886652556147,7.350587386105826
008,2014-10-03 20:56:56,6.3,5,6.977500000000012,7.065025156666073,7.003000000000001,7.015175052222028,7.0151750522220295,6.9807881710694275
008,2014-10-03 21:06:56,5.2,5,6.717500000000002,6.495073645255577,6.582000000000001,6.598191215085193,6.598191215085194,6.505523253770336
008,2014-10-03 21:11:56,4.6,5,6.7070000000000025,6.6012753872098555,6.649,6.652425129069953,6.652425129069954,6.6068485411402245
008,2014-10-03 21:56:56,4.6,5,6.011500000000003,6.66301543283314,5.979500000000001,6.218005144277715,6.218005144277716,5.989363131743557
008,2014-10-03 22:06:56,4.7,5,5.99,6.331894491941635,6.131,6.150964830647212,6.1509648306472124,6.00676097040526
008,2014-10-03 22:31:56,3.9,5,8.060500000000003,7.218197580237167,8.219999999999999,7.83289919341239,7.83289919341239,7.307917876429582
008,2014-10-03 22:46:56,3.9,5,6.669000000000002,6.194992143886863,6.7345,6.532830714628955,6.532830714628956,6.24523988129021
008,2014-10-03 22:56:56,4.0,5,6.401499999999999,6.968472906735702,6.511499999999999,6.627157635578566,6.627157635578567,6.4175784014321975
008,2014-10-03 23:00:00,4.9,5,8.211500000000001,8.010404675609474,8.164499999999999,8.12880155853649,8.128801558536493,8.026996790167335
008,2014-10-03 23:01:56,4.0,5,7.301499999999999,7.270703912882819,7.299000000000001,7.2904013042942735,7.2904013042942735,7.273689371026806
008,2014-10-04 00:11:56,4.6,5,5.607499999999999,6.374950506359155,5.730499999999999,5.904316835453051,5.904316835453052,5.6268132932533685
008,2014-10-04 00:16:56,4.7,5,5.775000000000002,6.803314008038481,5.6735000000000015,6.083938002679495,6.0839380026794965,5.694402505944309
008,2014-10-04 00:31:56,5.1,5,5.871500000000002,6.555066881859732,5.744000000000001,6.056855627286578,6.056855627286579,5.764175266332393
008,2014-10-04 00:46:56,5.4,5,5.589499999999999,6.727285776610261,5.581999999999999,5.966261925536753,5.966261925536754,5.5941625399727934
008,2014-10-04 01:21:56,4.6,5,5.6925000000000034,6.474638172096443,5.552,5.906379390698816,5.906379390698817,5.574521095059695
008,2014-10-04 01:41:56,4.1,5,7.328499999999992,7.373951587100318,7.3575,7.353317195700103,7.353317195700104,7.331698620403544
008,2014-10-04 02:01:56,4.2,5,6.1004999999999985,6.7410271025605875,6.1925,6.344675700853529,6.3446757008535295,6.115610706094381
008,2014-10-04 02:26:56,4.4,5,5.297500000000001,6.592347844829979,5.311999999999999,5.733949281609992,5.733949281609994,5.3118205307145745
008,2014-10-04 02:46:56,4.9,5,5.707000000000002,6.8781935192696615,5.771999999999999,6.1190645064232205,6.119064506423222,5.724862514317376
008,2014-10-04 02:56:56,5.1,5,6.462500000000007,6.802153638353831,6.354500000000002,6.53971787945128,6.53971787945128,6.369195960159931
008,2014-10-04 03:21:56,4.6,5,5.8199999999999985,6.4718083283382315,5.8015,6.031102776112744,6.031102776112744,5.809953632726558
008,2014-10-04 03:36:56,4.2,5,5.9655,6.300478826124327,5.753499999999999,6.006492942041443,6.006492942041443,5.779030138637121
008,2014-10-04 04:01:56,3.7,5,5.91,6.803199370273056,5.959,6.2240664567576856,6.224066456757686,5.923568584119796
008,2014-10-04 04:11:56,3.3,5,6.998499999999996,7.297509220994144,7.0725,7.122836406998047,7.122836406998047,7.008492289982649
008,2014-10-04 04:36:56,3.0,5,7.286500000000007,8.453227158595608,7.206000000000001,7.648575719531872,7.648575719531873,7.226089527271137
008,2014-10-04 04:41:56,3.2,5,6.725000000000007,7.43810066742515,6.625500000000001,6.929533555808386,6.929533555808387,6.643041123949724
008,2014-10-04 04:46:56,3.3,5,8.222500000000004,8.19925349010048,7.892500000000001,8.10475116336683,8.10475116336683,7.924826332502073
008,2014-10-04 04:56:56,3.8,5,4.858999999999999,4.979317670643334,4.8365,4.891605890214444,4.891605890214445,4.840057223326513
008,2014-10-04 05:31:56,4.1,5,6.441000000000006,8.680921374554785,6.5445,7.2221404581849304,7.222140458184931,6.473192828197927
008,2014-10-04 06:21:56,3.8,5,4.348999999999994,5.208011673680526,4.3075,4.6215038912268405,4.6215038912268405,4.320432024947176
008,2014-10-04 06:31:56,3.8,5,5.412999999999999,5.732161311439515,5.2875,5.477553770479838,5.4775537704798385,5.303821962039738
008,2014-10-04 07:11:56,4.3,5,4.122,5.786884868564609,4.1499999999999995,4.686294956188203,4.6862949561882035,4.141298328923968
008,2014-10-04 07:51:56,5.4,5,4.5249999999999995,5.6143559866244805,4.6765,4.93861866220816,4.93861866220816,4.55022914044146
008,2014-10-04 08:01:56,6.2,5,9.0395,9.164508755365521,9.156,9.120002918455173,9.120002918455175,9.051773817830965
009,2014-10-02 06:15:19,6.2,5,8.870000000000001,8.766110017873777,8.950499999999998,8.862203339291257,8.86220333929126,8.777784433930867
009,2014-10-02 06:25:19,5.2,5,13.005000000000003,11.719830759239857,12.835,12.519943586413286,12.519943586413289,11.838204553996766
009,2014-10-02 06:45:19,3.7,5,7.947500000000008,8.464712273795516,7.9165,8.109570757931841,8.109570757931841,7.924915475858955
009,2014-10-02 07:10:19,3.5,5,8.807500000000003,8.313027680429954,8.577,8.565842560143318,8.56584256014332,8.34295059806013
009,2014-10-02 07:15:19,3.4,5,7.628000000000003,7.85684929667279,7.6145,7.69978309889093,7.699783098890932,7.618200920938774
009,2014-10-02 07:35:19,3.4,5,10.869000000000005,11.256305645657738,11.239500000000003,11.121601881885915,11.121601881885917,10.907931357467257
009,2014-10-02 07:55:19,3.4,5,8.484000000000007,9.54930879890329,8.509999999999998,8.847769599634432,8.847769599634432,8.497113319638908
009,2014-10-02 08:10:19,3.3,5,9.561500000000008,8.831866635244458,9.492500000000001,9.295288878414823,9.295288878414823,8.901674934774057
009,2014-10-02 08:25:19,3.1,5,9.321500000000007,9.166726345416334,9.546,9.34474211513878,9.34474211513878,9.185164429791904
009,2014-10-02 08:30:19,3.0,5,8.206500000000004,8.451372104401695,8.2575,8.305124034800565,8.305124034800567,8.213774560049536
009,2014-10-02 09:05:19,2.3,5,9.977000000000004,8.583313441455365,10.196500000000002,9.585604480485124,9.585604480485125,8.731321914015158
009,2014-10-02 09:10:19,2.3,5,9.373000000000001,9.60688737234536,9.222,9.40062912411512,9.400629124115122,9.240137142151553
009,2014-10-02 09:25:19,2.2,5,7.275000000000007,8.206874091760751,7.55,7.677291363920253,7.6772913639202525,7.310340421829721
009,2014-10-02 09:50:19,2.2,5,10.087500000000007,9.793763494279396,10.2895,10.056921164759801,10.056921164759803,9.826515468878782
009,2014-10-02 10:00:19,2.2,5,9.563500000000007,10.159188175879002,9.678500000000001,9.800396058626335,9.800396058626337,9.580338675594765
009,2014-10-02 11:00:19,2.2,5,9.735500000000009,8.156072794232118,9.820000000000002,9.237190931410709,9.23719093141071,8.322164250916698
009,2014-10-03 08:45:19,6.4,5,10.376500000000007,9.509576329356703,10.380999999999998,10.089025443118905,10.089025443118905,9.600322606545443
009,2014-10-03 09:00:19,6.0,5,9.020000000000005,9.706506605256038,8.953,9.226502201752014,9.226502201752016,8.966874893765688
009,2014-10-03 10:10:19,3.9,5,8.910500000000003,10.15322505411608,9.119,9.394241684705362,9.394241684705362,8.942656415887251
009,2014-10-03 10:25:19,3.9,5,8.161000000000005,9.131599925018833,8.07,8.45419997500628,8.454199975006281,8.089226810024739
009,2014-10-03 10:30:19,3.9,5,7.928000000000001,9.123823639940335,7.8685,8.30677454664678,8.30677454664678,7.886683381905839
009,2014-10-03 10:45:19,4.3,5,7.636500000000004,7.7426581072771175,7.9849999999999985,7.7880527024257065,7.788052702425707,7.650030135977451
009,2014-10-03 11:40:19,5.6,5,9.232499999999998,8.50924489947603,9.1135,8.951748299825342,8.951748299825343,8.573654662900722
009,2014-10-03 11:45:19,5.6,5,8.765000000000002,8.819841425232841,8.6805,8.755113808410949,8.75511380841095,8.68988916711441
009,2014-10-03 11:50:19,5.7,5,11.263499999999999,10.233131566499505,11.275500000000001,10.924043855499834,10.924043855499837,10.341053136647092
009,2014-10-03 12:05:19,5.8,5,7.157000000000007,7.751492661535207,7.1385000000000005,7.348997553845071,7.348997553845072,7.146380476058528
