subject,timestamp,glucose,fold,RandomForest,GradientBoosting,Bagging,PlainAverage,WeightedAverage,Choquet
008,2014-10-01 06:46:54,7.2,1,8.251000000000005,8.20247814935487,8.3945,8.282659383118292,8.282659383118293,8.208989713733148
008,2014-10-01 06:51:54,6.9,1,7.3815,6.805299064129192,7.287999999999999,7.158266354709731,7.158266354709731,6.856736308866833
008,2014-10-01 06:56:54,6.6,1,7.721000000000001,6.689803791563942,7.593,7.334601263854648,7.3346012638546485,6.785580057419032
008,2014-10-01 07:01:54,6.3,1,7.8935,7.109384799076317,7.8275000000000015,7.610128266358772,7.610128266358774,7.185177095145814
008,2014-10-01 07:06:54,5.9,1,8.970500000000001,8.998474185084367,8.821,8.929991395028123,8.929991395028123,8.836921073837605
008,2014-10-01 07:11:54,5.7,1,9.010500000000004,9.03684980119405,9.265500000000001,9.104283267064686,9.104283267064687,9.015543331340979
008,2014-10-01 07:16:54,5.4,1,6.848499999999998,6.28260675778695,6.845999999999999,6.659035585928983,6.659035585928983,6.341576378125104
008,2014-10-01 07:21:54,5.1,1,7.9510000000000085,7.673239074457144,7.854500000000001,7.8262463581523845,7.826246358152385,7.6931683708627885
008,2014-10-01 07:26:54,4.8,1,7.777999999999999,7.830360336912638,7.782,7.796786778970879,7.79678677897088,7.778902100546026
008,2014-10-01 07:31:54,4.5,1,6.792500000000003,6.289228816504241,6.860000000000001,6.647242938834748,6.647242938834749,6.3425582088816945
008,2014-10-01 07:36:54,4.2,1,7.2935,6.687402576374328,7.3975,7.126134192124776,7.126134192124776,6.751855091553272
008,2014-10-01 07:41:54,3.9,1,7.800500000000003,7.73487665748129,7.936,7.823792219160431,7.823792219160431,7.743097453377049
008,2014-10-01 07:46:54,3.6,1,8.51400000000001,8.471409875637267,8.673499999999999,8.55296995854576,8.55296995854576,8.477460837339708
008,2014-10-01 07:51:54,3.4,1,9.002000000000002,8.558934036075174,8.860000000000001,8.806978012025057,8.806978012025061,8.591852850066232
008,2014-10-01 07:56:54,3.2,1,8.665500000000005,8.407815934041494,8.602500000000001,8.558605311347167,8.558605311347169,8.42881461703942
008,2014-10-01 08:01:54,3.1,1,7.884000000000003,7.178963726814174,7.795,7.6193212422713925,7.619321242271393,7.244306087113765
008,2014-10-01 08:06:54,3.1,1,8.686500000000002,8.596927435925494,8.883000000000001,8.722142478641834,8.722142478641834,8.608263902223786
008,2014-10-01 08:11:54,3.0,1,8.204500000000005,7.937000987543593,8.204500000000001,8.115333662514532,8.115333662514534,7.9649878829279555
008,2014-10-01 08:16:54,3.0,1,8.4165,8.134589106529779,8.0345,8.195196368843261,8.195196368843261,8.047790861065073
008,2014-10-01 08:21:54,3.1,1,8.5955,9.128111205998852,8.596499999999999,8.773370401999616,8.773370401999617,8.60092073635421
008,2014-10-01 08:26:54,3.1,1,7.343,7.18035563150917,7.3065,7.276618543836389,7.276618543836391,7.193918397033087
008,2014-10-01 08:31:54,3.2,1,7.2989999999999995,7.711578605712783,7.183000000000001,7.397859535237594,7.397859535237595,7.199262204187325
008,2014-10-01 08:36:00,3.5,1,7.806000000000001,7.395247471119837,7.7684999999999995,7.656582490373279,7.65658249037328,7.434673753521937
008,2014-10-01 08:36:54,3.2,1,8.694500000000007,8.331722358968658,8.4725,8.499574119656222,8.499574119656224,8.34867112030434
008,2014-10-01 08:41:54,3.2,1,7.124000000000008,7.704473307456766,7.209,7.3458244358189235,7.345824435818925,7.13784779808377
008,2014-10-01 08:46:54,3.2,1,9.760500000000004,7.771660067423434,9.478000000000002,9.003386689141147,9.003386689141147,7.95300967857865
008,2014-10-01 08:51:54,3.2,1,7.826500000000006,8.030968931816044,7.885,7.91415631060535,7.914156310605351,7.8340802105303755
008,2014-10-01 08:56:54,3.2,1,8.763,8.437116982781939,8.7335,8.644538994260646,8.644538994260648,8.468420846778905
008,2014-10-01 09:01:54,3.2,1,7.752000000000001,7.524219828335481,7.645499999999999,7.640573276111827,7.6405732761118275,7.537973680699469
008,2014-10-01 09:06:54,3.2,1,7.229500000000001,6.161607476925922,7.3180000000000005,6.903035825641974,6.903035825641975,6.274219978461614
008,2014-10-01 09:11:54,3.2,1,8.139000000000003,8.130771419595707,8.141,8.136923806531904,8.136923806531904,8.131652329012983
008,2014-10-01 09:16:54,3.3,1,8.115,7.768436350175,8.1135,7.998978783391666,7.998978783391667,7.804553391000935
008,2014-10-01 09:21:54,3.4,1,7.579000000000001,6.951721129609368,7.591000000000001,7.373907043203123,7.373907043203124,7.017469738706778
008,2014-10-01 09:26:54,3.4,1,8.223500000000001,8.367905236263832,8.408999999999999,8.333468412087944,8.333468412087946,8.239019243563982
008,2014-10-01 09:31:54,3.4,1,7.386000000000003,7.157031885857822,7.3900000000000015,7.311010628619275,7.311010628619276,7.181027513200171
008,2014-10-01 09:36:54,3.4,1,7.7660000000000045,6.588882125350639,7.867499999999999,7.4074607084502135,7.407460708450214,6.713052252206467
008,2014-10-01 09:41:54,3.4,1,8.454000000000002,8.960453942219608,8.442000000000002,8.61881798073987,8.618817980739871,8.448320030952905
008,2014-10-01 09:46:54,3.4,1,7.044000000000002,7.351293865696088,7.215,7.203431288565363,7.203431288565365,7.063253692969582
008,2014-10-01 09:51:54,3.5,1,8.829000000000002,8.451717823006206,8.9695,8.750072607668736,8.750072607668738,8.492595704498173
008,2014-10-01 09:56:54,3.6,1,8.239000000000006,8.349608536013022,8.243500000000001,8.277369512004343,8.277369512004343,8.240531894684148
008,2014-10-01 10:01:54,3.7,1,6.993500000000003,5.965471440934106,7.052999999999998,6.670657146978036,6.670657146978037,6.073623203370397
008,2014-10-01 10:06:54,3.8,1,7.892000000000003,8.102622143635744,8.014999999999999,8.003207381211915,8.003207381211915,7.905745009626138
008,2014-10-01 10:11:54,4.0,1,8.746500000000008,8.99257608612825,8.725,8.821358695376086,8.821358695376087,8.729710183187136
008,2014-10-01 10:16:54,4.2,1,8.320000000000002,8.193403632775448,8.243499999999997,8.252301210925149,8.25230121092515,8.199409929839593
008,2014-10-01 10:21:54,4.3,1,9.021500000000005,8.190404072866759,9.119499999999999,8.777134690955588,8.777134690955588,8.278336897677056
008,2014-10-01 10:26:54,4.4,1,9.018500000000003,8.621667653862321,8.790000000000001,8.810055884620775,8.810055884620777,8.641564306772356
008,2014-10-01 10:31:54,4.4,1,8.72750000000001,8.606092080446043,8.716000000000001,8.683197360148684,8.683197360148686,8.617706118959205
008,2014-10-01 10:36:54,4.4,1,8.690000000000005,8.572675265369304,8.6505,8.637725088456436,8.637725088456436,8.581212623303353
008,2014-10-01 10:41:54,4.3,1,8.903000000000002,8.78530341291242,8.9615,8.88326780430414,8.883267804304142,8.798202335269247
008,2014-10-01 10:46:54,4.3,1,9.151500000000011,9.180206779334425,9.212,9.181235593111479,9.18123559311148,9.154821358734024
008,2014-10-01 10:51:54,4.4,1,8.158500000000007,8.673824634274384,8.155000000000001,8.329108211424797,8.3291082114248,8.160519431372533
008,2014-10-01 10:56:54,4.7,1,8.806500000000002,8.461642302596635,8.5945,8.620880767532212,8.620880767532213,8.477662445419933
008,2014-10-01 11:00:00,9.2,1,7.6690000000000005,7.23719579376075,7.501,7.469065264586917,7.469065264586917,7.2664761226523416
008,2014-10-01 11:01:54,5.1,1,7.1330000000000044,5.789825825171525,7.189000000000001,6.703941941723843,6.703941941723844,5.93091447523535
008,2014-10-01 11:06:54,5.4,1,8.672500000000001,8.663188465886586,8.547500000000001,8.627729488628864,8.627729488628864,8.55969693943459
008,2014-10-01 11:11:54,5.9,1,8.978000000000002,8.654948209899395,9.183,8.938649403299799,8.9386494032998,8.690797275437067
008,2014-10-01 11:16:54,6.5,1,9.530000000000006,9.408425588153694,9.636000000000001,9.524808529384567,9.524808529384568,9.422205225189035
008,2014-10-01 11:21:54,7.0,1,6.513999999999998,7.192478881115694,6.435,6.713826293705231,6.713826293705232,6.450050108054997
008,2014-10-01 11:26:54,7.5,1,8.849500000000008,9.138921323542132,8.972,8.986807107847381,8.986807107847381,8.863985689278092
008,2014-10-01 11:31:54,8.0,1,8.969000000000008,9.799231483477723,8.902000000000001,9.223410494492578,9.223410494492578,8.917312142547908
008,2014-10-01 11:36:54,8.5,1,7.751,6.344516557449145,7.587999999999999,7.227838852483049,7.22783885248305,6.476245135007564
008,2014-10-01 11:41:54,8.9,1,9.619500000000004,9.460276143893802,9.643,9.574258714631268,9.57425871463127,9.47716982746283
008,2014-10-01 11:46:54,9.2,1,9.712000000000007,9.938976154687722,9.756000000000002,9.80232538489591,9.802325384895912,9.718433230492819
008,2014-10-01 11:51:54,9.4,1,9.334500000000006,9.182560978111109,9.3415,9.286186992703705,9.286186992703707,9.198527491041599
008,2014-10-01 11:56:54,9.4,1,7.375499999999996,8.362582950098085,7.495,7.744360983366028,7.744360983366028,7.3966784326609645
008,2014-10-01 12:01:54,9.2,1,9.267500000000002,9.571856994937793,9.515500000000001,9.451618998312599,9.4516189983126,9.294010394917388
008,2014-10-01 12:06:54,8.7,1,8.721500000000006,8.484395957102377,8.638499999999999,8.614798652367462,8.614798652367462,8.501348983827889
008,2014-10-01 12:11:54,8.1,1,7.7065000000000055,9.05682367479242,7.870500000000001,8.211274558264142,8.211274558264144,7.7355216210009665
008,2014-10-01 12:16:54,7.4,1,8.830000000000005,9.31513398828295,8.877,9.00737799609432,9.00737799609432,8.839298681711446
008,2014-10-01 12:21:54,6.7,1,8.964500000000003,9.146688771980159,8.952,9.021062923993385,9.021062923993389,8.955129691397623
008,2014-10-01 12:26:54,6.2,1,9.516999999999998,9.814667815256861,9.684,9.671889271752285,9.671889271752287,9.535778935288281
008,2014-10-01 12:31:54,5.7,1,10.152000000000008,9.064538620818219,9.6965,9.637679540272742,9.637679540272744,9.13521213409311
008,2014-10-01 12:36:54,5.4,1,8.776000000000007,9.144373965711864,8.8055,8.90862465523729,8.908624655237292,8.782475156336785
008,2014-10-01 12:41:54,5.1,1,9.443,9.440083137154168,9.579,9.487361045718055,9.487361045718059,9.441748311870764
008,2014-10-01 12:46:54,4.9,1,6.875499999999999,6.748203797715945,7.1835,6.935734599238647,6.935734599238649,6.764602073037543
008,2014-10-01 12:51:54,4.6,1,6.706500000000001,6.586799676172805,6.697500000000002,6.663599892057602,6.663599892057603,6.598471619423797
008,2014-10-01 12:56:54,4.4,1,6.873000000000003,7.312561734034587,6.8735,7.019687244678196,7.019687244678198,6.877442929487459
008,2014-10-01 13:01:54,4.2,1,8.796500000000007,8.81643442217188,9.0535,8.888811474057297,8.888811474057297,8.800956280628817
008,2014-10-01 13:04:00,4.2,1,7.959000000000002,8.994597710613144,7.978999999999998,8.310865903537715,8.310865903537715,7.971248462990648
008,2014-10-01 13:06:54,4.1,1,9.743000000000002,9.68585289760164,9.335000000000003,9.587950965867215,9.587950965867215,9.372279207812651
008,2014-10-01 13:11:54,4.1,1,9.342000000000004,8.82580592726877,9.414,9.193935309089591,9.193935309089593,8.880532367811842
008,2014-10-01 13:16:54,4.3,1,9.8675,9.06572102276205,9.7625,9.565240340920683,9.565240340920685,9.139671031486982
008,2014-10-01 13:21:54,4.7,1,7.1004999999999985,7.485508977349453,7.368499999999999,7.318169659116482,7.318169659116484,7.12970940062602
008,2014-10-01 13:26:54,5.2,1,7.690500000000003,8.180404006297213,7.704000000000002,7.858301335432405,7.858301335432407,7.696676468035021
008,2014-10-01 13:31:54,5.6,1,8.473000000000004,8.374537274858563,8.3625,8.40334575828619,8.403345758286191,8.364744018637893
008,2014-10-01 13:36:54,5.9,1,7.424500000000002,7.672558419739317,7.6305,7.575852806579772,7.575852806579773,7.446473188807919
008,2014-10-01 13:41:54,6.0,1,9.160500000000008,8.951740255685843,9.0955,9.069246751895284,9.069246751895285,8.967431017472798
008,2014-10-01 13:46:54,6.0,1,7.4925000000000015,7.229305875407199,7.2835,7.3351019584690675,7.335101958469068,7.237065897443907
008,2014-10-01 13:51:54,5.8,1,8.839000000000002,8.687819879765206,8.831,8.785939959921736,8.785939959921738,8.702879998791941
008,2014-10-01 13:56:54,5.5,1,9.571000000000005,9.136482301722681,9.633,9.446827433907561,9.446827433907563,9.182563409233587
008,2014-10-01 14:01:54,5.2,1,8.680000000000001,8.185725995365784,8.6885,8.518075331788594,8.518075331788596,8.237524064254824
008,2014-10-01 14:06:54,4.8,1,8.678999999999998,8.687542107111689,8.7285,8.69834736903723,8.698347369037231,8.68030329085664
008,2014-10-01 14:11:54,4.4,1,8.808000000000002,9.589142830418306,8.791500000000001,9.06288094347277,9.06288094347277,8.801037729158907
008,2014-10-01 14:16:54,4.1,1,9.371500000000008,9.457446022353174,9.249,9.359315340784393,9.359315340784395,9.262675936266197
008,2014-10-01 14:21:54,3.8,1,9.435500000000005,9.027146655293366,9.529000000000002,9.330548885097791,9.330548885097793,9.070805335778063
008,2014-10-01 14:26:54,3.7,1,11.513500000000013,11.805815090892834,11.21,11.509771696964284,11.509771696964284,11.244676624206473
008,2014-10-01 14:31:54,3.6,1,9.644000000000004,10.412289547311515,9.481000000000002,9.845763182437173,9.845763182437175,9.505736655431928
008,2014-10-01 14:36:54,3.6,1,9.238999999999999,9.013082126621587,9.017999999999999,9.09002737554053,9.09002737554053,9.015806655652893
008,2014-10-01 14:41:54,3.6,1,8.435500000000001,8.860043165391552,8.403,8.566181055130519,8.566181055130519,8.410645721216254
008,2014-10-01 14:46:54,3.7,1,8.44,8.157548080395278,8.293,8.296849360131759,8.29684936013176,8.173189641885456
008,2014-10-01 14:51:54,3.9,1,9.087000000000007,8.583029559863839,9.1125,8.92750985328795,8.927509853287951,8.636012111473777
008,2014-10-01 14:56:54,4.1,1,9.1785,9.303706841654316,9.034,9.172068947218106,9.172068947218106,9.050370278932178
008,2014-10-01 15:01:54,4.4,1,9.17450000000001,8.558280113281235,9.267500000000002,9.00009337109375,9.000093371093751,8.623681684017122
008,2014-10-01 15:06:54,4.7,1,8.764000000000001,9.401412094142112,9.028000000000002,9.064470698047371,9.064470698047373,8.795354934617045
008,2014-10-01 15:11:54,4.9,1,10.228500000000002,9.648479351104996,10.3585,10.078493117035,10.078493117035,9.710463602132055
008,2014-10-01 15:16:54,5.2,1,9.498500000000005,8.81029323529092,9.436000000000002,9.248264411763643,9.248264411763644,8.87638236394095
008,2014-10-01 15:21:54,5.4,1,8.925500000000001,9.53413129705041,9.117,9.192210432350137,9.192210432350139,8.949706865314754
008,2014-10-01 15:26:54,5.7,1,9.863000000000005,9.914312556885847,9.550500000000001,9.775937518961952,9.775937518961952,9.583708217514436
008,2014-10-01 15:31:54,5.9,1,7.990500000000002,8.014903198501658,8.3375,8.11430106616722,8.11430106616722,7.9962791354350715
008,2014-10-01 15:36:54,6.2,1,9.746500000000008,9.846884294327364,9.6615,9.751628098109125,9.751628098109126,9.67139690795247
008,2014-10-01 15:41:54,6.5,1,8.518000000000006,8.77260712233512,8.562000000000001,8.617535707445041,8.617535707445043,8.524709540169292
008,2014-10-01 15:46:54,6.7,1,8.950500000000003,8.709945484863386,8.885000000000002,8.848481828287797,8.848481828287797,8.7289154399606
008,2014-10-01 15:51:54,6.8,1,7.112000000000002,6.740083053384088,6.952000000000001,6.93469435112803,6.934694351128031,6.763854714358274
008,2014-10-01 15:56:54,6.9,1,7.803999999999997,7.552519909739287,7.875500000000001,7.744006636579762,7.744006636579762,7.579545836694666
008,2014-10-01 16:01:54,6.9,1,8.783500000000002,8.519285220534236,8.9855,8.76276174017808,8.76276174017808,8.54894850535988
008,2014-10-01 16:06:54,6.9,1,7.529499999999998,7.262233655186759,7.299499999999999,7.363744551728918,7.363744551728919,7.26843262021122
008,2014-10-01 16:11:54,6.8,1,9.507500000000004,10.020687262526776,9.481,9.669729087508927,9.669729087508928,9.48890441642225
008,2014-10-01 16:16:54,6.5,1,8.019500000000004,7.965379326535846,8.095500000000001,8.026793108845284,8.026793108845284,7.971801663800059
008,2014-10-01 16:18:00,5.3,1,8.408500000000004,9.049478133511306,8.468,8.641992711170436,8.641992711170438,8.42053992684155
008,2014-10-01 16:21:54,6.3,1,8.116000000000007,8.247447013909682,8.139,8.167482337969895,8.167482337969897,8.119490828906295
008,2014-10-01 16:26:54,6.2,1,8.523500000000004,9.193757074928888,8.383,8.700085691642963,8.700085691642965,8.404402284088018
008,2014-10-01 16:31:54,6.0,1,8.067500000000003,7.648453237838151,7.915500000000001,7.877151079279385,7.877151079279386,7.677912816854632
008,2014-10-01 16:36:54,6.0,1,6.984000000000005,7.437629246622564,7.077000000000001,7.1662097488741905,7.166209748874191,6.997336351829233
008,2014-10-01 16:41:54,6.1,1,8.424499999999998,7.806498495434862,8.226999999999999,8.152666165144952,8.152666165144954,7.852468168570898
008,2014-10-01 16:46:54,6.1,1,7.730000000000006,7.11739108499508,7.733000000000001,7.526797028331695,7.526797028331696,7.181514860363936
008,2014-10-01 16:51:54,6.2,1,8.614000000000003,7.426515338276362,8.404000000000002,8.148171779425455,8.148171779425457,7.530883981125795
008,2014-10-01 16:56:54,6.1,1,7.792500000000001,6.362702352369334,7.8385,7.331234117456446,7.331234117456446,6.512753922138481
008,2014-10-01 17:01:54,5.9,1,9.080000000000002,10.08431039536971,9.003,9.389103465123236,9.389103465123238,9.021099174609084
008,2014-10-01 17:06:54,5.8,1,11.383999999999993,10.834583525243957,11.142000000000001,11.12019450841465,11.120194508414652,10.869166756948704
008,2014-10-01 17:11:54,5.6,1,8.978500000000004,9.063778089471379,9.052,9.031426029823793,9.031426029823795,8.986307666520315
008,2014-10-01 17:16:54,5.5,1,9.644000000000004,11.287337563970008,9.522,10.151112521323336,10.151112521323338,9.551197539535252
008,2014-10-01 17:21:54,5.4,1,7.3340000000000005,7.582496444900753,7.303499999999999,7.406665481633584,7.406665481633585,7.309176005422892
008,2014-10-01 17:26:54,5.5,1,8.691500000000005,9.099118569941117,8.667,8.819206189980376,8.819206189980376,8.673639480907942
008,2014-10-01 17:31:54,5.7,1,9.551500000000006,9.479548771370094,9.512000000000002,9.514349590456701,9.514349590456701,9.483338958262257
008,2014-10-01 17:36:54,5.8,1,9.37,9.172394927873459,9.091499999999998,9.211298309291152,9.211298309291152,9.101939625456474
008,2014-10-01 17:41:54,6.0,1,8.913000000000006,8.79472873228969,8.858,8.855242910763232,8.855242910763232,8.801898444018653
008,2014-10-01 17:46:54,6.2,1,7.553500000000006,7.652808045957659,7.3214999999999995,7.5092693486525555,7.5092693486525555,7.346765916719972
008,2014-10-01 17:51:54,6.3,1,9.889500000000009,8.910599003941565,9.780499999999998,9.52686633464719,9.526866334647192,9.002701781700544
008,2014-10-01 17:56:54,6.5,1,10.2565,8.895994233970212,9.806500000000002,9.652998077990071,9.652998077990073,8.995755257129648
008,2014-10-01 18:01:54,6.8,1,9.365500000000006,9.52136051172117,9.373000000000001,9.419953503907058,9.41995350390706,9.367768287323909
008,2014-10-01 18:06:54,7.1,1,8.624,8.537499080059698,8.523499999999999,8.561666360019899,8.5616663600199,8.525829653070456
008,2014-10-01 18:11:54,7.4,1,8.434000000000005,7.787780995318918,8.2565,8.159426998439642,8.159426998439642,7.83859539037392
008,2014-10-01 18:15:00,7.8,1,10.059500000000005,9.933193483315636,10.168,10.053564494438547,10.053564494438548,9.947493213479861
008,2014-10-01 18:16:54,7.6,1,9.452499999999997,9.232796493253232,9.339500000000001,9.34159883108441,9.341598831084411,9.245090272338032
008,2014-10-01 18:21:54,7.7,1,10.194499999999998,9.646330773337997,10.0555,9.965443591112665,9.965443591112667,9.690529814896445
008,2014-10-01 18:26:54,7.7,1,8.953999999999997,7.617075046080279,9.0245,8.531858348693424,8.531858348693426,7.757654875817063
008,2014-10-01 18:31:54,7.4,1,8.934000000000008,8.697320605078808,9.038,8.889773535026272,8.889773535026274,8.723123019730238
008,2014-10-01 18:36:54,7.1,1,8.935000000000004,9.36569247291242,8.8155,9.03873082430414,9.038730824304142,8.83230952788911
008,2014-10-01 18:41:54,6.7,1,9.108000000000002,8.610745458508042,9.534999999999998,9.08458181950268,9.084581819502683,8.667040363962236
008,2014-10-01 18:46:54,6.2,1,11.090000000000005,11.700573576254987,11.091999999999999,11.294191192084996,11.294191192084998,11.096294984351003
008,2014-10-01 18:51:54,5.7,1,8.281000000000004,8.102963721712129,8.175500000000001,8.186487907237378,8.18648790723738,8.111607778633765
008,2014-10-01 18:56:54,5.3,1,10.821000000000003,11.087289300285951,10.673,10.860429766761984,10.860429766761985,10.691147288548283
008,2014-10-01 19:01:54,4.9,1,7.377500000000003,7.115917997334007,7.5,7.33113933244467,7.33113933244467,7.14451082974512
008,2014-10-01 19:06:54,4.6,1,7.677000000000004,6.629305541607312,7.441000000000002,7.249101847202439,7.24910184720244,6.716588501443684
008,2014-10-01 19:11:54,4.5,1,7.191500000000003,7.359368420561238,7.1435,7.23145614018708,7.231456140187081,7.150200650328452
008,2014-10-01 19:16:54,4.5,1,9.115999999999998,9.625890797149797,8.999500000000001,9.247130265716597,9.2471302657166,9.016787638248807
008,2014-10-01 19:21:54,4.6,1,6.757499999999997,6.768469159272113,6.770499999999999,6.76548971975737,6.765489719757371,6.758667948954369
008,2014-10-01 19:26:54,4.7,1,8.424000000000005,8.775638451386959,8.502500000000001,8.567379483795655,8.567379483795657,8.434944391610601
008,2014-10-01 19:31:54,4.8,1,7.5165,7.0866231814908485,7.3275,7.310207727163616,7.3102077271636166,7.113714748622736
008,2014-10-01 19:36:54,4.8,1,7.693499999999999,7.962220321008552,7.724500000000001,7.793406773669517,7.793406773669519,7.699120556331084
008,2014-10-01 19:41:54,4.8,1,7.690500000000003,7.785112992120937,7.837,7.770870997373646,7.770870997373647,7.70091768760404
008,2014-10-01 19:46:54,4.8,1,7.541999999999999,7.480262347624863,7.521000000000002,7.514420782541621,7.514420782541622,7.4847344957530275
008,2014-10-01 19:51:54,4.8,1,6.781000000000001,6.934254460514107,6.819000000000001,6.844751486838035,6.844751486838037,6.786128267785722
008,2014-10-01 19:56:54,4.8,1,7.899000000000008,8.48895695855434,7.781999999999999,8.056652319518117,8.056652319518117,7.800140612009965
008,2014-10-01 20:01:54,4.8,1,9.291500000000003,8.388341236005447,9.519500000000003,9.066447078668483,9.066447078668485,8.48511358426227
008,2014-10-01 20:06:54,4.9,1,6.873500000000004,6.372112353295921,6.780500000000001,6.675370784431975,6.675370784431976,6.415769622602891
008,2014-10-01 20:07:00,3.4,1,7.561499999999998,6.614781596188195,7.677,7.284427198729397,7.284427198729398,6.714986341017632
008,2014-10-01 20:11:54,5.0,1,6.739500000000001,6.81320963834788,6.5985000000000005,6.717069879449294,6.717069879449295,6.613989121869323
008,2014-10-01 20:16:54,5.1,1,9.316500000000005,9.356539352656796,9.072,9.2483464508856,9.248346450885602,9.097981033464787
008,2014-10-01 20:21:54,5.3,1,8.574000000000003,8.741807220248637,8.769,8.694935740082881,8.694935740082881,8.59182863978203
008,2014-10-01 20:26:54,5.7,1,9.326500000000003,8.666639292923655,9.5525,9.181879764307887,9.181879764307887,8.73793675368889
008,2014-10-01 20:31:54,6.1,1,7.435000000000002,7.149691520641627,7.384000000000001,7.322897173547211,7.322897173547211,7.174715879925628
008,2014-10-01 20:36:54,6.7,1,7.650499999999997,7.379818806817134,7.797999999999999,7.609439602272377,7.609439602272378,7.409613635614101
008,2014-10-01 20:41:54,7.3,1,7.414500000000001,6.591926801932242,7.3054999999999986,7.10397560064408,7.103975600644081,6.667673894158566
008,2014-10-01 20:46:54,7.8,1,10.599499999999999,9.360243466170303,10.641499999999999,10.200414488723434,10.200414488723435,9.490319806387012
008,2014-10-01 20:51:54,8.1,1,9.955500000000008,9.676945137696524,9.8445,9.825648379232177,9.82564837923218,9.695585446909133
008,2014-10-01 20:56:54,8.3,1,7.319000000000006,7.165444865573674,7.292000000000001,7.258814955191227,7.2588149551912275,7.178955607193685
008,2014-10-01 21:01:54,8.4,1,7.519000000000002,6.265473689153492,7.610500000000002,7.131657896384499,7.131657896384499,6.397537994719347
008,2014-10-01 21:06:54,8.5,1,8.438000000000002,9.251777099095822,8.4615,8.717092366365273,8.717092366365277,8.448361441905265
008,2014-10-01 21:11:54,8.7,1,7.563500000000001,7.993636528120866,7.794999999999999,7.784045509373622,7.784045509373623,7.589706889394493
008,2014-10-01 21:16:54,9.0,1,8.207499999999996,8.635634397689667,8.2745,8.372544799229887,8.372544799229889,8.218121171690022
008,2014-10-01 21:21:54,9.4,1,6.830000000000002,7.869411382634273,7.0280000000000005,7.242470460878091,7.242470460878093,6.859129724083062
008,2014-10-01 21:26:54,9.7,1,8.538500000000003,8.776530961780235,8.4955,8.603510320593413,8.603510320593413,8.502379154269512
008,2014-10-01 21:31:54,10.0,1,7.2134999999999945,7.013459323326112,7.117000000000001,7.114653107775369,7.11465310777537,7.025257193546783
008,2014-10-01 21:36:54,10.0,1,6.5825,6.482751942914238,6.648000000000001,6.571083980971412,6.571083980971413,6.493843012987234
008,2014-10-01 21:41:55,10.0,1,7.639500000000005,7.287962759967352,7.768000000000001,7.565154253322453,7.565154253322454,7.326027095599872
008,2014-10-01 21:46:55,9.7,1,7.0465000000000035,7.02231747291714,7.127000000000001,7.06527249097238,7.065272490972383,7.025652552745781
008,2014-10-01 21:51:55,9.3,1,6.274499999999994,7.080501233053088,6.365,6.573333744351028,6.573333744351029,6.291123510957964
008,2014-10-01 21:56:55,8.8,1,6.855499999999998,6.149829919978397,6.858,6.621109973326131,6.621109973326133,6.223685154056959
008,2014-10-01 22:01:55,8.3,1,9.754500000000005,9.201371237867445,9.805,9.58695707928915,9.586957079289151,9.25974694422158
008,2014-10-02 10:16:55,3.1,1,8.5905,8.860799337678818,8.5225,8.657933112559606,8.657933112559608,8.532317445384145
008,2014-10-02 10:21:55,3.1,1,7.441500000000002,6.325929637754193,7.435500000000001,7.0676432125847315,7.067643212584732,6.442077653798086
008,2014-10-02 10:26:55,3.3,1,9.182000000000002,8.29307010217211,9.020999999999999,8.832023367390704,8.832023367390704,8.37083925397825
008,2014-10-02 10:31:55,3.5,1,9.723000000000008,7.6677963632215445,9.566,8.98559878774052,8.98559878774052,7.867964579016441
008,2014-10-02 10:36:55,3.8,1,7.327000000000001,6.864892446938927,7.394999999999999,7.195630815646308,7.195630815646309,6.913920123534377
008,2014-10-02 10:41:55,4.3,1,7.2595,6.658887084430243,7.200999999999999,7.039795694810081,7.039795694810081,6.716190265612448
008,2014-10-02 10:46:55,4.7,1,7.181000000000001,6.041396581538944,7.268,6.830132193846315,6.830132193846316,6.161496784892803
008,2014-10-02 10:51:55,5.2,1,7.326500000000003,6.174617495723689,7.4735000000000005,6.991539165241231,6.991539165241232,6.2966023897647085
008,2014-10-02 10:56:55,5.7,1,7.412000000000002,7.024969580438429,7.407,7.281323193479477,7.281323193479478,7.064989243457863
008,2014-10-02 11:01:55,6.0,1,7.453500000000003,6.82242594778609,7.558999999999998,7.27830864926203,7.278308649262032,6.88950662510322
008,2014-10-02 11:06:55,6.2,1,7.9530000000000065,6.697918021183109,7.7685,7.473139340394372,7.473139340394372,6.811771905127745
008,2014-10-02 11:11:55,6.4,1,8.757000000000003,8.054946045063597,8.7465,8.519482015021199,8.5194820150212,8.127404389517915
008,2014-10-02 11:16:55,6.4,1,7.5455000000000005,6.378094607786614,7.476000000000002,7.13319820259554,7.13319820259554,6.493657184573699
008,2014-10-02 11:21:55,6.4,1,7.2204999999999995,6.337854536605538,7.115999999999999,6.891451512201846,6.891451512201846,6.420312456518233
008,2014-10-02 11:26:55,6.4,1,7.415500000000004,6.445394161831886,7.316,7.058964720610629,7.058964720610631,6.5374756831991325
008,2014-10-02 11:31:55,6.3,1,7.7865000000000055,7.086545508138623,7.810500000000001,7.5611818360462095,7.56118183604621,7.160017752839835
008,2014-10-02 11:36:55,6.2,1,6.9200000000000035,6.4033515757688715,6.890499999999999,6.7379505252562915,6.737950525256292,6.454614135837289
008,2014-10-02 11:41:55,6.2,1,7.192500000000004,6.631971736843544,7.139499999999999,6.987990578947849,6.98799057894785,6.68560152317596
008,2014-10-02 11:44:00,8.7,1,7.830000000000002,6.822337990891862,7.635,7.4291126636306215,7.4291126636306215,6.909312180038965
008,2014-10-02 11:46:55,6.1,1,7.505000000000003,6.639477260010138,7.515999999999999,7.220159086670047,7.220159086670048,6.730141965818005
008,2014-10-02 11:51:55,6.1,1,7.8480000000000025,6.576795914985754,7.7735,7.399431971661919,7.39943197166192,6.7027452352775665
008,2014-10-02 11:56:55,6.1,1,8.528000000000006,7.214749956422015,8.6445,8.129083318807341,8.129083318807341,7.353312815373434
008,2014-10-02 12:01:55,6.2,1,7.555000000000002,6.722612521009639,7.700500000000001,7.326037507003214,7.326037507003215,6.811155473521443
008,2014-10-02 12:06:55,6.3,1,7.130999999999998,6.61147972914762,7.051,6.931159909715873,6.931159909715873,6.658264227283505
008,2014-10-02 12:11:55,6.4,1,6.873500000000004,5.903173455762437,6.871,6.549224485254148,6.549224485254149,6.00445662488634
008,2014-10-02 12:16:55,6.6,1,6.8365000000000045,5.924171099991603,6.9415,6.5673903666638695,6.5673903666638695,6.020672867256832
008,2014-10-02 12:21:55,6.8,1,7.520999999999998,6.282365605734372,7.639500000000001,7.147621868578124,7.147621868578125,6.413141855038282
008,2014-10-02 12:26:55,7.0,1,7.621000000000004,7.198448344487201,7.556000000000001,7.458482781495736,7.458482781495737,7.236506934094512
008,2014-10-02 12:31:55,7.3,1,7.507499999999998,6.642068876264306,7.585500000000001,7.245022958754768,7.2450229587547685,6.73339399678624
008,2014-10-02 12:36:55,7.5,1,6.703000000000002,5.903895309175469,6.8180000000000005,6.474965103058491,6.474965103058491,5.9886510734655545
008,2014-10-02 12:41:55,7.7,1,6.932500000000001,6.046673668825818,6.8035000000000005,6.594224556275273,6.5942245562752735,6.127146089576459
008,2014-10-02 12:46:55,8.0,1,7.4319999999999995,7.0321516146837455,7.391,7.285050538227915,7.285050538227916,7.070105873731545
008,2014-10-02 12:51:55,8.2,1,7.638000000000004,6.773761893978691,7.646,7.352587297992899,7.3525872979928995,6.86426219586426
008,2014-10-02 12:56:55,8.4,1,6.857000000000004,6.358317633481468,7.0495,6.75493921116049,6.754939211160491,6.412416924121347
008,2014-10-02 13:01:55,8.7,1,8.036500000000006,7.531349326278278,7.681,7.749616442092761,7.749616442092762,7.550561422396834
008,2014-10-02 13:06:55,9.0,1,7.315000000000001,6.842299150754375,7.3839999999999995,7.180433050251459,7.180433050251459,6.892445143486659
008,2014-10-02 13:11:55,9.3,1,7.300500000000007,5.949643223854884,7.265999999999999,6.83871440795163,6.83871440795163,6.087711122508488
008,2014-10-02 13:16:55,9.6,1,7.327500000000003,7.188287235192224,6.909999999999999,7.14192907839741,7.14192907839741,6.940507733222127
008,2014-10-02 13:21:55,9.8,1,7.622500000000007,5.874315071711386,7.2145,6.903771690570465,6.903771690570465,6.0186109739657105
008,2014-10-02 13:26:55,9.8,1,8.583500000000003,9.337739021225438,8.758500000000002,8.89324634040848,8.893246340408481,8.607601641701779
008,2014-10-02 13:31:55,9.8,1,7.215500000000004,6.424614244938129,7.2115,6.9505380816460445,6.950538081646045,6.506981611697856
008,2014-10-02 13:36:55,9.7,1,8.708500000000008,8.240872760771788,8.4635,8.470957586923932,8.470957586923934,8.266614978551488
008,2014-10-02 13:41:55,9.5,1,7.845500000000004,5.78964100403616,7.939000000000001,7.191380334678722,7.191380334678723,6.005668800516753
008,2014-10-02 13:43:00,10.1,1,7.363500000000009,6.247458938390873,7.4495,7.020152979463628,7.020152979463628,6.365083946788802
008,2014-10-02 13:46:55,9.4,1,7.702500000000007,6.655147384805432,7.764000000000001,7.373882461601814,7.373882461601815,6.765340912975768
008,2014-10-02 13:51:55,9.3,1,7.691500000000001,7.771324358768174,7.6555,7.706108119589392,7.706108119589392,7.66006471817981
008,2014-10-02 13:56:55,9.3,1,7.382500000000002,5.9749502609727765,7.301000000000001,6.886150086990927,6.886150086990927,6.114502279026879
008,2014-10-02 14:01:55,9.4,1,8.038499999999999,6.630365203269142,8.226,7.631621734423047,7.631621734423049,6.779565312551976
008,2014-10-02 14:06:55,9.6,1,7.231000000000006,6.202023100244537,7.4175,6.950174366748182,6.950174366748182,6.311544082156161
008,2014-10-02 14:11:55,9.8,1,7.448499999999999,6.953082617825476,7.507999999999999,7.303194205941825,7.303194205941826,7.005510311782705
008,2014-10-02 14:16:55,10.0,1,8.776500000000006,8.96459357750758,8.550999999999998,8.764031192502527,8.764031192502529,8.576473714123003
008,2014-10-02 14:21:55,10.2,1,7.803000000000005,6.978690338665604,7.6575,7.479730112888536,7.479730112888538,7.0511653203964055
008,2014-10-02 14:26:55,10.4,1,8.08250000000001,8.205820515424406,8.0225,8.103606838474805,8.103606838474807,8.030010662807795
008,2014-10-02 14:31:55,10.6,1,7.256500000000009,5.7359424782833655,7.293499999999998,6.761980826094458,6.761980826094458,5.895399735822784
008,2014-10-02 14:36:55,10.8,1,7.407000000000002,7.248897824079479,7.3815,7.34579927469316,7.345799274693161,7.263026233147974
008,2014-10-02 14:41:55,11.0,1,7.444000000000001,6.513233950015113,7.526,7.16107798333837,7.161077983338372,6.611434691084169
008,2014-10-02 14:46:55,11.2,1,7.092000000000004,6.544408315091241,7.165000000000001,6.933802771697081,6.933802771697082,6.602429708648765
008,2014-10-02 14:51:55,11.4,1,7.466000000000001,6.123023774976611,7.488499999999998,7.025841258325538,7.025841258325538,6.263756714681785
008,2014-10-02 14:56:55,11.6,1,7.493500000000001,6.6110009635567035,7.4985,7.2010003211855675,7.201000321185569,6.703381802399579
008,2014-10-02 15:01:55,11.8,1,7.566000000000003,6.5582084424837035,7.623000000000001,7.249069480827902,7.249069480827903,6.66421792291562
008,2014-10-02 15:06:55,12.0,1,7.312,5.97072884283647,7.259000000000001,6.847242947612156,6.847242947612158,6.10604330342623
008,2014-10-02 15:11:55,12.3,1,7.8565000000000005,6.882378532547794,7.764499999999999,7.501126177515931,7.501126177515932,6.975589868501455
008,2014-10-02 15:16:55,12.7,1,6.844500000000002,6.431911405942659,6.638,6.63813713531422,6.638137135314222,6.455538279643905
008,2014-10-02 15:21:55,13.0,1,8.373500000000005,7.0581070339578895,8.315,7.9155356779859645,7.915535677985965,7.190193573447486
008,2014-10-02 15:26:55,13.3,1,7.739000000000007,6.539546536284025,7.686999999999999,7.32184884542801,7.321848845428011,6.660118045082321
008,2014-10-02 15:31:55,13.5,1,7.422500000000002,6.754918476641955,7.305500000000002,7.1609728255473195,7.16097282554732,6.813692679937085
008,2014-10-02 15:36:55,13.5,1,8.636500000000002,8.516205992042801,8.771,8.641235330680935,8.641235330680935,8.53013666772492
008,2014-10-02 15:41:55,13.4,1,7.398500000000004,6.222198922178752,7.301000000000001,6.973899640726252,6.973899640726253,6.336042723555891
008,2014-10-02 15:46:55,13.2,1,8.394000000000002,7.978555515865704,8.5575,8.310018505288568,8.31001850528857,8.023656101808276
008,2014-10-02 15:51:55,13.0,1,7.576000000000002,6.396625564510206,7.535500000000002,7.169375188170069,7.169375188170071,6.516184498535194
008,2014-10-02 15:56:55,12.9,1,6.836000000000001,6.348904681461467,6.763000000000002,6.649301560487157,6.6493015604871575,6.39295911190579
008,2014-10-02 16:01:55,12.8,1,7.4290000000000065,7.217353614845052,7.361999999999999,7.336117871615019,7.33611787161502,7.233157140804208
008,2014-10-02 16:06:55,12.8,1,8.073000000000002,6.869645184426628,7.853500000000001,7.598715061475544,7.598715061475545,6.9747753001267
008,2014-10-02 16:11:55,12.8,1,7.9250000000000025,7.248906026888077,7.7115,7.62846867562936,7.62846867562936,7.299439594838044
008,2014-10-02 16:16:55,12.8,1,7.6805,7.063375624099881,7.848000000000001,7.530625208033295,7.530625208033295,7.129616826378
008,2014-10-02 16:21:55,12.9,1,9.018500000000003,8.842572729902402,8.823500000000001,8.894857576634136,8.894857576634136,8.827254743605973
008,2014-10-02 16:26:55,13.0,1,8.300500000000003,7.6841482776647165,8.563,8.18254942588824,8.182549425888242,7.751258641608934
008,2014-10-02 16:31:55,13.1,1,8.384500000000006,7.826891718742785,8.581000000000001,8.264130572914263,8.264130572914265,7.887196091623812
008,2014-10-02 16:36:55,13.2,1,7.785000000000007,7.816864998001182,7.770499999999999,7.790788332667063,7.790788332667064,7.772335702246283
008,2014-10-02 16:41:55,13.2,1,7.578500000000006,6.767067944929746,7.387500000000001,7.24435598164325,7.244355981643252,6.833890210806567
008,2014-10-02 16:46:55,13.3,1,8.215500000000004,7.296026748895818,8.229500000000002,7.913675582965275,7.913675582965275,7.392365988852144
008,2014-10-02 16:51:55,13.4,1,8.040500000000002,7.532861615242711,7.869000000000001,7.814120538414238,7.8141205384142385,7.569744856510159
008,2014-10-02 16:56:55,13.5,1,8.079500000000005,8.153540787338725,8.0245,8.08584692911291,8.085846929112911,8.030994744055807
008,2014-10-02 17:01:55,13.7,1,7.5405,6.810130167597723,7.5840000000000005,7.311543389199241,7.311543389199242,6.886979595836666
008,2014-10-02 17:06:55,13.7,1,7.683500000000005,7.628384088021814,7.607,7.6396280293406065,7.6396280293406065,7.609788454236725
008,2014-10-02 17:11:55,13.7,1,8.167000000000003,8.534523985421039,8.174,8.29184132847368,8.291841328473682,8.171337609913792
008,2014-10-02 17:16:55,13.5,1,7.785,7.8053966901697205,7.434,7.67479889672324,7.6747988967232414,7.470927094174971
008,2014-10-02 17:19:00,12.6,1,8.232500000000002,8.975097770400208,8.642,8.616532590133403,8.616532590133405,8.278674626189488
008,2014-10-02 17:21:55,13.3,1,8.574499999999999,8.834156502911643,8.319,8.575885500970548,8.57588550097055,8.34832807220382
008,2014-10-02 17:26:55,12.9,1,8.192000000000005,7.183873576487967,8.1565,7.84412452549599,7.8441245254959915,7.285988929593329
008,2014-10-02 17:31:55,12.5,1,8.634499999999997,7.611873750452019,8.596000000000002,8.280791250150672,8.280791250150674,7.715222264740113
008,2014-10-02 17:36:55,12.2,1,8.837500000000004,9.364285456038907,8.937500000000002,9.046428485346304,9.046428485346304,8.852230283982976
008,2014-10-02 17:41:55,11.8,1,8.707999999999998,8.588576248455201,9.067499999999997,8.788025416151733,8.788025416151733,8.604665874174376
008,2014-10-02 17:46:55,11.4,1,7.457500000000005,8.165468670625044,7.448500000000001,7.690489556875018,7.690489556875018,7.456521305354281
008,2014-10-02 17:51:55,11.1,1,8.2695,7.144697376509359,8.208,7.874065792169787,7.874065792169787,7.256559663040566
008,2014-10-02 17:56:55,10.9,1,7.7175,6.501771213769935,7.501,7.240090404589979,7.24009040458998,6.608479820299412
008,2014-10-02 18:01:55,10.7,1,7.769000000000001,6.743285168621005,7.699,7.403761722873668,7.40376172287367,6.843976158335214
008,2014-10-02 18:06:55,10.5,1,7.484000000000004,6.616388861598839,7.540500000000001,7.213629620532949,7.213629620532949,6.7077270646165505
008,2014-10-02 18:11:55,10.4,1,7.441500000000003,6.810600900548845,7.498000000000001,7.250033633516284,7.250033633516284,6.877173273556648
008,2014-10-02 18:16:55,10.4,1,9.429000000000004,9.744866031622266,9.241000000000001,9.471622010540756,9.471622010540758,9.263828027630682
008,2014-10-02 18:21:55,10.3,1,7.337500000000001,7.327844383317928,7.422000000000001,7.362448127772644,7.362448127772644,7.329699595398603
008,2014-10-02 18:26:55,10.3,1,7.568500000000007,7.335196155863878,7.353000000000001,7.418898718621295,7.418898718621296,7.3392138704911245
008,2014-10-02 18:31:55,10.3,1,7.747000000000005,6.651481561039889,7.568500000000001,7.322327187013298,7.322327187013299,6.749208968008185
008,2014-10-02 18:36:55,10.3,1,7.667500000000007,7.281664558663237,7.672000000000001,7.540388186221082,7.540388186221082,7.322077319400415
008,2014-10-02 18:41:55,10.4,1,8.177500000000004,6.916097433438194,8.081000000000001,7.724865811146067,7.724865811146067,7.0389395423066095
008,2014-10-02 18:46:55,10.6,1,8.512000000000004,7.408183772784121,8.665500000000002,8.195227924261376,8.195227924261376,7.525204766511628
008,2014-10-02 18:51:55,10.9,1,7.8330000000000055,7.343007370977368,7.621000000000001,7.599002456992459,7.599002456992459,7.374212153588848
008,2014-10-02 18:56:55,11.2,1,8.116500000000002,7.937415142379624,7.985999999999999,8.013305047459875,8.013305047459875,7.943803298818216
008,2014-10-02 18:59:00,11.3,1,7.734,6.780442323924177,7.660000000000001,7.391480774641393,7.391480774641393,6.873205425014542
008,2014-10-02 19:01:55,11.4,1,8.053500000000003,7.533220385490367,7.900499999999998,7.829073461830123,7.829073461830124,7.5731767559419785
008,2014-10-02 19:06:55,11.5,1,8.170000000000003,8.027282561031756,8.615499999999999,8.27092752034392,8.270927520343921,8.046669272357528
008,2014-10-02 19:11:55,11.5,1,8.1975,7.608111826779701,8.309,8.0382039422599,8.038203942259901,7.6708911484279385
008,2014-10-02 19:16:55,11.5,1,8.786,9.301312715027056,8.739,8.94210423834235,8.942104238342353,8.749070468978882
008,2014-10-02 19:21:55,11.3,1,8.7535,8.092557037522624,8.853000000000002,8.566352345840876,8.566352345840876,8.162702728495363
008,2014-10-02 19:26:55,11.2,1,9.350999999999997,8.311403944259379,9.2245,8.962301314753125,8.962301314753127,8.40820097465165
008,2014-10-02 19:31:55,10.9,1,9.015500000000005,9.153320107867934,9.075,9.081273369289312,9.081273369289313,9.022508346585118
008,2014-10-02 19:36:55,10.8,1,8.8585,8.848866323719287,8.931500000000002,8.879622107906428,8.87962210790643,8.850604240300953
008,2014-10-02 19:41:55,10.6,1,10.117000000000008,9.085713496399851,9.981000000000002,9.727904498799953,9.727904498799955,9.180742214968948
008,2014-10-02 19:46:55,10.5,1,7.724000000000002,8.018918291632977,7.824500000000001,7.855806097210993,7.855806097210994,7.736458924486027
008,2014-10-02 19:51:55,10.5,1,8.543,8.82401860240352,8.710999999999999,8.69267286746784,8.69267286746784,8.561707067453975
008,2014-10-02 19:56:55,10.5,1,9.047000000000004,8.181211047500899,8.948500000000001,8.725570349166967,8.725570349166968,8.262473112623411
008,2014-10-02 20:01:55,10.6,1,8.816,9.140180061327182,8.618000000000002,8.858060020442394,8.858060020442396,8.64195741086999
008,2014-10-02 20:06:55,10.7,1,8.726999999999999,8.861532401759007,8.851,8.813177467253,8.813177467253004,8.740078736501593
008,2014-10-02 20:11:55,10.7,1,8.383000000000006,8.427954645612925,8.566500000000001,8.459151548537644,8.459151548537644,8.3890888016133
008,2014-10-02 20:16:55,10.7,1,9.166500000000008,8.349283075813522,9.3955,8.970427691937843,8.970427691937845,8.437073819735955
008,2014-10-02 20:21:55,10.5,1,9.593500000000011,10.70446566666123,9.609499999999999,9.969155222220413,9.969155222220415,9.606123645374232
008,2014-10-02 20:26:55,10.4,1,8.898500000000007,9.125051244922942,8.8385,8.954017081640982,8.954017081640984,8.847042970102779
008,2014-10-02 20:27:00,10.8,1,9.256500000000006,8.832930957541231,8.879,8.989476985847078,8.98947698584708,8.841525898594139
008,2014-10-02 20:31:55,10.3,1,8.580500000000002,8.580654995071809,8.658,8.60638499835727,8.60638499835727,8.581289666299277
008,2014-10-02 20:36:55,10.2,1,8.543,8.80987638833465,8.658999999999999,8.670625462778217,8.670625462778217,8.556645182013542
008,2014-10-02 20:41:55,10.2,1,8.686500000000008,8.750206196742502,8.486500000000001,8.641068732247504,8.641068732247504,8.508061920812596
008,2014-10-02 20:46:55,10.4,1,7.421000000000003,7.851767221068415,7.5945,7.622422407022806,7.622422407022807,7.44172498725887
008,2014-10-02 20:51:55,10.6,1,8.267000000000003,8.133301656017615,8.283000000000001,8.22776721867254,8.22776721867254,8.147449750895934
008,2014-10-02 20:56:55,11.0,1,8.507500000000002,7.915230834116917,8.525,8.315910278038972,8.315910278038974,7.977371577589169
008,2014-10-02 21:01:55,11.3,1,7.424000000000002,7.160888864720636,7.3565000000000005,7.313796288240213,7.313796288240213,7.182029541691955
008,2014-10-02 21:06:55,11.5,1,7.909,8.38634426891898,7.975999999999999,8.09044808963966,8.090448089639661,7.920113270402319
008,2014-10-02 21:11:55,11.7,1,9.740500000000004,8.696750647554138,9.878999999999998,9.43875021585138,9.438750215851382,8.807337186902478
008,2014-10-02 21:16:55,11.6,1,8.918000000000001,9.141626695174445,8.820500000000001,8.960042231724815,8.960042231724817,8.832937135638764
008,2014-10-02 21:21:55,11.4,1,9.070500000000004,10.385436333184133,8.963,9.472978777728045,9.472978777728047,8.987396474961118
008,2014-10-02 21:26:55,11.3,1,9.353500000000002,8.825919237197065,9.415500000000002,9.198306412399022,9.198306412399024,8.881737002152457
008,2014-10-02 21:31:55,11.2,1,7.971500000000001,8.141880087149941,8.0275,8.04696002904998,8.046960029049982,7.978502761348145
008,2014-10-02 21:36:55,11.1,1,8.093500000000002,6.937638212014992,8.100000000000001,7.710379404004999,7.710379404005,7.0586344358055575
008,2014-10-02 21:41:55,11.2,1,7.559500000000001,7.324346912722379,7.442999999999999,7.442282304240792,7.442282304240794,7.3379259082365165
008,2014-10-02 21:46:55,11.3,1,7.852,7.392788434382977,7.772,7.6722628114609925,7.672262811460993,7.433263176797937
008,2014-10-02 21:51:55,11.4,1,8.348500000000003,8.550658685411364,8.217,8.372052895137122,8.372052895137124,8.23277968154481
008,2014-10-02 21:56:55,11.5,1,8.746500000000005,8.188928448765141,8.7645,8.566642816255047,8.56664281625505,8.247443978793502
008,2014-10-02 22:01:55,11.7,1,8.201500000000005,6.545106608437548,8.216000000000001,7.654202202812518,7.6542022028125185,6.71855059799014
008,2014-10-02 22:06:55,11.8,1,8.316,6.824797101255188,8.345999999999998,7.828932367085062,7.828932367085064,6.981113152083913
008,2014-10-02 22:11:55,11.8,1,8.886500000000002,7.719881714963411,8.981499999999999,8.529293904987803,8.529293904987805,7.842888329666341
008,2014-10-02 22:16:55,11.7,1,8.102000000000007,6.974024361538557,8.212,7.762674787179521,7.762674787179523,7.093138016616543
008,2014-10-02 22:21:55,11.6,1,9.504500000000005,8.141203369866796,9.519500000000003,9.0550677899556,9.055067789955602,8.283987317614969
008,2014-10-02 22:26:55,11.4,1,7.948499999999996,6.29053628865871,7.751499999999998,7.330178762886234,7.330178762886235,6.445358585847377
008,2014-10-02 22:31:55,11.3,1,8.79,7.318662792200114,8.820500000000001,8.309720930733372,8.309720930733373,7.472905409134417
008,2014-10-02 22:36:55,11.3,1,8.253500000000003,7.998836160161656,8.118999999999998,8.123778720053885,8.123778720053886,8.01275321709621
008,2014-10-02 22:41:55,11.2,1,7.977999999999998,6.95125100950809,8.022,7.6504170031693635,7.6504170031693635,7.059113897985414
008,2014-10-02 22:46:55,11.0,1,8.815500000000007,7.193624921431684,8.729000000000003,8.246041640477232,8.246041640477232,7.35512745539886
008,2014-10-02 22:51:55,10.9,1,8.710500000000003,7.598697943602223,8.8335,8.380899314534075,8.380899314534076,7.716249449071693
008,2014-10-02 22:56:55,10.8,1,7.790000000000001,7.7363099349797215,7.827499999999999,7.784603311659907,7.784603311659908,7.742302220139406
008,2014-10-02 23:01:55,10.6,1,7.887000000000003,6.764416910539386,7.735,7.462138970179796,7.462138970179797,6.867483481261751
008,2014-10-02 23:06:55,10.5,1,8.522000000000002,7.781118878763027,8.790500000000002,8.364539626254343,8.364539626254345,7.861318043177704
008,2014-10-02 23:11:55,10.4,1,7.982000000000002,7.075656831238631,8.1805,7.746052277079545,7.746052277079545,7.172467345596713
008,2014-10-02 23:16:55,10.4,1,8.889,6.431796905924718,9.3865,8.235765635308239,8.23576563530824,6.693855045411932
008,2014-10-02 23:21:55,10.6,1,7.539500000000003,6.194628542896598,7.5285,7.0875428476322,7.087542847632201,6.334293902684054
008,2014-10-02 23:26:55,10.8,1,8.372499999999997,6.945524335835345,8.184,7.834008111945114,7.834008111945114,7.076983978114468
008,2014-10-02 23:31:55,11.2,1,7.288500000000004,6.862310915528836,7.4300000000000015,7.1936036385096145,7.1936036385096145,6.908315647698393
008,2014-10-02 23:36:00,9.3,1,7.796000000000006,6.468341488003103,7.950000000000001,7.4047804960010355,7.404780496001037,6.608786822793728
008,2014-10-02 23:36:55,11.4,1,8.386000000000001,6.400493759892121,8.569,7.785164586630707,7.785164586630708,6.6100559489444395
008,2014-10-02 23:41:55,11.4,1,7.550000000000007,7.175003067587674,7.843000000000001,7.522667689195894,7.522667689195894,7.217166856978173
008,2014-10-02 23:46:55,11.0,1,8.216000000000006,7.311758548728429,8.338500000000002,7.955419516242813,7.955419516242813,7.407589172377479
008,2014-10-02 23:51:55,10.4,1,8.874000000000002,9.03835040964687,8.9075,8.939950136548958,8.93995013654896,8.878813417953035
008,2014-10-02 23:56:55,9.7,1,8.088000000000001,6.782240550708524,8.112,7.660746850236175,7.660746850236176,6.919094711519385
008,2014-10-03 00:01:55,8.9,1,9.000000000000002,8.787741934775957,8.908999999999999,8.898913978258653,8.898913978258653,8.801338474269212
008,2014-10-03 00:06:55,8.3,1,9.062000000000006,8.862634172132818,8.9865,8.970378057377609,8.970378057377609,8.87634854695212
008,2014-10-03 00:11:55,7.9,1,8.147000000000007,6.630423325418785,8.157,7.644807775139597,7.644807775139598,6.789194089636239
008,2014-10-03 00:16:55,7.8,1,8.089000000000004,7.349835304226035,7.963999999999999,7.800945101408679,7.80094510140868,7.4153418520598215
008,2014-10-03 00:21:55,7.9,1,7.9875,7.889158258281187,7.925000000000001,7.933886086093729,7.933886086093731,7.89353317521234
008,2014-10-03 00:26:55,8.2,1,7.785500000000009,7.637903431584637,7.799000000000002,7.74080114386155,7.7408011438615505,7.653480618385251
008,2014-10-03 00:31:55,8.5,1,7.774000000000004,5.978937377350661,7.858999999999998,7.203979125783555,7.203979125783555,6.16759453733656
008,2014-10-03 00:36:55,8.8,1,7.654500000000005,6.6249742112184125,7.848499999999999,7.375991403739472,7.375991403739473,6.734627620257002
008,2014-10-03 00:41:55,9.1,1,8.124500000000001,6.587533368348388,7.950000000000001,7.554011122782796,7.554011122782797,6.731825478091215
008,2014-10-03 00:46:55,9.3,1,7.817500000000001,6.743016068895456,7.926000000000001,7.495505356298486,7.495505356298486,6.85651819184429
008,2014-10-03 00:51:55,9.5,1,7.479500000000002,6.7303799362028,7.354999999999999,7.1882933120676,7.188293312067601,6.796975369536889
008,2014-10-03 00:56:55,9.5,1,8.024500000000002,6.513243183793142,7.902999999999997,7.480247727931046,7.480247727931047,6.659860509834355
008,2014-10-03 01:01:55,9.5,1,7.813000000000005,7.278317071976472,7.575500000000001,7.555605690658826,7.555605690658827,7.311784626076904
008,2014-10-03 01:06:55,9.4,1,8.128500000000003,6.886745924050898,8.1215,7.7122486413503,7.7122486413503015,7.01600119778957
008,2014-10-03 01:11:55,9.2,1,7.61400000000001,6.150918179743476,7.4555,7.073472726581162,7.073472726581163,6.288994131947696
008,2014-10-03 01:16:55,9.0,1,8.062000000000005,7.487601935919424,7.8965,7.8153673119731435,7.8153673119731435,7.53203760728417
008,2014-10-03 01:21:55,8.8,1,7.56,6.139346808855945,7.4995,7.066282269618648,7.066282269618649,6.282256876518436
008,2014-10-03 01:26:55,8.7,1,7.854000000000005,6.242297947070835,7.6739999999999995,7.256765982356947,7.256765982356947,6.393888763900256
008,2014-10-03 01:31:55,8.5,1,8.279500000000004,7.279651781574411,8.081999999999999,7.880383927191471,7.880383927191472,7.365571897650558
008,2014-10-03 01:36:55,8.4,1,8.382500000000004,6.47527186076887,8.3925,7.750090620256292,7.750090620256293,6.674914258763618
008,2014-10-03 01:41:00,9.1,1,7.5950000000000015,6.56747592587437,7.627500000000001,7.263325308624791,7.2633253086247915,6.6753049069298385
008,2014-10-03 01:41:55,8.2,1,8.539500000000006,6.410819502288359,8.524999999999999,7.8251065007627885,7.825106500762789,6.632159144727508
008,2014-10-03 01:46:55,8.0,1,7.562999999999999,7.772658124686787,7.5325,7.6227193748955955,7.6227193748955955,7.537787622220754
008,2014-10-03 01:51:55,7.8,1,7.266500000000001,5.810050759061358,7.338000000000001,6.8048502530204535,6.804850253020454,5.963145732970346
008,2014-10-03 01:56:55,7.5,1,8.116499999999998,6.360433416246239,8.335,7.603977805415412,7.603977805415414,6.546345643185084
008,2014-10-03 02:01:55,7.4,1,8.779500000000002,7.168432069196192,8.7005,8.216144023065398,8.216144023065398,7.329513595162607
008,2014-10-03 02:06:55,7.3,1,7.581500000000003,6.648337373598361,7.524000000000002,7.251279124532789,7.251279124532789,6.74052795786559
008,2014-10-03 02:11:55,7.2,1,8.667,6.324330348645317,8.57,7.853776782881773,7.8537767828817735,6.560251950982723
008,2014-10-03 02:16:55,7.2,1,8.475500000000007,7.8406277599026994,8.656500000000001,8.324209253300902,8.324209253300904,7.908860819946466
008,2014-10-03 02:21:55,7.1,1,8.101,6.484614245289749,7.9985,7.52803808176325,7.528038081763252,6.644028473914885
008,2014-10-03 02:26:55,7.1,1,7.829500000000007,7.466172971209107,7.831,7.708890990403038,7.708890990403039,7.50420080516953
008,2014-10-03 02:31:55,7.0,1,8.400000000000004,6.6755272196983455,8.366000000000001,7.813842406566117,7.813842406566119,6.852731741245425
008,2014-10-03 02:36:55,7.0,1,8.283000000000003,6.955868937172244,7.8695,7.702789645724082,7.702789645724083,7.055591942303415
008,2014-10-03 02:41:55,7.0,1,8.648499999999999,6.967195684293325,8.706,8.10723189476444,8.107231894764443,7.143675961703019
008,2014-10-03 02:46:55,7.0,1,7.998500000000003,7.3086764856355,7.9025,7.736558828545167,7.736558828545169,7.371764851720601
008,2014-10-03 02:51:55,7.0,1,9.97150000000001,7.31413076758269,9.671499999999998,8.9857102558609,8.9857102558609,7.563768859754098
008,2014-10-03 02:56:55,7.1,1,8.186000000000005,6.482251587995755,8.0275,7.565250529331919,7.56525052933192,6.645507112505323
008,2014-10-03 03:01:55,7.2,1,8.535,6.792702128201841,8.515,7.947567376067281,7.947567376067282,6.973096327485416
008,2014-10-03 03:06:55,7.2,1,8.883000000000006,7.210669174049093,8.482499999999998,8.192056391349698,8.1920563913497,7.347738576588892
008,2014-10-03 03:11:55,7.0,1,8.24150000000001,5.7508459549666915,8.054499999999999,7.348948651655566,7.348948651655568,5.993734133568838
008,2014-10-03 03:16:55,6.6,1,8.455500000000004,7.119497909065328,8.367,7.980665969688444,7.980665969688445,7.250901934874645
008,2014-10-03 03:21:55,5.9,1,7.7780000000000005,6.361782087200135,7.826999999999999,7.322260695733378,7.3222606957333785,6.510442886796834
008,2014-10-03 10:51:56,2.2,1,11.632,11.22872274735987,12.141999999999998,11.667574249119957,11.667574249119957,11.276015345294681
008,2014-10-03 10:56:56,2.2,1,7.864500000000001,8.17979945574069,7.889500000000002,7.977933151913565,7.9779331519135654,7.870018601913053
008,2014-10-03 11:00:00,3.1,1,7.505000000000003,5.949864639642101,7.4270000000000005,6.960621546547368,6.960621546547369,6.1051888841956
008,2014-10-03 11:01:56,2.3,1,7.6960000000000015,6.775035586465518,7.617000000000002,7.3626785288218395,7.36267852882184,6.8639155189948475
008,2014-10-03 11:06:56,2.5,1,7.591000000000004,6.149475873726006,7.531500000000001,7.090658624575337,7.090658624575338,6.294664172540526
008,2014-10-03 11:11:56,2.8,1,8.261500000000005,6.413772246118991,8.020499999999998,7.565257415372998,7.565257415372999,6.5842850033818845
008,2014-10-03 11:16:56,3.1,1,8.712000000000003,8.51911781736173,8.915500000000002,8.715539272453912,8.715539272453912,8.541332979588999
008,2014-10-03 11:21:56,3.4,1,7.585000000000001,8.126251875343822,7.2405,7.650583958447942,7.650583958447942,7.2819555881142435
008,2014-10-03 11:26:56,3.9,1,7.437500000000005,6.214523343288857,7.383500000000001,7.011841114429621,7.011841114429622,6.337366700963759
008,2014-10-03 11:31:56,4.3,1,7.230999999999999,6.786141641048393,7.291,7.102713880349465,7.102713880349465,6.833284632884175
008,2014-10-03 11:36:56,4.8,1,7.4864999999999995,5.736388922937547,7.398,6.873629640979182,6.873629640979183,5.911118809153068
008,2014-10-03 11:41:56,5.4,1,7.757000000000005,6.272611933169225,7.925499999999999,7.318370644389742,7.318370644389744,6.429599987018676
008,2014-10-03 11:46:56,6.1,1,7.331999999999998,6.934507699551643,7.528500000000001,7.265002566517214,7.265002566517215,6.978060050946262
008,2014-10-03 11:51:56,6.9,1,7.394500000000007,6.393039373207652,7.241499999999999,7.00967979106922,7.009679791069221,6.483338967464228
008,2014-10-03 11:56:56,7.7,1,9.025000000000004,8.952937705318579,8.869,8.948979235106194,8.948979235106195,8.878502546124706
008,2014-10-03 12:01:56,8.4,1,7.531000000000003,6.339603673304051,7.632500000000002,7.167701224434684,7.167701224434686,6.46526767312789
008,2014-10-03 12:06:56,9.2,1,8.682000000000006,8.487566822454017,8.509500000000001,8.559688940818008,8.559688940818008,8.491586565674893
008,2014-10-03 12:11:56,9.8,1,7.71,7.585539087560348,7.7945,7.69667969585345,7.69667969585345,7.599405722683049
008,2014-10-03 12:16:56,10.4,1,7.708000000000001,6.252597069286843,7.680999999999999,7.213865689762282,7.213865689762282,6.402312717782849
008,2014-10-03 12:21:56,11.0,1,7.822000000000004,6.5961310957945,7.7835,7.400543698598168,7.4005436985981685,6.720743729382727
008,2014-10-03 12:26:56,11.4,1,8.102499999999997,6.480137110227145,8.132,7.571545703409048,7.571545703409048,6.650170682547849
008,2014-10-03 12:31:56,11.7,1,7.926500000000005,6.717078316371532,7.792000000000002,7.47852610545718,7.47852610545718,6.830886238869228
008,2014-10-03 12:36:56,11.9,1,8.678000000000003,7.644744845795495,8.513499999999999,8.278748281931833,8.278748281931835,7.7372827406592135
008,2014-10-03 12:41:56,12.0,1,8.000500000000004,6.367593511803176,7.992000000000002,7.453364503934394,7.453364503934394,6.537630894166669
008,2014-10-03 12:46:56,12.1,1,8.403500000000003,7.0460535592928135,8.485,7.978184519764272,7.978184519764273,7.188890435101202
008,2014-10-03 12:51:56,12.1,1,8.067,6.443389130591152,8.234000000000002,7.581463043530384,7.581463043530385,6.61492827190048
008,2014-10-03 12:56:56,12.1,1,7.9570000000000025,6.454286611038885,8.197499999999998,7.536262203679629,7.536262203679629,6.613911938782684
008,2014-10-03 13:01:56,12.1,1,7.218500000000001,6.54941056005025,7.144500000000001,6.970803520016751,6.9708035200167515,6.61241137270625
008,2014-10-03 13:06:56,12.1,1,7.4830000000000005,6.689255966305213,7.2785,7.150251988768404,7.150251988768406,6.752950207457324
008,2014-10-03 13:11:56,12.0,1,8.931500000000003,7.630676772065659,8.967,8.509725590688554,8.509725590688555,7.767129484200887
008,2014-10-03 13:16:56,12.0,1,8.836500000000003,5.555357364377875,8.8735,7.755119121459292,7.755119121459293,5.8990145968842045
008,2014-10-03 13:21:56,11.9,1,8.088999999999993,6.464267459079255,8.246,7.599755819693082,7.599755819693083,6.635823954478868
008,2014-10-03 13:26:56,11.9,1,7.5635,6.267691908941864,7.785999999999999,7.205730636313954,7.205730636313955,6.405489915920974
008,2014-10-03 13:31:56,11.8,1,7.722500000000012,6.5894065143172575,7.745500000000001,7.352468838105756,7.352468838105757,6.708185620548729
008,2014-10-03 13:36:56,11.7,1,7.3229999999999995,6.925063353250466,7.372999999999999,7.207021117750155,7.2070211177501555,6.967197194063238
008,2014-10-03 13:41:56,11.5,1,8.1975,6.657564397269838,8.2725,7.70918813242328,7.7091881324232805,6.819429072858748
008,2014-10-03 13:46:56,11.4,1,7.4810000000000025,6.688414243862458,7.415,7.194804747954154,7.194804747954154,6.765092765792906
008,2014-10-03 13:51:56,11.2,1,7.961000000000004,6.2100399040211895,8.216999999999999,7.4626799680070635,7.462679968007065,6.3957928682806084
008,2014-10-03 13:56:56,10.9,1,7.898500000000004,6.8486460195709356,8.009500000000001,7.5855486731903135,7.585548673190314,6.95959625131353
008,2014-10-03 14:01:56,10.6,1,9.526000000000005,9.334285361798448,9.558499999999999,9.472928453932818,9.472928453932818,9.354668370513048
008,2014-10-03 14:06:56,10.3,1,7.702999999999999,6.907841752897736,7.533500000000001,7.381447250965912,7.381447250965913,6.974995805427394
008,2014-10-03 14:11:56,10.1,1,7.751,6.626198554978502,7.811,7.396066184992834,7.3960661849928355,6.744480112308097
008,2014-10-03 14:16:56,9.9,1,7.232999999999999,6.126352867720874,7.4485,6.935950955906957,6.935950955906958,6.244290042892643
008,2014-10-03 14:21:56,9.8,1,7.7925,6.8913029081470585,8.067,7.583600969382353,7.583600969382354,6.988335017840565
008,2014-10-03 14:26:56,9.6,1,8.163500000000006,7.743925697164095,8.153000000000002,8.020141899054702,8.020141899054702,7.786829807384234
008,2014-10-03 14:31:56,9.4,1,8.207999999999997,6.33317597132895,8.107999999999999,7.549725323776315,7.549725323776316,6.519865682703748
008,2014-10-03 14:36:56,9.2,1,7.605500000000001,6.62978040868093,7.5169999999999995,7.250760136226977,7.250760136226978,6.723490132246038
008,2014-10-03 14:41:56,9.0,1,7.464500000000007,6.15485863349925,7.652,7.090452877833086,7.090452877833087,6.2937539371583755
008,2014-10-03 14:46:56,8.7,1,8.03,7.677057252634402,8.154,7.953685750878134,7.953685750878135,7.71522363847966
008,2014-10-03 14:51:56,8.4,1,7.457000000000006,6.551745185494801,7.512499999999999,7.173748395164935,7.173748395164936,6.647011831556965
008,2014-10-03 14:56:56,8.2,1,7.679000000000005,8.557826774264434,7.742999999999999,7.9932755914214795,7.99327559142148,7.6938442225731
008,2014-10-03 15:01:56,7.9,1,8.499500000000005,8.324068752119492,8.452,8.425189584039833,8.425189584039833,8.33792846863842
008,2014-10-03 15:06:56,7.6,1,7.8305,8.034683925497506,8.0275,7.9642279751658345,7.964227975165835,7.851182825217466
008,2014-10-03 15:11:56,7.3,1,8.439500000000004,9.02486763020249,8.818499999999998,8.760955876734165,8.760955876734165,8.481216283813625
008,2014-10-03 15:16:56,7.0,1,7.562,6.810685312071893,7.623499999999998,7.332061770690632,7.332061770690631,6.889906081037888
008,2014-10-03 15:21:56,6.8,1,8.187000000000003,6.150540067712548,8.127999999999998,7.488513355904183,7.4885133559041845,6.358020417488031
008,2014-10-03 15:26:56,6.5,1,7.673000000000001,6.5550739635323465,7.637,7.288357987844115,7.288357987844116,6.6686297115023505
008,2014-10-03 15:29:00,5.2,1,7.596500000000001,6.6095161716835245,7.5950000000000015,7.2670053905611764,7.2670053905611764,6.712636721692128
008,2014-10-03 15:31:56,6.3,1,7.796500000000006,6.303063500387592,7.9110000000000005,7.336854500129199,7.3368545001292,6.460458240130672
008,2014-10-03 15:36:56,6.1,1,7.690500000000001,6.231570423225787,7.835500000000001,7.252523474408597,7.252523474408598,6.385659900521015
008,2014-10-03 15:41:56,5.8,1,8.070000000000007,8.559298768889315,8.164500000000002,8.264599589629775,8.264599589629777,8.08383498349324
008,2014-10-03 15:46:56,5.6,1,7.6305000000000005,7.3424177457558715,7.632000000000001,7.534972581918624,7.534972581918625,7.372573148285155
008,2014-10-03 15:51:56,5.4,1,7.173499999999999,6.425972161832443,7.137,6.912157387277481,6.912157387277482,6.500727947575658
008,2014-10-03 15:56:56,5.3,1,7.365500000000002,7.0781325346687485,7.216000000000001,7.219877511556251,7.219877511556251,7.094051820925736
008,2014-10-03 16:01:56,5.3,1,6.916000000000001,7.318978340536422,6.803999999999999,7.012992780178807,7.012992780178808,6.819747704358657
008,2014-10-03 16:06:56,5.5,1,7.415000000000001,6.91946701706057,7.183000000000001,7.172489005686857,7.172489005686858,6.94935896940584
008,2014-10-03 16:11:56,5.8,1,8.403499999999998,7.463783551472628,8.361500000000001,8.076261183824208,8.07626118382421,7.558126501314744
008,2014-10-03 16:16:56,6.4,1,7.206999999999997,6.766699193125289,7.122499999999999,7.032066397708429,7.032066397708429,6.804769601429544
008,2014-10-03 16:21:56,7.0,1,8.105500000000005,7.814784873284706,7.909500000000001,7.943261624428238,7.943261624428239,7.826654376569803
008,2014-10-03 16:26:56,7.8,1,7.865000000000008,8.170760549625566,7.956000000000001,7.997253516541858,7.99725351654186,7.876668416270814
008,2014-10-03 16:31:56,8.7,1,7.826000000000001,7.693079313616461,7.65,7.7230264378721545,7.723026437872155,7.65583634964669
008,2014-10-03 16:36:56,9.3,1,8.052999999999997,6.302066702421464,7.666000000000001,7.340355567473821,7.340355567473822,6.448637261051761
008,2014-10-03 16:41:56,9.9,1,7.900000000000001,6.30133053552352,7.657000000000002,7.28611017850784,7.286110178507842,6.445596496447915
008,2014-10-03 16:46:56,10.2,1,7.848999999999997,6.894148796241039,7.665500000000001,7.469549598747012,7.469549598747013,6.976685871534582
008,2014-10-03 16:51:56,10.3,1,7.202000000000005,6.33026405455855,7.203,6.911754684852852,6.911754684852853,6.42147881260167
008,2014-10-03 16:56:56,10.3,1,7.645000000000001,6.566614276490969,7.6585,7.290038092163656,7.290038092163658,6.6795746217163385
008,2014-10-03 17:01:56,10.0,1,8.448500000000001,6.537339194963659,8.258000000000001,7.747946398321221,7.747946398321221,6.719267117292678
008,2014-10-03 17:06:56,9.6,1,7.783500000000003,6.080279035698788,7.851500000000001,7.238426345232931,7.238426345232931,6.259157326999484
008,2014-10-03 17:11:56,9.2,1,7.350999999999999,7.225923093102924,7.398500000000001,7.325141031034309,7.325141031034309,7.239484176210982
008,2014-10-03 17:16:56,8.7,1,8.085999999999999,6.808167055381835,8.1775,7.690555685127278,7.690555685127279,6.942774425351056
008,2014-10-03 17:21:56,8.2,1,8.262499999999998,7.063200730402373,8.3485,7.891400243467456,7.891400243467458,7.189536570049608
008,2014-10-03 17:26:56,7.7,1,7.833500000000003,6.964112513661944,7.8595,7.552370837887316,7.552370837887316,7.055331565828852
008,2014-10-03 17:31:56,7.2,1,8.406999999999996,6.497071123547439,8.360999999999999,7.755023707849145,7.755023707849146,6.69254336673348
008,2014-10-03 17:36:56,6.7,1,7.496500000000006,6.201993728448811,7.317,7.005164576149606,7.005164576149607,6.320445472667256
008,2014-10-03 17:41:56,6.2,1,8.476000000000006,8.528881611806955,8.5655,8.523460537268987,8.523460537268988,8.481898885194761
008,2014-10-03 17:46:56,5.7,1,7.949999999999996,6.600511522537452,7.9975,7.516003840845816,7.5160038408458165,6.742175802057894
008,2014-10-03 17:51:56,5.1,1,7.945500000000005,6.60417362585467,7.935999999999999,7.495224541951558,7.495224541951559,6.743610020281004
008,2014-10-03 17:56:56,4.7,1,8.004499999999998,7.346012475836823,8.0385,7.796337491945607,7.796337491945609,7.415246268308924
008,2014-10-03 18:00:00,3.9,1,7.3785,7.272977621226422,7.490500000000001,7.380659207075475,7.380659207075475,7.285137825630638
008,2014-10-03 18:01:56,4.3,1,6.908000000000005,6.613517572359541,6.8134999999999994,6.778339190786515,6.778339190786516,6.635385592708995
008,2014-10-03 18:06:56,4.1,1,8.681000000000004,9.193124059792742,8.978,8.950708019930916,8.950708019930916,8.714224655983008
008,2014-10-03 18:11:56,4.1,1,8.751,8.472498005849605,8.891000000000002,8.704832668616536,8.704832668616536,8.503036080428082
008,2014-10-03 18:16:56,4.3,1,8.886000000000003,8.49769381773759,8.964500000000001,8.782731272579198,8.782731272579198,8.539105078000327
008,2014-10-03 18:21:56,4.6,1,8.214500000000001,8.735904209010815,8.208,8.38613473633694,8.38613473633694,8.213894100002573
008,2014-10-03 18:26:56,5.2,1,9.336500000000006,9.272435878290036,9.442000000000002,9.350311959430014,9.350311959430016,9.280193541809137
008,2014-10-03 18:31:56,5.7,1,9.1865,8.613003337964923,8.839999999999998,8.879834445988307,8.879834445988308,8.640217703521964
008,2014-10-03 18:36:56,6.3,1,8.147500000000003,7.546028930094017,8.0345,7.909342976698007,7.9093429766980075,7.598264871032677
008,2014-10-03 18:41:56,6.8,1,9.456000000000007,9.240878531253603,9.548,9.414959510417871,9.414959510417871,9.264305463094022
008,2014-10-03 18:46:56,7.1,1,9.161000000000003,9.337512406945851,9.2585,9.25233746898195,9.252337468981953,9.171990992756479
008,2014-10-03 18:51:56,7.4,1,9.102500000000006,9.09255387060287,9.401499999999999,9.198851290200958,9.19885129020096,9.096584477371321
008,2014-10-03 18:56:56,7.5,1,9.220500000000005,9.070642702714105,9.1745,9.155214234238038,9.155214234238038,9.081968699142845
008,2014-10-03 19:01:56,7.6,1,8.624500000000006,8.460525133274512,8.990499999999999,8.691841711091506,8.691841711091508,8.481340887976442
008,2014-10-03 19:06:56,7.6,1,9.044000000000002,8.89659271877169,9.122,9.020864239590564,9.020864239590566,8.91279510153395
008,2014-10-03 19:11:56,7.7,1,9.651500000000008,8.941890557422097,9.9055,9.499630185807368,9.49963018580737,9.018672944527811
008,2014-10-03 19:13:00,7.8,1,8.560500000000005,8.891500902278649,8.7145,8.722166967426219,8.722166967426219,8.578382150333569
008,2014-10-03 19:16:56,7.8,1,9.775000000000006,10.358589021038764,9.996,10.043196340346256,10.043196340346258,9.801747859234304
008,2014-10-03 19:21:56,7.9,1,10.37,9.045423213327114,10.2235,9.879641071109036,9.879641071109038,9.170143665676626
008,2014-10-03 19:26:56,8.0,1,9.281999999999998,8.363448368066848,9.31,8.985149456022283,8.985149456022283,8.459831184267859
008,2014-10-03 19:31:56,8.2,1,9.521500000000001,8.726919996299097,9.5355,9.261306665433032,9.261306665433034,8.81019236839228
008,2014-10-03 19:36:56,8.4,1,8.317500000000003,8.301201210468168,8.178,8.265567070156058,8.265567070156058,8.19105282758832
008,2014-10-03 19:41:56,8.7,1,9.127499999999996,8.995291614316237,9.1125,9.078430538105412,9.078430538105412,9.00770445894575
008,2014-10-03 19:46:56,9.0,1,7.889000000000006,6.931318012808246,7.763000000000001,7.527772670936084,7.527772670936085,7.019592153738539
008,2014-10-03 19:51:56,9.2,1,9.931000000000006,9.161250457401678,9.961000000000002,9.684416819133896,9.684416819133897,9.2420849600267
008,2014-10-03 19:56:56,9.4,1,8.38450000000001,8.432859932216466,8.433,8.41678664407216,8.41678664407216,8.3895610244548
008,2014-10-03 20:01:56,9.5,1,9.038,8.243802455466568,8.9955,8.759100818488855,8.759100818488857,8.322873280534685
008,2014-10-03 20:06:56,9.5,1,8.515500000000008,8.357860301640095,8.515499999999998,8.462953433880033,8.462953433880035,8.374353243822974
008,2014-10-03 20:11:56,9.4,1,8.574000000000005,8.704227747282017,8.721499999999999,8.666575915760674,8.666575915760674,8.587797708675186
008,2014-10-03 20:16:56,9.2,1,8.253500000000004,8.288810263554039,8.229999999999999,8.257436754518013,8.257436754518015,8.232811773549845
008,2014-10-03 20:21:56,8.9,1,9.167500000000006,9.142749896684592,9.3555,9.221916632228199,9.2219166322282,9.147219358775981
008,2014-10-03 20:26:56,8.7,1,9.132000000000009,8.775461550918305,9.0325,8.979987183639437,8.97998718363944,8.803349017242383
008,2014-10-03 20:31:56,8.4,1,7.949500000000005,7.77002524346576,8.2175,7.979008414488587,7.979008414488589,7.79148266319951
008,2014-10-03 20:36:56,8.1,1,8.434,8.601659598973235,8.437000000000001,8.490886532991079,8.49088653299108,8.435960468872407
008,2014-10-03 20:40:00,8.7,1,8.136500000000003,8.508597363169255,7.996,8.21369912105642,8.21369912105642,8.014420686970423
008,2014-10-03 20:41:56,7.8,1,7.494000000000004,8.052470578686183,7.471,7.6724901928953955,7.672490192895397,7.478991064554054
008,2014-10-03 20:46:56,7.3,1,9.019000000000004,9.247478832720695,9.085,9.117159610906901,9.117159610906901,9.027529991746114
008,2014-10-03 20:51:56,6.9,1,9.279000000000007,8.980571311900048,9.333499999999997,9.197690437300016,9.197690437300018,9.012339202769253
008,2014-10-03 20:56:56,6.3,1,8.093,8.186926523764214,8.325500000000002,8.201808841254739,8.20180884125474,8.104212731020274
008,2014-10-03 21:01:56,5.8,1,8.654499999999997,8.218264052186987,8.703499999999998,8.525421350728994,8.525421350728994,8.264394930342867
008,2014-10-03 21:06:56,5.2,1,7.9340000000000055,8.341098832433087,8.1395,8.13819961081103,8.138199610811032,7.957516280787747
008,2014-10-03 21:11:56,4.6,1,7.967000000000004,8.88929492988266,7.883500000000001,8.24659830996089,8.24659830996089,7.901459077866684
008,2014-10-03 21:16:56,4.1,1,9.13750000000001,8.659839522047116,8.985000000000001,8.92744650734904,8.927446507349044,8.695384207563077
008,2014-10-03 21:21:56,3.7,1,8.292000000000009,8.194972574950457,8.329,8.271990858316821,8.271990858316823,8.205494000816815
008,2014-10-03 21:26:56,3.3,1,9.159500000000003,8.936131301842547,9.186499999999999,9.09404376728085,9.094043767280851,8.959771094239416
008,2014-10-03 21:31:56,3.2,1,8.562500000000004,7.99912570879262,8.639999999999999,8.400541902930875,8.400541902930875,8.058843346395182
008,2014-10-03 21:36:56,3.2,1,8.024000000000006,8.418864810875977,7.98,8.14095493695866,8.140954936958662,7.988552117054695
008,2014-10-03 21:41:56,3.4,1,8.120000000000003,6.832835756435342,8.172,7.708278585478449,7.70827858547845,6.96802440697105
008,2014-10-03 21:46:56,3.8,1,7.688499999999998,7.586596028440043,7.580500000000001,7.618532009480013,7.618532009480015,7.582156832388717
008,2014-10-03 21:51:56,4.2,1,7.650000000000005,7.663285650203351,7.4464999999999995,7.586595216734452,7.586595216734453,7.467923900376992
008,2014-10-03 21:56:56,4.6,1,8.392500000000007,8.37685519610007,8.425500000000001,8.398285065366693,8.398285065366695,8.3788220226664
008,2014-10-03 22:01:56,4.7,1,7.772000000000004,6.899917225257782,7.7280000000000015,7.466639075085929,7.466639075085929,6.986994801125773
008,2014-10-03 22:06:56,4.7,1,7.894000000000003,7.433120232588677,7.803499999999999,7.710206744196227,7.710206744196228,7.47277595434962
008,2014-10-03 22:11:56,4.5,1,7.7020000000000035,6.150071199990451,7.696499999999999,7.182857066663485,7.182857066663486,6.311920221761986
008,2014-10-03 22:16:56,4.3,1,9.47700000000001,8.52872709210856,9.636500000000002,9.214075697369525,9.214075697369525,8.629534475830202
008,2014-10-03 22:21:56,4.1,1,8.998500000000002,8.486535727773834,8.761000000000001,8.748678575924613,8.748678575924613,8.517626358545707
008,2014-10-03 22:26:56,4.0,1,8.769500000000006,8.075716907279558,8.758999999999999,8.534738969093189,8.534738969093189,8.147309918611892
008,2014-10-03 22:31:56,3.9,1,8.459000000000005,8.93629323493486,8.456499999999998,8.617264411644955,8.617264411644955,8.461534493084908
008,2014-10-03 22:36:56,3.9,1,9.007500000000014,8.186761257443179,9.262500000000001,8.818920419147732,8.818920419147732,8.275180469127001
008,2014-10-03 22:41:56,3.9,1,8.634500000000003,8.27487386132967,8.509,8.47279128710989,8.472791287109892,8.300624143347877
008,2014-10-03 22:46:56,3.9,1,9.509500000000006,8.747363798796512,9.521000000000003,9.259287932932173,9.259287932932175,8.8272167609514
008,2014-10-03 22:51:56,3.9,1,9.506000000000006,9.330529021983425,9.618,9.484843007327811,9.484843007327811,9.350007549215526
008,2014-10-03 22:56:56,4.0,1,7.121000000000004,6.115678392708798,7.217,6.817892797569601,6.817892797569601,6.221819456341642
008,2014-10-03 23:00:00,4.9,1,8.661999999999999,8.720638950464917,8.430000000000001,8.604212983488305,8.604212983488306,8.454859225765047
008,2014-10-03 23:01:56,4.0,1,9.1065,8.71080203153005,9.2375,9.01826734384335,9.018267343843352,8.753511652207822
008,2014-10-03 23:06:56,4.1,1,10.111000000000004,9.84129552382692,10.140499999999998,10.03093184127564,10.030931841275642,9.86980816429608
008,2014-10-03 23:11:56,4.2,1,8.838500000000005,7.803191058191905,8.881499999999999,8.507730352730636,8.507730352730638,7.911939525534292
008,2014-10-03 23:16:56,4.2,1,7.822500000000004,7.6272121505754775,7.586500000000001,7.678737383525161,7.678737383525162,7.5927123585146195
008,2014-10-03 23:21:56,4.3,1,8.394000000000004,8.720991258946036,8.657499999999999,8.59083041964868,8.59083041964868,8.422203414117973
008,2014-10-03 23:26:56,4.4,1,8.4695,8.329233132884259,8.5305,8.44307771096142,8.44307771096142,8.34451845485951
008,2014-10-03 23:31:56,4.4,1,7.797000000000004,8.489172641216717,7.885999999999999,8.057390880405574,8.057390880405574,7.812343288598269
008,2014-10-03 23:36:56,4.4,1,8.362000000000002,8.264608284437923,8.415500000000002,8.347369428145976,8.347369428145976,8.275332823942048
008,2014-10-03 23:41:56,4.4,1,7.927000000000003,7.627043895105685,7.711500000000001,7.755181298368563,7.755181298368564,7.638035055473315
008,2014-10-03 23:46:56,4.4,1,8.662500000000005,8.273335786046047,8.599500000000003,8.511778595348686,8.511778595348687,8.30809048673271
008,2014-10-03 23:51:56,4.4,1,7.9325,6.955847961383284,7.759000000000001,7.549115987127762,7.549115987127762,7.041612176579613
008,2014-10-03 23:56:56,4.4,1,7.158999999999999,6.740982138158923,7.189000000000001,7.02966071271964,7.029660712719641,6.785016961927845
008,2014-10-04 00:01:56,4.5,1,8.809500000000007,8.619315656566927,8.888000000000002,8.772271885522311,8.772271885522313,8.639998559271419
008,2014-10-04 00:06:56,4.6,1,8.795000000000002,7.967001162584134,8.7355,8.499167054194713,8.499167054194713,8.047999811062159
008,2014-10-04 00:11:56,4.6,1,8.264000000000003,6.6579442404452776,8.1125,7.678148080148428,7.6781480801484285,6.811641110200843
008,2014-10-04 00:16:56,4.7,1,6.8210000000000015,5.82024889409508,6.849,6.496749631365027,6.496749631365028,5.925231772246126
008,2014-10-04 00:21:56,4.8,1,8.5615,6.932620433625809,8.347499999999998,7.947206811208602,7.947206811208604,7.082791209672291
008,2014-10-04 00:26:56,4.9,1,7.6645000000000065,8.030670464703432,7.740500000000001,7.811890154901146,7.811890154901147,7.675353151008203
008,2014-10-04 00:31:56,5.1,1,7.782000000000004,8.196698655215256,7.8975,7.958732885071753,7.958732885071754,7.79707609253524
008,2014-10-04 00:36:56,5.2,1,9.432000000000004,9.556741722465459,9.3875,9.45874724082182,9.458747240821822,9.393403198317701
008,2014-10-04 00:41:56,5.3,1,7.350499999999999,6.550052617042956,7.504,7.134850872347651,7.134850872347652,6.635333859549768
008,2014-10-04 00:46:56,5.4,1,7.874000000000003,7.673761923645301,7.9275,7.825087307881769,7.825087307881769,7.695246691061053
008,2014-10-04 00:51:56,5.4,1,8.176500000000003,6.7540810814421555,8.503,7.811193693814052,7.811193693814054,6.906165656889773
008,2014-10-04 00:56:56,5.4,1,8.209499999999997,8.025623295608213,7.7829999999999995,8.006041098536071,8.006041098536071,7.810223058109676
008,2014-10-04 01:01:56,5.4,1,9.029999999999996,7.253578613941727,9.046000000000001,8.443192871313906,8.44319287131391,7.439595447705788
008,2014-10-04 01:06:56,5.3,1,9.114000000000003,7.67895585968168,8.9955,8.596151953227228,8.59615195322723,7.8178833611796685
008,2014-10-04 01:11:56,5.1,1,8.210999999999995,6.488585452998985,8.431999999999999,7.710528484332992,7.710528484332993,6.671001859343312
008,2014-10-04 01:16:56,4.9,1,8.020000000000003,6.626916579640499,7.731999999999998,7.459638859880166,7.459638859880168,6.745415152556304
008,2014-10-04 01:21:56,4.6,1,7.761999999999996,6.879725688262212,7.6665,7.436075229420736,7.436075229420737,6.96299639534281
008,2014-10-04 01:26:56,4.4,1,8.243499999999997,5.846652320618939,8.2245,7.438217440206313,7.438217440206313,6.095622955850771
008,2014-10-04 01:31:56,4.3,1,7.903000000000003,7.9164501637098486,8.0605,7.959983387903283,7.959983387903285,7.905847712248266
008,2014-10-04 01:36:56,4.2,1,7.656499999999998,6.116529618370193,7.6110000000000015,7.128009872790064,7.128009872790065,6.273342527289656
008,2014-10-04 01:41:56,4.1,1,8.479499999999996,7.417273891346524,8.5615,8.152757963782173,8.152757963782175,7.529228548272669
008,2014-10-04 01:46:56,4.1,1,7.691499999999998,6.5174526382078755,7.941500000000001,7.383484212735958,7.383484212735959,6.6427865148231025
008,2014-10-04 01:51:56,4.2,1,7.3445,6.558244958446163,7.312,7.0715816528153885,7.0715816528153885,6.637431047687912
008,2014-10-04 01:56:56,4.2,1,8.150000000000004,7.1840821143505424,7.980500000000001,7.771527371450183,7.771527371450183,7.269101773545463
008,2014-10-04 02:01:56,4.2,1,7.649500000000004,7.575625358388234,7.602,7.609041786129413,7.609041786129414,7.578859786652322
008,2014-10-04 02:06:56,4.2,1,8.077999999999998,6.536013789178064,7.9185,7.51083792972602,7.510837929726021,6.682250433262285
008,2014-10-04 02:11:56,4.2,1,8.310499999999996,6.3675161788655155,8.251500000000002,7.643172059621837,7.643172059621839,6.56521665648464
008,2014-10-04 02:16:56,4.3,1,7.218500000000005,6.01460992977784,7.0280000000000005,6.753703309925949,6.75370330992595,6.122540150650321
008,2014-10-04 02:21:56,4.3,1,7.834499999999999,6.450810976725246,7.826999999999999,7.370770325575081,7.370770325575083,6.594868782006735
008,2014-10-04 02:26:56,4.4,1,7.685500000000001,6.8408729083042505,7.872999999999999,7.466457636101417,7.466457636101418,6.931116421656953
008,2014-10-04 02:31:56,4.6,1,8.714000000000004,8.570969362384034,8.579500000000001,8.621489787461348,8.621489787461348,8.573206874323898
008,2014-10-04 02:36:56,4.7,1,7.297500000000001,6.27823479490891,7.315500000000001,6.963744931636303,6.963744931636304,6.385054697620536
008,2014-10-04 02:41:56,4.8,1,6.9155000000000015,6.350171642659523,6.9365000000000006,6.734057214219842,6.734057214219843,6.409528723052132
008,2014-10-04 02:46:56,4.9,1,7.637500000000002,6.945109375792832,7.494000000000001,7.358869791930945,7.358869791930945,7.003971669957694
008,2014-10-04 02:51:56,5.0,1,7.1925,6.315707808691172,7.0889999999999995,6.86573593623039,6.865735936230392,6.397647958437222
008,2014-10-04 02:56:56,5.1,1,7.420999999999999,6.017637131469188,7.2405,6.893045710489729,6.89304571048973,6.147383296024229
008,2014-10-04 03:01:56,5.0,1,7.837999999999995,7.2758258306541395,8.0645,7.726108610218045,7.726108610218046,7.336907906353954
008,2014-10-04 03:06:56,4.9,1,7.757,7.0920606042513485,7.627499999999999,7.492186868083782,7.492186868083783,7.149375573132267
008,2014-10-04 03:11:56,4.8,1,7.886000000000007,6.274779406474663,7.771,7.310593135491557,7.310593135491557,6.432470430078442
008,2014-10-04 03:16:56,4.7,1,7.837000000000004,6.1441005787349114,7.625000000000001,7.202033526244972,7.202033526244973,6.301158635504248
008,2014-10-04 03:21:56,4.6,1,8.160499999999999,6.236151544883695,8.132,7.509550514961231,7.509550514961232,6.434788351459416
008,2014-10-04 03:26:56,4.5,1,8.4015,6.035489928545065,8.415000000000001,7.617329976181689,7.61732997618169,6.2831670624023035
008,2014-10-04 03:31:56,4.4,1,8.704,7.115796356018542,8.507,8.108932118672847,8.108932118672849,7.26332005539454
008,2014-10-04 03:36:56,4.2,1,8.170999999999998,6.459171971515364,7.948999999999999,7.526390657171787,7.526390657171787,6.617264177513466
008,2014-10-04 03:41:56,4.1,1,8.210000000000003,6.144648120205628,8.1165,7.490382706735211,7.490382706735211,6.35188673144704
008,2014-10-04 03:46:56,4.0,1,7.890500000000002,6.6954947751027305,7.8845,7.490164925034244,7.490164925034245,6.81995360758846
008,2014-10-04 03:51:56,3.9,1,8.62,6.115653695854452,8.445500000000003,7.727051231951485,7.727051231951486,6.361157221080398
008,2014-10-04 03:56:56,3.8,1,8.460000000000006,6.28783108804215,8.222000000000001,7.656610362680719,7.656610362680721,6.492572145369331
008,2014-10-04 04:01:56,3.7,1,7.979000000000001,6.590435834854192,8.0695,7.546311944951398,7.546311944951398,6.736618380619886
008,2014-10-04 04:06:56,3.5,1,8.440500000000005,6.025106197913118,8.328499999999998,7.598035399304375,7.598035399304376,6.267217148780667
008,2014-10-04 04:11:56,3.3,1,8.223999999999997,6.490112317307682,8.305,7.67303743910256,7.67303743910256,6.672329092376269
008,2014-10-04 04:16:56,3.2,1,7.396000000000003,6.688361192337153,7.320499999999998,7.134953730779052,7.134953730779052,6.755253268941651
008,2014-10-04 04:21:56,3.1,1,8.214500000000001,6.714073311214981,8.141,7.689857770404994,7.689857770404995,6.864099508941149
008,2014-10-04 04:26:56,3.0,1,8.502500000000003,6.892205713456794,8.2105,7.868401904485599,7.8684019044856,7.033051322768353
008,2014-10-04 04:31:56,3.0,1,7.748000000000002,6.340244753622843,7.900500000000001,7.329581584540949,7.329581584540949,6.489055152717798
008,2014-10-04 04:36:56,3.0,1,7.459500000000002,6.8996214656172485,7.4510000000000005,7.270040488539084,7.270040488539085,6.9573940556283285
008,2014-10-04 04:41:56,3.2,1,8.309999999999997,6.421318671065071,8.263,7.664772890355022,7.664772890355024,6.614473280293823
008,2014-10-04 04:46:56,3.3,1,8.7415,7.44396473140326,8.601500000000001,8.26232157713442,8.262321577134422,7.566471041921728
008,2014-10-04 04:51:56,3.6,1,8.535000000000004,8.344539011829282,8.320500000000001,8.400013003943096,8.400013003943096,8.32491967452823
008,2014-10-04 04:56:56,3.8,1,7.380499999999997,6.502936389955668,7.452499999999999,7.111978796651887,7.111978796651889,6.595470863294849
008,2014-10-04 05:01:56,4.1,1,8.849500000000004,8.350913539810332,9.224,8.808137846603445,8.808137846603447,8.406822796318242
008,2014-10-04 05:06:56,4.2,1,7.738499999999996,6.638006982693336,7.638500000000001,7.338335660897777,7.338335660897778,6.743682858506942
008,2014-10-04 05:11:56,4.3,1,7.825999999999996,7.365813227050812,8.105,7.7656044090169365,7.765604409016937,7.416749943382692
008,2014-10-04 05:16:56,4.3,1,6.739500000000004,5.69349470576134,6.7915,6.408164901920448,6.408164901920449,5.803452271427568
008,2014-10-04 05:21:56,4.2,1,6.844999999999996,6.104696312210877,6.985999999999999,6.645232104070291,6.645232104070292,6.183560063058611
008,2014-10-04 05:26:56,4.2,1,6.5729999999999995,6.652136929943629,6.467000000000001,6.564045643314543,6.564045643314545,6.4788815444873755
008,2014-10-04 05:31:56,4.1,1,8.0605,8.853192063055651,8.072,8.328564021018549,8.32856402101855,8.06951510001415
008,2014-10-04 05:36:56,3.9,1,6.454499999999999,5.9326177760625685,6.24,6.209039258687523,6.209039258687523,5.966922424299594
008,2014-10-04 05:41:56,3.8,1,10.283500000000005,7.4420075799367655,10.035,9.25350252664559,9.25350252664559,7.715782581818875
008,2014-10-04 05:46:56,3.8,1,7.050500000000004,7.708052329557369,7.032,7.2635174431857905,7.263517443185791,7.0405110727387505
008,2014-10-04 05:51:56,3.7,1,7.842999999999997,7.896378789987317,7.672000000000001,7.803792929995772,7.8037929299957725,7.690424542212492
008,2014-10-04 05:56:56,3.7,1,8.4565,7.922759129071618,8.368999999999998,8.24941970969054,8.24941970969054,7.9703217652472285
008,2014-10-04 06:01:56,3.7,1,8.341500000000002,7.667608015095197,8.446,8.1517026716984,8.1517026716984,7.739158488400321
008,2014-10-04 06:06:56,3.8,1,8.006500000000003,6.791173779156654,7.98,7.5925579263855525,7.592557926385553,6.915818883469579
008,2014-10-04 06:11:56,3.8,1,6.498500000000003,5.805578239847099,6.3725,6.2255260799490335,6.225526079949034,5.8661520288843745
008,2014-10-04 06:16:56,3.8,1,7.223499999999998,6.9969625681112095,6.9205,7.046987522703735,7.046987522703737,6.930765216542217
008,2014-10-04 06:21:56,3.8,1,8.392000000000001,9.423274463409316,8.534999999999998,8.783424821136437,8.783424821136439,8.41584401870839
008,2014-10-04 06:26:56,3.8,1,7.116499999999993,7.627817711894144,7.3309999999999995,7.358439237298046,7.358439237298047,7.141910088230379
008,2014-10-04 06:31:56,3.8,1,9.514,8.662876557025236,9.497,9.224625519008411,9.224625519008413,8.75031613354371
008,2014-10-04 06:36:56,3.8,1,6.632999999999994,7.096153102704654,6.544999999999999,6.758051034234882,6.758051034234883,6.5588384689189185
008,2014-10-04 06:41:56,3.9,1,8.601,9.062111840558467,8.7465,8.803203946852824,8.803203946852824,8.619378953215444
008,2014-10-04 06:46:56,4.0,1,7.9285000000000005,8.333381390207663,7.968,8.076627130069221,8.076627130069221,7.936286473523995
008,2014-10-04 06:51:56,4.1,1,6.580500000000001,5.456123974381701,6.6575000000000015,6.231374658127234,6.231374658127235,5.574531022506488
008,2014-10-04 06:56:56,4.2,1,7.260000000000004,6.883544131347419,7.23,7.124514710449141,7.124514710449142,6.920091832085599
008,2014-10-04 07:01:56,4.2,1,6.5219999999999985,7.285902921377949,6.563,6.790300973792649,6.79030097379265,6.533518625277035
008,2014-10-04 07:06:56,4.3,1,7.754999999999999,7.860995167584802,7.73,7.781998389194935,7.781998389194935,7.733675559031492
008,2014-10-04 07:11:56,4.3,1,6.791999999999999,7.00162117331883,6.822,6.8718737244396095,6.87187372443961,6.796934940559961
008,2014-10-04 07:16:56,4.3,1,8.083500000000003,8.109263665624193,8.0245,8.072421221874732,8.072421221874732,8.030930470015564
008,2014-10-04 07:21:56,4.4,1,8.187500000000004,6.337388944327466,8.2045,7.576462981442489,7.57646298144249,6.531125507766657
008,2014-10-04 07:26:56,4.4,1,8.980000000000006,7.40792927337823,8.867,8.418309757792745,8.418309757792747,7.561713518376637
008,2014-10-04 07:31:56,4.4,1,9.019999999999998,8.52916936483595,9.039,8.862723121611984,8.862723121611984,8.580712173624413
008,2014-10-04 07:36:56,4.6,1,10.009000000000002,9.382817391890116,9.957,9.782939130630039,9.78293913063004,9.44341084202037
008,2014-10-04 07:41:56,4.7,1,7.797500000000002,6.314656489933287,7.841000000000001,7.317718829977764,7.317718829977764,6.470232945621406
008,2014-10-04 07:46:56,5.0,1,6.6495000000000015,5.859729670807994,6.580500000000001,6.363243223602666,6.363243223602666,5.935829757798643
008,2014-10-04 07:51:56,5.4,1,8.537500000000005,7.968905403664713,8.645,8.383801801221573,8.383801801221574,8.029469212006926
008,2014-10-04 07:56:56,5.8,1,7.714000000000001,6.450428570501872,7.5325,7.232309523500624,7.232309523500625,6.565454530115074
008,2014-10-04 08:01:56,6.2,1,9.673000000000007,9.349580468864428,9.423,9.481860156288144,9.481860156288146,9.359761935491877
007,2014-10-01 09:00:00,5.4,2,7.3565,6.77655691954692,7.0955,7.0761856398489735,7.0761856398489735,6.812536114237541
007,2014-10-01 11:49:59,3.8,2,6.170500000000003,4.98498390468123,6.0775000000000015,5.744327968227078,5.744327968227079,5.100217630084343
007,2014-10-01 11:54:59,4.0,2,6.5005,7.235459767387781,6.661999999999999,6.799319922462594,6.799319922462594,6.523131421191351
007,2014-10-01 11:59:59,4.2,2,7.489000000000004,6.684037874811614,7.2855,7.1528459582705395,7.15284595827054,6.74900042516303
007,2014-10-01 12:00:00,5.4,2,6.529500000000001,7.055647877691573,6.5775,6.720882625897192,6.720882625897191,6.539303444899756
007,2014-10-01 12:04:59,4.5,2,6.860000000000001,5.7864456007896585,6.731000000000002,6.459148533596554,6.459148533596555,5.886558938164966
007,2014-10-01 12:09:59,4.9,2,6.966500000000004,5.548221141406615,6.921,6.478573713802207,6.4785737138022075,5.692302160615123
007,2014-10-01 12:14:59,5.4,2,7.308000000000005,5.624374640865272,7.304499999999999,6.745624880288425,6.745624880288426,5.800191570775705
007,2014-10-01 12:19:59,6.0,2,7.064000000000001,6.059101656994711,7.0355,6.719533885664904,6.719533885664904,6.161541644514933
007,2014-10-01 12:24:59,6.5,2,7.943000000000008,6.944054082229681,7.958999999999999,7.6153513607432295,7.6153513607432295,7.048728093846199
007,2014-10-01 12:29:59,7.2,2,6.7930000000000055,6.191348282410798,6.933499999999999,6.6392827608036,6.639282760803602,6.255700668733341
007,2014-10-01 12:34:59,7.7,2,8.100999999999997,7.9637218607606135,7.8740000000000006,7.979573953586869,7.979573953586871,7.884759867751101
007,2014-10-01 12:39:59,8.2,2,7.393000000000004,6.9451303429724565,7.428499999999999,7.2555434476574865,7.255543447657487,6.992343389744137
007,2014-10-01 12:44:59,8.5,2,8.080500000000004,6.644647730468099,7.9319999999999995,7.552382576822701,7.552382576822702,6.7808210530879265
007,2014-10-01 12:49:59,8.7,2,6.082499999999999,5.360791948892455,6.1345,5.859263982964151,5.859263982964152,5.436820144376698
007,2014-10-01 12:54:59,8.8,2,6.931500000000001,5.433758696014487,7.145499999999999,6.503586232004829,6.50358623200483,5.592598822876884
007,2014-10-01 12:59:59,8.8,2,7.951000000000001,7.573524210583637,8.147,7.890508070194547,7.890508070194547,7.61497734863867
007,2014-10-01 13:04:59,8.6,2,6.601000000000003,6.626349771598881,6.531499999999999,6.586283257199628,6.586283257199629,6.539024886164683
007,2014-10-01 13:09:59,8.4,2,6.453499999999999,5.4521450103084055,6.3309999999999995,6.078881670102802,6.078881670102802,5.545319593331758
007,2014-10-01 13:14:59,8.1,2,7.997500000000005,6.653282166141417,8.051,7.56726072204714,7.567260722047141,6.794455008294679
007,2014-10-01 13:19:59,7.8,2,7.759500000000006,9.088165164845142,7.7275,8.191721721615048,8.19172172161505,7.744134629063677
007,2014-10-01 13:24:59,7.5,2,7.923000000000005,5.961895264462389,7.989000000000001,7.291298421487465,7.291298421487466,6.167734463320994
007,2014-10-01 13:29:59,7.1,2,9.16300000000001,9.053928971280492,9.265999999999998,9.160976323760167,9.160976323760167,9.066370450680756
007,2014-10-01 13:34:59,6.8,2,7.162000000000005,8.040411056350898,7.164,7.4554703521169685,7.4554703521169685,7.170973359151962
007,2014-10-01 13:39:59,6.4,2,6.7639999999999985,6.118080832988943,6.684,6.522026944329647,6.522026944329649,6.178089726426357
007,2014-10-01 13:44:59,6.1,2,8.752000000000004,7.156527925409471,9.002000000000002,8.303509308469826,8.303509308469827,7.325953065170566
007,2014-10-01 13:49:59,5.9,2,6.623999999999999,7.84150391004879,6.626,7.030501303349596,7.030501303349597,6.636364287688936
007,2014-10-01 13:54:59,5.7,2,6.332500000000001,6.909200061760147,6.382000000000001,6.54123335392005,6.54123335392005,6.34295090318178
007,2014-10-01 13:59:59,5.5,2,7.226500000000002,7.1192876326510905,7.002999999999999,7.11626254421703,7.116262544217031,7.016238635166801
007,2014-10-01 14:04:59,5.3,2,6.519500000000002,5.659491944094944,6.526,6.234997314698315,6.234997314698316,5.749534679972559
007,2014-10-01 14:09:59,5.2,2,6.508500000000002,5.816448617240695,6.322499999999999,6.215816205746898,6.2158162057469,5.871253886003903
007,2014-10-01 14:14:59,5.1,2,6.565500000000003,6.36890729736556,6.4689999999999985,6.467802432455187,6.467802432455188,6.380344425735844
007,2014-10-01 14:19:59,5.1,2,6.590000000000001,6.532420376995624,6.608499999999999,6.576973458998541,6.576973458998542,6.538629604414245
007,2014-10-01 14:24:59,5.0,2,6.471000000000003,6.383140974315043,6.420999999999999,6.4250469914383475,6.425046991438349,6.387601948157408
007,2014-10-01 14:29:59,5.0,2,6.908499999999998,5.877659355007795,6.636,6.474053118335931,6.474053118335932,5.959725209772883
007,2014-10-01 14:34:59,5.1,2,6.7304999999999975,5.760910974699602,6.744,6.411803658233199,6.4118036582332,5.86248854216079
007,2014-10-01 14:39:59,5.1,2,6.176,5.998734102880669,6.4095,6.194744700960224,6.194744700960224,6.019615422257091
007,2014-10-01 14:44:59,5.2,2,6.1065,5.414991232704047,5.9825,5.834663744234682,5.834663744234683,5.475606436949369
007,2014-10-01 14:49:59,5.3,2,8.183000000000003,7.151609965107172,8.0395,7.791369988369058,7.791369988369059,7.245939833358003
007,2014-10-01 14:54:59,5.5,2,7.549000000000003,7.691655260713008,7.761,7.6672184202376705,7.667218420237671,7.564618653362574
007,2014-10-01 14:59:59,5.7,2,6.576000000000004,6.541459239927973,6.6695,6.5956530799759925,6.595653079975993,6.546008042572531
007,2014-10-01 15:04:59,5.9,2,6.763499999999998,7.3915895962627856,6.493499999999999,6.882863198754261,6.882863198754262,6.5280294554036065
007,2014-10-01 15:09:59,6.1,2,7.865000000000002,7.724028901725189,7.6815,7.756842967241731,7.756842967241731,7.687359267309944
007,2014-10-01 15:14:59,6.2,2,8.418500000000005,8.392601505652971,8.714500000000001,8.50853383521766,8.50853383521766,8.398271117345539
007,2014-10-01 15:19:59,6.2,2,7.294500000000004,7.977850623139304,7.1835,7.485283541046435,7.485283541046437,7.201946802890461
007,2014-10-01 15:24:59,6.3,2,7.761000000000005,8.118648039310267,7.700500000000001,7.860049346436758,7.8600493464367585,7.710406250193765
007,2014-10-01 15:29:59,6.3,2,7.923000000000001,7.721495513843876,7.8065,7.816998504614626,7.816998504614626,7.731554048213988
007,2014-10-01 15:34:59,6.4,2,7.978999999999997,8.43732307584809,7.9305,8.115607691949362,8.115607691949362,7.940157509028432
007,2014-10-01 15:39:59,6.5,2,7.355500000000003,8.87752581051176,7.435499999999999,7.88950860350392,7.889508603503922,7.3782902016431855
007,2014-10-01 15:44:59,6.7,2,8.147500000000004,8.286576354603728,8.376,8.270025451534577,8.270025451534579,8.162945001897883
007,2014-10-01 15:49:59,6.9,2,7.285499999999998,6.589562707956792,7.2595,7.044854235985596,7.044854235985597,6.659914424312391
007,2014-10-01 15:54:59,7.0,2,7.825000000000002,7.548552883170194,7.885499999999999,7.7530176277233975,7.753017627723398,7.578080967659283
007,2014-10-01 15:59:59,7.2,2,6.329500000000003,7.359818418434427,6.2945,6.661272806144811,6.661272806144811,6.308465034482248
007,2014-10-01 16:04:59,7.3,2,7.6854999999999976,7.76081164218797,7.9575,7.80127054739599,7.80127054739599,7.695346310989022
007,2014-10-01 16:09:59,7.4,2,7.270500000000002,6.87520421230947,7.2855,7.14373473743649,7.143734737436492,6.916711755107043
007,2014-10-01 16:14:59,7.5,2,8.239000000000004,8.460657493300674,8.206,8.301885831100225,8.301885831100227,8.211669176642456
007,2014-10-01 16:19:59,7.7,2,7.816000000000002,8.062026652483189,8.0605,7.9795088841610635,7.9795088841610635,7.841595906463052
007,2014-10-01 16:20:00,7.2,2,7.713000000000002,8.472798311679167,7.901500000000001,8.02909943722639,8.02909943722639,7.738434662578364
007,2014-10-01 16:24:59,7.8,2,6.719499999999998,6.907338866979793,6.628000000000001,6.7516129556599305,6.751612955659932,6.639451511591462
007,2014-10-01 16:29:59,7.9,2,8.240500000000008,9.038822009641235,8.2135,8.49760733654708,8.497607336547082,8.224308076040508
007,2014-10-01 16:34:59,8.0,2,9.07900000000001,9.304211333135889,9.087499999999999,9.156903777711966,9.156903777711966,9.082056419832284
007,2014-10-01 16:39:59,8.0,2,7.119000000000002,7.117671166817986,6.97,7.068890388939329,7.068890388939329,6.985463279937657
007,2014-10-01 16:44:59,8.2,2,7.309000000000002,7.677136817467152,7.309000000000001,7.431712272489051,7.431712272489052,7.312681368174671
007,2014-10-01 16:49:59,8.2,2,9.315500000000005,8.517184023801617,9.5805,9.137728007933875,9.137728007933875,8.603357269380597
007,2014-10-01 16:54:59,8.1,2,9.923000000000004,8.648846489568076,9.909500000000001,9.49378216318936,9.49378216318936,8.780876473360362
007,2014-10-01 16:59:59,8.0,2,10.478500000000004,8.990896548273891,10.983500000000003,10.150965516091299,10.1509655160913,9.151586009498681
007,2014-10-01 17:04:59,7.9,2,8.832500000000008,9.57026685104787,8.940000000000001,9.11425561701596,9.114255617015962,8.850049780139763
007,2014-10-01 17:09:59,7.8,2,8.334500000000002,9.295013493269826,8.4955,8.708337831089942,8.708337831089944,8.35933964630306
007,2014-10-01 17:14:59,7.9,2,10.380000000000011,12.288895425026475,10.4525,11.040465141675496,11.040465141675497,10.405949215581646
007,2014-10-01 17:19:59,8.2,2,11.820500000000003,9.682391243896232,11.706,11.069630414632078,11.06963041463208,9.895254881792848
007,2014-10-01 17:24:59,8.4,2,7.761,8.718809192209658,7.842,8.107269730736553,8.107269730736554,7.7782426597543886
007,2014-10-01 17:29:59,8.9,2,8.466500000000007,8.198226483219955,8.4755,8.380075494406654,8.380075494406656,8.226384410572553
007,2014-10-01 17:34:59,9.3,2,7.877000000000006,7.612500331430517,7.9265,7.8053334438101745,7.805333443810175,7.640668422577569
007,2014-10-01 17:39:59,9.7,2,7.9255,9.260973733408386,7.9205,8.368991244469463,8.368991244469463,7.93437785880521
007,2014-10-01 17:44:59,10.0,2,8.096500000000006,7.8244055475045755,7.948999999999999,7.956635182501526,7.956635182501528,7.838916154161364
007,2014-10-01 17:49:59,10.3,2,7.0955,6.914195204089917,6.9445000000000014,6.98473173469664,6.98473173469664,6.918875821973666
007,2014-10-01 17:54:59,10.5,2,8.61800000000001,8.841704830590501,8.8155,8.758401610196836,8.758401610196838,8.638925346415517
007,2014-10-01 17:59:59,10.7,2,7.493999999999996,7.662843654075998,7.365000000000001,7.507281218025333,7.507281218025333,7.380184970495893
007,2014-10-01 18:04:59,10.7,2,9.450500000000003,9.005902285630544,9.315000000000003,9.257134095210183,9.257134095210185,9.03959641584327
007,2014-10-01 18:09:59,10.7,2,10.381999999999998,8.598152263718271,10.478499999999999,9.819550754572754,9.819550754572756,8.785751074133135
007,2014-10-01 18:14:59,10.7,2,9.331499999999998,8.690108222550247,9.923,9.314869407516747,9.314869407516749,8.763128384588192
007,2014-10-01 18:15:00,11.0,2,8.321500000000002,8.133147364111606,8.468,8.307549121370537,8.307549121370537,8.154318625707006
007,2014-10-01 18:19:59,10.7,2,9.187500000000005,8.415593390106167,9.116,8.906364463368725,8.906364463368725,8.489587937337431
007,2014-10-01 18:24:59,10.6,2,9.738000000000007,9.275312511049034,9.4365,9.483270837016347,9.483270837016349,9.295191638318563
007,2014-10-01 18:29:59,10.5,2,10.674500000000009,9.776982964299659,10.5055,10.318994321433223,10.318994321433223,9.854893544991317
007,2014-10-01 18:34:59,10.4,2,8.647500000000003,9.122007715220793,8.736500000000001,8.835335905073599,8.8353359050736,8.66066663933831
007,2014-10-01 18:39:59,10.2,2,7.863500000000003,7.348588328164126,7.915,7.709029442721376,7.709029442721377,7.4029755984186085
007,2014-10-01 18:44:59,10.0,2,7.582500000000007,8.150355815233441,7.679000000000001,7.803951938411149,7.80395193841115,7.5973098025451336
007,2014-10-01 18:49:59,9.9,2,7.8365000000000045,8.500248570585619,7.804999999999998,8.04724952352854,8.04724952352854,7.814933150973967
007,2014-10-01 18:54:59,9.8,2,7.837999999999997,8.002283769939156,8.074499999999999,7.971594589979717,7.971594589979718,7.85591023578325
007,2014-10-01 18:59:59,9.6,2,6.056500000000001,5.837938994333154,6.038,5.977479664777718,5.977479664777719,5.859055235853161
007,2014-10-01 19:04:59,9.5,2,6.466500000000002,6.5683881330340785,6.365000000000002,6.466629377678028,6.466629377678029,6.376638247194265
007,2014-10-01 19:09:59,9.4,2,6.5280000000000005,7.1119183361859815,6.417000000000001,6.685639445395328,6.685639445395328,6.434452480020928
007,2014-10-01 19:14:59,9.3,2,6.820999999999998,7.5280013615366475,7.065500000000002,7.1381671205122155,7.138167120512216,6.851205653553584
007,2014-10-01 19:19:59,9.2,2,6.900999999999999,7.506907653250089,6.8255,7.077802551083363,7.077802551083364,6.83945821074655
007,2014-10-01 19:24:59,9.1,2,6.3625000000000025,6.879981243409731,6.3985,6.546993747803245,6.546993747803246,6.371081287026228
007,2014-10-01 19:29:59,9.0,2,7.176000000000005,6.82241279788802,6.961,6.9864709326293415,6.986470932629342,6.839062386097719
007,2014-10-01 19:34:59,9.0,2,6.500999999999998,7.6131258357394955,6.7685,6.960875278579831,6.960875278579832,6.5374332570628075
007,2014-10-01 19:39:59,9.0,2,6.26,6.3814232306113094,6.3469999999999995,6.32947441020377,6.32947441020377,6.26944654590376
007,2014-10-01 19:44:59,8.9,2,7.515500000000003,6.11692883208895,7.505000000000001,7.045809610696318,7.045809610696319,6.262259798366903
007,2014-10-01 19:49:59,8.8,2,6.009000000000003,6.121485542944903,6.046,6.0588285143149685,6.058828514314969,6.013625954315806
007,2014-10-01 19:54:59,8.7,2,7.160500000000006,6.511382984184166,7.0445,6.905460994728057,6.905460994728058,6.568319975703691
007,2014-10-01 19:59:59,8.6,2,6.9415,6.216291600346251,6.935,6.697597200115417,6.697597200115418,6.291550959414217
007,2014-10-01 20:04:59,8.5,2,6.976000000000002,6.523960960812513,6.8115000000000006,6.770486986937506,6.770486986937506,6.555689529849882
007,2014-10-01 20:09:59,8.5,2,7.298500000000003,5.7618595706055435,7.087999999999998,6.716119856868516,6.716119856868516,5.902711077075311
007,2014-10-01 20:14:59,8.4,2,7.352500000000004,6.3505731942195665,7.3485000000000005,7.017191064739857,7.017191064739857,6.455020581963405
007,2014-10-01 20:19:59,8.4,2,6.680500000000002,7.075089923054077,6.81,6.855196641018026,6.855196641018027,6.696699745332789
007,2014-10-01 20:24:59,8.4,2,6.983,7.224841145621934,7.1025,7.1034470485406445,7.103447048540645,6.996726014616207
007,2014-10-01 20:29:59,8.4,2,8.057000000000006,7.897079677870977,8.0325,7.995526559290329,7.995526559290329,7.911492933497561
007,2014-10-01 20:34:59,8.3,2,8.238,7.732113453885318,8.6565,8.208871151295106,8.208871151295106,7.789226476730919
007,2014-10-01 20:39:59,8.3,2,8.782500000000002,8.884113883102309,8.8335,8.833371294367437,8.833371294367439,8.788341977836541
007,2014-10-01 20:44:59,8.2,2,7.303999999999995,7.485772971032765,7.321500000000001,7.370424323677587,7.370424323677589,7.3074736548592725
007,2014-10-01 20:49:59,8.0,2,8.3725,9.186981085674004,8.2815,8.613660361891334,8.613660361891336,8.299165621631289
007,2014-10-01 20:54:59,8.0,2,7.0995000000000035,6.70263546477853,7.1350000000000025,6.979045154926179,6.97904515492618,6.744512136679347
007,2014-10-01 20:59:59,7.9,2,7.1519999999999975,7.2490010429715594,7.3065,7.2358336809905195,7.2358336809905195,7.1627236552303515
007,2014-10-01 21:00:00,8.7,2,7.166999999999998,7.113304591635641,7.161999999999999,7.147434863878547,7.147434863878547,7.118449314367799
007,2014-10-01 21:04:59,7.9,2,7.231,6.36053651703065,7.307500000000002,6.966345505676884,6.966345505676885,6.452373144585697
007,2014-10-01 21:09:59,7.9,2,6.431500000000003,6.517113990622522,6.432500000000001,6.460371330207509,6.46037133020751,6.432450764200452
007,2014-10-01 21:14:59,7.9,2,7.980000000000007,6.870646939115889,8.254,7.701548979705298,7.701548979705299,6.989452220158181
007,2014-10-01 21:19:59,8.0,2,7.601000000000006,7.094066513138119,7.6594999999999995,7.451522171046041,7.451522171046043,7.147689071420494
007,2014-10-01 21:24:59,8.1,2,8.830500000000011,9.644631704788575,8.882,9.119043901596195,9.119043901596196,8.843514468200524
007,2014-10-01 21:29:59,8.2,2,6.696500000000001,6.644913091671391,6.7425,6.694637697223797,6.694637697223799,6.6507703355465635
007,2014-10-01 21:34:59,8.3,2,6.886000000000005,7.1710154417319405,7.037999999999999,7.031671813910648,7.031671813910649,6.9032330471396515
007,2014-10-01 21:39:59,8.4,2,7.243499999999998,6.479204746828386,7.164499999999999,6.9624015822761285,6.9624015822761285,6.551693279027793
007,2014-10-01 21:44:59,8.6,2,7.228,7.070779333696072,7.143,7.14725977789869,7.147259777898691,7.0791853699366385
007,2014-10-01 21:49:59,8.8,2,6.555000000000007,5.8152508514847785,6.6695,6.3465836171615955,6.3465836171615955,5.8937915840523605
007,2014-10-01 21:54:59,9.2,2,6.988000000000003,4.884537064991204,7.068500000000003,6.313679021663737,6.313679021663737,5.105415389996747
007,2014-10-01 21:59:59,9.5,2,5.902000000000002,6.9510532904310125,5.949000000000001,6.267351096810338,6.267351096810339,5.916937874732925
007,2014-10-01 22:04:59,9.8,2,6.646499999999998,6.540781738229667,6.7915,6.6595939127432215,6.6595939127432215,6.55329243675417
007,2014-10-01 22:09:59,10.1,2,7.507500000000006,6.500607243678381,7.554000000000001,7.187369081226129,7.18736908122613,6.606417687669655
007,2014-10-01 22:14:59,10.3,2,7.3700000000000045,7.311540636592088,7.594499999999999,7.425346878864031,7.4253468788640316,7.319901906229532
007,2014-10-01 22:19:59,10.5,2,7.468500000000007,6.818459476427871,7.5945,7.29381982547596,7.2938198254759605,6.887729507424809
007,2014-10-01 22:24:59,10.6,2,7.585500000000004,6.82134590374514,7.6685,7.358448634581715,7.358448634581715,6.9021249867456
007,2014-10-01 22:29:59,10.7,2,7.195000000000009,7.734282726307567,7.440500000000001,7.4565942421025255,7.456594242102526,7.223623091495529
007,2014-10-01 22:34:59,10.6,2,7.3090000000000055,7.226836817800683,7.273000000000001,7.26961227260023,7.269612272600231,7.232026608157504
007,2014-10-01 22:39:59,10.6,2,7.806500000000005,6.282182708838754,7.754000000000001,7.280894236279586,7.280894236279587,6.436695554155909
007,2014-10-01 22:44:59,10.6,2,6.683500000000006,5.729216819064177,6.694500000000001,6.369072273021395,6.369072273021395,5.82916802336119
007,2014-10-01 22:49:59,10.6,2,6.317000000000005,7.96215717834201,6.374,6.8843857261140045,6.884385726114006,6.338845156554296
007,2014-10-01 22:54:59,10.6,2,6.158000000000005,5.717279405756803,6.025,5.966759801918935,5.966759801918936,5.7508044557482565
007,2014-10-01 22:59:59,10.7,2,6.096000000000001,5.89900492143436,6.2095,6.068168307144788,6.068168307144788,5.920750392495255
007,2014-10-01 23:04:59,10.7,2,6.230000000000003,5.454764161411956,6.107,5.930588053803986,5.930588053803987,5.524233875693038
007,2014-10-01 23:09:59,10.8,2,6.337500000000008,6.874674463697195,6.636500000000001,6.616224821232401,6.616224821232403,6.371164408610508
007,2014-10-01 23:14:59,10.9,2,6.368000000000006,6.260483533933729,6.547999999999999,6.392161177977911,6.392161177977912,6.273532368313569
007,2014-10-01 23:19:59,11.0,2,6.532000000000003,6.7477963558126355,6.522000000000003,6.60059878527088,6.600598785270881,6.525204206500385
007,2014-10-01 23:24:59,11.1,2,6.462,5.939379728079852,6.403499999999999,6.268293242693285,6.268293242693285,5.988522983965408
007,2014-10-01 23:29:59,11.2,2,6.388500000000006,5.91639673412247,6.491999999999999,6.265632244707493,6.265632244707493,5.966825205116627
007,2014-10-01 23:34:59,11.3,2,7.899000000000001,7.588776463324126,8.0315,7.839758821108042,7.839758821108043,7.622558381901086
007,2014-10-01 23:39:59,11.4,2,6.9035000000000055,5.742819217611929,6.8275000000000015,6.491273072537312,6.491273072537313,5.857063178929629
007,2014-10-01 23:40:00,11.2,2,6.119500000000004,5.6894609203540085,5.895999999999999,5.9016536401180035,5.901653640118004,5.713304925792026
007,2014-10-01 23:44:59,11.4,2,6.488999999999999,6.100602547964158,6.424000000000001,6.337867515988052,6.337867515988053,6.135087778137846
007,2014-10-02 07:54:59,8.5,2,7.9874999999999945,7.400068699376526,7.888000000000001,7.758522899792173,7.758522899792175,7.452113167334958
007,2014-10-02 07:59:59,8.5,2,6.202999999999996,6.293952700252972,5.9225,6.139817566750989,6.13981756675099,5.95275664153288
007,2014-10-02 08:04:59,8.5,2,7.374000000000002,7.1631236898018,7.394999999999999,7.310707896600601,7.310707896600601,7.185396474925237
007,2014-10-02 08:09:59,8.7,2,5.8629999999999995,6.5791573211744545,5.884499999999999,6.1088857737248174,6.108885773724818,5.872195995537598
007,2014-10-02 08:14:59,8.8,2,6.848500000000004,7.107587514256886,6.935,6.96369583808563,6.963695838085631,6.859275876593107
007,2014-10-02 08:19:59,9.0,2,7.308000000000004,6.8857290651097305,7.201500000000001,7.1317430217032465,7.1317430217032465,6.919831376309661
007,2014-10-02 08:24:59,9.4,2,7.565499999999998,7.4845716692843025,7.53,7.5266905564281,7.526690556428101,7.489679576323288
007,2014-10-02 08:29:59,9.9,2,6.942,6.599942015725675,6.8585,6.800147338575226,6.8001473385752265,6.627828462346834
007,2014-10-02 08:34:59,10.5,2,8.121000000000004,7.7150768592852765,8.179,8.00502561976176,8.005025619761762,7.758126281392495
007,2014-10-02 08:39:59,11.2,2,7.658000000000002,6.096260439630617,7.4655,7.073253479876873,7.073253479876874,6.241441162260384
007,2014-10-02 08:44:59,11.9,2,8.513500000000006,8.64229454803058,8.4775,8.544431516010194,8.544431516010196,8.482554420072434
007,2014-10-02 08:49:59,12.5,2,9.799500000000007,10.179664132516313,10.018999999999998,9.999388044172106,9.999388044172107,9.824071673907742
007,2014-10-02 08:54:59,13.0,2,8.133000000000003,10.463546779109292,8.258500000000002,8.9516822597031,8.9516822597031,8.168180816716438
007,2014-10-02 08:59:59,13.4,2,9.825000000000001,9.410078999534727,9.7965,9.67719299984491,9.67719299984491,9.450793023982452
007,2014-10-02 09:04:59,13.5,2,9.29149999999999,9.796818887290028,9.685500000000001,9.591272962430006,9.591272962430008,9.333835160797875
007,2014-10-02 09:09:59,13.4,2,8.4115,8.03883602488512,8.527500000000002,8.325945341628374,8.325945341628374,8.078985730264913
007,2014-10-02 09:14:59,13.1,2,9.643999999999995,9.548808324773116,9.6325,9.608436108257704,9.608436108257704,9.557679507226304
007,2014-10-02 09:19:59,12.7,2,9.447,8.970943972109339,9.919,9.445647990703113,9.445647990703115,9.02547099803936
007,2014-10-02 09:24:59,12.2,2,9.464,8.18874913819691,9.347500000000002,9.000083046065638,9.000083046065638,8.311147629296658
007,2014-10-02 09:29:59,11.8,2,8.027000000000003,6.9731637508963455,8.101,7.700387916965449,7.70038791696545,7.084160624688438
007,2014-10-02 09:34:59,11.3,2,9.685000000000004,8.595251214020118,9.677499999999998,9.319250404673374,9.319250404673374,8.70855572943005
007,2014-10-02 09:39:59,10.9,2,9.662999999999997,10.242775153532968,10.179,10.02825838451099,10.02825838451099,9.717623887355865
007,2014-10-02 09:44:59,10.5,2,9.471499999999999,9.536509453514775,9.914499999999999,9.640836484504923,9.640836484504925,9.48208147365684
007,2014-10-02 09:49:59,10.2,2,8.495999999999999,7.618534311408319,8.6865,8.267011437136105,8.267011437136107,7.712243539784626
007,2014-10-02 09:54:59,9.9,2,9.899999999999997,9.423489524505909,9.885,9.736163174835303,9.736163174835303,9.471924732282314
007,2014-10-02 09:59:59,9.5,2,9.6785,9.449466948712727,9.776999999999997,9.634988982904241,9.634988982904243,9.474414370058048
007,2014-10-02 10:04:59,9.3,2,9.818499999999998,9.975924798628421,9.822999999999999,9.87247493287614,9.872474932876141,9.820500057310296
007,2014-10-02 10:09:59,9.0,2,9.536499999999998,9.848113627935241,9.6355,9.673371209311746,9.673371209311748,9.548983941407707
007,2014-10-02 10:14:59,8.7,2,10.237000000000005,9.016035174064516,10.458,9.90367839135484,9.903678391354841,9.145987757252609
007,2014-10-02 10:19:59,8.4,2,9.5925,9.344074691899216,9.760000000000002,9.56552489729974,9.56552489729974,9.371741014427098
007,2014-10-02 10:24:59,8.2,2,9.263000000000003,8.774140730275786,9.3825,9.139880243425262,9.139880243425266,8.826482286346446
007,2014-10-02 10:29:59,7.9,2,9.844999999999994,9.513425412431102,10.0425,9.800308470810366,9.800308470810366,9.550091169638723
007,2014-10-02 10:34:59,7.5,2,9.596999999999998,9.601203608601658,9.806000000000001,9.668067869533886,9.668067869533887,9.599487763497127
007,2014-10-02 10:39:59,7.3,2,9.962499999999999,8.629925306265935,10.3095,9.633975102088645,9.633975102088645,8.772814993101095
007,2014-10-02 10:44:59,6.9,2,9.448499999999997,7.645024206471522,9.395999999999999,8.829841402157173,8.829841402157173,7.828743813075994
007,2014-10-02 10:49:59,6.7,2,10.563500000000003,10.088133535470451,10.647999999999998,10.433211178490149,10.43321117849015,10.138713416320492
007,2014-10-02 10:54:59,6.4,2,9.613500000000002,8.95427146213813,9.6705,9.412757154046044,9.412757154046046,9.02381278264547
007,2014-10-02 10:59:59,6.1,2,9.204499999999998,7.882440048031901,9.2985,8.7951466826773,8.7951466826773,8.02169963743083
007,2014-10-02 11:00:00,4.4,2,9.163000000000002,8.940058950615159,9.420500000000002,9.174519650205054,9.174519650205056,8.965959000561016
007,2014-10-02 11:04:59,5.8,2,8.991000000000003,7.714502162877731,9.2525,8.652667387625911,8.652667387625913,7.850669848167478
007,2014-10-02 11:09:59,5.6,2,9.001999999999999,8.918951264690742,9.3645,9.09515042156358,9.095150421563583,8.93126518000882
007,2014-10-02 11:14:59,5.4,2,9.185499999999998,8.283534351478318,9.265,8.911344783826104,8.911344783826106,8.378696870870863
007,2014-10-02 11:19:59,5.3,2,9.235000000000001,8.831141139243211,9.232000000000001,9.099380379747737,9.099380379747739,8.873110714634068
007,2014-10-02 11:24:59,5.2,2,8.98,8.129498224384264,9.101,8.736832741461422,8.736832741461424,8.219691372395896
007,2014-10-02 11:29:59,5.1,2,8.403500000000001,7.265287894887677,8.415,8.027929298295893,8.027929298295893,7.3844875330643776
007,2014-10-02 11:34:59,5.0,2,9.625500000000006,8.301125713242168,9.748,9.22487523774739,9.224875237747392,8.440912438285075
007,2014-10-02 11:39:59,5.0,2,10.819000000000003,9.560959059013648,10.349,10.24298635300455,10.242986353004552,9.648107286285422
007,2014-10-02 11:44:59,5.1,2,9.568499999999998,7.44376665685971,9.371999999999998,8.794755552286569,8.79475555228657,7.647471709488523
007,2014-10-02 11:49:59,5.2,2,8.327500000000002,8.033711920591612,8.597999999999999,8.319737306863871,8.319737306863873,8.067154291051683
007,2014-10-02 11:50:00,6.7,2,8.772500000000003,8.224916535189264,8.69,8.56247217839642,8.562472178396423,8.2744005644512
007,2014-10-02 11:54:59,5.2,2,10.182500000000003,10.562617310726392,10.441499999999998,10.395539103575464,10.395539103575466,10.21080886531176
007,2014-10-02 11:59:59,5.3,2,10.664000000000001,9.637946615938011,10.581,10.294315538646005,10.294315538646005,9.737442910662798
007,2014-10-02 12:04:59,5.4,2,11.6945,9.851461786800739,11.615499999999999,11.053820595600245,11.053820595600246,10.03681303984415
007,2014-10-02 12:09:59,5.5,2,8.617000000000012,8.477200144639305,8.701,8.598400048213106,8.598400048213106,8.492666605839293
007,2014-10-02 12:14:59,5.5,2,9.528499999999996,9.383166016769385,9.910000000000002,9.607222005589795,9.607222005589795,9.402186482191917
007,2014-10-02 12:19:59,5.4,2,10.124,9.688850471740679,10.389500000000004,10.067450157246896,10.067450157246896,9.737032684017521
007,2014-10-02 12:24:59,5.3,2,10.117999999999997,9.750964760159347,10.445,10.104654920053115,10.104654920053115,9.792635563083689
007,2014-10-02 12:29:59,5.2,2,10.34200000000001,9.701519369912186,10.613999999999999,10.219173123304065,10.219173123304065,9.771249203800453
007,2014-10-02 12:34:59,5.1,2,10.193,9.602846341434478,10.2025,9.99944878047816,9.999448780478161,9.664685751446699
007,2014-10-02 12:39:59,5.1,2,9.693499999999998,8.398610890186426,10.020499999999998,9.370870296728809,9.370870296728809,8.537357749401416
007,2014-10-02 12:44:59,5.1,2,10.060499999999996,10.881670140169188,10.3345,10.425556713389726,10.42555671338973,10.09463875801957
007,2014-10-02 12:49:59,5.2,2,9.689999999999998,10.184662876534919,9.86,9.911554292178305,9.911554292178307,9.71103275878374
007,2014-10-02 12:54:59,5.4,2,9.515000000000006,9.660774377885359,9.800999999999998,9.658924792628454,9.658924792628456,9.531653797623617
007,2014-10-02 12:59:59,5.7,2,9.009500000000005,8.280321214597322,9.1055,8.798440404865774,8.798440404865776,8.357571030384541
007,2014-10-02 13:04:59,5.9,2,9.034499999999998,7.821552643000528,9.1405,8.665517547666841,8.665517547666843,7.949516404159712
007,2014-10-02 13:09:59,6.2,2,9.058,8.63576680050313,9.2545,8.98275560016771,8.98275560016771,8.681907650999213
007,2014-10-02 13:14:59,6.3,2,10.1855,9.248729697107969,10.382999999999997,9.939076565702655,9.939076565702656,9.348713628899787
007,2014-10-02 13:19:59,6.4,2,9.786500000000004,10.134795520741223,9.89,9.937098506913742,9.937098506913744,9.79977656965979
007,2014-10-02 13:24:59,6.4,2,9.993000000000004,9.976175718535952,9.954,9.974391906178653,9.974391906178653,9.956488361715413
007,2014-10-02 13:29:59,6.4,2,9.427999999999997,8.239076281127135,9.642499999999998,9.103192093709042,9.103192093709046,8.365611586102585
007,2014-10-02 13:34:59,6.3,2,8.649499999999998,7.935382018944091,8.6305,8.40512733964803,8.40512733964803,8.008298247115766
007,2014-10-02 13:39:59,6.3,2,8.397500000000003,7.961652473908144,8.474,8.277717491302715,8.277717491302717,8.008017713715587
007,2014-10-02 13:44:59,6.2,2,8.242000000000006,8.876347448133581,8.396999999999998,8.505115816044528,8.50511581604453,8.263010240086345
007,2014-10-02 13:49:59,6.1,2,7.644000000000002,7.276473519197162,7.7360000000000015,7.552157839732388,7.55215783973239,7.315845717860469
007,2014-10-02 13:54:59,6.0,2,7.146500000000002,7.9081615184697585,7.155,7.403220506156587,7.403220506156588,7.154920921685616
007,2014-10-02 13:59:59,5.9,2,6.574999999999996,6.67073884588134,6.4220000000000015,6.555912948627113,6.555912948627113,6.438964905475369
007,2014-10-02 14:00:00,4.3,2,7.542999999999999,6.047880277177998,7.398000000000001,6.996293425725999,6.996293425726,6.190585600298657
007,2014-10-02 14:04:59,5.8,2,7.617500000000002,7.98860288722407,7.544999999999999,7.717034295741357,7.717034295741358,7.556296290203612
007,2014-10-02 14:09:59,5.7,2,6.826000000000002,6.383188511479073,6.708000000000001,6.639062837159692,6.639062837159693,6.4183516842220225
007,2014-10-02 14:14:59,5.7,2,6.750499999999999,7.247196283683331,6.858,6.951898761227777,6.951898761227778,6.765639074466109
007,2014-10-02 14:19:59,5.6,2,9.307000000000011,8.281539556478803,9.162,8.91684651882627,8.916846518826272,8.37510710897599
007,2014-10-02 14:24:59,5.6,2,7.631000000000005,7.229336691023872,7.766500000000001,7.542278897007958,7.542278897007959,7.272715431241919
007,2014-10-02 14:29:59,5.6,2,7.266999999999995,6.514060401161499,7.49,7.090353467053831,7.090353467053832,6.595066175284674
007,2014-10-02 14:34:59,5.6,2,7.553000000000001,7.257822307867492,7.6964999999999995,7.502440769289165,7.502440769289165,7.290140065578071
007,2014-10-02 14:39:59,5.6,2,6.9495000000000005,6.941412532378563,7.0539999999999985,6.981637510792854,6.981637510792854,6.943303677970528
007,2014-10-02 14:40:00,11.7,2,7.0070000000000014,6.132655009821721,7.184000000000001,6.774551669940575,6.774551669940576,6.225902737329035
007,2014-10-02 14:44:59,5.5,2,7.387000000000003,6.314977520150737,7.470500000000002,7.0574925067169145,7.057492506716915,6.427972115499217
007,2014-10-02 14:49:59,5.5,2,7.596000000000001,7.576998096802444,7.672999999999999,7.615332698934147,7.615332698934149,7.579756157513433
007,2014-10-02 14:54:59,5.6,2,7.389499999999998,6.74758465709242,7.282,7.139694885697473,7.139694885697473,6.804572485167593
007,2014-10-02 14:59:59,5.7,2,7.205500000000001,6.825135213450442,7.195,7.075211737816814,7.075211737816815,6.863937055702184
007,2014-10-02 15:04:59,5.9,2,7.357999999999997,6.855088717775481,7.461,7.224696239258492,7.224696239258494,6.90873545573644
007,2014-10-02 15:09:59,6.2,2,7.153999999999996,6.648639412460669,6.9765,6.926379804153555,6.926379804153556,6.684716595036444
007,2014-10-02 15:14:59,6.6,2,6.709999999999999,6.721283660285289,6.685000000000002,6.705427886761764,6.705427886761765,6.687728443958499
007,2014-10-02 15:19:59,6.9,2,7.640500000000002,6.539664228382048,7.4575,7.212554742794016,7.212554742794017,6.637522148202818
007,2014-10-02 15:24:59,7.3,2,6.5639999999999965,5.673321304918335,6.476,6.23777376830611,6.237773768306111,5.758180996881383
007,2014-10-02 15:29:59,7.7,2,7.905500000000003,6.8620767305232775,7.910500000000001,7.559358910174427,7.559358910174428,6.9712941536711135
007,2014-10-02 15:34:59,8.1,2,8.489000000000006,7.733842052045197,8.3795,8.200780684015067,8.200780684015069,7.80248855916128
007,2014-10-02 15:39:59,8.4,2,7.142500000000001,6.06755683661183,7.007000000000001,6.7390189455372775,6.739018945537278,6.167200414546621
007,2014-10-02 15:44:59,8.8,2,7.235999999999999,6.29009629185445,7.231,6.919032097284816,6.919032097284817,6.388587678253668
007,2014-10-02 15:49:59,9.1,2,7.258500000000005,7.001556533450754,7.2275,7.162518844483586,7.1625188444835866,7.025505709173409
007,2014-10-02 15:54:59,9.3,2,7.448000000000002,7.331792264055795,7.307500000000001,7.362430754685266,7.362430754685267,7.311203638341426
007,2014-10-02 15:59:59,9.5,2,7.505000000000007,6.173338063265873,7.448499999999998,7.04227935442196,7.04227935442196,6.307315980920355
007,2014-10-02 16:04:59,9.5,2,6.4590000000000005,6.80835001278307,6.453,6.573450004261023,6.573450004261025,6.457121245893184
007,2014-10-02 16:09:59,9.4,2,6.850000000000002,7.531953216910062,6.922500000000001,7.101484405636689,7.10148440563669,6.8636797935004745
007,2014-10-02 16:14:59,9.3,2,6.848500000000002,6.7465120488923205,6.8625000000000025,6.819170682964109,6.819170682964109,6.7573224662965
007,2014-10-02 16:19:59,9.1,2,8.810000000000004,7.290291935091147,8.677499999999998,8.259263978363716,8.259263978363718,7.436752599826649
007,2014-10-02 16:24:59,8.9,2,9.278500000000003,9.090076400310872,9.6695,9.346025466770291,9.346025466770293,9.113700086443838
007,2014-10-02 16:29:59,8.7,2,8.927000000000001,8.936150339178639,9.1085,8.990550113059546,8.990550113059548,8.929680844386704
007,2014-10-02 16:34:59,8.5,2,7.247500000000002,6.688158035055702,7.433000000000001,7.122886011685235,7.122886011685235,6.7485337933689005
007,2014-10-02 16:39:59,8.3,2,7.9465000000000074,7.794180212881788,7.859000000000001,7.866560070960599,7.8665600709606,7.801836937360899
007,2014-10-02 16:44:59,8.2,2,7.798000000000003,6.867429873445402,8.0205,7.561976624481801,7.561976624481803,6.96701511616384
007,2014-10-02 16:49:59,8.0,2,7.871000000000002,8.974422205903325,7.938500000000001,8.261307401967775,8.261307401967777,7.888421361919278
007,2014-10-02 16:54:59,7.8,2,11.562000000000001,12.108345766418816,11.578,11.749448588806274,11.749448588806274,11.568977446371798
007,2014-10-02 16:59:59,7.5,2,8.515500000000008,9.611693036449473,8.675,8.934064345483161,8.934064345483161,8.541554505293524
007,2014-10-02 17:04:59,7.2,2,9.766000000000002,9.938564395492207,9.7525,9.81902146516407,9.81902146516407,9.755638071926967
007,2014-10-02 17:09:59,6.9,2,8.695500000000004,8.038493273618707,9.157,8.630331091206237,8.630331091206239,8.111847138667988
007,2014-10-02 17:10:00,3.5,2,8.687500000000002,8.14996679333445,9.354500000000002,8.730655597778151,8.730655597778153,8.212875825704792
007,2014-10-02 17:14:59,6.7,2,8.439,7.922438909217984,8.519499999999999,8.293646303072661,8.293646303072663,7.977288748765588
007,2014-10-02 17:19:59,6.4,2,9.893499999999998,10.583336489222855,9.754999999999999,10.077278829740951,10.077278829740951,9.776388829642505
007,2014-10-02 17:24:59,6.2,2,9.050500000000001,6.970545594615455,9.539999999999997,8.520348531538486,8.520348531538485,7.193054356300771
007,2014-10-02 17:29:59,5.9,2,8.959000000000001,7.589963645771732,9.266999999999998,8.605321215257243,8.605321215257245,7.736278108102401
007,2014-10-02 17:34:59,5.7,2,7.933499999999999,6.842103147343956,8.098999999999998,7.624867715781318,7.624867715781319,6.957944772773414
007,2014-10-02 17:39:59,5.6,2,6.973,8.239926771101006,6.771500000000002,7.32814225703367,7.32814225703367,6.805251062997519
007,2014-10-02 17:44:59,5.4,2,7.687500000000004,7.641062435050397,7.684,7.670854145016801,7.6708541450168015,7.645589747479024
007,2014-10-02 17:49:59,5.3,2,7.155000000000004,6.222863680979548,7.1265,6.8347878936598505,6.834787893659851,6.317690993093911
007,2014-10-02 17:50:00,5.4,2,6.9129999999999985,5.779638800828229,7.056,6.582879600276076,6.582879600276076,5.899645916394544
007,2014-10-02 17:54:59,5.1,2,6.9735000000000005,7.346039825518215,6.674000000000001,6.997846608506073,6.997846608506073,6.709060374375825
007,2014-10-02 17:59:59,5.0,2,6.9620000000000015,6.992381100175068,6.844000000000001,6.932793700058357,6.932793700058358,6.856649477720401
007,2014-10-02 18:04:59,4.9,2,6.186999999999999,6.4481000510386615,6.016000000000002,6.21703335034622,6.217033350346222,6.036501754823008
007,2014-10-02 18:09:59,4.9,2,7.374500000000004,6.269318761568086,7.125000000000003,6.922939587189364,6.922939587189365,6.36133880722133
007,2014-10-02 18:14:59,4.8,2,7.352000000000003,7.185063326061451,7.3365,7.291187775353818,7.291187775353818,7.20106228119218
007,2014-10-02 18:19:59,4.8,2,7.525500000000007,7.027422319560715,7.299000000000001,7.28397410652024,7.283974106520242,7.058100942704168
007,2014-10-02 18:24:59,4.8,2,6.752999999999998,6.365982149839477,7.010000000000002,6.7096607166131585,6.70966071661316,6.4090436192653275
007,2014-10-02 18:29:59,4.8,2,7.5880000000000045,7.355323138655431,7.774,7.572441046218479,7.57244104621848,7.381526791056292
007,2014-10-02 18:34:59,4.8,2,7.751500000000006,7.409291104778344,7.4464999999999995,7.535763701592784,7.535763701592784,7.416234059179831
007,2014-10-02 18:39:59,4.7,2,7.5729999999999995,6.958194693230783,7.401000000000002,7.310731564410261,7.310731564410262,7.006242885930973
007,2014-10-02 18:44:59,4.7,2,7.9300000000000015,7.901291296930057,7.9265,7.919263765643353,7.919263765643354,7.903963739697096
007,2014-10-02 18:45:00,4.3,2,8.460500000000001,7.9421236628826355,8.2925,8.231707887627545,8.231707887627547,7.980461539866978
007,2014-10-03 06:50:00,8.4,2,6.503000000000004,6.624515858498523,6.352500000000001,6.493338619499508,6.49333861949951,6.369461114865976
007,2014-10-03 06:55:00,8.5,2,7.657000000000007,6.8489211091812745,7.601999999999999,7.36930703639376,7.369307036393761,6.9282614566295715
007,2014-10-03 07:00:00,8.6,2,6.6305000000000005,6.214080331926469,6.683000000000001,6.50919344397549,6.509193443975491,6.258172945800426
007,2014-10-03 07:05:00,8.8,2,6.5365000000000055,6.6542679882879,6.5525,6.581089329429301,6.581089329429303,6.539191668590496
007,2014-10-03 07:10:00,9.0,2,6.5480000000000045,6.584260721134801,6.5015,6.544586907044935,6.544586907044936,6.506727636892849
007,2014-10-03 07:15:00,9.3,2,6.867999999999996,7.157179628340013,6.77,6.9317265427800026,6.931726542780003,6.783144977117531
007,2014-10-03 07:20:00,9.5,2,8.20100000000001,8.166659443910685,8.012500000000001,8.1267198146369,8.1267198146369,8.028972228578297
007,2014-10-03 07:25:00,9.8,2,9.275000000000004,8.637311910628945,9.2725,9.061603970209651,9.061603970209651,8.70379301618006
007,2014-10-03 07:30:00,9.9,2,6.892,7.145105456380355,6.569000000000001,6.868701818793451,6.868701818793453,6.605324701598754
007,2014-10-03 07:35:00,10.0,2,8.284000000000004,7.934995616517491,8.189,8.135998538839166,8.135998538839166,7.96252064586962
007,2014-10-03 07:40:00,10.1,2,7.362500000000007,7.239734170681693,7.676500000000001,7.4262447235605675,7.4262447235605675,7.255718458929171
007,2014-10-03 07:45:00,10.2,2,7.789,7.072520607142048,7.511999999999998,7.457840202380681,7.457840202380683,7.121270828446615
007,2014-10-03 07:50:00,10.1,2,7.935499999999998,7.20698284559124,8.042,7.728160948530413,7.728160948530413,7.284268438702682
007,2014-10-03 07:55:00,9.9,2,7.610500000000005,6.606122909695526,7.422999999999999,7.213207636565176,7.213207636565177,6.693463098737901
007,2014-10-03 08:00:00,9.6,2,8.094500000000005,8.201873689973606,7.989999999999998,8.095457896657871,8.095457896657871,8.002006975646335
007,2014-10-03 08:05:00,9.1,2,8.781000000000004,7.751736124996699,8.7545,8.429078708332234,8.429078708332236,7.856914587694102
007,2014-10-03 08:10:00,8.5,2,8.653000000000004,7.546924168768054,8.679,8.292974722922686,8.292974722922688,7.6629065719709715
007,2014-10-03 08:15:00,7.9,2,7.014500000000005,6.421458490937395,7.046000000000001,6.8273194969791335,6.827319496979134,6.483820040269705
007,2014-10-03 08:20:00,7.2,2,7.357000000000004,7.5794482662305205,7.506,7.4808160887435085,7.480816088743509,7.373323502501959
007,2014-10-03 08:25:00,6.6,2,7.261,6.493357585005567,7.389500000000001,7.04795252833519,7.047952528335189,6.574956630892189
007,2014-10-03 08:30:00,6.1,2,8.149000000000008,7.756033451990778,8.187499999999998,8.030844483996928,8.03084448399693,7.797532299730612
007,2014-10-03 08:35:00,5.7,2,8.810500000000005,8.763512750771403,8.800000000000002,8.79133758359047,8.791337583590472,8.767435203470185
007,2014-10-03 08:40:00,5.4,2,8.061000000000003,7.372309485065841,7.995,7.809436495021949,7.809436495021949,7.43811804071196
007,2014-10-03 08:45:00,5.4,2,8.559500000000002,7.6558197793771345,8.538,8.251106593125712,8.251106593125714,7.748332262339809
007,2014-10-03 08:50:00,5.4,2,7.324000000000002,7.1481339501072005,7.412500000000001,7.2948779833690685,7.2948779833690685,7.167418811455522
007,2014-10-03 08:55:00,5.6,2,8.404,6.596899744414593,8.259499999999997,7.753466581471531,7.753466581471531,6.772293122734942
007,2014-10-03 09:00:00,5.7,2,7.468499999999997,6.107967081695231,7.2655,6.947322360565075,6.947322360565077,6.2311031463160615
007,2014-10-03 09:05:00,5.8,2,8.719500000000004,7.347111305510819,8.854,8.306870435170273,8.306870435170275,7.492041504075292
007,2014-10-03 09:10:00,5.7,2,8.3325,6.774597644302453,8.413,7.840032548100818,7.840032548100819,6.938397078740105
007,2014-10-03 09:15:00,5.7,2,8.689,7.922176589180449,8.707500000000001,8.43955886306015,8.439558863060151,8.002589947333306
007,2014-10-03 09:20:00,5.7,2,9.0815,8.047244835845573,8.994499999999999,8.70774827861519,8.707748278615192,8.147220738847025
007,2014-10-03 09:25:00,5.8,2,9.088000000000001,7.42810086327511,9.0875,8.534533621091704,8.534533621091704,7.601719326793944
007,2014-10-03 09:30:00,6.0,2,7.9985,6.0370265513992205,8.165,7.400175517133074,7.400175517133074,6.243909326601831
007,2014-10-03 09:35:00,6.4,2,9.188000000000004,7.728599728242413,8.857499999999998,8.591366576080805,8.591366576080807,7.850015122426425
007,2014-10-03 09:40:00,6.9,2,8.283999999999999,8.975468064966508,8.341500000000002,8.533656021655503,8.533656021655505,8.296355577567649
007,2014-10-03 09:45:00,7.4,2,8.747,7.731381341207903,8.905499999999998,8.461293780402634,8.461293780402634,7.839224726586634
007,2014-10-03 09:50:00,7.9,2,7.961,6.780268715921158,8.045500000000002,7.595589571973721,7.595589571973721,6.9046468931882945
007,2014-10-03 09:55:00,8.3,2,7.619500000000005,7.01873087918723,7.535,7.391076959729079,7.391076959729079,7.073590171582867
007,2014-10-03 10:00:00,8.5,2,9.082000000000006,7.145613756775765,9.05,8.42587125225859,8.425871252258592,7.345178823406528
007,2014-10-03 10:05:00,8.8,2,9.168500000000009,7.871322986955553,9.3975,8.812440995651855,8.812440995651855,8.00932921643133
007,2014-10-03 10:10:00,8.8,2,8.670000000000002,8.169277006937124,8.6725,8.503925668979042,8.503925668979043,8.221689796688983
007,2014-10-03 10:15:00,8.9,2,7.894500000000004,6.827352737659677,7.8465,7.52278424588656,7.522784245886561,6.934460300694244
007,2014-10-03 10:20:00,8.8,2,6.977000000000001,7.15499435157867,7.001,7.044331450526223,7.044331450526224,6.981050926577206
007,2014-10-03 10:25:00,8.7,2,7.379500000000002,5.433708122080931,7.347000000000003,6.72006937402698,6.72006937402698,5.634209934456275
007,2014-10-03 10:30:00,8.7,2,8.040500000000003,6.595481673387239,7.714999999999999,7.450327224462414,7.450327224462415,6.715865488182009
007,2014-10-03 10:35:00,8.6,2,7.141499999999999,6.636201064121329,7.164499999999999,6.980733688040442,6.980733688040443,6.689297608660708
007,2014-10-03 10:40:00,8.5,2,8.276,5.704941331625298,8.318999999999999,7.433313777208433,7.433313777208433,5.974366530217269
007,2014-10-03 10:45:00,8.5,2,7.759000000000003,6.103838923479456,7.755,7.205946307826486,7.205946307826487,6.276630485763621
007,2014-10-03 10:50:00,8.5,2,7.398,6.515372425137485,7.2885,7.067290808379162,7.067290808379162,6.597355352004021
007,2014-10-03 10:55:00,8.5,2,7.460500000000001,7.031517472769322,7.4319999999999995,7.3080058242564405,7.308005824256441,7.073702674530617
007,2014-10-03 11:00:00,8.5,2,8.991000000000007,8.054298326302238,8.899000000000001,8.648099442100749,8.64809944210075,8.143594642744263
007,2014-10-03 11:05:00,8.5,2,8.108999999999998,6.831266552719087,8.1575,7.699255517573029,7.69925551757303,6.96543351284962
007,2014-10-03 11:10:00,8.5,2,6.709500000000002,5.846832345277472,6.645000000000001,6.400444115092493,6.400444115092493,5.930985072826722
007,2014-10-03 11:15:00,8.5,2,7.575000000000001,6.653204487370261,7.533500000000001,7.253901495790088,7.253901495790088,6.745719784089333
007,2014-10-03 11:20:00,8.5,2,8.921,7.482693425796766,8.8415,8.41506447526559,8.41506447526559,7.625652604612231
007,2014-10-03 11:25:00,8.5,2,8.071,7.102714995727197,8.012000000000002,7.7285716652423995,7.7285716652424,7.198438297549393
007,2014-10-03 11:30:00,8.5,2,8.939999999999998,6.867997116204533,9.028500000000001,8.278832372068178,8.278832372068178,7.08566395555557
007,2014-10-03 11:35:00,8.5,2,8.6165,6.647334992970652,8.539499999999999,7.934444997656883,7.934444997656884,6.846071421389958
007,2014-10-03 11:40:00,8.5,2,8.829500000000005,7.525274217253997,8.942999999999998,8.432591405751333,8.432591405751333,7.66286291928496
007,2014-10-03 11:45:00,8.7,2,8.642000000000007,7.89644818126488,8.737,8.425149393754962,8.425149393754964,7.975401014108844
007,2014-10-03 11:50:00,8.9,2,8.825000000000003,7.584450179699287,8.987999999999998,8.46581672656643,8.46581672656643,7.7158718291002595
007,2014-10-03 11:55:00,9.5,2,8.124500000000003,6.897456619221305,7.9025,7.641485539740437,7.6414855397404375,7.0048285736016425
007,2014-10-03 12:00:00,10.5,2,6.663,5.084900344790606,6.557500000000001,6.101800114930202,6.101800114930203,5.240025044394127
007,2014-10-03 12:05:00,11.7,2,6.494,5.720114795361116,6.292000000000001,6.1687049317870395,6.16870493178704,5.781967881274666
007,2014-10-03 12:10:00,13.2,2,6.427500000000004,6.36672821134651,6.5139999999999985,6.436076070448838,6.436076070448839,6.373951416843223
007,2014-10-03 12:15:00,14.5,2,7.251999999999999,6.148087467107905,7.24,6.880029155702634,6.880029155702636,6.262448045218105
007,2014-10-03 12:20:00,15.8,2,8.841000000000003,8.272671623759484,8.8275,8.64705720791983,8.64705720791983,8.330855151040122
007,2014-10-03 12:25:00,16.9,2,6.311000000000002,6.021552822661259,6.2284999999999995,6.187017607553753,6.187017607553754,6.0440295250323555
007,2014-10-03 12:30:00,17.7,2,9.346499999999999,8.187030979265094,9.315999999999999,8.94984365975503,8.949843659755032,8.305453566262337
007,2014-10-03 12:35:00,18.3,2,8.8205,7.461675461705097,8.94,8.407391820568364,8.407391820568366,7.605036520000974
007,2014-10-03 12:40:00,18.7,2,7.894000000000002,7.094588201662174,7.991500000000001,7.660029400554059,7.66002940055406,7.17920109685909
007,2014-10-03 12:45:00,18.9,2,6.649500000000004,6.7550361087130675,6.664000000000001,6.689512036237691,6.689512036237692,6.651927413353407
007,2014-10-03 12:50:00,19.0,2,7.076500000000001,6.767663388681273,6.9675,6.937221129560425,6.937221129560426,6.789661153100979
007,2014-10-03 12:55:00,19.0,2,7.759000000000004,7.257003085782784,7.279,7.43166769526093,7.43166769526093,7.264104497407904
007,2014-10-03 13:00:00,19.0,2,6.284500000000005,6.7718523541290425,6.265,6.440450784709682,6.440450784709683,6.271913697278692
007,2014-10-03 13:05:00,19.0,2,7.592000000000001,6.991002375874893,7.542000000000001,7.375000791958299,7.375000791958299,7.0491501134191035
007,2014-10-03 13:10:00,18.9,2,6.943500000000004,6.9631902646044255,7.073500000000001,6.993396754868144,6.993396754868144,6.946663177391315
007,2014-10-03 13:15:00,18.8,2,6.958500000000004,7.858654321003146,7.0375,7.284884773667717,7.284884773667717,6.974976862453875
007,2014-10-03 13:20:00,18.6,2,7.952999999999998,8.14315471025655,7.7885,7.961551570085516,7.961551570085517,7.807612243502716
007,2014-10-03 13:25:00,18.4,2,6.253499999999997,5.428450559813917,6.287999999999999,5.989983519937971,5.989983519937971,5.515115775194821
007,2014-10-03 13:30:00,18.2,2,7.002000000000007,6.861950644888018,6.8315,6.898483548296009,6.898483548296009,6.836086370781248
007,2014-10-03 13:35:00,17.9,2,8.071000000000003,6.743583571577018,7.8825,7.565694523859007,7.565694523859008,6.864626899083003
007,2014-10-03 13:40:00,17.7,2,6.238500000000005,7.404703340197195,6.2410000000000005,6.6280677800657335,6.628067780065734,6.250398594137539
007,2014-10-03 13:45:00,17.4,2,7.161000000000004,7.921275325275766,7.1575,7.41325844175859,7.4132584417585905,7.1654689382825465
007,2014-10-03 13:50:00,17.1,2,9.068500000000004,8.846226961098674,9.019499999999999,8.97807565369956,8.97807565369956,8.864845530502091
007,2014-10-03 13:55:00,16.9,2,6.654000000000002,7.822508663360346,6.6019999999999985,7.026169554453449,7.02616955445345,6.619125549933345
007,2014-10-03 14:00:00,16.7,2,6.258999999999998,6.571158292996888,6.1114999999999995,6.313886097665628,6.3138860976656295,6.13005366632828
007,2014-10-03 14:05:00,16.5,2,6.962999999999997,5.695574268666713,6.7835,6.480691422888903,6.4806914228889045,5.811192730477605
007,2014-10-03 14:10:00,16.3,2,6.464000000000003,6.290695331441542,6.252999999999999,6.335898443813849,6.335898443813849,6.258676894133263
007,2014-10-03 14:15:00,16.1,2,7.396000000000006,7.455703567797636,7.47,7.440567855932547,7.4405678559325485,7.40238940796562
007,2014-10-03 14:20:00,15.8,2,7.102000000000005,7.623000743848434,7.0825,7.269166914616146,7.2691669146161475,7.089750181175886
007,2014-10-03 14:25:00,15.5,2,6.360000000000003,5.643515724185262,6.1885,6.064005241395088,6.06400524139509,5.702249319406566
007,2014-10-03 14:30:00,15.2,2,6.58,6.411065492565401,6.484500000000001,6.491855164188467,6.491855164188467,6.419703526077567
007,2014-10-03 14:35:00,14.8,2,8.284500000000001,7.970404100252142,8.403499999999998,8.21946803341738,8.219468033417382,8.004456162082494
007,2014-10-03 14:40:00,14.5,2,9.079000000000002,7.517513751574951,9.142500000000002,8.579671250524985,8.579671250524987,7.6815181482598
007,2014-10-03 20:20:00,5.2,2,8.658000000000001,6.591626580960008,9.052000000000001,8.100542193653338,8.100542193653338,6.811759441534134
007,2014-10-03 20:25:00,5.0,2,7.851499999999999,6.670675344071253,7.8715,7.464558448023751,7.464558448023752,6.794418290302286
007,2014-10-03 20:30:00,4.8,2,6.977499999999996,6.810695611978746,6.864,6.884065203992914,6.884065203992915,6.817407545954608
007,2014-10-03 20:35:00,4.6,2,7.233500000000004,7.059060986172269,7.1875,7.160020328724091,7.160020328724092,7.072958827345057
007,2014-10-03 20:40:00,4.4,2,7.173500000000001,6.84064781981678,7.340000000000001,7.11804927327226,7.118049273272262,6.877137244249985
007,2014-10-03 20:45:00,4.4,2,6.360000000000001,5.718355807411688,6.285500000000001,6.121285269137229,6.121285269137231,5.778437868285531
007,2014-10-03 20:50:00,4.5,2,6.767499999999999,6.262030672964663,6.957000000000001,6.662176890988221,6.6621768909882215,6.316810044558551
007,2014-10-03 20:55:00,4.7,2,8.046000000000003,6.996768524075409,8.2605,7.7677561746918045,7.767756174691805,7.108688626723572
007,2014-10-03 21:00:00,5.0,2,8.722000000000007,7.36620543351827,8.8335,8.307235144506093,8.307235144506095,7.50916948315167
007,2014-10-03 21:05:00,5.2,2,7.995999999999999,7.249693701681559,8.049000000000001,7.76489790056052,7.764897900560521,7.3283054714194344
007,2014-10-03 21:10:00,5.4,2,7.456000000000006,6.243142647629785,7.33,7.009714215876596,7.009714215876597,6.3581143310457
007,2014-10-03 21:15:00,5.6,2,6.995999999999997,6.560789843404852,6.984500000000001,6.847096614468284,6.847096614468284,6.605235219494944
007,2014-10-03 21:20:00,5.7,2,6.819500000000006,6.408132864575298,6.9625,6.730044288191768,6.730044288191769,6.452601860786817
007,2014-10-03 21:25:00,5.8,2,6.634000000000002,6.883016308648773,6.7585000000000015,6.758505436216258,6.75850543621626,6.648270887717607
007,2014-10-03 21:30:00,5.9,2,6.590000000000001,5.913158068895285,6.6475,6.383552689631762,6.383552689631762,5.98454717823958
007,2014-10-03 21:35:00,6.1,2,6.528000000000004,6.1501061675360225,6.5924999999999985,6.423535389178674,6.423535389178676,6.190288043049868
007,2014-10-03 21:40:00,6.3,2,6.334499999999999,6.549420789268216,6.406499999999999,6.430140263089405,6.430140263089406,6.3434621570769405
007,2014-10-03 21:45:00,6.5,2,7.360500000000002,6.808569616167864,7.308499999999999,7.159189872055954,7.159189872055956,6.86139447973836
007,2014-10-03 21:50:00,6.7,2,7.2485000000000035,6.262444411356484,7.175999999999999,6.895648137118829,6.89564813711883,6.358749520054396
007,2014-10-03 21:55:00,6.9,2,7.295500000000004,7.361819273575121,7.188,7.281773091191709,7.281773091191709,7.199910304365028
007,2014-10-03 22:00:00,7.1,2,7.291500000000005,7.075538504630589,7.099000000000001,7.155346168210198,7.155346168210199,7.079918147025094
007,2014-10-03 22:05:00,7.3,2,7.813500000000004,7.59868513301837,8.023000000000001,7.811728377672792,7.811728377672792,7.623254986865542
007,2014-10-03 22:10:00,7.5,2,7.1875,6.407435070463463,7.480999999999999,7.025311690154488,7.0253116901544885,6.491983813166564
007,2014-10-03 22:15:00,7.8,2,7.435,7.288084375012637,7.5565,7.426528125004212,7.4265281250042126,7.304670318587688
007,2014-10-03 22:20:00,7.9,2,8.067,7.6552954456259785,8.0,7.90743181520866,7.9074318152086605,7.692029916343796
007,2014-10-03 22:25:00,8.1,2,7.5865000000000045,7.5589356364627145,7.637,7.594145212154239,7.59414521215424,7.562324538543586
007,2014-10-03 22:30:00,8.2,2,6.622999999999998,5.844969313983803,6.606,6.357989771327934,6.357989771327934,5.924761612392466
007,2014-10-03 22:35:00,8.3,2,7.218500000000006,6.271958260186719,7.166500000000001,6.885652753395576,6.8856527533955765,6.366069058370251
007,2014-10-03 22:40:00,8.3,2,8.496500000000003,7.205180371253947,8.693999999999999,8.131893457084649,8.13189345708465,7.342258776031496
007,2014-10-03 22:45:00,8.4,2,8.410000000000004,7.846102187526918,8.6045,8.286867395842307,8.286867395842307,7.9070445981724164
007,2014-10-03 22:50:00,8.4,2,6.4895,5.86096665956011,6.645999999999999,6.332155553186702,6.332155553186704,5.9282915167010515
007,2014-10-03 22:55:00,8.5,2,7.026000000000002,6.664274725765036,6.992999999999999,6.894424908588346,6.894424908588347,6.6989973755760674
007,2014-10-03 23:00:00,8.6,2,7.415500000000001,6.509544169780796,7.246999999999999,7.057348056593599,7.057348056593599,6.588384965540221
007,2014-10-03 23:05:00,8.7,2,7.634500000000003,7.4774896344353925,7.8445,7.652163211478466,7.652163211478466,7.496016733118731
007,2014-10-03 23:10:00,8.8,2,8.179,8.543261024453352,8.090499999999999,8.27092034148445,8.270920341484452,8.103401860283517
007,2014-10-03 23:15:00,8.9,2,7.131000000000001,6.015127304257515,7.211000000000001,6.785709101419172,6.785709101419172,6.132674697495474
007,2014-10-03 23:20:00,9.0,2,6.970500000000003,7.170951410804127,7.0795,7.073650470268043,7.073650470268044,6.98281856217866
007,2014-10-03 23:25:00,9.1,2,7.5055000000000005,7.0706393896725945,7.4849999999999985,7.353713129890864,7.353713129890865,7.114196576083091
007,2014-10-03 23:30:00,9.2,2,7.306499999999999,7.279439921831796,7.612,7.399313307277265,7.399313307277266,7.285326063411838
007,2014-10-03 23:35:00,9.2,2,6.959500000000003,6.9593205011460455,7.027500000000001,6.982106833715349,6.98210683371535,6.960019281086953
007,2014-10-03 23:40:00,9.2,2,7.269500000000005,7.383989723954509,7.3025,7.3186632413181725,7.3186632413181725,7.273767498949001
007,2014-10-03 23:45:00,9.2,2,7.277500000000003,6.6443193888610965,7.189000000000001,7.036939796287033,7.036939796287034,6.702191213380011
007,2014-10-03 23:50:00,9.2,2,8.306000000000003,7.078106623377704,8.21,7.864702207792569,7.86470220779257,7.197490169045731
007,2014-10-03 23:55:00,9.2,2,10.267500000000009,8.994170956414257,10.203999999999999,9.821890318804755,9.821890318804755,9.121383466233356
007,2014-10-04 00:00:00,9.2,2,7.620500000000005,7.622736096176211,7.976,7.739745365392071,7.739745365392072,7.624266589022497
007,2014-10-04 00:05:00,9.2,2,7.5475,7.621089607979794,7.791000000000001,7.653196535993264,7.653196535993266,7.556898364717443
007,2014-10-04 00:10:00,9.2,2,7.399999999999999,7.668846290887252,7.4225,7.49711543029575,7.497115430295751,7.404817509528951
007,2014-10-04 00:15:00,9.2,2,7.685500000000003,7.0411261273600765,7.5035,7.41004204245336,7.410042042453361,7.091321667453502
007,2014-10-04 00:20:00,9.3,2,7.4685000000000095,7.009545439851248,7.2325,7.23684847995042,7.23684847995042,7.035231903351245
007,2014-10-04 00:25:00,9.4,2,7.460000000000005,6.892608569349153,7.312000000000001,7.221536189783053,7.221536189783054,6.937967101785368
007,2014-10-04 00:30:00,9.5,2,7.503000000000002,7.008379763960186,7.423000000000001,7.311459921320064,7.311459921320064,7.052559113527607
007,2014-10-04 00:35:00,9.6,2,7.251000000000009,6.985465719580026,7.3125,7.182988573193345,7.182988573193345,7.013862056261735
007,2014-10-04 00:40:00,9.8,2,8.206500000000002,6.183402941435254,8.0855,7.491800980478419,7.49180098047842,6.383618503736666
007,2014-10-04 00:45:00,10.0,2,7.6925000000000034,6.7222363475922275,7.798000000000001,7.404245449197411,7.404245449197411,6.82480449743839
007,2014-10-04 00:50:00,10.3,2,7.151000000000003,6.611926157519688,7.182000000000001,6.981642052506564,6.981642052506565,6.66863637782481
007,2014-10-04 00:55:00,10.5,2,6.889000000000006,6.398067440757463,6.9615,6.74952248025249,6.74952248025249,6.450155913280705
007,2014-10-04 01:00:00,10.8,2,7.096000000000004,7.509683967196967,7.1545000000000005,7.253394655732325,7.253394655732325,7.105672360884183
007,2014-10-04 01:05:00,11.2,2,6.097500000000002,6.197862546810477,6.0905000000000005,6.128620848936826,6.128620848936827,6.092235995527684
007,2014-10-04 01:10:00,11.5,2,7.384500000000003,6.8863055461991545,7.2799999999999985,7.183601848733051,7.183601848733053,6.928540550568699
007,2014-10-04 01:15:00,11.9,2,7.674500000000005,6.933910841037351,7.8515,7.486636947012452,7.486636947012453,7.013164459105137
007,2014-10-04 01:20:00,12.3,2,6.695500000000003,5.978004889198775,6.698,6.457168296399593,6.457168296399593,6.053097308776854
007,2014-10-04 01:25:00,12.6,2,7.911500000000001,7.6483489088417205,8.046500000000002,7.868782969613908,7.868782969613908,7.677230906028917
007,2014-10-04 01:30:00,12.9,2,7.546000000000003,7.545017920195462,7.729,7.606672640065155,7.606672640065155,7.546950669601882
007,2014-10-04 01:35:00,13.0,2,7.523,7.627491933695207,7.644499999999999,7.59833064456507,7.59833064456507,7.534102475478201
007,2014-10-04 01:40:00,13.2,2,7.013499999999999,7.136289341290105,7.052500000000001,7.067429780430035,7.067429780430036,7.018418240887707
007,2014-10-04 01:45:00,13.3,2,7.365,7.3015841733799,7.48,7.382194724459967,7.382194724459968,7.309369009482775
007,2014-10-04 01:50:00,13.3,2,7.892000000000001,7.375464473646052,8.054,7.773821491215351,7.773821491215352,7.431126638533413
007,2014-10-04 01:55:00,13.2,2,7.4810000000000025,7.933733545571337,7.4885,7.634411181857113,7.634411181857114,7.486237017662407
007,2014-10-04 02:00:00,13.1,2,8.527500000000002,7.809572970942539,8.2485,8.19519099031418,8.195190990314181,7.858285401574325
007,2014-10-04 02:05:00,13.0,2,7.823000000000005,7.382920768390604,7.923999999999999,7.709973589463536,7.709973589463536,7.429973747401192
007,2014-10-04 02:10:00,12.9,2,8.710499999999998,9.226923112866261,8.443999999999999,8.793807704288753,8.793807704288755,8.477046605539849
007,2014-10-04 02:15:00,12.8,2,7.557499999999997,7.963456654773415,7.492000000000001,7.670985551591137,7.670985551591138,7.5029124578195265
007,2014-10-04 02:20:00,12.7,2,9.494500000000006,8.271375801074573,9.481,9.082291933691527,9.082291933691527,8.39806687916566
007,2014-10-04 02:25:00,12.6,2,7.5815000000000055,7.009563741086877,7.6339999999999995,7.408354580362293,7.408354580362295,7.069927168517837
007,2014-10-04 02:30:00,12.5,2,11.004500000000005,10.604738385979529,10.905000000000003,10.83807946199318,10.83807946199318,10.637148045429534
007,2014-10-04 02:35:00,12.4,2,6.636499999999997,6.749793161946063,6.578499999999999,6.654931053982019,6.654931053982021,6.585701140684557
007,2014-10-04 02:40:00,12.3,2,7.401500000000003,7.467350437740936,7.417000000000002,7.428616812580313,7.428616812580314,7.403625180937911
007,2014-10-04 08:30:00,8.0,2,7.556,7.025917568520723,7.5775,7.386472522840241,7.386472522840242,7.081592068795765
007,2014-10-04 08:35:00,8.2,2,6.6025000000000045,7.3897440157424885,6.5375,6.843248005247498,6.843248005247498,6.552173019282103
007,2014-10-04 08:40:00,8.5,2,7.539000000000005,7.2515397578822585,7.403,7.397846585960754,7.397846585960756,7.268746178817103
007,2014-10-04 08:45:00,8.9,2,7.545500000000003,8.322027371150094,7.5625,7.810009123716699,7.8100091237167,7.554873886713341
007,2014-10-04 08:50:00,9.3,2,6.207500000000005,6.194966939287884,6.2515,6.21798897976263,6.21798897976263,6.196718201919377
007,2014-10-04 08:55:00,9.6,2,9.890500000000001,10.531990726977455,9.919499999999998,10.113996908992485,10.113996908992485,9.899659011802322
007,2014-10-04 09:00:00,9.9,2,6.413500000000002,6.577505118721899,6.463000000000001,6.484668372907301,6.484668372907302,6.419823953751399
007,2014-10-04 09:05:00,10.1,2,6.576500000000001,6.578852512121105,6.617999999999999,6.591117504040368,6.59111750404037,6.577137604799116
007,2014-10-04 09:10:00,10.2,2,7.094000000000002,6.3941860247478655,6.7829999999999995,6.75706200824929,6.75706200824929,6.437975412493768
007,2014-10-04 09:15:00,10.1,2,6.5045,6.863289047603053,6.4990000000000006,6.622263015867685,6.622263015867685,6.50316332409427
007,2014-10-04 09:20:00,9.9,2,6.7835,7.178322004452909,6.9165,6.959440668150969,6.95944066815097,6.800033251176566
007,2014-10-04 09:25:00,9.6,2,7.076500000000006,6.969805545533448,7.037000000000001,7.027768515177819,7.027768515177819,6.9772307179079
007,2014-10-04 09:30:00,10.9,2,6.408,6.337937852774881,6.5169999999999995,6.420979284258294,6.420979284258294,6.346358055480255
007,2014-10-04 09:30:01,9.3,2,7.509999999999999,6.238926376812306,7.4585,7.069142125604102,7.0691421256041025,6.367038406394787
007,2014-10-04 09:35:01,9.0,2,7.374999999999999,6.836308311099219,7.309000000000001,7.17343610369974,7.17343610369974,6.886423345436889
007,2014-10-04 09:40:01,8.7,2,7.652000000000002,7.261468152180979,7.531000000000001,7.481489384060327,7.481489384060327,7.290877731530432
007,2014-10-04 09:45:01,8.5,2,7.034999999999999,6.2752700138115065,6.755,6.688423337937169,6.688423337937169,6.328261425035455
007,2014-10-04 09:50:01,8.4,2,6.081499999999998,6.671008547186511,6.171,6.307836182395502,6.307836182395504,6.095863959805076
007,2014-10-04 09:55:01,8.5,2,6.1125000000000025,6.4708826512869315,6.1034999999999995,6.228960883762311,6.228960883762312,6.1080254451609
007,2014-10-04 10:00:01,8.6,2,6.9145,6.036018772327249,6.909,6.61983959077575,6.61983959077575,6.12740881714493
007,2014-10-04 10:05:01,8.7,2,7.191999999999996,5.53804963068443,7.198999999999999,6.643016543561475,6.643016543561475,5.711163020758664
007,2014-10-04 10:10:01,8.9,2,6.8534999999999995,6.712198904294231,6.8535,6.806399634764744,6.806399634764745,6.726982431705785
007,2014-10-04 10:15:01,9.0,2,6.32,6.118229940343425,6.257,6.231743313447808,6.231743313447809,6.133378659894672
007,2014-10-04 10:20:01,9.0,2,6.811000000000002,5.787706700104658,6.697000000000002,6.431902233368221,6.431902233368221,5.883980869850506
007,2014-10-04 10:25:01,8.9,2,6.9325,6.299357884431634,6.9145,6.715452628143878,6.715452628143879,6.363896694121572
007,2014-10-04 10:30:01,8.7,2,6.7425000000000015,6.4673703717444555,6.6225,6.610790123914819,6.61079012391482,6.484800699614208
007,2014-10-04 10:35:01,8.3,2,7.256500000000001,6.081692361308367,7.0465,6.7948974537694555,6.794897453769456,6.184734679570191
007,2014-10-04 10:40:01,7.8,2,7.192000000000005,5.8389467757114,7.1975,6.742815591903802,6.742815591903803,5.980564014352613
007,2014-10-04 10:45:01,7.3,2,6.502499999999995,6.997506141749684,6.620000000000001,6.70666871391656,6.70666871391656,6.518568415989028
007,2014-10-04 10:50:01,6.8,2,6.544500000000002,6.715613480263535,6.4925,6.584204493421179,6.584204493421179,6.4996515981023775
007,2014-10-04 10:55:01,6.3,2,6.822,6.921513194667134,7.0954999999999995,6.946337731555711,6.946337731555713,6.834151365811536
007,2014-10-04 11:00:01,5.9,2,7.149,7.899161457772845,7.160999999999999,7.4030538192576145,7.403053819257615,7.157637106108436
007,2014-10-04 11:05:01,5.6,2,7.417999999999999,6.899929039333869,7.293499999999999,7.203809679777955,7.203809679777957,6.942351123321352
007,2014-10-04 11:10:01,5.4,2,7.156499999999998,6.968037918768055,7.207999999999999,7.110845972922683,7.110845972922685,6.988270631005281
007,2014-10-04 11:15:01,5.2,2,6.8300000000000045,6.420446799215388,6.943500000000001,6.731315599738465,6.7313155997384655,6.464431013795417
007,2014-10-04 11:20:01,5.1,2,6.589000000000001,6.767840170427457,6.549000000000001,6.635280056809154,6.635280056809154,6.554973373473308
007,2014-10-04 11:25:01,5.0,2,7.124999999999999,7.11081464412402,6.817000000000002,7.017604881374673,7.017604881374674,6.8478820033334555
007,2014-10-04 11:30:01,4.9,2,6.922500000000005,7.42975081119101,6.930499999999999,7.094250270397005,7.094250270397005,6.9283295024657185
007,2014-10-04 11:35:01,4.8,2,6.5325000000000015,6.6621410039096665,6.448500000000001,6.54771366796989,6.547713667969891,6.458584850754067
007,2014-10-04 11:40:01,4.7,2,7.094500000000002,6.670337014802337,7.1745,6.979779004934113,6.979779004934114,6.715514767765373
007,2014-10-04 11:45:01,4.6,2,7.652500000000003,7.95221994074224,7.6705,7.758406646914081,7.758406646914082,7.657200436703488
007,2014-10-04 11:50:01,4.5,2,7.204500000000003,6.856724199320626,6.928500000000001,6.996574733106876,6.996574733106877,6.866993691809198
007,2014-10-04 11:55:01,4.5,2,7.725000000000003,7.083968396876112,7.667000000000002,7.491989465625372,7.491989465625373,7.145547666864315
007,2014-10-04 12:00:01,4.6,2,7.265,6.841139230255514,7.420500000000001,7.175546410085172,7.175546410085172,6.887040364140057
007,2014-10-04 12:05:01,4.6,2,7.100000000000005,6.918803066106723,6.8175,6.945434355368909,6.94543435536891,6.829910731133261
007,2014-10-04 12:10:01,4.8,2,6.087999999999997,6.085276428113032,6.0985000000000005,6.090592142704343,6.0905921427043435,6.085666379899476
007,2014-10-04 12:15:01,4.9,2,7.195000000000005,6.867464962308846,7.3275000000000015,7.129988320769617,7.129988320769618,6.90305808446152
007,2014-10-04 12:20:01,5.2,2,7.317000000000002,6.844904851242056,7.2330000000000005,7.13163495041402,7.13163495041402,6.8863490322733325
007,2014-10-04 12:25:01,5.4,2,7.086000000000005,7.446173365687023,7.196000000000001,7.242724455229009,7.24272445522901,7.100010406021716
007,2014-10-04 12:30:00,4.4,2,7.434000000000005,7.206567925419196,7.3294999999999995,7.323355975139734,7.323355975139734,7.220474606959931
007,2014-10-04 12:30:01,5.8,2,7.207999999999999,6.941948646799075,7.168000000000001,7.105982882266358,7.105982882266359,6.9659991100865195
007,2014-10-04 12:35:01,6.1,2,7.719000000000001,6.9267196771652655,7.4674999999999985,7.371073225721755,7.371073225721756,6.9858134367730775
007,2014-10-04 12:40:00,6.3,2,7.344999999999999,7.2756500229390415,7.3675000000000015,7.329383340979681,7.329383340979682,7.283130715343621
007,2014-10-04 12:40:01,6.5,2,7.543999999999999,6.98461307638696,7.474499999999999,7.33437102546232,7.33437102546232,7.036562150020448
007,2014-10-04 12:45:01,7.0,2,7.7740000000000045,7.511980660864731,7.859500000000001,7.7151602202882446,7.715160220288246,7.540249249295282
007,2014-10-04 12:50:01,7.4,2,6.879499999999997,6.577632644137621,6.821999999999999,6.759710881379206,6.759710881379206,6.603774406276559
007,2014-10-04 12:55:01,7.9,2,7.409500000000003,7.760923953120886,7.2275,7.465974651040296,7.4659746510402965,7.2500558610803125
007,2014-10-04 13:00:01,8.2,2,7.288499999999996,6.935491105113251,7.2605,7.16149703503775,7.161497035037749,6.9697749313579
007,2014-10-04 13:05:01,8.5,2,7.313500000000004,6.9812718102792255,7.605499999999999,7.300090603426409,7.300090603426411,7.0189509501506935
007,2014-10-04 13:10:01,8.7,2,8.002499999999998,8.442114068462764,7.914000000000001,8.11953802282092,8.119538022820922,7.927655390723614
007,2014-10-04 13:15:01,8.8,2,7.3755000000000015,7.353092026469678,7.455500000000001,7.394697342156561,7.394697342156561,7.356236444885317
007,2014-10-04 13:20:01,8.8,2,7.128500000000002,7.198241912754973,7.012,7.112913970918325,7.112913970918326,7.02488614940486
007,2014-10-04 13:25:01,8.9,2,7.646500000000003,8.335618719186945,7.668000000000001,7.88337290639565,7.883372906395651,7.655425609517725
007,2014-10-04 13:30:01,8.9,2,7.961500000000002,7.393357214282536,8.111,7.821952404760846,7.821952404760847,7.454293752257735
007,2014-10-04 13:35:01,8.9,2,7.363500000000004,6.621440655923548,7.3535,7.112813551974518,7.112813551974519,6.698131848128988
007,2014-10-04 13:40:01,8.9,2,7.048000000000002,7.054693391332919,6.969000000000001,7.0238977971109735,7.023897797110974,6.977332253157171
007,2014-10-04 13:45:01,8.9,2,7.5710000000000015,6.94243143961412,7.548499999999999,7.35397714653804,7.353977146538042,7.006065934996972
007,2014-10-04 13:50:01,8.8,2,6.230500000000001,6.4809151643565714,6.082999999999999,6.264805054785524,6.2648050547855245,6.1009362350418765
007,2014-10-04 13:55:01,8.7,2,7.734000000000005,6.650973635078857,7.566,7.316991211692954,7.3169912116929545,6.74838762270678
007,2014-10-04 14:00:01,8.5,2,8.285500000000006,7.322423392899061,8.261000000000001,7.956307797633023,7.956307797633024,7.420866307993894
007,2014-10-04 14:05:01,8.4,2,7.3645000000000005,7.0407385773988755,7.299000000000001,7.234746192466292,7.234746192466293,7.068413996464281
007,2014-10-04 14:10:01,8.2,2,6.901500000000003,6.851838778179929,6.9675,6.906946259393311,6.906946259393312,6.857694548463246
007,2014-10-04 14:15:01,8.0,2,6.8380000000000045,7.372393164442196,6.906000000000001,7.038797721480734,7.0387977214807345,6.849778383651781
007,2014-10-04 14:20:01,7.8,2,7.944500000000008,7.752622221753043,7.861500000000001,7.852874073917685,7.852874073917685,7.764843482459008
007,2014-10-04 14:25:01,7.6,2,7.624500000000005,6.601897880602445,7.524,7.250132626867483,7.250132626867484,6.699377164048578
007,2014-10-04 14:30:01,7.4,2,8.256000000000002,7.923194484413162,8.2825,8.153898161471055,8.153898161471055,7.958279026595904
007,2014-10-04 14:35:01,7.3,2,8.107000000000005,7.426827592295627,7.736999999999999,7.756942530765211,7.756942530765211,7.462979161540029
007,2014-10-04 14:40:01,7.2,2,6.576500000000003,7.371885285101804,6.616999999999999,6.855128428367268,6.855128428367269,6.588286136767166
007,2014-10-04 14:45:01,7.0,2,6.3090000000000055,6.617826144277001,6.521000000000002,6.482608714759003,6.482608714759004,6.3321486118186545
007,2014-10-04 14:50:01,6.9,2,8.134000000000004,8.134857773272836,8.407,8.22528592442428,8.22528592442428,8.136811166190547
007,2014-10-04 14:55:01,6.8,2,6.582000000000005,6.262360948841973,6.826499999999999,6.556953649613992,6.556953649613994,6.298247958976402
007,2014-10-04 15:00:00,6.7,2,7.431500000000004,7.0681764036439185,7.514499999999999,7.338058801214641,7.3380588012146415,7.1070188784882715
007,2014-10-04 15:00:01,6.7,2,7.639000000000002,7.532508661037591,7.7385,7.636669553679198,7.636669553679199,7.544645242217697
007,2014-10-04 15:05:01,6.7,2,6.597000000000001,6.119172921512437,6.6354999999999995,6.4505576405041465,6.4505576405041465,6.169550242361199
007,2014-10-04 15:10:01,6.8,2,9.029500000000002,8.526478553253444,9.029499999999999,8.861826184417815,8.861826184417817,8.579106817099769
007,2014-10-04 15:15:01,6.9,2,7.287500000000001,6.318164465124666,7.4585,7.0213881550415564,7.0213881550415564,6.421290511329039
007,2014-10-04 15:20:01,7.0,2,6.755999999999998,7.0974127613106495,6.923500000000001,6.925637587103549,6.92563758710355,6.775263696895933
007,2014-10-04 15:25:01,7.4,2,7.342500000000002,6.885674005885086,7.120500000000001,7.116224668628362,7.116224668628364,6.912462509785242
007,2014-10-04 15:30:01,7.7,2,7.108000000000001,6.518934723972658,6.834499999999999,6.82047824132422,6.82047824132422,6.554685518259204
007,2014-10-04 15:35:01,8.0,2,6.730000000000001,6.158521035531692,6.768000000000001,6.552173678510564,6.552173678510565,6.21869161885411
007,2014-10-04 15:40:00,6.7,2,6.5104999999999995,6.389300886629471,6.470999999999999,6.456933628876491,6.456933628876491,6.398243598704738
007,2014-10-04 15:40:01,8.3,2,7.158999999999999,5.624814107369369,7.056499999999999,6.613438035789788,6.613438035789789,5.775628233438962
007,2014-10-04 15:45:01,8.5,2,7.215000000000004,6.469516315708584,7.233499999999999,6.972672105236196,6.972672105236197,6.547697020034462
007,2014-10-04 15:50:01,8.7,2,6.945,6.570603280784682,7.129000000000002,6.881534426928227,6.881534426928228,6.611614273293059
007,2014-10-04 15:55:01,8.8,2,7.612999999999995,6.4825288871434825,7.3275000000000015,7.141009629047826,7.1410096290478275,6.57378839346733
007,2014-10-04 16:00:01,8.9,2,7.0235,6.772233913832612,7.3175,7.037744637944204,7.037744637944205,6.801462450760766
007,2014-10-04 16:05:01,8.9,2,7.136999999999998,6.485282649842814,7.06,6.8940942166142705,6.894094216614271,6.546182046982361
007,2014-10-04 16:10:01,9.0,2,7.921,6.7395076456927665,7.9275,7.52933588189759,7.529335881897589,6.863185449395404
007,2014-10-04 16:15:01,9.1,2,7.046500000000002,6.385426380265268,6.871,6.7676421267550895,6.76764212675509,6.437984177524706
007,2014-10-04 16:20:01,9.2,2,7.292499999999997,6.9115987713898175,7.412000000000001,7.205366257129938,7.205366257129939,6.952645293602917
007,2014-10-04 16:25:01,9.2,2,7.402500000000001,6.1203253997892855,7.3685,6.963775133263096,6.963775133263097,6.251254786406969
007,2014-10-04 16:30:01,9.3,2,7.403499999999999,6.7692291022220825,7.304000000000002,7.158909700740694,7.158909700740695,6.826174129974622
007,2014-10-04 16:35:01,9.3,2,6.894500000000004,6.158859570083061,6.8454999999999995,6.632953190027688,6.632953190027689,6.2311888404500575
007,2014-10-04 16:40:01,9.3,2,8.643000000000004,7.867383309893858,8.434,8.314794436631287,8.314794436631288,7.928755181192801
007,2014-10-04 16:45:01,9.3,2,7.253000000000001,7.405595187203247,7.212000000000001,7.290198395734415,7.290198395734417,7.21781554793529
007,2014-10-04 16:50:01,9.2,2,7.019999999999999,6.505544833964759,6.963499999999999,6.829681611321586,6.829681611321586,6.554023069998278
007,2014-10-04 16:55:01,9.0,2,7.814500000000002,6.818632020937031,7.8465,7.493210673645677,7.493210673645678,6.923144005388622
007,2014-10-04 17:00:01,8.9,2,8.540000000000008,8.087629422540706,8.396,8.341209807513572,8.341209807513572,8.121332476567401
007,2014-10-04 17:05:01,8.7,2,7.948000000000002,6.9864368990557875,7.740999999999999,7.55847896635193,7.55847896635193,7.067452530940947
007,2014-10-04 17:10:01,8.5,2,9.981000000000005,9.663525350260828,9.809000000000003,9.81784178342028,9.81784178342028,9.680465532817541
007,2014-10-04 17:15:01,8.3,2,7.0680000000000005,6.834897017336641,6.882999999999999,6.928632339112213,6.928632339112214,6.841779757947951
007,2014-10-04 17:20:01,8.0,2,6.840999999999999,7.720832247632921,6.876999999999998,7.14627741587764,7.14627741587764,6.853204797068457
007,2014-10-04 17:25:01,7.8,2,7.082500000000005,7.374658466452666,7.138,7.198386155484225,7.198386155484224,7.090673232994063
007,2014-10-04 17:30:01,7.6,2,7.456999999999999,7.109423847969917,7.4639999999999995,7.3434746159899715,7.343474615989973,7.145858757565801
007,2014-10-04 17:35:01,7.4,2,7.530000000000004,7.190390567650591,7.499,7.406463522550198,7.406463522550199,7.222988611701588
007,2014-10-04 17:40:01,7.3,2,7.392000000000007,6.555451278589022,7.235,7.060817092863009,7.060817092863011,6.628118583958726
007,2014-10-04 17:45:01,7.2,2,6.750000000000004,6.443095600607763,6.929499999999999,6.707531866869256,6.707531866869257,6.477000256788984
007,2014-10-04 17:50:01,7.1,2,7.684500000000003,7.133976004466014,7.8025,7.540325334822005,7.540325334822007,7.192754188953153
007,2014-10-04 17:55:01,7.0,2,9.667000000000009,8.001083998446646,9.817,9.161694666148884,9.161694666148886,8.176879284348724
007,2014-10-04 18:00:01,6.9,2,8.994000000000002,7.874750211266016,8.959,8.609250070422005,8.609250070422007,7.988539080176841
007,2014-10-04 18:05:01,6.8,2,8.215499999999999,8.480489387773124,8.344999999999999,8.346996462591042,8.346996462591042,8.230403739979975
007,2014-10-04 18:10:01,6.7,2,8.2335,7.44659069527776,8.256,7.97869689842592,7.9786968984259214,7.529145525904081
007,2014-10-04 18:15:01,6.7,2,7.806000000000007,8.227710574003716,7.689500000000001,7.907736858001241,7.907736858001242,7.705905836017348
007,2014-10-04 18:20:01,6.5,2,7.719000000000003,6.708236711640651,7.874499999999999,7.43391223721355,7.433912237213551,6.815542107314651
007,2014-10-04 18:25:01,6.5,2,7.837,6.8627660049995765,7.9544999999999995,7.551422001666526,7.551422001666526,6.96586954913733
007,2014-10-04 18:30:01,6.4,2,7.464500000000006,6.577604752339667,7.449,7.163701584113224,7.163701584113225,6.668928865117892
007,2014-10-04 18:35:01,6.3,2,8.2245,6.796496401559149,8.098,7.70633213385305,7.706332133853051,6.933930296978433
007,2014-10-04 18:40:01,6.3,2,7.875500000000004,8.637214339292298,7.9255,8.146071446430767,8.146071446430769,7.8878483581042165
007,2014-10-04 18:45:01,6.2,2,7.6259999999999994,8.160642258892812,7.477000000000001,7.754547419630938,7.7545474196309385,7.497935442428579
007,2014-10-04 18:50:01,6.1,2,9.291500000000008,9.762083643310024,9.252999999999998,9.435527881103345,9.435527881103344,9.261733871760791
007,2014-10-04 18:55:01,6.1,2,8.198500000000001,9.058691472601318,8.3275,8.528230490867108,8.528230490867108,8.219308448681147
007,2014-10-04 19:00:01,6.0,2,7.530500000000002,8.098040415895701,7.780499999999998,7.803013471965234,7.803013471965234,7.55983147771542
007,2014-10-04 19:05:01,6.0,2,9.434500000000002,9.405714735799641,9.520999999999999,9.453738245266548,9.453738245266548,9.409591373750706
007,2014-10-04 19:10:01,6.0,2,7.682000000000009,7.4065623612541795,7.573499999999999,7.5540207870847285,7.55402078708473,7.42511309388769
007,2014-10-04 19:15:01,6.1,2,7.318000000000003,6.718966428198768,7.404,7.14698880939959,7.14698880939959,6.782499892866063
007,2014-10-04 19:20:01,6.2,2,7.133499999999999,7.254669534041036,7.333000000000001,7.240389844680345,7.240389844680346,7.146960581640305
007,2014-10-04 19:25:01,6.3,2,7.249999999999999,6.770694924111207,7.190500000000001,7.07039830803707,7.0703983080370705,6.815211733888502
007,2014-10-04 19:30:01,6.5,2,8.192,8.349710436735041,8.3825,8.308070145578347,8.308070145578348,8.208828238768103
007,2014-10-04 19:35:01,6.7,2,9.31250000000001,9.50613919932121,8.919,9.245879733107072,9.245879733107074,8.962106051771084
007,2014-10-04 19:40:01,6.8,2,8.713000000000006,7.2660674073414615,8.816,8.265022469113823,8.265022469113823,7.418481708640748
007,2014-10-04 19:45:01,6.9,2,8.616000000000009,8.657206096811418,8.723999999999998,8.665735365603808,8.66573536560381,8.620979097828588
007,2014-10-04 19:50:01,7.0,2,9.131000000000006,9.763261300650678,8.9975,9.297253766883562,9.297253766883562,9.017789956285657
007,2014-10-04 19:55:01,7.1,2,7.263500000000004,7.121954327577571,7.288500000000002,7.224651442525858,7.22465144252586,7.13701344365549
007,2014-10-04 20:00:01,7.2,2,8.7725,8.912833931597424,8.962,8.882444643865808,8.88244464386581,8.787673999233343
007,2014-10-04 20:05:01,7.2,2,8.663000000000006,9.199298342951924,8.861,8.90776611431731,8.907766114317312,8.68709859368624
007,2014-10-04 20:10:01,7.2,2,9.706000000000005,8.808364850600878,9.568999999999999,9.361121616866962,9.361121616866962,8.889315766270137
007,2014-10-04 20:15:01,7.2,2,9.281000000000004,10.410306318809013,9.354000000000003,9.68176877293634,9.681768772936342,9.299200636666578
007,2014-10-04 20:20:01,7.3,2,7.625,6.233795032261565,7.6770000000000005,7.178598344087188,7.178598344087189,6.379868870134701
007,2014-10-04 20:25:01,7.3,2,7.646500000000003,7.2632286299012545,7.970999999999999,7.626909543300418,7.62690954330042,7.30657312649481
007,2014-10-04 20:30:01,7.4,2,7.5864999999999965,7.829527037062646,7.6549999999999985,7.690342345687547,7.690342345687548,7.595412034525092
007,2014-10-04 20:35:01,7.5,2,8.532000000000007,8.4821760941885,8.557500000000001,8.52389203139617,8.52389203139617,8.4876438851696
007,2014-10-04 20:40:01,7.5,2,6.596000000000001,6.370782841153089,6.562999999999999,6.5099276137176965,6.509927613717697,6.391223425735544
007,2014-10-04 20:45:01,7.6,2,7.056000000000001,7.206452193911245,7.059,7.107150731303748,7.10715073130375,7.057788394821788
007,2014-10-04 20:50:01,7.7,2,7.101500000000007,6.272688821667325,7.043000000000001,6.805729607222443,6.805729607222445,6.353867085034667
007,2014-10-04 20:55:01,7.7,2,7.393999999999998,7.159241835415635,7.531000000000001,7.361413945138544,7.361413945138545,7.18517324269903
007,2014-10-04 21:00:01,7.8,2,6.884499999999998,6.293291008613668,7.0185,6.732097002871222,6.732097002871223,6.356485832077441
007,2014-10-04 21:05:01,7.9,2,6.7965,5.867462764530678,6.8195,6.494487588176892,6.494487588176892,5.964892629601194
007,2014-10-04 21:10:01,8.0,2,7.659500000000005,6.5685726687291535,7.5455000000000005,7.257857556243053,7.257857556243054,6.6719230012733135
007,2014-10-04 21:15:01,8.0,2,6.2825000000000015,6.435914209591113,6.349499999999999,6.355971403197038,6.355971403197039,6.290373969809043
007,2014-10-04 21:20:01,8.2,2,6.963999999999999,6.381361394352752,7.069499999999998,6.804953798117583,6.804953798117584,6.44337454725733
007,2014-10-04 21:25:01,8.2,2,7.925000000000001,7.121942990898599,8.253999999999998,7.7669809969662,7.7669809969662005,7.209252263698959
007,2014-10-04 21:30:01,8.2,2,6.2019999999999955,6.198297659997991,6.134499999999999,6.1782658866659945,6.178265886665995,6.141211808550568
007,2014-10-04 21:35:01,8.2,2,6.624499999999999,6.332416258127346,6.564000000000001,6.506972086042449,6.50697208604245,6.357250543674954
007,2014-10-04 21:40:01,8.2,2,6.859,6.486479558411305,6.8925,6.745993186137102,6.7459931861371025,6.525789246697224
007,2014-10-04 21:45:01,8.0,2,7.266499999999999,6.753731481884145,7.166,7.062077160628047,7.062077160628049,6.797869784623554
007,2014-10-04 21:50:01,7.9,2,6.782,6.65921493177634,6.741999999999999,6.727738310592113,6.727738310592114,6.668276261111678
007,2014-10-04 21:55:01,7.6,2,7.401999999999994,6.620730770616389,7.397500000000001,7.140076923538795,7.140076923538795,6.70204470301701
007,2014-10-04 22:00:01,7.3,2,7.316999999999997,6.4428973152148,7.435,7.064965771738265,7.064965771738266,6.535529691691376
007,2014-10-04 22:05:01,6.9,2,6.332999999999999,7.46877494446067,6.456500000000001,6.752758314820223,6.752758314820224,6.356043849781496
005,2014-10-01 11:30:12,9.4,3,9.5835,10.06078089924514,9.437500000000002,9.693926966415047,9.693926966415049,9.457547955949424
005,2014-10-01 11:35:12,9.2,3,11.383500000000003,11.865547071694134,11.060500000000001,11.436515690564713,11.436515690564713,11.09911411775189
005,2014-10-01 11:40:00,8.3,3,8.659500000000003,9.314081653549238,8.670499999999999,8.881360551183079,8.88136055118308,8.667086683771975
005,2014-10-01 11:40:12,9.0,3,8.467000000000008,8.875539394818402,8.821,8.721179798272802,8.721179798272804,8.50458239410414
005,2014-10-01 11:45:12,8.7,3,11.255000000000004,9.82590793214026,11.163499999999999,10.748135977380088,10.748135977380088,9.966767558202184
005,2014-10-01 11:50:12,8.5,3,9.699500000000008,8.190648521342995,9.5265,9.138882840447666,9.13888284044767,8.332141039488048
005,2014-10-01 11:55:12,8.3,3,7.9885,7.870182933546083,8.348500000000001,8.069060977848695,8.069060977848695,7.886161773118695
005,2014-10-01 12:00:12,8.0,3,9.223500000000003,6.581537086002505,9.2315,8.345512362000836,8.345512362000838,6.858030591250378
005,2014-10-01 12:05:12,7.8,3,7.048000000000003,8.01630227949486,6.892499999999999,7.3189340931649545,7.318934093164955,6.918452100547066
005,2014-10-01 12:10:12,7.5,3,9.298500000000006,8.534156046484114,9.3375,9.056718682161373,9.056718682161375,8.614514993166512
005,2014-10-01 12:15:12,7.3,3,9.42100000000001,8.36300451158603,9.5085,9.097501503862013,9.097501503862015,8.47457154285548
005,2014-10-01 12:20:12,7.0,3,9.391000000000009,9.885808753293814,9.345999999999998,9.54093625109794,9.540936251097941,9.355656180773098
005,2014-10-01 12:25:12,6.7,3,9.742500000000001,8.11411174814096,9.844500000000002,9.23370391604699,9.233703916046988,8.285500719717387
005,2014-10-01 12:30:12,6.4,3,7.935500000000002,6.309670356268131,8.279,7.508056785422711,7.508056785422712,6.483206635275051
005,2014-10-01 12:35:12,6.1,3,9.762500000000006,12.685563630513894,10.0075,10.8185212101713,10.818521210171301,9.814913588390477
005,2014-10-01 12:40:12,5.8,3,9.461500000000006,9.403026195691519,9.374,9.412842065230508,9.41284206523051,9.377621583281368
005,2014-10-01 12:45:12,5.5,3,9.539000000000001,8.32051065970721,9.530499999999998,9.130003553235737,9.130003553235738,8.44718994045615
005,2014-10-01 12:50:12,5.2,3,10.529500000000006,9.634401094896342,10.276499999999999,10.146800364965449,10.14680036496545,9.704110239666004
005,2014-10-01 12:55:12,5.0,3,7.887000000000009,8.236978691191219,7.774,7.965992897063742,7.965992897063744,7.789322332159432
005,2014-10-01 13:00:12,4.8,3,10.089000000000008,9.784354075616319,10.185499999999998,10.01961802520544,10.019618025205443,9.817192440443742
005,2014-10-01 13:05:12,4.6,3,9.168000000000005,7.957106425208424,9.2855,8.803535475069475,8.803535475069477,8.084970310853613
005,2014-10-01 13:10:12,4.5,3,10.580000000000007,9.835251964375026,10.481999999999998,10.29908398812501,10.29908398812501,9.903897521144243
005,2014-10-01 13:15:12,4.4,3,8.43050000000001,7.3177239215598835,8.464500000000001,8.070907973853297,8.070907973853299,7.434487333398095
005,2014-10-01 13:20:12,4.4,3,8.906999999999995,9.21571244957628,8.765,8.962570816525426,8.962570816525426,8.782943774275832
005,2014-10-01 13:25:12,4.4,3,10.367000000000008,9.6178433594365,10.2975,10.094114453145503,10.094114453145504,9.689646955771371
005,2014-10-01 13:30:12,4.4,3,8.342500000000006,8.845317301948047,8.3165,8.50143910064935,8.501439100649351,8.32424840466935
005,2014-10-01 13:35:12,4.5,3,9.613000000000001,9.426040050514525,9.290500000000002,9.443180016838175,9.443180016838177,9.306550381619273
005,2014-10-01 13:40:12,4.6,3,8.137000000000006,7.2028652556551975,8.354500000000002,7.898121751885069,7.8981217518850695,7.302773443994121
005,2014-10-01 13:45:12,4.7,3,6.233500000000001,6.743343928044649,6.049999999999999,6.342281309348216,6.342281309348217,6.0742969972708885
005,2014-10-01 13:50:12,4.8,3,7.7160000000000055,7.683135231898058,7.993,7.797378410632689,7.797378410632689,7.689343685065618
005,2014-10-01 13:55:12,4.9,3,8.297000000000004,6.461936749404915,8.183,7.647312249801639,7.64731224980164,6.643141777316481
005,2014-10-01 14:00:00,9.8,3,12.080499999999997,11.51129812191803,11.8005,11.797432707306008,11.79743270730601,11.544355664301143
005,2014-10-01 14:00:12,5.2,3,11.366000000000001,11.525181760110126,11.5555,11.482227253370043,11.482227253370043,11.382957461704047
005,2014-10-01 14:05:12,5.4,3,8.455000000000002,8.462737448274451,8.17,8.362579149424818,8.36257914942482,8.199895298337111
005,2014-10-01 14:10:12,5.8,3,9.996000000000004,8.977528810015292,10.046,9.673176270005099,9.673176270005099,9.084585639456806
005,2014-10-01 14:15:12,6.2,3,8.774999999999999,8.81079767235247,8.448500000000001,8.67809922411749,8.67809922411749,8.483017808788265
005,2014-10-01 14:20:12,6.5,3,9.723000000000008,10.265530572607089,9.6715,9.886676857535699,9.8866768575357,9.682313456878699
005,2014-10-01 14:25:12,6.9,3,8.880500000000007,9.062749476634085,9.284500000000001,9.075916492211364,9.075916492211366,8.901785228099534
005,2014-10-01 14:30:12,7.2,3,9.068000000000001,9.422290393892306,9.089,9.193096797964103,9.193096797964103,9.073530014117663
005,2014-10-01 14:35:12,7.5,3,11.5255,13.229709000954438,11.48,12.078403000318147,12.078403000318147,11.501802495396817
005,2014-10-01 14:40:12,7.8,3,8.150500000000001,7.891122087308761,7.9385,7.993374029102921,7.993374029102921,7.898198967985974
005,2014-10-01 14:45:12,8.0,3,8.650000000000007,9.307144113221323,8.282,8.746381371073777,8.746381371073777,8.327073181407325
005,2014-10-01 14:50:12,8.2,3,8.583000000000006,8.35428204109598,8.534500000000001,8.490594013698662,8.490594013698663,8.373622217853134
005,2014-10-01 14:55:12,8.3,3,9.858500000000006,10.569093440086098,9.906,10.111197813362034,10.111197813362036,9.87010058837659
005,2014-10-01 15:00:12,8.4,3,9.368500000000006,8.8858628916239,9.480999999999998,9.245120963874635,9.245120963874635,8.937483458454954
005,2014-10-01 15:05:12,8.4,3,8.227500000000003,8.527267790680256,8.130500000000001,8.295089263560087,8.295089263560087,8.14364623444671
005,2014-10-01 15:10:12,8.5,3,9.25500000000001,9.08900370918372,9.039000000000001,9.127667903061244,9.127667903061246,9.045891565690184
005,2014-10-01 15:15:12,8.5,3,8.517500000000002,8.311150303954703,8.673,8.500550101318234,8.500550101318236,8.334294495267159
005,2014-10-01 15:20:12,8.6,3,7.506500000000002,6.498932934202884,7.1885,7.064644311400962,7.064644311400962,6.5742584017833
005,2014-10-01 15:25:12,8.7,3,9.133500000000005,8.43267821279242,9.191500000000001,8.919226070930808,8.91922607093081,8.506581197657113
005,2014-10-01 15:30:12,8.8,3,6.587500000000006,5.661274599826326,6.497000000000001,6.2485915332754445,6.248591533275445,5.749616779986116
005,2014-10-01 15:35:12,8.9,3,8.183500000000004,7.229700765813356,8.474,7.96240025527112,7.962400255271121,7.332396337523294
005,2014-10-01 15:40:12,9.0,3,9.02450000000001,8.96401327242806,9.121,9.036504424142692,9.036504424142692,8.971306653610302
005,2014-10-01 15:45:12,9.1,3,9.657500000000006,9.222757308654295,9.486,9.455419102884767,9.455419102884768,9.25201388944645
005,2014-10-01 15:50:12,9.3,3,8.37000000000001,7.602849716987586,8.3795,8.117449905662532,8.117449905662534,7.683207273912924
005,2014-10-01 15:55:12,9.4,3,9.4785,9.83623966079308,9.626999999999999,9.647246553597693,9.647246553597695,9.496129104300467
005,2014-10-01 16:00:12,9.7,3,9.150000000000007,10.71595027723107,9.135,9.666983425743693,9.666983425743693,9.152228867185695
005,2014-10-01 16:05:12,10.0,3,9.118,8.380445491537325,8.978,8.825481830512443,8.825481830512443,8.444364210246707
005,2014-10-01 16:10:12,10.4,3,8.860500000000007,8.390766902845819,9.185500000000001,8.812255634281943,8.812255634281943,8.443162396610099
005,2014-10-01 16:15:12,10.9,3,8.966000000000008,7.821496135640947,9.078999999999999,8.622165378546987,8.622165378546987,7.942369044688276
005,2014-10-01 16:20:12,11.4,3,9.086000000000006,7.917702289239983,9.052000000000001,8.68523409641333,8.685234096413332,8.036717386670253
005,2014-10-01 16:25:12,11.9,3,10.203000000000005,8.844866511975326,10.461500000000001,9.836455503991777,9.836455503991779,8.989545269624404
005,2014-10-01 16:30:12,12.4,3,10.412,9.653765646133722,10.476500000000003,10.180755215377909,10.18075521537791,9.733740380264775
005,2014-10-01 16:35:12,12.8,3,10.58900000000001,7.182935700261467,10.5495,9.440478566753825,9.440478566753827,7.535555114087573
005,2014-10-01 16:40:12,13.1,3,8.8665,8.550087241201563,8.773,8.729862413733853,8.729862413733855,8.574344331264784
005,2014-10-01 16:45:12,13.4,3,10.952500000000011,10.382549177801158,10.649499999999998,10.661516392600388,10.66151639260039,10.41350871916672
005,2014-10-01 16:50:12,13.6,3,8.847000000000003,7.822871275348225,8.4735,8.38112375844941,8.38112375844941,7.894677846467983
005,2014-10-01 16:55:12,13.8,3,8.598000000000008,6.800973281660089,8.608500000000001,8.002491093886698,8.0024910938867,6.989090933771408
005,2014-10-01 17:00:12,13.8,3,7.837500000000009,6.41333657459185,7.713500000000002,7.321445524863954,7.321445524863954,6.550605255353448
005,2014-10-01 17:05:12,13.8,3,8.074500000000008,7.996835213007343,8.3045,8.125278404335784,8.125278404335784,8.007260836532648
005,2014-10-01 17:10:12,13.7,3,8.045000000000009,7.6598642636012535,8.252,7.98562142120042,7.985621421200422,7.702228818203126
005,2014-10-01 17:15:12,13.5,3,8.815000000000005,8.216069636643404,9.478000000000002,8.836356545547803,8.836356545547805,8.28536230320002
005,2014-10-01 17:20:12,13.3,3,8.6335,8.224782387302481,8.6265,8.49492746243416,8.49492746243416,8.266881809009051
005,2014-10-01 17:25:12,13.0,3,9.399500000000007,11.61854344012316,9.454,10.157347813374388,10.15734781337439,9.426847458436544
005,2014-10-01 17:30:12,12.8,3,7.6980000000000075,8.76059846734232,7.7655,8.074699489114108,8.07469948911411,7.715013124533672
005,2014-10-01 17:35:12,12.5,3,9.4055,8.742814881069048,9.1285,9.092271627023017,9.092271627023017,8.785936914430613
005,2014-10-01 17:40:12,12.3,3,6.797000000000004,7.835094796735346,6.702500000000002,7.111531598911784,7.111531598911785,6.7227679437716965
005,2014-10-01 17:45:12,12.0,3,8.843000000000009,9.381372851679002,8.541,8.92179095055967,8.921790950559672,8.577980265372997
005,2014-10-01 17:50:12,11.7,3,7.785000000000001,9.144776303322214,7.9895000000000005,8.306425434440738,8.306425434440738,7.817948431202408
005,2014-10-01 17:55:12,11.3,3,7.185,5.822822869530018,6.8125,6.606774289843339,6.60677428984334,5.9300921408169085
005,2014-10-01 18:00:12,10.9,3,10.401000000000005,8.817569884820214,10.0875,9.76868996160674,9.768689961606741,8.953570426837057
005,2014-10-01 18:05:12,10.5,3,9.750500000000006,10.149189325665004,9.6785,9.859396441888336,9.859396441888338,9.69001984244091
005,2014-10-01 18:10:12,10.2,3,9.05800000000001,8.730882277876525,9.282499999999999,9.023794092625511,9.023794092625513,8.76735173868246
005,2014-10-01 18:15:12,9.8,3,10.306500000000003,10.033438987978702,9.976999999999999,10.105646329326234,10.105646329326236,9.985635499404301
005,2014-10-01 18:20:12,9.3,3,7.746500000000002,8.230025490767222,8.020000000000001,7.998841830255742,7.998841830255742,7.777214999378443
005,2014-10-01 18:25:12,8.8,3,8.639000000000008,10.338165881762372,8.684999999999999,9.22072196058746,9.220721960587461,8.660344376352016
005,2014-10-01 18:30:00,6.3,3,8.466000000000003,8.503716229071339,8.312499999999998,8.427405409690445,8.427405409690447,8.328936991454377
005,2014-10-01 18:30:12,8.3,3,9.053,8.944842235484444,9.257,9.084947411828148,9.08494741182815,8.958198165261928
005,2014-10-01 18:35:12,7.7,3,8.566500000000003,8.184897063389597,8.487,8.412799021129866,8.412799021129867,8.217299369916017
005,2014-10-01 18:40:12,7.2,3,10.039000000000003,11.341644937938424,10.25,10.543548312646143,10.543548312646145,10.07199217546104
005,2014-10-01 18:45:12,6.6,3,10.253000000000004,9.061604637446706,10.008,9.77420154581557,9.77420154581557,9.163070584312464
005,2014-10-01 18:50:12,6.2,3,8.837000000000005,7.553053300548957,8.7085,8.366184433516322,8.366184433516322,7.675226095994615
005,2014-10-01 18:55:12,5.9,3,10.251500000000007,10.563532704290171,10.9145,10.57651090143006,10.57651090143006,10.287655874418846
005,2014-10-01 19:00:12,5.7,3,9.89750000000001,8.255217044097884,10.009500000000001,9.387405681365964,9.387405681365966,8.428159739278295
005,2014-10-01 19:05:12,5.7,3,9.034500000000001,9.191232657333545,8.855500000000001,9.027077552444515,9.027077552444517,8.875795075239761
005,2014-10-01 19:10:12,5.7,3,10.322500000000007,8.280338803470483,10.63,9.744279601156832,9.744279601156832,8.497073477352814
005,2014-10-01 19:15:12,5.7,3,10.32950000000001,9.401308526190265,10.468,10.066269508730091,10.066269508730093,9.499804904044064
005,2014-10-01 19:20:12,5.7,3,9.428500000000005,9.03548731979939,9.624500000000001,9.362829106599799,9.3628291065998,9.078565994087189
005,2014-10-01 19:25:12,5.6,3,8.837000000000003,8.845221858745997,8.701500000000001,8.794573952915334,8.794573952915334,8.715758810455062
005,2014-10-01 19:30:12,5.6,3,10.616000000000001,10.386736568674852,10.659499999999998,10.554078856224951,10.554078856224951,10.411158093369039
005,2014-10-01 19:35:12,5.5,3,9.640000000000015,7.457863543413613,9.732500000000002,8.94345451447121,8.943454514471211,7.687093030088474
005,2014-10-01 19:40:00,4.8,3,10.255500000000005,8.339465428852145,10.597999999999999,9.730988476284049,9.73098847628405,8.543354193570828
005,2014-10-01 19:40:12,5.5,3,10.155000000000006,8.5799582547773,10.199,9.644652751592433,9.644652751592437,8.745185885747482
005,2014-10-01 19:45:12,5.5,3,9.032000000000004,9.177148778859925,9.059,9.08938292628664,9.089382926286644,9.036006343732698
005,2014-10-01 19:50:12,5.6,3,8.084500000000006,7.057110040630344,8.1905,7.77737001354345,7.777370013543451,7.165659990024124
005,2014-10-01 19:55:12,5.6,3,8.306500000000009,8.331251361154111,8.235,8.290917120384707,8.290917120384707,8.242728150648688
005,2014-10-01 20:00:12,5.8,3,9.347500000000002,8.9249249673246,9.432,9.234808322441536,9.234808322441536,8.969981581875729
005,2014-10-01 20:05:12,5.9,3,8.7475,9.511745403564072,8.861500000000001,9.04024846785469,9.040248467854692,8.765929623577385
005,2014-10-01 20:10:12,6.1,3,8.94300000000001,9.03385898556334,8.618500000000001,8.86511966185445,8.86511966185445,8.653359173331923
005,2014-10-01 20:15:12,6.2,3,8.972000000000005,9.239617996512163,8.9535,9.055039332170722,9.055039332170724,8.958111729408298
005,2014-10-01 20:20:12,6.3,3,8.852500000000003,6.034681026157878,8.951,7.946060342052626,7.946060342052628,6.330478347552335
005,2014-10-01 20:25:12,6.5,3,7.802500000000002,5.925801933938141,7.619000000000001,7.115767311312715,7.115767311312715,6.104786586584446
005,2014-10-01 20:30:12,6.8,3,9.921000000000005,7.967032099438424,10.233999999999998,9.374010699812809,9.37401069981281,8.174594611974655
005,2014-10-01 20:35:12,7.0,3,8.215000000000007,9.219185617024893,8.281500000000001,8.571895205674968,8.571895205674968,8.231334371736272
005,2014-10-01 20:40:12,7.4,3,8.809000000000003,8.718228131500814,8.720999999999998,8.74940937716694,8.74940937716694,8.719398136286225
005,2014-10-01 20:45:12,7.7,3,9.776000000000016,9.43717706029225,9.832,9.68172568676409,9.68172568676409,9.4731861712267
005,2014-10-01 20:50:12,8.1,3,9.73,9.3726002920948,9.788,9.630200097364932,9.630200097364934,9.410572984290907
005,2014-10-01 20:55:12,8.5,3,10.776000000000009,9.815652776908744,10.54,10.377217592302918,10.377217592302918,9.89379709389912
005,2014-10-01 21:00:12,8.9,3,9.730500000000005,8.820808746299832,10.006,9.51910291543328,9.519102915433281,8.918739551681643
005,2014-10-01 21:05:12,9.2,3,10.200000000000006,9.387574363967309,9.96,9.849191454655772,9.849191454655774,9.449863992134013
005,2014-10-01 21:10:12,9.5,3,8.532000000000004,8.10316272178567,8.638499999999999,8.424554240595226,8.424554240595224,8.149094519356579
005,2014-10-01 21:15:12,9.7,3,8.240499999999999,7.674870328926656,8.173000000000002,8.029456776308885,8.029456776308887,7.72766179419566
005,2014-10-01 21:20:12,9.9,3,9.265500000000003,8.936012174206665,9.114500000000001,9.105337391402223,9.105337391402225,8.956196337008198
005,2014-10-01 21:25:12,10.2,3,9.7215,8.819725271284991,9.574000000000002,9.371741757094998,9.371741757094998,8.900115732429196
005,2014-10-01 21:30:12,10.5,3,6.952000000000007,5.330573788068238,6.995500000000001,6.4260245960227484,6.426024596022749,5.5006493611309
005,2014-10-01 21:35:12,10.8,3,9.314500000000004,9.482197338388815,9.339999999999998,9.37889911279627,9.378899112796272,9.318589892886648
005,2014-10-01 21:40:12,11.2,3,9.381000000000007,9.414315053247401,9.821,9.538771684415801,9.538771684415803,9.388552413400635
005,2014-10-01 21:45:12,11.5,3,9.272000000000004,9.577971636109313,9.368499999999997,9.406157212036439,9.406157212036439,9.28419096075389
005,2014-10-01 21:50:12,11.9,3,9.280000000000003,9.847078374043313,9.632,9.586359458014437,9.58635945801444,9.318978535307934
005,2014-10-01 21:55:12,12.2,3,10.074500000000008,9.682450532304044,10.3915,10.049483510768018,10.049483510768018,9.726638431163353
005,2014-10-01 22:00:00,13.2,3,11.423500000000006,9.729341784664634,11.382500000000002,10.845113928221545,10.845113928221549,9.902712296187769
005,2014-10-01 22:00:12,12.5,3,8.774500000000003,6.920277598170206,9.303,8.332592532723403,8.332592532723405,7.119559308299419
005,2014-10-01 22:05:12,12.8,3,9.397500000000003,9.218476298510065,9.4075,9.341158766170023,9.341158766170023,9.237306526928148
005,2014-10-01 22:10:12,13.0,3,10.675500000000007,8.556697279164348,10.781,10.004399093054785,10.004399093054786,8.7794305184356
005,2014-10-01 22:15:12,13.2,3,9.593000000000005,11.729869901256412,9.638,10.320289967085472,10.320289967085474,9.61862679225273
005,2014-10-01 22:20:12,13.2,3,8.050000000000008,7.415967291202187,7.616500000000001,7.694155763734066,7.6941557637340665,7.441282884329355
005,2014-10-01 22:25:12,13.1,3,9.323000000000002,8.52634252517339,9.358,9.069114175057797,9.069114175057798,8.610042251216875
005,2014-10-02 09:25:12,9.6,3,8.447500000000003,6.483611069849631,8.6115,7.847537023283212,7.847537023283212,6.690721563104583
005,2014-10-02 09:30:12,9.3,3,10.673000000000002,10.991649810911635,10.989,10.884549936970545,10.884549936970547,10.706087775084484
005,2014-10-02 09:35:12,8.9,3,9.077000000000005,7.5608357213096,9.174999999999999,8.604278573769868,8.60427857376987,7.7204433388980345
005,2014-10-02 09:40:12,8.6,3,10.270000000000008,9.44513007502277,10.315500000000002,10.010210025007593,10.010210025007595,9.531886508751645
005,2014-10-02 09:45:12,8.3,3,9.085000000000004,9.824849294347509,9.126000000000001,9.345283098115837,9.34528309811584,9.096278089006736
005,2014-10-02 09:50:12,8.1,3,9.671000000000006,9.757193885867755,9.655,9.694397961955922,9.694397961955922,9.657535927566288
005,2014-10-02 09:55:12,7.9,3,10.440500000000004,11.727605351185106,10.375,10.84770178372837,10.847701783728372,10.39472394478364
005,2014-10-02 10:00:12,7.8,3,9.589500000000005,8.823889720571493,9.544999999999998,9.3194632401905,9.3194632401905,8.899780374615707
005,2014-10-02 10:05:12,7.6,3,11.282000000000005,14.563679268022735,11.803000000000003,12.549559756007582,12.549559756007582,11.3641160499719
005,2014-10-02 10:10:12,7.5,3,12.642999999999997,14.624328503424952,12.978499999999997,13.415276167808315,13.415276167808317,12.694559735747017
005,2014-10-02 10:15:12,7.4,3,11.776000000000009,9.688981404359573,11.7115,11.058827134786528,11.058827134786528,9.90123098498712
005,2014-10-02 10:20:12,7.2,3,8.682000000000002,7.878560865497527,9.0185,8.52635362183251,8.526353621832511,7.965985117898279
005,2014-10-02 10:25:12,7.1,3,11.425500000000008,9.467545444747067,11.435999999999996,10.776348481582355,10.776348481582358,9.672500058216704
005,2014-10-02 10:30:12,7.0,3,9.277500000000005,8.780157748219562,9.2275,9.095052582739855,9.095052582739857,8.827460615589493
005,2014-10-02 10:35:12,6.9,3,12.571000000000003,11.060032353956387,12.696499999999997,12.109177451318795,12.109177451318796,11.219371277521802
005,2014-10-02 10:40:12,6.9,3,9.389500000000005,11.274746633239488,9.260500000000002,9.974915544413165,9.974915544413166,9.292849000287529
005,2014-10-02 10:45:12,6.8,3,9.631000000000006,9.526843970605398,9.338500000000003,9.498781323535136,9.498781323535137,9.359246915290232
005,2014-10-02 10:50:12,6.8,3,8.068000000000007,8.773636143884882,8.2105,8.35071204796163,8.35071204796163,8.088540323366036
005,2014-10-02 10:55:12,6.7,3,9.504000000000005,7.763210899132046,9.699000000000002,8.98873696637735,8.988736966377353,7.947289730206416
005,2014-10-02 11:00:12,6.5,3,9.821000000000002,9.288615920592932,9.7855,9.631705306864312,9.631705306864312,9.340957066712958
005,2014-10-02 11:05:12,6.3,3,9.446000000000005,9.421723483768805,9.518,9.461907827922937,9.461907827922937,9.424983397145754
005,2014-10-02 11:10:12,6.1,3,9.268000000000006,9.246576998511006,9.493,9.335858999503671,9.335858999503673,9.25106836492199
005,2014-10-02 11:15:12,5.9,3,8.937000000000006,8.338155046730481,9.3,8.85838501557683,8.85838501557683,8.404438777317019
005,2014-10-02 11:20:12,5.6,3,8.750500000000004,8.905321892199602,8.735999999999999,8.797273964066534,8.797273964066536,8.739065271188267
005,2014-10-02 11:25:12,5.3,3,9.99750000000001,8.821590212755398,9.458,9.425696737585135,9.425696737585136,8.89356913758429
005,2014-10-02 11:30:12,5.1,3,8.989000000000008,10.005787615078223,8.9555,9.316762538359411,9.316762538359411,8.969172790007345
005,2014-10-02 11:35:12,4.9,3,9.190000000000014,9.542076380371888,8.945500000000001,9.2258587934573,9.225858793457302,8.97460140374194
005,2014-10-02 11:40:12,4.7,3,9.270500000000006,9.936109364800961,8.9905,9.399036454933656,9.399036454933658,9.026450896031248
005,2014-10-02 11:45:12,4.7,3,8.6795,8.105423164398708,8.517499999999998,8.43414105479957,8.43414105479957,8.150156412490315
005,2014-10-02 11:50:12,4.8,3,9.55600000000001,10.233025214155568,9.7805,9.856508404718527,9.856508404718527,9.584013406195266
005,2014-10-02 11:55:00,4.4,3,10.257500000000002,9.599316416334954,10.2515,10.036105472111652,10.036105472111654,9.667610663481597
005,2014-10-02 11:55:12,5.0,3,7.970000000000004,8.997173163105051,7.823499999999999,8.263557721035019,8.263557721035019,7.849099190735135
005,2014-10-02 12:00:12,5.3,3,9.889000000000008,9.863064703517653,10.0865,9.946188234505888,9.946188234505888,9.867753165607654
005,2014-10-02 12:05:12,5.6,3,9.16300000000001,9.661653858485536,9.026,9.283551286161849,9.283551286161849,9.045320066893796
005,2014-10-02 12:10:12,6.1,3,8.969000000000008,10.572498033229794,9.167000000000002,9.569499344409934,9.569499344409936,9.003770590589022
005,2014-10-02 12:15:12,6.5,3,9.891500000000008,9.293082525006179,9.746000000000002,9.643527508335396,9.643527508335398,9.34192369616996
005,2014-10-02 12:20:12,7.0,3,9.105000000000008,10.732342642282212,8.990499999999999,9.60928088076074,9.60928088076074,9.01875290811168
005,2014-10-02 12:25:12,7.5,3,7.971500000000004,8.732115671197976,7.733,8.145538557065994,8.145538557065994,7.7655590508848436
005,2014-10-02 12:30:12,7.9,3,9.091500000000014,9.323878684405242,9.454500000000001,9.28995956146842,9.28995956146842,9.11711866900499
005,2014-10-02 12:35:12,8.4,3,9.479500000000003,8.689664923811689,9.336500000000003,9.168554974603898,9.1685549746039,8.758769587138417
005,2014-10-02 12:40:12,8.8,3,8.890000000000002,7.0448829802291275,8.903000000000002,8.279294326743043,8.279294326743045,7.238057046186768
005,2014-10-02 12:45:12,9.2,3,11.045500000000002,10.099139178825409,11.218,10.787546392941804,10.787546392941806,10.199876511823799
005,2014-10-02 12:50:12,9.5,3,11.522499999999997,11.615387585593734,10.976500000000001,11.371462528531245,11.371462528531245,11.034553740503252
005,2014-10-02 12:55:12,9.7,3,9.607000000000005,9.644585794696685,9.749,9.666861931565563,9.666861931565565,9.611976529296092
005,2014-10-02 13:00:12,9.8,3,9.815000000000008,10.106492359296578,9.885500000000002,9.935664119765528,9.935664119765532,9.824585936335893
005,2014-10-02 13:05:12,9.9,3,8.876,8.627978008452638,8.88,8.794659336150879,8.79465933615088,8.653967134270768
005,2014-10-02 13:10:12,9.9,3,8.368500000000004,8.518017634265934,8.305,8.397172544755312,8.397172544755314,8.313138819025998
005,2014-10-02 13:15:12,10.0,3,9.165000000000012,9.066065939832368,8.960500000000001,9.06385531327746,9.063855313277463,8.972534102550924
005,2014-10-02 13:20:12,10.0,3,8.551500000000004,7.831026686125887,8.921500000000002,8.434675562041965,8.434675562041965,7.910105698098527
005,2014-10-02 13:25:12,10.1,3,9.884000000000006,10.154118822649956,9.998999999999999,10.01237294088332,10.01237294088332,9.897582982062474
005,2014-10-02 13:30:12,10.2,3,8.70850000000001,8.741245652060805,8.684,8.711248550686937,8.711248550686939,8.68689075172914
005,2014-10-02 13:35:12,10.3,3,8.900500000000006,8.49852427971048,9.049,8.81600809323683,8.81600809323683,8.542065705741699
005,2014-10-02 13:40:12,10.3,3,10.750000000000005,10.39985451398323,10.713000000000001,10.620951504661079,10.62095150466108,10.432987139447745
005,2014-10-02 13:45:12,10.4,3,11.010000000000014,9.897421939060722,10.741,10.549473979686912,10.549473979686912,9.988370698310908
005,2014-10-02 13:50:12,10.4,3,10.51250000000001,10.399209340669659,10.170000000000002,10.360569780223223,10.360569780223225,10.195113772090838
005,2014-10-02 13:55:12,10.4,3,10.378000000000007,9.73764485964325,10.6385,10.251381619881085,10.251381619881087,9.807246564256971
005,2014-10-02 14:00:12,10.5,3,11.058000000000003,8.996781568990032,11.194000000000003,10.41626052299668,10.41626052299668,9.213795092579774
005,2014-10-02 14:05:12,10.5,3,9.537500000000005,8.44228482495289,9.414499999999999,9.131428274984296,9.131428274984298,8.54523215147786
005,2014-10-02 14:10:12,10.7,3,9.875500000000004,9.959167640433755,10.357999999999999,10.064222546811251,10.064222546811253,9.888241991425586
005,2014-10-02 14:15:12,10.8,3,9.463000000000012,8.026347680298889,9.523,9.004115893432965,9.004115893432967,8.177256415295554
005,2014-10-02 14:20:12,10.9,3,9.64750000000001,9.640866657149303,9.503,9.597122219049771,9.597122219049773,9.517490535130026
005,2014-10-02 14:25:12,10.9,3,7.802500000000006,6.364771246508689,8.002000000000002,7.389757082169567,7.389757082169567,6.517187602630936
005,2014-10-02 14:30:12,11.0,3,8.742500000000007,9.205185558720814,8.6285,8.858728519573608,8.858728519573608,8.645054025128953
005,2014-10-02 14:35:12,11.2,3,10.039000000000012,9.981562528210395,9.830000000000002,9.950187509403468,9.95018750940347,9.846431497262992
005,2014-10-02 14:40:12,11.2,3,10.397000000000013,9.76442931062442,10.421999999999999,10.19447643687481,10.194476436874812,9.830861572548303
005,2014-10-02 14:45:12,11.3,3,7.9985,8.828322740458653,8.032,8.28627424681955,8.286274246819552,8.009968141261151
005,2014-10-02 14:50:12,11.4,3,9.739500000000007,9.545832652518138,9.848,9.711110884172713,9.711110884172715,9.567179962063019
005,2014-10-02 14:55:12,11.5,3,9.019500000000004,9.639156244545319,9.3265,9.32838541484844,9.328385414848443,9.054746220772792
005,2014-10-02 15:00:12,11.5,3,9.4665,9.837653218055806,9.459499999999998,9.5878844060186,9.587884406018603,9.463943902240134
005,2014-10-02 15:05:12,11.4,3,7.81450000000001,6.493401734449355,7.553000000000003,7.286967244816457,7.286967244816457,6.606876455145532
005,2014-10-02 15:10:12,11.3,3,7.858500000000005,7.927450692342101,7.808999999999998,7.864983564114034,7.864983564114036,7.814868409487596
005,2014-10-02 15:15:12,11.2,3,10.41100000000001,10.819279163092041,10.264000000000001,10.498093054364018,10.49809305436402,10.28346256288212
005,2014-10-02 15:20:12,11.2,3,5.978500000000004,6.180778058934788,5.9445,6.034592686311598,6.034592686311599,5.950080006593025
005,2014-10-02 15:25:12,11.2,3,7.468500000000006,7.353885188413938,7.2315,7.351295062804648,7.351295062804648,7.245450612077364
005,2014-10-02 15:30:12,11.2,3,7.4965000000000055,7.168126118582203,7.7989999999999995,7.487875372860736,7.487875372860737,7.2055070041677425
005,2014-10-02 15:35:12,11.3,3,9.44850000000001,9.490746107779504,9.5185,9.485915369259837,9.485915369259839,9.45319750813243
005,2014-10-02 15:40:12,11.3,3,9.939000000000002,10.629170437522607,10.333499999999999,10.300556812507537,10.300556812507537,9.983230988447325
005,2014-10-02 15:45:12,11.2,3,10.722000000000012,8.558761490562926,10.705499999999999,9.995420496854313,9.995420496854313,8.783527492000243
005,2014-10-02 15:50:12,11.2,3,7.630500000000001,6.151025534755575,7.7840000000000025,7.188508511585193,7.188508511585193,6.307349506506947
005,2014-10-02 15:55:12,11.1,3,10.14800000000001,8.216317729197318,9.6745,9.346272576399109,9.34627257639911,8.373614020132703
005,2014-10-02 16:00:12,11.0,3,9.072500000000005,7.343486085827961,8.707500000000001,8.374495361942657,8.374495361942657,7.489845078912456
005,2014-10-02 16:05:12,11.1,3,11.050500000000007,9.167326709567842,10.929499999999997,10.382442236522616,10.382442236522616,9.352902846382959
005,2014-10-02 16:10:12,11.2,3,11.214999999999998,10.766682815862513,11.383000000000003,11.121560938620838,11.121560938620838,10.815267684842217
005,2014-10-02 16:15:12,11.4,3,10.418500000000005,10.528748498505056,10.1675,10.37158283283502,10.371582832835022,10.194863182835737
005,2014-10-02 16:20:12,11.6,3,7.809000000000002,8.192498376047366,7.7405,7.913999458682457,7.913999458682457,7.751501747914942
005,2014-10-02 16:25:12,11.9,3,10.606000000000009,9.15473530876817,10.698,10.152911769589393,10.152911769589394,9.307492852823204
005,2014-10-02 16:30:12,12.1,3,11.03600000000001,11.065735562415785,10.679500000000003,10.927078520805267,10.927078520805267,10.717095916515676
005,2014-10-02 16:35:12,12.3,3,9.634500000000006,9.066559552381644,9.741999999999999,9.481019850793883,9.481019850793883,9.127054920876027
005,2014-10-02 16:40:12,12.4,3,9.865500000000008,8.412168155164467,9.636,9.304556051721493,9.304556051721493,8.542505698181511
005,2014-10-02 16:45:12,12.5,3,7.166500000000002,5.261488947838962,7.012,6.4799963159463205,6.479996315946321,5.44617993120587
005,2014-10-02 16:50:12,12.6,3,10.500000000000007,10.53339246356817,10.85,10.627797487856059,10.62779748785606,10.506659738297603
005,2014-10-02 16:55:12,12.7,3,8.929000000000011,7.461869519809941,8.752500000000003,8.381123173269986,8.381123173269987,7.598665822906202
005,2014-10-02 17:00:12,12.8,3,9.115500000000004,8.984260550520016,9.185500000000001,9.09508685017334,9.095086850173342,8.998691385296446
005,2014-10-02 17:05:12,12.8,3,13.85299999999999,14.407858178276628,13.623,13.96128605942554,13.961286059425541,13.652612169454708
005,2014-10-02 17:10:12,12.8,3,10.966000000000008,9.604548188570478,10.821500000000004,10.46401606285683,10.464016062856832,9.733315912948166
005,2014-10-02 17:15:12,12.8,3,11.386500000000003,11.673916793582082,12.129000000000001,11.729805597860695,11.729805597860697,11.421121611241363
005,2014-10-02 17:20:12,12.8,3,7.215500000000007,7.396612058649875,7.395000000000001,7.3357040195499605,7.335704019549962,7.234296181400043
005,2014-10-02 17:25:12,12.7,3,5.758500000000003,6.456528094550517,5.588000000000001,5.934342698183507,5.934342698183508,5.612818723111013
005,2014-10-02 17:30:12,12.5,3,6.694000000000001,6.5118652472102125,6.5680000000000005,6.591288415736738,6.591288415736739,6.518998306102385
005,2014-10-02 17:35:12,12.3,3,5.7235000000000005,5.55186811606715,5.758000000000001,5.677789372022384,5.677789372022384,5.5701699807902765
005,2014-10-02 17:40:12,12.0,3,8.003000000000007,8.499636322783521,8.241,8.247878774261176,8.247878774261178,8.030486945253593
005,2014-10-02 17:45:12,11.8,3,11.143500000000003,13.320989474918852,10.844000000000003,11.76949649163962,11.769496491639622,10.897109870869832
005,2014-10-02 17:50:12,11.4,3,7.140999999999994,5.63732365702036,7.187,6.655107885673452,6.655107885673452,5.795104733148719
005,2014-10-02 17:55:12,11.0,3,10.138500000000006,10.562908961251132,10.159,10.286802987083712,10.286802987083714,10.144683887644144
005,2014-10-02 18:00:12,10.5,3,10.013500000000008,9.032001838143364,9.767,9.604167279381125,9.604167279381125,9.111365502084913
005,2014-10-02 18:05:12,9.9,3,9.835500000000005,9.200302365876132,10.079999999999998,9.705267455292045,9.705267455292047,9.269204470040272
005,2014-10-02 18:10:12,9.3,3,6.1525,5.40721856607393,6.3054999999999986,5.955072855357976,5.955072855357977,5.486723110098078
005,2014-10-02 18:15:12,8.8,3,5.776000000000002,5.280206728699291,5.663000000000002,5.573068909566431,5.573068909566432,5.321386204543533
005,2014-10-02 18:20:12,8.3,3,8.520500000000002,8.514953297260787,8.3925,8.475984432420262,8.475984432420265,8.405367056828927
005,2014-10-02 18:25:12,7.8,3,10.411000000000016,8.545359477459046,10.128,9.694786492486353,9.694786492486356,8.71377212514313
005,2014-10-02 18:30:00,7.7,3,9.29450000000001,9.473044844551678,9.557500000000001,9.441681614850562,9.441681614850564,9.314024679903374
005,2014-10-02 18:30:12,7.5,3,7.429000000000007,6.96888145532366,7.67,7.355960485107889,7.3559604851078895,7.019431033320648
005,2014-10-02 18:35:12,7.2,3,9.350500000000004,9.756888713263942,9.213500000000002,9.44029623775465,9.440296237754652,9.23189741544158
005,2014-10-02 18:40:12,7.0,3,8.190500000000002,7.338210443173904,8.286,7.938236814391303,7.938236814391303,7.4283356365329
005,2014-10-02 18:45:12,6.9,3,10.155500000000007,10.275741384162131,10.127,10.186080461387379,10.18608046138738,10.131184206227056
005,2014-10-02 18:50:12,6.8,3,8.398500000000004,8.085580843330025,8.658999999999999,8.381026947776675,8.381026947776677,8.120924789246368
005,2014-10-02 18:55:12,6.8,3,8.469000000000005,9.13249964865782,8.608,8.736499882885942,8.736499882885942,8.488787773383974
005,2014-10-02 19:00:12,6.7,3,9.725999999999999,8.269282727046548,9.549,9.181427575682182,9.181427575682184,8.404942243537937
005,2014-10-02 19:05:12,6.7,3,7.950000000000004,7.055623623933538,8.004000000000001,7.669874541311181,7.669874541311183,7.149737121051769
005,2014-10-02 19:10:12,6.8,3,10.866,11.680377229570176,11.054,11.200125743190059,11.20012574319006,10.891933139610158
005,2014-10-02 19:15:12,6.9,3,10.267000000000001,11.281874730364306,10.033000000000001,10.527291576788103,10.527291576788105,10.067630832152492
005,2014-10-02 19:20:12,7.0,3,11.159,11.074998559820045,11.4255,11.219832853273347,11.21983285327335,11.086452151212825
005,2014-10-02 19:25:12,7.3,3,6.262000000000003,6.550418665697915,6.3629999999999995,6.391806221899306,6.391806221899307,6.2744412403737915
005,2014-10-02 19:30:12,7.4,3,10.104000000000005,9.576384161713033,9.988,9.889461387237679,9.88946138723768,9.620609178285987
005,2014-10-02 19:35:12,7.6,3,7.167999999999998,9.178220659944564,7.4245,7.9235735533148555,7.923573553314855,7.212373338068374
005,2014-10-02 19:40:12,7.8,3,8.93650000000001,8.372736322702336,8.632500000000002,8.647245440900782,8.647245440900784,8.402953914105113
005,2014-10-02 19:45:12,8.0,3,8.702000000000004,11.008202710796958,8.964500000000001,9.558234236932321,9.558234236932321,8.749900904342258
005,2014-10-02 19:50:12,8.3,3,11.354000000000008,11.103011278695778,11.055000000000001,11.17067042623193,11.170670426231931,11.062533033361465
005,2014-10-02 19:55:12,8.7,3,9.247000000000005,12.116540749345369,9.344,10.235846916448459,10.235846916448459,9.284873964033363
005,2014-10-02 20:00:12,8.9,3,9.125000000000009,8.560790220070093,9.066500000000001,8.917430073356702,8.917430073356702,8.61428474887837
005,2014-10-02 20:05:12,9.0,3,10.232000000000015,11.430443351523184,10.4425,10.701647783841068,10.701647783841068,10.263902847449785
005,2014-10-02 20:10:12,9.1,3,6.6635000000000115,6.06705335765276,6.645000000000001,6.458517785884258,6.458517785884259,6.127705617208542
005,2014-10-02 20:15:12,9.0,3,7.3685,5.344022107546365,7.4335,6.715340702515455,6.715340702515456,5.556481678220174
005,2014-10-02 20:20:12,8.8,3,8.540500000000002,7.738421633258847,8.622999999999998,8.300640544419615,8.300640544419617,7.823163516292965
005,2014-10-02 20:25:12,8.5,3,9.585999999999999,8.776286332932365,9.402499999999998,9.25492877764412,9.254928777644123,8.843638495883898
005,2014-10-02 20:30:12,8.3,3,12.249500000000014,12.926844821181348,12.1545,12.443614940393786,12.44361494039379,12.171212756163268
005,2014-10-02 20:35:12,8.1,3,9.621500000000005,8.265064417674452,9.6535,9.180021472558153,9.180021472558153,8.407300533138098
005,2014-10-02 20:40:12,7.9,3,10.544000000000008,11.372158741413283,10.334000000000001,10.750052913804431,10.750052913804433,10.364252689201562
005,2014-10-02 20:45:12,7.8,3,10.003500000000006,9.748932447093544,9.7505,9.83431081569785,9.834310815697851,9.751626451210042
005,2014-10-02 20:50:12,7.8,3,9.79250000000001,10.799539279743804,9.6495,10.080513093247939,10.080513093247939,9.674531666871733
005,2014-10-02 20:55:12,7.8,3,10.829000000000008,10.40559990068305,10.673499999999999,10.636033300227686,10.636033300227687,10.43518375949712
005,2014-10-02 21:00:12,7.8,3,9.288000000000006,9.98746802292073,9.295499999999999,9.523656007640243,9.523656007640247,9.295704362435904
005,2014-10-02 21:05:12,7.9,3,10.088,8.988582975153719,10.25,9.775527658384574,9.775527658384574,9.105228705438147
005,2014-10-02 21:10:12,7.9,3,9.113500000000007,8.568535419784594,8.914000000000001,8.8653451399282,8.865345139928202,8.60667440766966
005,2014-10-02 21:15:12,8.0,3,11.554,13.84365771869196,11.755500000000001,12.384385906230653,12.384385906230657,11.595963372473427
005,2014-10-02 21:20:12,8.2,3,8.793000000000005,8.55402011794463,8.738,8.695006705981545,8.695006705981546,8.573818883256425
005,2014-10-02 21:25:12,8.3,3,9.267,8.509725091648212,9.293,9.02324169721607,9.02324169721607,8.589214444469464
005,2014-10-02 21:30:12,8.5,3,8.052499999999998,7.382243002795135,8.1465,7.8604143342650445,7.860414334265045,7.4533081680776325
005,2014-10-02 21:35:12,8.7,3,9.192000000000002,8.16521767465061,9.533,8.963405891550204,8.963405891550204,8.27605405076387
005,2014-10-02 21:40:12,8.8,3,8.589500000000005,8.218836771882607,8.649,8.48577892396087,8.485778923960872,8.258212150519864
005,2014-10-02 21:45:12,8.9,3,8.696,8.171139327779493,8.677999999999999,8.515046442593162,8.515046442593164,8.224349267881404
005,2014-10-02 21:50:12,8.9,3,8.755,8.370704814204409,8.791500000000001,8.63906827140147,8.639068271401472,8.411276426792664
005,2014-10-02 21:55:12,9.0,3,12.175999999999995,10.454367001836498,12.027999999999999,11.552789000612165,11.552789000612165,10.620487243639868
005,2014-10-02 22:00:12,9.0,3,9.68550000000001,10.716785157706015,9.948000000000002,10.116761719235342,10.116761719235344,9.720651728811353
005,2014-10-02 22:05:12,9.0,3,11.064000000000005,11.671005460532188,11.3005,11.345168486844065,11.345168486844067,11.092448700189736
005,2014-10-02 22:10:12,9.0,3,10.106500000000008,10.226503040570064,10.307499999999997,10.213501013523356,10.213501013523357,10.119865203018904
005,2014-10-02 22:15:12,9.0,3,13.376499999999998,13.401351880162565,13.046000000000001,13.274617293387521,13.274617293387523,13.080826848043268
005,2014-10-02 22:20:12,9.0,3,7.641500000000001,6.274277694657019,7.417999999999999,7.1112592315523395,7.11125923155234,6.3961738336438945
005,2014-10-02 22:25:12,9.0,3,8.994000000000007,9.865200501355545,8.8265,9.228566833785184,9.228566833785184,8.852736574296383
005,2014-10-02 22:30:12,9.0,3,8.632000000000009,9.455658848500285,8.7025,8.930052949500098,8.9300529495001,8.64690760122793
005,2014-10-02 22:35:12,9.0,3,11.180500000000004,9.061030483823199,11.7225,10.654676827941069,10.654676827941069,9.288198486086412
005,2014-10-02 22:40:12,9.0,3,8.590000000000009,8.553965518755934,8.9085,8.684155172918647,8.684155172918649,8.560920600923886
005,2014-10-02 22:45:13,9.0,3,9.022000000000004,8.61825445249628,9.130999999999998,8.923751484165429,8.923751484165429,8.661586045450687
005,2014-10-02 22:50:13,8.9,3,8.230500000000001,8.651656379787216,8.2855,8.389218793262406,8.389218793262406,8.239915899980293
005,2014-10-02 22:55:13,8.9,3,7.597000000000001,9.331283731245849,7.633500000000001,8.187261243748617,8.187261243748617,7.617796624051701
005,2014-10-02 23:00:00,9.4,3,7.205500000000003,6.152544174310981,7.057,6.805014724770328,6.80501472477033,6.248657226732157
005,2014-10-02 23:00:13,8.8,3,8.525500000000006,7.875303515454477,8.418000000000001,8.272934505151495,8.272934505151495,7.933157752128903
005,2014-10-03 08:45:13,8.3,3,9.015500000000005,9.885767584589047,9.585500000000001,9.495589194863017,9.495589194863019,9.07813852355463
005,2014-10-03 08:50:13,8.2,3,11.043000000000005,10.308347306203226,10.676000000000002,10.675782435401077,10.675782435401079,10.350482709811944
005,2014-10-03 08:55:13,8.0,3,5.554500000000001,6.3919718821762945,5.682,5.876157294058765,5.876157294058766,5.574939316335558
005,2014-10-03 09:00:13,7.8,3,9.819000000000008,9.638848953651445,9.781,9.746282984550485,9.746282984550486,9.654101406549128
005,2014-10-03 09:05:13,7.5,3,9.727000000000002,10.468211248308512,9.936,10.043737082769505,10.043737082769507,9.754188589976287
005,2014-10-03 09:10:13,7.4,3,9.327000000000009,7.0590483438335845,9.197000000000001,8.527682781277866,8.527682781277866,7.284030026948995
005,2014-10-03 09:15:13,7.3,3,10.624500000000005,12.147288136552506,10.672500000000003,11.148096045517505,11.148096045517505,10.644269847488367
005,2014-10-03 09:20:13,7.2,3,9.573500000000006,8.035187957321433,9.579500000000001,9.062729319107147,9.062729319107149,8.196192769085812
005,2014-10-03 09:25:13,7.2,3,10.486500000000003,9.816463256392193,10.275,10.192654418797398,10.1926544187974,9.86655233956878
005,2014-10-03 09:30:13,7.3,3,8.427,8.973095966403946,8.5185,8.639531988801314,8.639531988801316,8.441119082585702
005,2014-10-03 09:35:13,7.3,3,11.147000000000006,10.261867323108733,10.814,10.74095577436958,10.740955774369581,10.32296381474751
005,2014-10-03 09:40:13,7.4,3,9.930000000000001,11.01812498941523,9.947000000000001,10.298374996471745,10.298374996471745,9.94248986289599
005,2014-10-03 09:45:13,7.5,3,9.670500000000004,9.589735827830275,9.6085,9.622911942610093,9.622911942610093,9.592319016100262
005,2014-10-03 09:50:13,7.7,3,12.332499999999996,11.301242981282563,12.1895,11.941080993760854,11.941080993760854,11.395606244957035
005,2014-10-03 09:55:13,7.8,3,11.39000000000001,10.517327376822289,11.216499999999998,11.0412757922741,11.041275792274101,10.592212819064294
005,2014-10-03 10:00:13,8.0,3,7.9525000000000095,6.493552859557058,7.8694999999999995,7.438517619852355,7.438517619852357,6.638340358017984
005,2014-10-03 10:05:13,8.1,3,8.875500000000006,8.021644841713242,8.6885,8.528548280571082,8.528548280571083,8.093284091999863
005,2014-10-03 10:10:13,8.2,3,10.044500000000005,9.938823377158148,10.351499999999998,10.11160779238605,10.111607792386051,9.952949719239145
005,2014-10-03 10:15:13,8.3,3,10.504500000000007,8.700678505231732,10.436,9.880392835077247,9.880392835077247,8.882920291876818
005,2014-10-03 10:20:13,8.3,3,9.1875,7.887906621110238,9.143,8.739468873703414,8.739468873703414,8.019664880064122
005,2014-10-03 10:25:13,8.3,3,8.480000000000006,8.141457557584989,8.5695,8.396985852528331,8.396985852528333,8.177772321688154
005,2014-10-03 10:30:13,8.3,3,8.855000000000002,8.785175707329971,8.731,8.790391902443325,8.790391902443325,8.73736633807028
005,2014-10-03 10:35:13,8.3,3,7.732500000000008,7.309625497555077,7.613,7.551708499185028,7.55170849918503,7.342560840759495
005,2014-10-03 10:40:13,8.3,3,7.160000000000008,7.8368767120734635,7.2315,7.409458904024491,7.409458904024491,7.173534404157889
005,2014-10-03 10:45:13,8.4,3,8.285499999999999,7.822845227615233,8.4985,8.20228174253841,8.202281742538412,7.873380156646211
005,2014-10-03 10:50:13,8.4,3,9.939500000000004,8.317633557463767,9.9425,9.399877852487924,9.399877852487926,8.487350189342719
005,2014-10-03 10:55:13,8.4,3,9.309500000000009,10.080313986494758,9.588000000000001,9.659271328831588,9.659271328831592,9.343561005806853
005,2014-10-03 11:00:13,8.4,3,11.320500000000012,8.938637703983918,11.259499999999997,10.506212567994643,10.506212567994643,9.1820662837
005,2014-10-03 11:05:13,8.4,3,6.219000000000005,5.504633932589713,6.305499999999999,6.0097113108632385,6.009711310863239,5.580238978211414
005,2014-10-03 11:10:13,8.4,3,8.617999999999997,9.490304312109602,8.387,8.831768104036533,8.831768104036534,8.419891255087267
005,2014-10-03 11:15:13,8.3,3,10.231000000000005,11.114770531846677,10.119,10.488256843948895,10.488256843948896,10.13955562627176
005,2014-10-03 11:20:13,8.3,3,9.367000000000008,9.870010584557736,9.062999999999999,9.433336861519248,9.43333686151925,9.099835891290233
005,2014-10-03 11:25:13,8.2,3,7.066000000000003,8.217131903521324,7.075,7.452710634507109,7.45271063450711,7.078362937683247
005,2014-10-03 11:30:13,8.2,3,9.120000000000008,9.814305985377189,9.046,9.326768661792398,9.3267686617924,9.060685257626481
005,2014-10-03 11:35:13,8.2,3,9.542500000000011,9.42635202497399,9.3625,9.443784008324668,9.443784008324668,9.370341952798054
005,2014-10-03 11:40:13,8.2,3,9.927000000000005,8.745965075204408,10.2205,9.631155025068137,9.63115502506814,8.872465020667232
005,2014-10-03 11:45:13,8.2,3,8.496000000000008,7.440208357729818,8.247000000000002,8.061069452576609,8.06106945257661,7.527108363889654
005,2014-10-03 11:50:13,8.3,3,9.965500000000004,8.087956261784344,9.687499999999998,9.246985420594783,9.246985420594783,8.258087396478542
005,2014-10-03 11:55:13,8.3,3,12.110999999999999,11.984263825531702,12.726500000000001,12.273921275177235,12.273921275177235,12.003678508338327
005,2014-10-03 12:00:13,8.4,3,9.484000000000007,8.48085056327339,9.555,9.173283521091133,9.173283521091134,8.586514365093976
005,2014-10-03 12:05:13,8.4,3,8.97950000000001,7.928675767883129,9.0105,8.63955858929438,8.639558589294381,8.038927511523783
005,2014-10-03 12:10:13,8.5,3,7.559999999999999,8.665606760832391,7.797500000000001,8.007702253610796,8.007702253610798,7.593529337486961
005,2014-10-03 12:15:13,8.5,3,5.837500000000001,5.343612208320081,5.8580000000000005,5.679704069440028,5.679704069440028,5.395489869951358
005,2014-10-03 12:20:13,8.7,3,6.832999999999999,5.936518780183348,6.692499999999999,6.487339593394449,6.487339593394449,6.017017781754665
005,2014-10-03 12:25:13,8.7,3,9.503000000000005,11.101564735315748,9.922000000000002,10.175521578438586,10.175521578438586,9.558633226633793
005,2014-10-03 12:30:00,8.5,3,8.761499999999998,8.828520524579343,8.551499999999999,8.713840174859781,8.713840174859781,8.57414130703322
005,2014-10-03 12:30:13,8.8,3,9.375500000000004,7.489128505850902,8.739499999999998,8.534709501950301,8.534709501950303,7.626307740946378
005,2014-10-03 12:35:13,8.8,3,7.256499999999999,8.352518503979798,7.3325,7.647172834659933,7.6471728346599335,7.2746516314009595
005,2014-10-03 12:40:13,8.7,3,9.680500000000011,8.88351666788154,9.133000000000001,9.232338889293851,9.232338889293851,8.915093685425546
005,2014-10-03 12:45:13,8.5,3,13.260499999999995,15.702426361665564,13.3035,14.088808787221852,14.088808787221854,13.288988108268358
005,2014-10-03 12:50:13,8.3,3,8.540000000000003,8.891150748791324,8.523500000000002,8.65155024959711,8.65155024959711,8.528737808342639
005,2014-10-03 12:55:13,8.0,3,5.411500000000003,4.468250694531891,5.619999999999999,5.166583564843964,5.166583564843965,4.56902248739552
005,2014-10-03 13:00:13,7.8,3,8.4755,6.319133415429949,8.847000000000001,7.8805444718099835,7.880544471809984,6.548456747432809
005,2014-10-03 13:05:13,7.5,3,7.531000000000002,6.8480615151629065,7.4725,7.283853838387636,7.283853838387637,6.913977950926448
005,2014-10-03 13:10:13,7.4,3,6.921500000000006,8.336589324234234,7.1160000000000005,7.458029774744747,7.458029774744748,6.954055318469274
005,2014-10-03 13:15:13,7.4,3,9.464500000000008,7.105217101696652,9.3685,8.64607236723222,8.646072367232222,7.342971477565087
005,2014-10-03 13:20:13,7.4,3,6.287500000000006,5.468200660103484,6.392500000000001,6.049400220034497,6.049400220034498,5.554969275299866
005,2014-10-03 13:25:13,7.5,3,10.534500000000005,10.012282835730476,10.1295,10.225427611910161,10.225427611910161,10.028596598813326
005,2014-10-03 13:30:13,7.6,3,5.741999999999998,5.136873359496652,5.629000000000001,5.5026244531655495,5.502624453165551,5.189491761929054
005,2014-10-03 13:35:13,7.7,3,6.0115,5.276266730161566,5.9765,5.754755576720522,5.754755576720522,5.349878141811875
005,2014-10-03 13:40:13,7.8,3,6.020500000000003,6.210233893905518,5.820000000000001,6.016911297968508,6.016911297968508,5.842874509931339
005,2014-10-03 13:45:13,7.9,3,6.367999999999998,5.815114706332564,6.341000000000001,6.174704902110854,6.174704902110855,5.870405084026276
005,2014-10-03 13:50:13,7.9,3,6.1395000000000035,5.151065003197895,6.276,5.855521667732632,5.855521667732634,5.255844317126451
005,2014-10-03 13:55:13,7.9,3,9.001500000000005,8.132869657848433,8.920000000000002,8.68478988594948,8.684789885949481,8.216037614359795
005,2014-10-03 14:00:13,7.9,3,7.469499999999999,6.909107025409538,7.164999999999999,7.1812023418031785,7.181202341803179,6.938924647273417
005,2014-10-03 14:05:13,7.8,3,5.456000000000004,4.551564211631567,5.5045,5.170688070543857,5.170688070543858,4.646675167662219
005,2014-10-03 14:10:13,7.9,3,9.490000000000004,7.16156318941683,9.4245,8.692021063138945,8.692021063138945,7.398976356101802
005,2014-10-03 14:15:13,7.9,3,8.597000000000007,9.440782976442856,8.76,8.932594325480954,8.932594325480956,8.620861589723246
005,2014-10-03 14:20:13,8.1,3,7.727500000000007,4.753024871042273,7.901500000000001,6.794008290347428,6.794008290347428,5.065967232101838
005,2014-10-03 14:25:13,8.2,3,8.292500000000008,5.950978974532778,8.537,7.593492991510928,7.59349299151093,6.198403959237288
005,2014-10-03 14:30:13,8.4,3,9.936000000000007,10.434560817827856,10.050499999999998,10.140353605942622,10.140353605942622,9.951820089867141
005,2014-10-03 14:35:13,8.5,3,8.426000000000009,8.13593617376388,8.2865,8.282812057921296,8.282812057921298,8.153083807819776
005,2014-10-03 14:40:13,8.6,3,8.508000000000004,6.116236239395277,8.6625,7.762245413131761,7.762245413131761,6.368017834803524
005,2014-10-03 14:45:13,8.7,3,9.910000000000007,9.707722507376308,9.382000000000001,9.666574169125438,9.66657416912544,9.418101262373959
005,2014-10-03 14:50:13,8.8,3,9.474500000000004,6.86136686666477,9.4095,8.581788955554925,8.581788955554925,7.128613497333486
005,2014-10-03 14:55:13,8.9,3,8.860000000000012,9.594308312105,8.8295,9.094602770701671,9.094602770701671,8.840034124094936
005,2014-10-03 15:00:13,9.1,3,7.300499999999999,10.194918893921677,7.101500000000001,8.198972964640559,8.19897296464056,7.15126442349016
005,2014-10-03 15:05:13,9.3,3,8.873000000000005,8.703114167864928,9.115000000000002,8.897038055954978,8.89703805595498,8.72330835315103
005,2014-10-03 15:10:13,9.5,3,9.931000000000001,9.289530468796045,9.642,9.620843489598682,9.620843489598682,9.329297344734375
005,2014-10-03 15:15:13,9.7,3,9.665,9.416600801402426,9.468,9.516533600467474,9.516533600467476,9.423948406279468
005,2014-10-03 15:20:13,9.9,3,10.289000000000003,7.9560233137111345,10.2865,9.510507771237046,9.510507771237046,8.199872792223918
005,2014-10-03 15:25:13,10.2,3,8.912500000000009,9.231257601063355,8.956000000000001,9.033252533687788,9.03325253368779,8.919803732809463
005,2014-10-03 15:30:13,10.3,3,13.080000000000002,12.985540093356123,12.955,13.006846697785376,13.006846697785376,12.95913983477941
005,2014-10-03 15:35:13,10.4,3,9.956500000000009,9.583812507462374,9.792,9.77743750248746,9.777437502487462,9.607238976935772
005,2014-10-03 15:40:13,10.6,3,10.214500000000005,10.304924794196875,10.295500000000002,10.271641598065628,10.27164159806563,10.223068815774264
005,2014-10-03 15:45:13,10.7,3,7.933500000000005,8.273749382705791,7.913499999999999,8.040249794235265,8.040249794235265,7.918994979711572
005,2014-10-03 15:50:13,10.9,3,9.946000000000005,11.124246476953616,9.895,10.321748825651207,10.321748825651207,9.91211830377505
005,2014-10-03 15:55:13,11.0,3,9.329500000000003,8.998169000899383,9.3605,9.229389666966462,9.229389666966464,9.033144272835429
005,2014-10-03 16:00:13,11.2,3,10.682000000000002,10.113784885126448,10.784500000000001,10.526761628375484,10.526761628375485,10.174258990488553
005,2014-10-03 16:05:13,11.4,3,8.1415,6.046963999285041,8.105500000000001,7.431321333095013,7.431321333095015,6.262696875498359
005,2014-10-03 16:10:13,11.4,3,9.504000000000005,9.400466124963483,9.5855,9.49665537498783,9.49665537498783,9.412113283567642
005,2014-10-03 16:15:13,11.5,3,9.209000000000005,10.135168312692556,9.210500000000001,9.518222770897522,9.518222770897522,9.218403619568265
005,2014-10-03 16:20:13,11.4,3,7.474000000000007,7.824761611681001,7.425500000000002,7.574753870560337,7.574753870560337,7.434081894386765
005,2014-10-03 16:25:13,11.3,3,6.380000000000004,5.738846544090442,6.243499999999999,6.120782181363481,6.120782181363483,5.793010555743616
005,2014-10-03 16:30:13,11.2,3,6.971500000000005,7.808484289815491,6.8235,7.201161429938498,7.2011614299385,6.84735423844358
005,2014-10-03 16:35:13,10.9,3,8.299500000000005,6.94546819138969,8.126999999999999,7.790656063796565,7.790656063796566,7.070810122970941
005,2014-10-03 16:40:13,10.7,3,8.429500000000008,8.84232168161844,8.4,8.557273893872816,8.557273893872818,8.407214633495846
005,2014-10-03 16:45:13,10.5,3,7.443500000000005,7.917407830190911,7.741499999999999,7.700802610063639,7.700802610063639,7.476437117981216
005,2014-10-03 16:50:13,10.4,3,5.698500000000001,6.280408238894824,5.766,5.914969412964941,5.914969412964942,5.7107062222491916
005,2014-10-03 16:55:13,10.3,3,5.242000000000006,6.085735615048813,5.293000000000001,5.540245205016274,5.540245205016274,5.25526319515601
005,2014-10-03 17:00:13,10.3,3,9.051500000000003,8.910021781613862,9.176000000000002,9.045840593871288,9.04584059387129,8.926068840360841
005,2014-10-03 17:05:13,10.4,3,6.426500000000005,5.428397350110413,6.164000000000001,6.006299116703473,6.006299116703474,5.507984258185779
005,2014-10-03 17:10:13,10.4,3,7.250500000000004,8.241518707891675,7.248499999999999,7.580172902630559,7.58017290263056,7.258619435667365
005,2014-10-03 17:15:13,10.5,3,9.348500000000008,7.494660953348456,9.363999999999999,8.735720317782821,8.735720317782823,7.688772555212706
005,2014-10-03 17:20:13,10.5,3,8.89650000000001,8.239708030016699,8.6055,8.580569343338903,8.580569343338905,8.280888756709684
005,2014-10-03 17:25:13,10.7,3,7.282000000000004,6.686271742729004,7.319500000000001,7.095923914243003,7.095923914243003,6.74897439119638
005,2014-10-03 17:30:13,10.7,3,9.199500000000004,7.718887555583946,9.0165,8.644962518527983,8.644962518527985,7.856479341759661
005,2014-10-03 17:35:13,10.8,3,6.97400000000001,8.220487754991456,6.751999999999999,7.315495918330488,7.315495918330489,6.787691470868053
005,2014-10-03 17:40:13,10.9,3,7.008500000000007,6.637892868424172,7.015,6.887130956141394,6.887130956141394,6.676732378000359
005,2014-10-03 17:45:13,11.0,3,9.34600000000001,9.960998774591657,9.8195,9.70883292486389,9.70883292486389,9.396954591061867
005,2014-10-03 17:50:13,11.0,3,8.352500000000008,7.518272162364924,8.283000000000001,8.051257387454978,8.051257387454978,7.598976272652356
005,2014-10-03 17:55:13,11.1,3,6.521000000000006,6.016049735052376,6.241500000000001,6.2595165783507944,6.259516578350795,6.042432309905552
005,2014-10-03 18:00:13,11.0,3,7.2895000000000065,8.107102632219004,7.510000000000002,7.635534210739671,7.635534210739671,7.318540683198995
005,2014-10-03 18:05:13,11.0,3,10.131500000000004,8.624656401370576,10.187500000000002,9.647885467123528,9.647885467123528,8.782868849385926
005,2014-10-03 18:10:13,10.9,3,6.520000000000005,6.887513977525197,6.487000000000002,6.631504659175068,6.631504659175069,6.494127741484705
005,2014-10-03 18:15:13,10.8,3,6.878000000000002,6.404503776603068,6.950000000000001,6.744167925534357,6.744167925534358,6.454762984794579
005,2014-10-03 18:20:13,10.8,3,8.03950000000001,8.060594477438974,8.179,8.09303149247966,8.093031492479662,8.042891050039731
005,2014-10-03 18:25:13,10.7,3,9.395500000000013,9.442993710206215,9.230500000000001,9.356331236735409,9.35633123673541,9.248237945649327
005,2014-10-03 18:30:13,10.5,3,7.291500000000005,7.734563292020409,7.604499999999999,7.543521097340137,7.543521097340139,7.3255480370129
005,2014-10-03 18:35:00,11.1,3,9.813000000000011,6.724431452482285,9.739,8.758810484160765,8.758810484160767,7.040568559161788
005,2014-10-03 18:35:13,10.4,3,8.288499999999997,5.39151393974248,7.995500000000001,7.225171313247492,7.225171313247493,5.66688414347089
005,2014-10-03 18:40:13,10.2,3,8.362000000000002,8.896207943436114,7.975,8.411069314478704,8.411069314478706,8.020831681299764
005,2014-10-03 18:45:13,10.0,3,7.885000000000008,7.418336444671306,7.814000000000001,7.705778814890437,7.705778814890439,7.4604424648984615
005,2014-10-03 18:50:13,9.9,3,8.057000000000007,5.8958999966349515,8.0525,7.335133332211652,7.335133332211654,6.121577749914497
005,2014-10-03 18:55:13,9.8,3,10.823000000000004,10.902828038763673,10.508000000000003,10.744609346254558,10.744609346254562,10.54175493306878
005,2014-10-03 19:00:13,9.8,3,8.988500000000005,8.948553059756662,8.621000000000002,8.852684353252224,8.852684353252224,8.655669477100993
005,2014-10-03 19:05:13,9.7,3,9.997000000000005,9.611587938320595,10.027999999999999,9.878862646106866,9.878862646106867,9.652221403259931
005,2014-10-03 19:10:13,9.7,3,8.019000000000007,8.491667791133473,8.433500000000002,8.314722597044494,8.314722597044495,8.062948447867957
005,2014-10-03 19:15:13,9.8,3,7.312000000000007,6.396418497545805,7.303000000000001,7.003806165848604,7.003806165848605,6.49135894739829
005,2014-10-03 19:20:13,9.8,3,9.424000000000014,8.226335052614099,9.387,9.012445017538036,9.01244501753804,8.348138803567036
005,2014-10-03 19:25:13,9.9,3,6.470500000000003,6.029699523049724,6.6579999999999995,6.386066507683242,6.386066507683243,6.077692961845067
005,2014-10-03 19:30:13,10.0,3,10.549500000000005,10.0455344363715,10.226499999999998,10.273844812123835,10.273844812123837,10.067697830745313
005,2014-10-03 19:35:13,10.3,3,11.372499999999997,10.697409168980817,11.060499999999998,11.043469722993605,11.043469722993605,10.738517290916075
005,2014-10-03 19:40:13,10.6,3,10.2765,10.393544205041465,10.343,10.337681401680488,10.33768140168049,10.283962957616431
005,2014-10-03 19:45:13,11.0,3,5.834500000000003,7.586525383298536,6.2425,6.554508461099513,6.5545084610995135,5.890626965877135
005,2014-10-03 19:50:13,11.5,3,9.444500000000003,11.738834082597364,9.22,10.134444694199123,10.134444694199123,9.266431494879676
005,2014-10-03 19:55:13,12.0,3,7.786500000000006,10.891031458705513,7.556000000000001,8.744510486235173,8.744510486235173,7.611161214406113
005,2014-10-03 20:00:13,12.4,3,9.605000000000011,8.86018930174481,9.528,9.331063100581607,9.33106310058161,8.930828524726232
005,2014-10-03 20:05:13,12.9,3,7.066000000000005,8.225175843517953,6.621499999999998,7.304225281172652,7.304225281172653,6.679597257218569
005,2014-10-03 20:10:13,13.2,3,5.8800000000000034,6.874629886606684,5.7655,6.173376628868895,6.173376628868897,5.787425780554926
005,2014-10-03 20:15:13,13.4,3,8.431000000000004,9.26220032058417,8.439000000000002,8.710733440194725,8.710733440194726,8.44006899755965
005,2014-10-03 20:20:13,13.5,3,9.777499999999998,9.324119285814733,9.786999999999999,9.629539761938243,9.629539761938245,9.371648923051978
005,2014-10-03 20:25:13,13.5,3,8.464000000000013,7.781866373782974,8.3855,8.210455457927663,8.210455457927663,7.845806115896923
005,2014-10-03 20:30:00,13.5,3,7.654000000000005,9.09998279278776,7.889999999999999,8.214660930929256,8.214660930929256,7.690791161365182
005,2014-10-03 20:30:13,13.5,3,6.725000000000007,7.283027466596476,7.075000000000001,7.027675822198828,7.027675822198829,6.763698777645018
005,2014-10-03 20:35:13,13.4,3,8.73350000000001,10.512052787186056,8.623999999999999,9.289850929062021,9.289850929062023,8.653241888089589
005,2014-10-03 20:40:13,13.4,3,8.804000000000007,10.240100333183022,8.5945,9.212866777727678,9.212866777727678,8.630779792972145
005,2014-10-03 20:45:13,13.4,3,10.276000000000009,8.651055825548855,10.301000000000002,9.742685275182955,9.742685275182957,8.82131446295722
005,2014-10-03 20:50:13,13.5,3,9.342500000000003,8.436595750270158,9.111500000000001,8.96353191675672,8.963531916756722,8.50951713106817
005,2014-10-03 20:55:13,13.7,3,10.418500000000003,9.469860929386732,10.426499999999999,10.10495364312891,10.104953643128912,9.569191622624714
005,2014-10-03 21:00:13,13.9,3,10.845500000000005,9.561923295009024,10.640999999999996,10.349474431669675,10.349474431669677,9.676865933684264
005,2014-10-03 21:05:13,14.1,3,10.06200000000001,9.215979831270383,10.2105,9.829493277090132,9.829493277090133,9.305979094324556
005,2014-10-03 21:10:13,14.2,3,9.309500000000012,9.516020965625179,9.294,9.373173655208397,9.373173655208399,9.297686886216752
005,2014-10-03 21:15:13,14.2,3,8.515000000000004,9.96572602943937,8.4525,8.977742009813126,8.977742009813126,8.473546278683507
005,2014-10-03 21:20:13,14.2,3,10.126500000000004,10.019205141465623,10.4875,10.211068380488543,10.211068380488543,10.034040790313842
005,2014-10-03 21:25:13,14.1,3,11.684499999999998,11.038660277972895,11.157,11.293386759324298,11.2933867593243,11.056316487868859
005,2014-10-03 21:30:13,14.0,3,10.219500000000009,11.072016394778705,10.6355,10.642338798259571,10.642338798259573,10.267388870345748
005,2014-10-03 21:35:13,13.9,3,11.505999999999995,10.678186213967795,11.508500000000002,11.23089540465593,11.230895404655932,10.764820647081844
005,2014-10-03 21:40:13,13.7,3,11.3325,11.034506888681648,11.531,11.29933562956055,11.29933562956055,11.067669207637493
005,2014-10-03 21:45:13,13.6,3,8.083500000000006,10.014714334327662,8.2125,8.770238111442557,8.770238111442557,8.115018677298416
005,2014-10-03 21:50:13,13.4,3,8.212500000000006,6.978123083598777,8.316,7.8355410278662605,7.835541027866261,7.108303897285941
005,2014-10-03 21:55:13,13.2,3,10.443999999999999,10.128935072587858,10.440999999999999,10.337978357529286,10.337978357529288,10.161614645370992
005,2014-10-03 22:00:13,12.9,3,11.3725,9.867907190674126,11.117500000000001,10.785969063558042,10.785969063558044,10.001194956419548
005,2014-10-03 22:05:13,12.5,3,11.3915,10.214751214785963,11.443499999999998,11.016583738261987,11.016583738261989,10.338387725920112
005,2014-10-03 22:10:13,12.2,3,8.885999999999997,8.140945273920664,8.992999999999999,8.673315091306886,8.673315091306888,8.21996609879635
005,2014-10-03 22:15:13,11.8,3,8.885000000000009,8.901953021009193,8.961500000000001,8.916151007003068,8.91615100700307,8.887369167647996
005,2014-10-03 22:20:13,11.4,3,10.183500000000004,9.867063226009787,10.459000000000001,10.169854408669933,10.169854408669933,9.902925200155616
005,2014-10-03 22:25:13,11.0,3,10.113000000000005,10.29956381211706,10.575,10.329187937372355,10.329187937372357,10.135273469049663
005,2014-10-03 22:30:13,10.5,3,11.024000000000003,10.076167842607024,11.4035,10.834555947535677,10.834555947535677,10.179129113118831
005,2014-10-03 22:35:13,10.1,3,10.390500000000005,9.994634273890417,10.4255,10.27021142463014,10.270211424630142,10.036401446092835
005,2014-10-03 22:40:13,9.6,3,10.417000000000012,10.109708960650641,10.478,10.33490298688355,10.334902986883552,10.142469068764495
005,2014-10-03 22:45:00,8.3,3,11.123500000000014,9.429819138832084,10.9725,10.508606379610699,10.5086063796107,9.59273103514751
005,2014-10-03 22:45:13,9.1,3,10.17000000000001,9.678545880711495,10.145,9.997848626903835,9.997848626903837,9.727598313730795
005,2014-10-04 08:05:13,3.9,3,11.037,10.40624170223392,11.130999999999998,10.858080567411307,10.858080567411308,10.473174343964795
005,2014-10-04 08:10:13,4.1,3,6.235000000000006,6.624029768966525,6.464500000000002,6.4411765896555115,6.4411765896555115,6.260606573214503
005,2014-10-04 08:15:13,4.6,3,8.005000000000006,5.621116558261043,7.836,7.154038852753684,7.154038852753684,5.8545371751455155
005,2014-10-04 08:20:13,5.1,3,6.168000000000007,5.757627625747424,6.049000000000001,5.99154254191581,5.991542541915812,5.78930225476051
005,2014-10-04 08:25:13,5.7,3,10.21450000000001,8.625199949195636,10.075,9.63823331639855,9.63823331639855,8.77827925627965
005,2014-10-04 08:30:13,6.3,3,8.691500000000001,6.826999543746233,8.868500000000001,8.128999847915411,8.128999847915413,7.023841588065568
005,2014-10-04 08:35:13,7.0,3,9.788500000000004,8.148749798159955,9.696500000000002,9.211249932719987,9.211249932719987,8.311602070665392
005,2014-10-04 08:40:13,7.8,3,5.762,6.871879614940085,5.758500000000001,6.130793204980029,6.130793204980029,5.769964981179189
005,2014-10-04 08:45:00,11.1,3,7.335000000000001,6.899947496763973,7.330500000000001,7.188482498921324,7.188482498921325,6.945038748542216
005,2014-10-04 08:45:13,8.5,3,10.517500000000005,8.519978063686288,10.7095,9.915659354562097,9.915659354562099,8.730887386473775
005,2014-10-04 08:50:13,9.3,3,7.685500000000001,7.92848406492867,8.0145,7.876161354976223,7.876161354976224,7.7117821956520025
005,2014-10-04 08:55:13,9.9,3,5.541000000000002,6.556586197894537,5.468000000000001,5.85519539929818,5.855195399298181,5.485793435457432
005,2014-10-04 09:00:13,10.4,3,9.509500000000012,10.658355439633858,9.631499999999999,9.933118479877956,9.933118479877958,9.5325327182919
005,2014-10-04 09:05:13,10.8,3,5.959000000000003,5.682147592559523,5.929500000000001,5.856882530853176,5.856882530853176,5.708321663613048
005,2014-10-04 09:10:13,11.0,3,7.7915000000000125,8.337034251061343,7.619000000000001,7.915844750353785,7.915844750353786,7.642503033264573
005,2014-10-04 09:15:13,11.1,3,6.984000000000002,6.455136387565455,6.8504999999999985,6.763212129188485,6.763212129188486,6.497836026479002
005,2014-10-04 09:20:13,11.1,3,6.707500000000002,6.720844420984793,6.496,6.641448140328265,6.641448140328266,6.518261482438614
005,2014-10-04 09:25:13,11.0,3,8.644500000000004,8.243320173638898,8.505,8.464273391212968,8.464273391212968,8.27209324078507
005,2014-10-04 09:30:13,10.9,3,9.15200000000001,8.563118374246955,9.184,8.966372791415653,8.966372791415655,8.62504969872394
005,2014-10-04 09:35:13,10.8,3,5.839500000000002,5.614797119941744,5.7595,5.737932373313915,5.7379323733139165,5.630736556640286
005,2014-10-04 09:40:13,10.7,3,7.549000000000009,7.319797949466843,7.548500000000001,7.472432649822284,7.472432649822285,7.343730740091878
005,2014-10-04 09:45:13,10.5,3,7.612500000000004,7.060389191240466,7.320000000000001,7.330963063746824,7.330963063746824,7.090475788880333
005,2014-10-04 09:50:13,10.3,3,10.069500000000005,10.080236725261573,10.437000000000001,10.195578908420526,10.195578908420527,10.074190955050176
005,2014-10-04 09:55:13,10.0,3,7.577500000000006,8.003331702222663,7.577500000000002,7.719443900740891,7.719443900740892,7.581758317022227
005,2014-10-04 10:00:13,9.7,3,12.85249999999999,14.95545881951289,13.233500000000001,13.680486273170962,13.680486273170962,12.909581444295167
005,2014-10-04 10:05:13,9.3,3,5.573500000000001,4.73253237289392,5.669,5.32501079096464,5.32501079096464,4.821473017346685
005,2014-10-04 10:10:13,8.9,3,13.741499999999998,14.137409279469926,13.486999999999998,13.788636426489973,13.788636426489976,13.517585975675175
005,2014-10-04 10:15:13,8.5,3,8.056500000000005,6.593720782394865,7.834499999999999,7.494906927464957,7.494906927464958,6.72575643232691
005,2014-10-04 10:20:13,8.2,3,7.495500000000002,6.432480547246375,7.369000000000001,7.098993515748792,7.098993515748793,6.531728234019506
005,2014-10-04 10:25:13,7.9,3,6.059000000000003,6.728835129164923,5.8675000000000015,6.218445043054975,6.218445043054977,5.8942339036359
005,2014-10-04 10:30:13,7.7,3,7.645500000000001,8.753432040990022,7.9315,8.11014401366334,8.110144013663342,7.683641868558493
005,2014-10-04 10:35:13,7.5,3,9.0,7.1989320987176795,8.600499999999998,8.266477366239227,8.266477366239227,7.349565151198954
005,2014-10-04 10:40:13,7.3,3,9.714000000000004,8.245430263942671,9.663,9.207476754647558,9.20747675464756,8.3942524970936
005,2014-10-04 10:45:13,7.0,3,5.903499999999997,6.0029782388839115,5.9105,5.938992746294637,5.938992746294637,5.905157152448416
005,2014-10-04 10:50:13,6.8,3,6.058000000000003,5.761532022913992,6.201000000000001,6.006844007637999,6.006844007638,5.793979775777181
005,2014-10-04 10:55:13,6.5,3,6.369499999999997,6.63251611116627,6.168499999999998,6.390172037055422,6.3901720370554225,6.192159644251055
005,2014-10-04 11:00:13,6.2,3,5.989499999999998,6.129612620103079,5.877999999999999,5.999037540034359,5.99903754003436,5.891066735007211
005,2014-10-04 11:05:13,5.9,3,6.446500000000001,5.636854843944802,6.5345,6.205951614648268,6.205951614648268,5.722443396970458
005,2014-10-04 11:10:14,5.6,3,5.828,5.072384899717401,5.765,5.5551282999058005,5.5551282999058005,5.145479265754636
005,2014-10-04 11:15:14,5.3,3,5.5510000000000055,4.213140109481301,5.5455,5.1032133698271025,5.1032133698271025,4.352592322681657
005,2014-10-04 11:20:14,5.1,3,5.7485,5.476841939999497,5.919,5.714780646666498,5.714780646666499,5.506968972797813
005,2014-10-04 11:25:00,3.6,3,5.320000000000004,4.882281264656548,5.2655,5.15592708821885,5.155927088218851,4.92292025437598
005,2014-10-04 11:25:14,4.8,3,5.986500000000002,5.344883366764397,6.0985000000000005,5.8099611222548,5.8099611222548,5.413132054180241
005,2014-10-04 11:30:14,4.7,3,7.141000000000004,5.514644833937735,7.150500000000002,6.602048277979247,6.6020482779792475,5.684896095347574
005,2014-10-04 11:35:14,4.6,3,5.319500000000004,4.831286056975107,5.3675,5.172762018991704,5.172762018991704,4.882845096195307
005,2014-10-04 11:40:14,4.6,3,5.696500000000001,5.389028254665385,5.754,5.613176084888463,5.613176084888463,5.42177226901541
005,2014-10-04 11:45:14,4.6,3,7.291000000000001,6.650005464214947,7.204000000000002,7.048335154738317,7.048335154738318,6.708836751526436
005,2014-10-04 11:50:14,4.7,3,7.483000000000003,8.45671523261097,7.417500000000001,7.785738410870324,7.785738410870326,7.4340900435979025
005,2014-10-04 11:55:14,4.9,3,7.067999999999999,8.297349658787962,7.217,7.527449886262652,7.527449886262654,7.094392516427529
005,2014-10-04 12:00:14,5.2,3,11.308000000000003,10.047447410676472,11.669500000000001,11.008315803558824,11.008315803558826,10.18294683566902
005,2014-10-04 12:05:14,5.4,3,9.973000000000008,10.219127004476645,10.158,10.116709001492218,10.11670900149222,9.992966764476554
005,2014-10-04 12:10:14,5.7,3,10.543000000000008,9.689135136296063,10.528999999999998,10.25371171209869,10.25371171209869,9.777145404906179
005,2014-10-04 12:15:14,5.8,3,7.5205000000000055,9.153061108657845,7.431,8.03485370288595,8.03485370288595,7.4566894854197905
005,2014-10-04 12:20:14,5.9,3,8.736000000000011,9.555618237051752,8.657,8.982872745683922,8.982872745683922,8.673461501614359
005,2014-10-04 12:25:14,6.0,3,8.672000000000004,8.707701903690916,8.745499999999998,8.70840063456364,8.70840063456364,8.676113267439273
005,2014-10-04 12:30:14,5.9,3,7.690500000000005,5.025697041961614,7.759500000000002,6.82523234732054,6.825232347320541,5.305190170697353
005,2014-10-04 12:35:14,5.9,3,9.699500000000006,7.709353045216155,9.237,8.881951015072055,8.881951015072055,7.8738070296866915
005,2014-10-04 12:40:14,5.7,3,7.0690000000000035,5.607004642077047,7.103000000000001,6.593001547359017,6.593001547359019,5.760304874561213
005,2014-10-04 12:45:14,5.5,3,8.730000000000006,8.226450456083143,8.801,8.585816818694383,8.585816818694383,8.279843971723194
005,2014-10-04 12:50:14,5.2,3,8.722000000000007,6.391751178654188,8.6015,7.905083726218064,7.9050837262180655,6.624149589503909
005,2014-10-04 12:55:14,4.9,3,7.484000000000004,5.011504534542144,7.570999999999999,6.688834844847382,6.688834844847383,5.271057627592302
005,2014-10-04 13:00:14,4.7,3,8.435000000000004,7.788222993814256,8.168,8.130407664604753,8.130407664604753,7.830626895049645
005,2014-10-04 13:05:14,4.4,3,10.082000000000008,8.047748880132401,9.7415,9.29041629337747,9.29041629337747,8.2283613956428
005,2014-10-04 13:10:14,4.2,3,7.654000000000001,8.777540737518496,7.988999999999999,8.140180245839497,8.140180245839499,7.696934545940845
005,2014-10-04 13:15:14,4.0,3,9.713500000000009,9.589682967373427,9.9505,9.751227655791146,9.751227655791146,9.60500723702512
005,2014-10-04 13:20:14,3.9,3,8.025499999999997,7.590938622251956,8.1635,7.926646207417318,7.926646207417319,7.6377842996966585
005,2014-10-04 13:25:14,3.9,3,8.910500000000006,8.968958396773164,8.671999999999999,8.850486132257723,8.850486132257725,8.697537478140594
005,2014-10-04 13:30:14,3.9,3,8.357499999999998,10.68142617055395,8.2315,9.090142056851317,9.090142056851317,8.267921922777996
005,2014-10-04 13:35:14,4.1,3,8.756500000000006,8.507962950893496,9.0355,8.7666543169645,8.766654316964502,8.536755964245238
005,2014-10-04 13:40:14,4.2,3,7.752000000000006,6.9768488716146,8.099,7.609282957204869,7.6092829572048695,7.061418511340297
005,2014-10-04 13:45:14,4.4,3,5.2035000000000045,5.229426225123316,5.1995000000000005,5.2108087417077735,5.210808741707774,5.2001777594281355
005,2014-10-04 13:50:14,4.6,3,5.631000000000005,5.217267923244182,5.684000000000001,5.510755974414729,5.51075597441473,5.2610843497733555
005,2014-10-04 13:55:14,4.9,3,6.636000000000004,5.780796125186321,6.769000000000001,6.395265375062109,6.39526537506211,5.871601227007918
005,2014-10-04 14:00:14,5.2,3,9.901000000000005,7.71152759475813,9.840500000000002,9.151009198252712,9.151009198252714,7.934874830082882
005,2014-10-04 14:05:14,5.6,3,10.359000000000007,10.969797395169387,10.483500000000001,10.604099131723132,10.604099131723133,10.376888698582816
005,2014-10-04 14:10:14,6.0,3,9.80600000000001,9.405093886368832,9.619000000000002,9.610031295456281,9.610031295456283,9.429343662538086
005,2014-10-04 14:15:14,6.4,3,11.884999999999996,10.36441180736689,12.191499999999998,11.480303935788962,11.480303935788962,10.526567273829295
005,2014-10-04 14:20:14,6.8,3,11.174500000000002,12.156357405176774,11.2305,11.520452468392259,11.52045246839226,11.189617534528413
005,2014-10-04 14:25:14,7.1,3,10.553000000000013,9.479589515808936,10.3005,10.111029838602983,10.111029838602985,9.568001695840028
005,2014-10-04 14:30:14,7.4,3,9.496000000000002,9.145927831308335,9.71,9.450642610436113,9.450642610436114,9.184693884885812
005,2014-10-04 14:35:14,7.5,3,10.395000000000007,10.716936897189388,10.830500000000002,10.647478965729798,10.6474789657298,10.42981805168181
005,2014-10-04 14:40:14,7.7,3,12.601999999999999,10.680783060812235,12.277000000000001,11.853261020270745,11.853261020270747,10.851036131506108
005,2014-10-04 14:45:14,7.8,3,9.155000000000006,9.240783772771199,8.8635,9.086427924257068,9.08642792425707,8.894855819494547
005,2014-10-04 14:50:00,6.7,3,7.400500000000002,5.681952809985914,7.367499999999999,6.816650936661972,6.816650936661973,5.858631995125511
005,2014-10-04 14:50:14,7.8,3,9.135500000000002,9.229994501575227,9.040499999999998,9.135331500525075,9.135331500525078,9.051384252967203
005,2014-10-04 14:55:14,7.9,3,9.969500000000009,9.603674449686912,9.6655,9.746224816562306,9.746224816562309,9.61318290425354
005,2014-10-04 15:00:14,8.0,3,8.955000000000009,7.905000878243513,8.868,8.57600029274784,8.576000292747842,8.006623981697402
005,2014-10-04 15:05:14,8.3,3,7.645000000000009,6.584685161837667,7.571500000000001,7.267061720612559,7.26706172061256,6.688664967812001
005,2014-10-04 15:10:14,8.4,3,7.615500000000005,7.778671789898125,7.948499999999999,7.78089059663271,7.780890596632711,7.634270015456682
004,2014-10-01 08:24:56,11.8,4,9.669500000000006,9.932868412542101,9.613500000000002,9.738622804180702,9.738622804180704,9.621992644602068
004,2014-10-01 08:29:56,12.7,4,8.972500000000004,7.8797999294415515,8.495000000000001,8.44909997648052,8.44909997648052,7.948939802631424
004,2014-10-01 08:30:00,13.0,4,8.554499999999997,7.736587454009967,8.053999999999998,8.115029151336655,8.115029151336655,7.7748015176126035
004,2014-10-01 08:34:56,13.3,4,7.2045000000000075,7.273157646653659,7.08,7.185885882217889,7.18588588221789,7.093712301097654
004,2014-10-01 08:39:56,13.8,4,7.446000000000009,7.268446259597961,7.45,7.3881487531993235,7.3881487531993235,7.287062694374684
004,2014-10-01 08:44:56,14.2,4,8.330500000000002,7.972810683568819,8.169500000000003,8.157603561189608,8.157603561189608,7.994999164482195
004,2014-10-01 08:49:56,14.7,4,7.178500000000002,7.095540013798466,7.0745,7.11618000459949,7.11618000459949,7.077530896456179
004,2014-10-01 08:54:56,15.1,4,9.171000000000001,7.15399171005615,8.789000000000001,8.371330570018719,8.371330570018719,7.328873298444948
004,2014-10-01 08:59:56,15.5,4,9.641000000000004,8.836345712084311,9.495500000000002,9.324281904028105,9.324281904028107,8.906764264243433
004,2014-10-01 09:04:56,15.8,4,8.811500000000006,7.776969737910818,8.618500000000001,8.402323245970274,8.402323245970276,7.866944247651595
004,2014-10-01 09:09:56,15.9,4,9.161000000000007,7.153551518406301,9.186,8.50018383946877,8.500183839468772,7.363829398987807
004,2014-10-01 09:14:56,15.7,4,8.446500000000002,8.62907378336773,8.369000000000002,8.48152459445591,8.481524594455912,8.37893412063618
004,2014-10-01 09:19:56,15.5,4,7.897999999999999,7.458893813089993,7.8424999999999985,7.733131271029997,7.733131271029998,7.499583339656121
004,2014-10-01 09:24:56,15.2,4,9.630000000000006,10.699777534923756,9.735,10.021592511641254,10.021592511641256,9.650633326242955
004,2014-10-01 09:29:56,14.8,4,7.860500000000002,7.7698597553398585,7.9545,7.86161991844662,7.861619918446621,7.780282926965882
004,2014-10-01 09:34:56,14.4,4,9.35050000000001,9.434035583195818,9.185500000000001,9.323345194398609,9.32334519439861,9.203598364379223
004,2014-10-01 09:39:56,14.2,4,11.001500000000005,10.68249394195608,11.2575,10.980497980652027,10.98049798065203,10.718429725632694
004,2014-10-01 09:44:56,14.0,4,10.359500000000008,9.913817837085995,10.156,10.143105945695334,10.143105945695336,9.94119097495496
004,2014-10-01 09:49:56,13.8,4,8.416500000000006,9.698578784055888,8.5725,8.895859594685298,8.8958595946853,8.444082177739794
004,2014-10-01 09:54:56,13.7,4,10.031000000000004,9.723425949636109,10.0865,9.946975316545371,9.946975316545371,9.756160667577618
004,2014-10-01 09:59:56,13.5,4,9.536000000000003,8.703456173936885,9.442499999999999,9.22731872464563,9.227318724645631,8.781713112640713
004,2014-10-01 10:04:56,13.4,4,10.238500000000005,10.659375012453857,10.454500000000001,10.450791670817955,10.450791670817955,10.263147597677325
004,2014-10-01 10:09:56,13.2,4,10.023000000000003,8.262253204546099,9.973500000000001,9.419584401515367,9.419584401515369,8.441786192766719
004,2014-10-01 10:14:56,12.9,4,8.181500000000007,7.164632364421114,7.959,7.76837745480704,7.768377454807041,7.249967517649415
004,2014-10-01 10:19:56,12.5,4,9.5325,9.639770489624858,9.369,9.513756829874952,9.513756829874954,9.387178777002173
004,2014-10-01 10:24:56,12.3,4,7.153499999999999,7.532609389685734,7.125499999999999,7.270536463228577,7.270536463228578,7.132220574135177
004,2014-10-01 10:29:56,12.0,4,10.936500000000006,10.569810757885774,10.909500000000001,10.805270252628594,10.805270252628596,10.605620505098088
004,2014-10-01 10:30:00,15.5,4,10.078500000000004,10.232308456786779,9.834999999999999,10.048602818928927,10.048602818928929,9.862014100211859
004,2014-10-01 10:34:56,11.7,4,8.976000000000003,9.239860067051625,8.895,9.036953355683876,9.036953355683877,8.906113168502808
004,2014-10-01 10:39:56,11.3,4,9.10150000000001,7.956731379507406,8.604999999999999,8.554410459835806,8.554410459835806,8.02952102639521
004,2014-10-01 10:44:56,11.0,4,6.525000000000001,7.6105310955278815,6.43,6.855177031842627,6.855177031842628,6.450794618906733
004,2014-10-01 10:49:56,10.7,4,8.293,9.635216830639035,8.46,8.796072276879679,8.796072276879679,8.322224425442105
004,2014-10-01 10:54:56,10.3,4,10.378000000000004,12.134841310295084,10.722999999999997,11.078613770098363,11.078613770098363,10.428213794610869
004,2014-10-01 10:59:56,10.0,4,9.743500000000004,10.503888392332232,10.047499999999998,10.098296130777412,10.098296130777413,9.779869669367983
004,2014-10-01 11:04:56,9.9,4,10.486500000000008,9.271073873903998,10.6355,10.13102462463467,10.13102462463467,9.399726974530456
004,2014-10-01 11:09:56,9.8,4,9.728500000000007,8.552290381209758,10.042000000000002,9.440930127069922,9.440930127069924,8.678485482437349
004,2014-10-01 11:14:56,9.7,4,8.047000000000002,8.153226872032535,7.8,8.000075624010845,8.000075624010847,7.826904469394108
004,2014-10-01 11:19:56,9.7,4,8.045499999999999,8.04391783050265,7.7505000000000015,7.946639276834216,7.946639276834218,7.781214455124593
004,2014-10-01 11:24:56,9.7,4,8.478999999999997,8.704306135467714,8.534499999999998,8.572602045155902,8.572602045155904,8.486504709684207
004,2014-10-01 11:29:56,9.5,4,8.623000000000001,8.978700250454414,8.705,8.768900083484803,8.768900083484805,8.634316194631062
004,2014-10-01 11:34:56,9.3,4,8.677000000000003,8.774918578352006,8.542,8.664639526117336,8.664639526117337,8.557103465504008
004,2014-10-01 11:39:56,9.1,4,8.023000000000001,7.6068300451047195,7.7574999999999985,7.795776681701573,7.795776681701574,7.625248782796677
004,2014-10-01 11:44:56,8.9,4,9.060500000000005,8.517371765031614,9.078,8.885290588343873,8.885290588343874,8.574371173289313
004,2014-10-01 11:49:56,8.7,4,9.816000000000004,9.40524702346147,9.775,9.665415674487157,9.665415674487159,9.444342167669719
004,2014-10-01 11:54:56,8.4,4,9.018500000000003,8.867482645479663,9.074000000000002,8.986660881826555,8.986660881826557,8.883837729612207
004,2014-10-01 11:59:56,8.3,4,9.572500000000005,8.659819332649086,9.618500000000001,9.283606444216364,9.283606444216366,8.755767903324255
004,2014-10-01 12:00:00,10.0,4,10.805500000000004,9.78797992756705,10.407,10.333493309189018,10.33349330918902,9.856729465756985
004,2014-10-01 12:04:56,8.3,4,7.581500000000002,7.939282002877559,7.485,7.668594000959186,7.668594000959188,7.498674064421568
004,2014-10-01 12:09:56,8.2,4,7.705500000000006,8.143293889438876,7.7410000000000005,7.863264629812961,7.863264629812962,7.713237101339409
004,2014-10-01 12:14:56,8.0,4,8.196000000000003,9.276577903394296,7.9064999999999985,8.459692634464766,8.459692634464767,7.947594512212325
004,2014-10-01 12:19:56,7.8,4,9.385000000000002,8.897475748556372,9.26,9.18082524951879,9.180825249518792,8.936654592503416
004,2014-10-01 12:24:56,7.7,4,7.830499999999996,8.330385832145113,7.9315,8.030795277381703,8.030795277381705,7.845055912038257
004,2014-10-01 12:29:56,7.4,4,8.978000000000007,7.875442845919472,9.232,8.695147615306492,8.695147615306494,7.993337110008814
004,2014-10-01 12:34:56,7.3,4,8.139000000000003,8.031473555518719,7.9825,8.050991185172906,8.050991185172908,7.988699088126687
004,2014-10-01 12:39:56,7.1,4,9.792500000000008,10.902068879056175,9.658500000000002,10.117689626352062,10.117689626352064,9.683615344216825
004,2014-10-01 12:44:56,7.0,4,9.917500000000008,9.58426082904069,9.987,9.829586943013567,9.829586943013567,9.619820742110715
004,2014-10-01 12:49:56,7.1,4,8.439000000000005,8.709961995980512,8.327000000000002,8.491987331993506,8.491987331993506,8.3414275409131
004,2014-10-01 12:54:56,7.2,4,7.6095,8.067229873291451,7.904,7.86024329109715,7.8602432910971505,7.6419441533824255
004,2014-10-01 12:59:56,7.4,4,7.934,8.013154179144243,7.88,7.942384726381413,7.942384726381415,7.886441253679636
004,2014-10-01 13:04:56,7.8,4,9.345500000000008,8.790985166564523,9.43,9.188828388854844,9.188828388854846,8.849845889650476
004,2014-10-01 13:09:56,8.1,4,9.457500000000005,9.139349328204629,9.4005,9.332449776068211,9.332449776068213,9.167242032927824
004,2014-10-01 13:14:56,8.5,4,10.042000000000009,9.493805194359132,10.02,9.85193506478638,9.851935064786382,9.549077954524614
004,2014-10-01 13:19:56,9.0,4,9.6475,10.171098335077646,9.793,9.870532778359214,9.870532778359216,9.666503818160635
004,2014-10-01 13:24:56,9.5,4,9.318000000000001,9.070251435153693,9.6585,9.348917145051232,9.348917145051233,9.099576953896204
004,2014-10-01 13:29:56,9.9,4,9.845499999999998,10.337497126174394,9.915,10.032665708724798,10.032665708724798,9.856996359710434
004,2014-10-01 13:30:00,4.5,4,11.403000000000002,13.097522801607889,12.137999999999998,12.212840933869296,12.212840933869298,11.489494084272081
004,2014-10-01 13:34:56,10.4,4,9.997000000000003,9.797094738099624,10.5185,10.104198246033208,10.10419824603321,9.823224685037983
004,2014-10-01 13:39:56,10.7,4,9.799,9.93328709067077,10.211500000000001,9.981262363556924,9.981262363556924,9.81583182117836
004,2014-10-01 13:44:56,10.9,4,9.571000000000003,10.669795551115152,10.398999999999996,10.21326518370505,10.213265183705053,9.660336871130161
004,2014-10-01 13:49:56,11.0,4,9.650000000000004,9.076691812125112,9.573,9.433230604041706,9.433230604041706,9.129387706000033
004,2014-10-01 13:54:56,10.8,4,10.021500000000009,10.377985838854158,9.997,10.132161946284723,10.132161946284723,10.003128153597073
004,2014-10-01 13:59:56,10.4,4,10.105000000000004,10.5003024813941,10.231000000000002,10.278767493798036,10.278767493798036,10.1208756858864
004,2014-10-01 14:04:56,9.8,4,10.078000000000005,9.61896184523231,10.2225,9.973153948410772,9.973153948410772,9.668433388197615
004,2014-10-01 14:09:56,9.2,4,9.484500000000011,9.305009841305262,9.2135,9.334336613768425,9.334336613768425,9.224869054148227
004,2014-10-01 14:14:56,8.5,4,10.862000000000013,11.07312280341413,10.889499999999998,10.941540934471382,10.941540934471382,10.866713396125359
004,2014-10-01 14:19:56,7.9,4,9.737000000000002,10.925829534465386,10.407,10.356609844821795,10.356609844821797,9.812286572475976
004,2014-10-01 14:24:56,7.4,4,8.205000000000002,8.922268920594655,7.9175,8.348256306864887,8.348256306864887,7.954752173795878
004,2014-10-01 14:29:56,7.0,4,7.804000000000006,9.262128577807944,7.974499999999999,8.34687619260265,8.34687619260265,7.83471472794359
004,2014-10-01 14:34:56,6.7,4,7.463000000000003,7.586874903942293,7.4384999999999994,7.496124967980765,7.496124967980766,7.4423020442479535
004,2014-10-01 14:39:56,6.4,4,9.816500000000008,9.617463968695807,9.818999999999999,9.750987989565271,9.750987989565273,9.638312972996522
004,2014-10-01 14:44:56,6.2,4,11.156500000000005,11.121072712193385,11.300500000000001,11.192690904064463,11.192690904064465,11.126219267176484
004,2014-10-01 14:49:56,6.0,4,7.311999999999999,7.89120173157042,7.403499999999999,7.535567243856806,7.535567243856807,7.326450140237367
004,2014-10-01 14:54:56,5.8,4,8.468000000000009,9.399578104460286,8.514999999999999,8.794192701486764,8.794192701486766,8.481763122873224
004,2014-10-01 14:59:56,5.6,4,7.973500000000004,8.231082001720349,8.099,8.101194000573452,8.101194000573452,7.987951168942549
004,2014-10-01 15:04:56,5.3,4,9.276,11.373747091714026,9.034500000000001,9.894749030571342,9.894749030571344,9.080744237972683
004,2014-10-01 15:09:56,5.1,4,8.656,8.193012427117637,8.3535,8.40083747570588,8.400837475705881,8.212828326162471
004,2014-10-01 15:14:56,4.9,4,7.479499999999999,7.857958493208277,7.5905,7.642652831069426,7.642652831069427,7.493787881591149
004,2014-10-01 15:19:56,4.7,4,7.52000000000001,7.4254137265115325,7.621000000000001,7.522137908837181,7.522137908837181,7.436319748618716
004,2014-10-01 15:24:56,4.6,4,10.697000000000003,9.984528251603423,10.7445,10.475342750534475,10.475342750534477,10.059545105435275
004,2014-10-01 15:29:56,4.4,4,9.866000000000003,8.563737270050748,9.555,9.328245756683584,9.328245756683584,8.670557433564081
004,2014-10-01 15:34:56,4.4,4,8.076999999999996,8.311231294821065,7.9879999999999995,8.12541043160702,8.12541043160702,7.999653875134308
004,2014-10-01 15:39:56,4.3,4,8.0015,8.079951293903145,8.088000000000001,8.05648376463438,8.056483764634383,8.009788398316687
004,2014-10-01 15:44:56,4.3,4,7.916500000000002,8.015507584648258,7.7635000000000005,7.8985025282160874,7.8985025282160874,7.780497592863036
004,2014-10-01 15:49:56,4.2,4,7.532500000000002,7.875702443626772,7.468,7.625400814542258,7.625400814542259,7.478180291413833
004,2014-10-01 15:54:56,4.2,4,8.68,7.932377419222636,8.754,8.45545913974088,8.45545913974088,8.011336904083779
004,2014-10-01 15:59:56,4.1,4,8.951000000000002,8.503831591092878,8.873000000000001,8.775943863697627,8.775943863697629,8.543235575325264
004,2014-10-01 16:04:56,4.1,4,7.896999999999996,8.155245088850531,7.9595,8.003915029616842,8.003915029616843,7.905496469277614
004,2014-10-01 16:09:56,4.1,4,9.026500000000004,8.53462368400034,8.9615,8.840874561333449,8.840874561333449,8.579935317283535
004,2014-10-01 16:14:56,4.1,4,7.431500000000008,7.399194060207998,7.499499999999999,7.443398020069336,7.443398020069336,7.403254046358038
004,2014-10-01 16:19:56,4.1,4,7.992500000000002,7.446609883669847,8.022,7.820369961223283,7.820369961223284,7.504018251815758
004,2014-10-01 16:24:56,4.2,4,9.665500000000003,10.234018414098038,9.574,9.82450613803268,9.824506138032682,9.589258307062643
004,2014-10-01 16:29:56,4.4,4,8.098000000000003,7.950601063828024,8.096000000000002,8.048200354609342,8.048200354609344,7.965833324906204
004,2014-10-01 16:34:56,4.5,4,8.3265,8.590725446517046,8.4905,8.469241815505681,8.469241815505683,8.344660638718207
004,2014-10-01 16:39:56,4.6,4,9.029000000000007,9.153034390937869,8.821,9.001011463645959,9.001011463645959,8.844002197108354
004,2014-10-01 16:44:56,4.6,4,9.917000000000007,10.465226064147215,10.158000000000001,10.180075354715742,10.180075354715742,9.945286715549907
004,2014-10-01 16:49:56,4.6,4,7.949000000000001,8.94553199629627,7.681,8.191843998765423,8.191843998765425,7.71900463081549
004,2014-10-01 16:54:56,4.4,4,8.2455,9.621491566420572,8.157,8.674663855473524,8.674663855473526,8.180019165703191
004,2014-10-01 16:59:56,4.3,4,10.759000000000004,9.10817997560427,10.917,10.261393325201425,10.261393325201427,9.282475855550581
004,2014-10-01 17:04:56,4.1,4,9.066500000000001,9.484350175251874,9.083499999999997,9.21145005841729,9.211450058417292,9.072287114754356
004,2014-10-01 17:09:56,3.9,4,9.0265,9.212236482838833,9.0265,9.088412160946277,9.088412160946278,9.028357364828384
004,2014-10-01 17:14:56,3.8,4,9.959500000000006,9.72142308754838,10.373500000000002,10.018141029182795,10.018141029182797,9.750471716485098
004,2014-10-01 17:19:56,3.6,4,8.228500000000002,7.520019880559914,8.435,8.061173293519973,8.061173293519973,7.596209113029381
004,2014-10-01 17:24:56,3.4,4,8.577000000000004,9.908676805471263,8.407499999999999,8.964392268490421,8.964392268490423,8.438550585925991
004,2014-10-01 17:29:56,3.3,4,8.446500000000007,8.903888594390338,8.5585,8.636296198130117,8.636296198130117,8.461671806897202
004,2014-10-01 17:34:56,3.3,4,8.855000000000006,8.25167457380696,8.747,8.617891524602323,8.617891524602323,8.304577646934526
004,2014-10-01 17:39:56,3.2,4,7.455500000000003,7.234372693608353,7.365,7.351624231202787,7.351624231202786,7.248944483346201
004,2014-10-01 17:44:56,3.2,4,10.204499999999994,10.387964166378607,10.215,10.269154722126201,10.269154722126203,10.207328196753148
004,2014-10-01 17:49:56,3.1,4,11.033000000000001,9.470847749245896,11.1995,10.567782583081966,10.567782583081966,9.635951825954374
004,2014-10-01 17:54:56,3.0,4,10.813499999999998,11.307529482328347,11.020999999999999,11.047343160776116,11.047343160776116,10.838074835875142
004,2014-10-01 17:59:56,2.9,4,10.958000000000002,9.623645233988448,10.7195,10.43371507799615,10.433715077996151,9.740683265456443
004,2014-10-01 18:04:56,2.8,4,10.318499999999998,9.867427508562065,10.565,10.250309169520689,10.250309169520689,9.917085649623454
004,2014-10-01 18:09:56,2.7,4,10.135499999999997,11.096956496286126,10.6475,10.626652165428707,10.626652165428709,10.193562203606493
004,2014-10-01 18:14:56,2.6,4,8.479500000000002,9.521829393067323,8.476,8.825776464355775,8.825776464355776,8.486789478960462
004,2014-10-01 18:19:56,2.4,4,8.811000000000002,8.666131585749559,9.174500000000002,8.883877195249854,8.883877195249855,8.684923341346128
004,2014-10-01 18:24:56,2.4,4,9.717500000000008,8.959979760275038,9.4515,9.37632658675835,9.37632658675835,9.014064718453982
004,2014-10-01 18:29:56,2.3,4,7.889999999999997,7.905445115638373,7.841000000000001,7.878815038546123,7.878815038546124,7.846281041573448
004,2014-10-01 18:34:56,2.3,4,9.754000000000008,7.449003378371211,9.3175,8.840167792790409,8.840167792790409,7.648858518672517
004,2014-10-01 19:34:56,5.7,4,9.29000000000001,9.169900137817205,9.204999999999998,9.221633379272404,9.221633379272406,9.174422436125502
004,2014-10-01 19:39:56,6.1,4,9.052000000000008,8.344596997553673,8.950500000000002,8.782365665851227,8.782365665851229,8.409004171553944
004,2014-10-01 19:44:56,6.4,4,6.980500000000003,6.544088374320445,7.0985000000000005,6.8743627914401495,6.87436279144015,6.590927632649125
004,2014-10-01 19:49:56,6.6,4,10.118500000000004,8.671594207304144,9.834499999999998,9.541531402434716,9.541531402434718,8.796102405116105
004,2014-10-01 19:54:56,6.8,4,10.529499999999999,8.668553185848909,10.357000000000001,9.851684395282968,9.851684395282971,8.84693074211736
004,2014-10-02 07:24:56,10.3,4,10.094000000000005,10.871391491357164,9.6755,10.213630497119055,10.213630497119057,9.727059182047089
004,2014-10-02 07:29:56,10.1,4,6.9635000000000025,7.4529745543141175,7.036500000000001,7.150991518104707,7.150991518104708,6.975302319021628
004,2014-10-02 07:34:56,9.9,4,8.285000000000005,8.201900863802713,8.584,8.356966954600905,8.356966954600907,8.21358505227813
004,2014-10-02 07:39:56,9.7,4,9.644500000000004,9.366007223780459,9.751,9.587169074593488,9.587169074593488,9.396209333939424
004,2014-10-02 07:44:56,9.5,4,8.983500000000001,8.891162026869443,9.165000000000001,9.013220675623147,9.013220675623149,8.902637822138471
004,2014-10-02 07:49:56,9.3,4,8.330000000000007,8.129395923787015,8.3395,8.26629864126234,8.266298641262342,8.150478983679626
004,2014-10-02 07:54:56,9.0,4,12.051000000000005,11.7287930071076,12.0205,11.933431002369202,11.933431002369204,11.759617645359711
004,2014-10-02 07:59:56,8.7,4,9.493500000000006,9.198552230643061,9.4155,9.369184076881021,9.369184076881023,9.222030237895902
004,2014-10-02 08:00:00,8.8,4,10.206000000000007,8.782394401825949,10.117,9.701798133941987,9.701798133941987,8.922916570604782
004,2014-10-02 08:04:56,8.4,4,9.88200000000001,11.06351195680964,9.8675,10.271003985603217,10.271003985603217,9.880832171834369
004,2014-10-02 08:09:56,8.0,4,9.521000000000004,12.102394440692368,9.5315,10.384964813564125,10.384964813564125,9.547807499496296
004,2014-10-02 08:14:56,7.6,4,11.71700000000001,10.026146756759347,11.654000000000002,11.132382252253121,11.132382252253121,10.19708975343667
004,2014-10-02 08:19:56,7.3,4,9.43900000000001,9.686433412294049,9.4235,9.516311137431353,9.516311137431355,9.42759601068344
004,2014-10-02 08:24:56,7.1,4,11.108500000000006,9.89407542794964,11.025500000000001,10.676025142649882,10.676025142649882,10.013279925270195
004,2014-10-02 08:29:56,7.1,4,9.872,9.667955944993949,9.991,9.84365198166465,9.84365198166465,9.690493910239935
004,2014-10-02 08:34:56,7.3,4,8.474500000000004,8.65129669766182,8.6405,8.588765565887275,8.588765565887277,8.491975599818112
004,2014-10-02 08:39:56,7.8,4,8.267500000000005,9.636206572003573,8.210500000000001,8.704735524001194,8.704735524001194,8.230150650490907
004,2014-10-02 08:44:56,8.5,4,12.808000000000009,10.742928507879707,12.609000000000002,12.053309502626574,12.053309502626574,10.940154920717779
004,2014-10-02 08:49:56,9.3,4,9.661500000000013,10.641138734685779,9.745,10.015879578228597,10.015879578228597,9.679197515914725
004,2014-10-02 08:54:56,10.2,4,9.777500000000007,9.756495329681643,9.71,9.747998443227218,9.747998443227218,9.715074587755922
004,2014-10-02 08:59:56,11.1,4,8.885999999999996,8.033283310451187,8.8585,8.59259443681706,8.592594436817063,8.119896024178626
004,2014-10-02 09:04:56,12.0,4,9.142000000000007,9.132610907096597,9.064,9.112870302365534,9.112870302365536,9.071272258660208
004,2014-10-02 09:09:56,12.8,4,7.691999999999998,7.414396817000989,7.812,7.639465605666996,7.639465605666996,7.444640854097109
004,2014-10-02 09:14:56,13.5,4,11.299999999999997,10.073835119521387,11.1525,10.842111706507128,10.84211170650713,10.188164671347677
004,2014-10-02 09:19:56,14.2,4,7.916000000000009,7.700523360187148,7.978000000000001,7.864841120062386,7.864841120062386,7.723687451549725
004,2014-10-02 09:24:56,14.8,4,8.169999999999998,7.778941084974561,8.424000000000001,8.124313694991521,8.124313694991521,7.822395347959824
004,2014-10-02 09:29:56,15.3,4,11.124000000000008,11.05585884785289,10.9795,11.053119615950967,11.053119615950967,10.988170402085975
004,2014-10-02 09:34:56,15.8,4,12.078000000000005,11.844716038202558,12.365,12.09590534606752,12.095905346067523,11.871993208059823
004,2014-10-02 09:39:56,16.4,4,9.313500000000005,9.566961021661314,9.3815,9.420653673887108,9.420653673887108,9.322469062223972
004,2014-10-02 09:44:56,16.9,4,9.224500000000003,8.918555406626147,9.101999999999999,9.08168513554205,9.08168513554205,8.938973167737434
004,2014-10-02 09:49:56,17.4,4,8.123500000000002,8.27786370232403,8.037500000000001,8.146287900774679,8.146287900774679,8.048041326326663
004,2014-10-02 09:54:56,18.0,4,8.86950000000001,8.558924315407394,9.023000000000001,8.817141438469136,8.817141438469136,8.592953077211606
004,2014-10-02 09:59:56,18.6,4,8.989499999999998,7.97020343104429,8.8835,8.614401143681429,8.61440114368143,8.066816439990175
004,2014-10-02 10:04:56,19.1,4,7.723000000000004,8.372943815353274,7.650000000000001,7.915314605117761,7.915314605117761,7.664137011632018
004,2014-10-02 10:09:56,19.5,4,8.238000000000001,8.426380507154501,8.055,8.239793502384835,8.239793502384835,8.076030050914873
004,2014-10-02 10:14:56,19.8,4,9.019,7.6355091676438995,8.9345,8.529669722547967,8.529669722547968,7.772260166685012
004,2014-10-02 10:19:56,19.8,4,7.770000000000001,8.434237897134812,7.555500000000002,7.919912632378272,7.9199126323782725,7.584584290082794
004,2014-10-02 10:24:56,19.6,4,7.158500000000004,6.798456067096367,7.2855,7.080818689032124,7.0808186890321245,6.83739540946671
004,2014-10-02 10:29:56,19.2,4,7.128000000000003,6.964375526843985,7.009499999999999,7.033958508947996,7.033958508947996,6.970281643000244
004,2014-10-02 10:34:56,18.6,4,6.988000000000002,6.84151925731458,6.984000000000001,6.937839752438195,6.937839752438195,6.856466204458816
004,2014-10-02 10:39:56,17.8,4,8.135000000000002,8.615701194399461,8.195,8.315233731466487,8.315233731466488,8.145484469597545
004,2014-10-02 10:44:56,16.9,4,7.5535000000000005,8.44688173535404,7.38,7.793460578451346,7.793460578451347,7.407086132401724
004,2014-10-02 10:49:56,15.9,4,8.762999999999998,8.832301040818557,8.5315,8.708933680272851,8.708933680272853,8.556413534521468
004,2014-10-02 10:54:56,15.0,4,7.977500000000004,8.144006489041448,7.944000000000001,8.021835496347151,8.021835496347151,7.949169978746978
004,2014-10-02 10:59:56,14.2,4,7.124,7.829044421896975,7.158499999999999,7.370514807298991,7.370514807298992,7.134314982369759
004,2014-10-02 11:04:56,13.5,4,8.74100000000001,9.060211455757461,8.742,8.847737151919157,8.847737151919159,8.744286738851807
004,2014-10-02 11:09:56,12.9,4,8.286,8.040558237598628,8.3055,8.210686079199542,8.210686079199544,8.066432408763418
004,2014-10-02 11:14:56,12.3,4,7.496500000000001,7.639499370049063,7.5809999999999995,7.572333123349687,7.572333123349689,7.505925746562574
004,2014-10-02 11:19:56,11.8,4,7.161000000000001,8.293647011988075,7.003000000000001,7.485882337329358,7.48588233732936,7.030857108607565
004,2014-10-02 11:24:56,11.4,4,8.1625,7.861360449351945,8.161999999999999,8.061953483117314,8.061953483117316,7.892819650154873
004,2014-10-02 11:29:56,11.0,4,7.118499999999999,6.912444042176962,6.970999999999998,7.000648014058986,7.000648014058987,6.920045417936914
004,2014-10-02 11:34:56,10.7,4,8.311000000000003,8.323427152094048,8.3825,8.338975717364685,8.338975717364685,8.312890910496137
004,2014-10-02 11:39:56,10.3,4,7.553999999999998,8.278332126515496,7.517500000000001,7.783277375505165,7.783277375505166,7.5285621080043965
004,2014-10-02 11:44:56,10.0,4,8.069000000000003,8.393624272435812,8.1325,8.198374757478605,8.198374757478605,8.078254885407699
004,2014-10-02 11:49:56,9.7,4,7.511500000000002,7.968626591730422,7.5409999999999995,7.673708863910142,7.673708863910142,7.518862682596965
004,2014-10-02 11:54:56,9.4,4,8.092000000000002,8.666732684021122,8.185,8.314577561340377,8.314577561340377,8.106547386203214
004,2014-10-02 11:59:56,9.2,4,8.520000000000003,8.36631996209995,8.411999999999999,8.432773320699985,8.432773320699985,8.37217920382545
004,2014-10-02 12:04:56,8.9,4,8.820000000000004,9.23272859522491,8.851500000000001,8.968076198408305,8.968076198408307,8.827107951220365
004,2014-10-02 12:09:56,8.6,4,7.782000000000002,8.89355430627731,7.823,8.166184768759104,8.166184768759106,7.796995139126032
004,2014-10-02 12:14:56,8.3,4,7.152500000000001,8.219188796302904,7.349000000000001,7.573562932100969,7.573562932100969,7.1817605617784075
004,2014-10-02 12:19:56,7.9,4,7.3065,8.50488331560712,7.3660000000000005,7.725794438535707,7.725794438535708,7.324113978662507
004,2014-10-02 12:24:56,7.5,4,6.484500000000004,7.311355382700614,6.459,6.751618460900207,6.7516184609002075,6.4699364733297635
004,2014-10-02 12:29:56,7.2,4,6.843000000000002,7.247939211212579,6.863,6.9846464037375275,6.984646403737528,6.8489418779966424
004,2014-10-02 12:34:56,6.9,4,7.326000000000004,6.844728598310038,7.1975,7.122742866103347,7.122742866103348,6.8829220572349135
004,2014-10-02 12:39:56,6.5,4,8.097500000000004,8.557500618884108,8.0475,8.234166872961369,8.23416687296137,8.057331220900132
004,2014-10-02 12:44:56,6.2,4,7.559499999999999,8.203785718054656,7.548000000000001,7.770428572684885,7.770428572684886,7.555646036564142
004,2014-10-02 12:49:56,5.9,4,7.1880000000000015,6.728705858425757,7.093500000000001,7.003401952808585,7.003401952808587,6.7678171880256865
004,2014-10-02 12:54:56,5.8,4,8.106000000000003,7.182146470656916,7.962,7.750048823552306,7.750048823552307,7.265178095763976
004,2014-10-02 12:59:56,5.7,4,7.1370000000000005,5.8224793331295315,7.283000000000002,6.747493111043178,6.747493111043179,5.961470130146154
004,2014-10-02 13:04:56,5.7,4,7.4215000000000035,6.555152041321695,7.406499999999999,7.127717347107233,7.127717347107233,6.644373720639034
004,2014-10-02 13:09:56,5.9,4,7.264000000000001,5.74845580307596,7.256500000000001,6.7563186010253204,6.756318601025321,5.906308862840534
004,2014-10-02 13:14:56,6.1,4,7.147000000000002,7.32291225703146,6.917500000000001,7.129137419010488,7.129137419010489,6.943270398095148
004,2014-10-02 13:19:56,6.3,4,7.612000000000006,6.829545321138538,7.5235,7.321681773712849,7.321681773712849,6.903034839639147
004,2014-10-02 13:24:56,6.4,4,7.160500000000002,6.425528116319462,7.351499999999999,6.979176038773154,6.979176038773155,6.504334030925384
004,2014-10-02 13:29:56,6.4,4,7.258500000000003,6.780451883668455,7.2335,7.090817294556153,7.090817294556154,6.828101723089994
004,2014-10-02 13:34:56,6.4,4,8.4695,8.268546300203202,8.601999999999999,8.446682100067733,8.446682100067735,8.290895939216513
004,2014-10-02 13:39:56,6.3,4,10.35900000000001,9.927633921751445,10.1485,10.14504464058382,10.14504464058382,9.95284687930663
004,2014-10-02 13:40:00,5.6,4,8.927500000000007,8.305129473430862,8.947000000000001,8.72654315781029,8.72654315781029,8.37043955052013
004,2014-10-02 13:44:56,6.2,4,9.995000000000003,9.029157311551785,9.9485,9.657552437183929,9.65755243718393,9.125807891482378
004,2014-10-02 13:49:56,6.1,4,8.291500000000003,8.167638201761806,8.1415,8.200212733920603,8.200212733920605,8.145473308894042
004,2014-10-02 13:54:56,6.0,4,6.7155,7.7973494348983605,6.619999999999999,7.04428314496612,7.044283144966121,6.64081011444755
004,2014-10-02 13:59:56,6.1,4,7.656000000000003,8.561115777348519,7.607,7.94137192578284,7.941371925782841,7.62117774819055
004,2014-10-02 14:04:56,6.2,4,7.488000000000004,8.322595916057361,7.494999999999999,7.7685319720191215,7.768531972019122,7.497008329220156
004,2014-10-02 14:09:56,6.4,4,8.200999999999995,8.269292148381787,7.9914999999999985,8.15393071612726,8.153930716127261,8.01410171112413
004,2014-10-02 14:14:56,6.7,4,8.1875,8.3078145099812,8.125000000000002,8.206771503327067,8.206771503327069,8.132742163488928
004,2014-10-02 14:19:56,6.9,4,9.148500000000006,10.18756377812179,9.203000000000001,9.513021259373934,9.513021259373932,9.164047661816529
004,2014-10-02 14:24:56,7.2,4,7.992000000000002,8.195132950384215,7.916,8.034377650128073,8.034377650128073,7.925982775865005
004,2014-10-02 14:29:56,7.3,4,8.602500000000004,9.220398271114485,8.9465,8.923132757038163,8.923132757038164,8.64122973992484
004,2014-10-02 14:34:56,7.4,4,7.714500000000003,8.387176060618774,7.925999999999999,8.009225353539593,8.009225353539593,7.741239798834957
004,2014-10-02 14:39:56,7.4,4,9.476500000000001,9.389876637600047,9.519499999999999,9.461958879200017,9.461958879200017,9.39936954575461
004,2014-10-02 14:44:56,7.4,4,8.822500000000005,8.615178091000711,8.5875,8.675059363666906,8.675059363666906,8.592469019826458
004,2014-10-02 14:49:56,7.4,4,8.231500000000008,8.564575951574131,8.261000000000001,8.352358650524714,8.352358650524714,8.237622176195408
004,2014-10-02 14:54:56,7.3,4,10.677999999999999,9.734304150065569,10.589,10.333768050021854,10.333768050021856,9.824616100142723
004,2014-10-02 14:59:56,7.1,4,8.442500000000004,8.149050738114067,8.752,8.447850246038024,8.447850246038024,8.182847660029978
004,2014-10-02 15:04:56,7.0,4,8.773000000000003,8.681640886509971,8.441500000000001,8.632046962169992,8.632046962169992,8.467538161900777
004,2014-10-02 15:09:56,6.9,4,8.604499999999998,8.742218108205467,8.5435,8.630072702735156,8.630072702735156,8.551259263029829
004,2014-10-02 15:14:56,6.8,4,9.9425,9.177503573229801,10.103,9.7410011910766,9.741001191076602,9.259145784465932
004,2014-10-02 15:19:56,6.6,4,8.23,8.397547700856096,8.3155,8.3143492336187,8.3143492336187,8.239765854164869
004,2014-10-02 15:24:56,6.5,4,8.615500000000003,8.262888518391097,8.754,8.544129506130366,8.544129506130368,8.30116524579036
004,2014-10-02 15:29:56,6.3,4,8.180499999999997,8.202396881893614,8.2545,8.21246562729787,8.212465627297872,8.183311976994924
004,2014-10-02 15:34:56,6.2,4,9.041,8.5574459100384,9.045,8.881148636679468,8.881148636679468,8.608077415420656
004,2014-10-02 15:39:56,6.1,4,8.2985,8.075329032842829,8.4505,8.274776344280943,8.274776344280944,8.100198137773347
004,2014-10-02 15:44:56,5.9,4,8.1655,8.626193754845835,8.27,8.353897918281945,8.353897918281946,8.179995176295057
004,2014-10-02 15:49:56,5.8,4,10.994500000000006,10.09747134873252,10.585,10.558990449577509,10.55899044957751,10.152573689786262
004,2014-10-02 15:54:56,5.6,4,7.353000000000009,8.382625954049661,7.3455,7.6937086513498905,7.6937086513498905,7.356580941747189
004,2014-10-02 15:59:56,5.4,4,9.094000000000014,9.344295401344548,8.889,9.109098467114853,9.109098467114855,8.912950934329743
004,2014-10-02 16:04:56,5.3,4,10.107000000000006,9.365313952277663,9.9345,9.80227131742589,9.802271317425891,9.426589640803813
004,2014-10-02 16:09:56,5.2,4,8.613000000000008,7.883478355469627,8.600500000000002,8.365659451823213,8.365659451823214,7.9586212389732784
004,2014-10-02 16:14:56,5.1,4,9.152500000000002,10.006018340082326,9.176,9.44483944669411,9.444839446694111,9.163258854315128
004,2014-10-02 16:19:56,5.1,4,8.536500000000007,7.888578054670048,8.687,8.370692684890018,8.370692684890018,7.957871430913636
004,2014-10-02 16:24:56,5.2,4,7.753999999999998,8.641647166587479,7.9725,8.122715722195826,8.122715722195826,7.78355187995422
004,2014-10-02 16:29:56,5.4,4,8.799000000000007,8.622080368547733,8.418999999999999,8.613360122849246,8.613360122849247,8.442016336544953
004,2014-10-02 16:34:56,5.8,4,11.210000000000006,10.523759079796164,11.132999999999997,10.955586359932056,10.955586359932058,10.588270481085997
004,2014-10-02 16:39:56,6.3,4,8.271500000000003,8.425924094557777,8.318500000000002,8.338641364852593,8.338641364852595,8.277491582774193
004,2014-10-02 16:44:56,6.8,4,10.619500000000015,10.219056606521741,10.633,10.490518868840585,10.490518868840587,10.261087713941809
004,2014-10-02 16:49:56,7.4,4,7.979500000000005,9.435007308267203,8.103499999999999,8.50600243608907,8.50600243608907,8.00578848556668
004,2014-10-02 16:54:56,7.9,4,9.419,8.98972009977749,9.087,9.165240033259163,9.165240033259165,9.003217940680628
004,2014-10-02 16:59:56,8.4,4,8.483999999999998,8.008647473151099,8.701,8.397882491050366,8.397882491050366,8.06055089578114
004,2014-10-02 17:00:00,6.6,4,8.866000000000005,8.620639402726608,8.8855,8.790713134242205,8.790713134242205,8.646505082047169
004,2014-10-02 17:04:56,8.8,4,8.310500000000003,8.097698542154363,8.529499999999999,8.312566180718122,8.312566180718122,8.122152744491695
004,2014-10-02 17:09:56,9.3,4,11.3375,10.008179477048254,11.173,10.83955982568275,10.839559825682752,10.13169300216187
004,2014-10-02 17:14:56,9.7,4,10.783000000000008,9.821858078839806,10.837,10.480619359613272,10.480619359613272,9.922956873992074
004,2014-10-02 17:19:56,10.2,4,9.633000000000006,9.200402224194663,9.5275,9.453634074731557,9.453634074731557,9.23567959813114
004,2014-10-02 17:24:56,10.7,4,9.892500000000007,9.363326369576585,10.077500000000002,9.777775456525532,9.777775456525532,9.420540787182567
004,2014-10-02 17:29:56,11.1,4,8.432999999999998,9.294638787655767,8.387,8.704879595885254,8.704879595885256,8.400429105410945
004,2014-10-02 17:34:56,11.5,4,7.121,7.629035200839676,7.016499999999999,7.2555117336132255,7.255511733613226,7.032513590754995
004,2014-10-02 17:39:56,11.9,4,7.636499999999999,7.913318615948964,7.768000000000001,7.772606205316322,7.772606205316323,7.651711280850186
004,2014-10-02 17:44:56,12.3,4,8.859000000000002,8.280154712465299,8.571,8.570051570821766,8.570051570821768,8.313464195402531
004,2014-10-02 17:49:56,12.7,4,7.617500000000003,8.11041035011787,7.439,7.722303450039291,7.722303450039292,7.462604540020491
004,2014-10-02 17:54:56,13.0,4,8.374,8.936741480674462,8.595,8.635247160224822,8.635247160224822,8.400539383830656
004,2014-10-02 17:59:56,13.4,4,7.3700000000000045,8.414101186088729,7.4849999999999985,7.756367062029578,7.756367062029579,7.391322805696862
004,2014-10-02 18:04:56,13.8,4,7.811999999999996,7.903310390306162,7.788499999999999,7.834603463435386,7.8346034634353865,7.791871774817365
004,2014-10-02 18:09:56,14.2,4,6.694500000000002,5.937226455327001,6.6579999999999995,6.4299088184423345,6.4299088184423345,6.01300187873508
004,2014-10-02 18:14:56,14.4,4,5.859500000000002,6.174266746842482,5.933,5.988922248947495,5.988922248947496,5.869602553094025
004,2014-10-02 18:19:56,14.4,4,7.180500000000007,7.512878226763876,7.101499999999999,7.264959408921293,7.264959408921295,7.113089101511479
004,2014-10-02 18:24:56,14.3,4,7.300000000000001,6.257514804231058,7.190499999999999,6.916004934743686,6.916004934743687,6.3562227218615535
004,2014-10-02 18:29:56,14.0,4,7.6080000000000005,8.105228434192888,7.6705000000000005,7.794576144730963,7.794576144730963,7.618886302731043
004,2014-10-02 18:34:56,13.5,4,6.112000000000003,6.050136026572656,6.026000000000002,6.062712008857553,6.062712008857554,6.0291438544798535
004,2014-10-02 18:39:56,13.0,4,8.998000000000005,6.887726651932771,8.6575,8.181075550644259,8.181075550644259,7.076292939414032
004,2014-10-02 18:44:56,12.3,4,9.070000000000002,8.602793878826978,8.983500000000001,8.885431292942327,8.885431292942329,8.643489988062166
004,2014-10-02 18:49:56,11.7,4,6.831000000000004,6.593072726137602,6.689,6.704357575379202,6.704357575379203,6.604529049462463
004,2014-10-02 18:54:56,11.1,4,8.397,8.877880936544976,8.141,8.471960312181658,8.47196031218166,8.172592628687266
004,2014-10-02 18:59:56,10.7,4,6.173500000000006,6.484453070374509,6.078500000000002,6.245484356791505,6.245484356791506,6.091548838655202
004,2014-10-02 19:00:00,11.5,4,6.0725000000000025,6.399954943686257,6.1415,6.20465164789542,6.20465164789542,6.082303625738447
004,2014-10-02 19:04:56,10.4,4,9.685500000000008,9.751093375021386,9.752500000000003,9.7296977916738,9.7296977916738,9.692376726817294
004,2014-10-02 19:09:56,10.3,4,9.185499999999998,8.465897586895842,9.2795,8.976965862298613,8.976965862298615,8.542125481490084
004,2014-10-02 19:14:56,10.3,4,7.477999999999998,6.906706562537666,7.403,7.2625688541792215,7.262568854179222,6.959380913161085
004,2014-10-02 19:19:56,10.3,4,9.064500000000002,9.174632249636362,9.256499999999999,9.165210749878787,9.165210749878788,9.076841186393345
004,2014-10-02 19:24:56,10.3,4,6.312000000000004,6.749418232208053,6.303999999999999,6.455139410736019,6.45513941073602,6.309211176675885
004,2014-10-02 19:29:56,10.3,4,6.826000000000006,6.734026920635779,6.908000000000002,6.822675640211929,6.82267564021193,6.744469539152038
004,2014-10-02 19:34:56,10.2,4,8.003499999999997,6.987400861086941,7.991499999999999,7.660800287028979,7.66080028702898,7.092574024828508
004,2014-10-03 08:09:57,8.0,4,8.571000000000005,7.901141487510407,8.424999999999999,8.29904716250347,8.299047162503472,7.957409814653835
004,2014-10-03 08:14:57,7.7,4,7.851499999999999,7.780058499077909,7.843,7.824852833025969,7.82485283302597,7.786728709189396
004,2014-10-03 08:19:57,7.2,4,8.537999999999998,7.564289301705631,8.558,8.220096433901876,8.220096433901878,7.666363096294843
004,2014-10-03 08:24:57,6.8,4,7.936500000000003,8.041778918069468,7.944,7.9740929726898235,7.974092972689825,7.938262471387389
004,2014-10-03 08:29:57,6.4,4,8.251999999999997,7.973269524425391,8.308499999999999,8.177923174808463,8.177923174808464,8.002996503711618
004,2014-10-03 08:34:57,5.9,4,9.685,8.647352890569353,9.6355,9.322617630189784,9.322617630189786,8.751232084484851
004,2014-10-03 08:39:57,5.3,4,8.503000000000007,8.148765385336606,8.522,8.391255128445538,8.39125512844554,8.18601693188613
004,2014-10-03 08:44:57,4.8,4,13.097999999999995,11.419273386978892,13.132500000000002,12.549924462326295,12.549924462326299,11.595253974064384
004,2014-10-03 08:45:00,4.1,4,9.65000000000001,6.412731636863968,10.0245,8.695743878954659,8.69574387895466,6.755173554576767
004,2014-10-03 08:49:57,4.2,4,10.652500000000002,10.089688762452331,10.8105,10.517562920817445,10.517562920817445,10.150152490963134
004,2014-10-03 08:54:57,3.8,4,8.899500000000002,7.918038489386237,8.743,8.52017949646208,8.520179496462081,8.005914505197696
004,2014-10-03 08:59:57,3.4,4,9.087000000000003,8.701190596731642,8.949499999999999,8.912563532243881,8.912563532243883,8.728544792798234
004,2014-10-03 09:04:57,3.4,4,12.007500000000004,12.711270825275118,11.878499999999999,12.199090275091706,12.19909027509171,11.899034242207883
004,2014-10-03 09:09:57,3.6,4,9.893000000000006,8.432670502142765,9.979499999999998,9.43505683404759,9.435056834047591,8.586321445193274
004,2014-10-03 09:14:57,4.1,4,7.554000000000006,7.66817581468564,7.692,7.638058604895215,7.638058604895216,7.566183805882293
004,2014-10-03 09:19:57,4.9,4,7.421000000000004,7.641441445797082,7.474,7.51214714859903,7.512147148599029,7.428219502051942
004,2014-10-03 09:24:57,5.9,4,8.809500000000003,8.930195186773638,8.531500000000001,8.757065062257881,8.757065062257881,8.561792505662524
004,2014-10-03 09:29:57,7.1,4,8.292500000000004,8.544159035288304,8.095000000000002,8.310553011762769,8.31055301176277,8.118179888462489
004,2014-10-03 09:34:57,8.3,4,9.855000000000011,9.375039120084223,9.8055,9.67851304002808,9.67851304002808,9.420570785837247
004,2014-10-03 09:39:57,9.6,4,10.5935,10.234262003212445,10.741000000000001,10.522920667737482,10.522920667737484,10.27332202508545
004,2014-10-03 09:44:57,10.8,4,7.713500000000002,8.311116557354858,7.6690000000000005,7.897872185784954,7.897872185784954,7.679631946666597
004,2014-10-03 09:49:57,11.9,4,8.455500000000004,7.538595213346027,8.3835,8.125865071115344,8.125865071115346,7.627712780337744
004,2014-10-03 09:54:57,12.9,4,9.286500000000004,8.883712844530583,9.2415,9.13723761484353,9.13723761484353,8.921596073154644
004,2014-10-03 09:59:57,13.8,4,8.870500000000009,9.539686624034626,9.2425,9.217562208011545,9.217562208011547,8.912392103692369
004,2014-10-03 10:04:57,14.7,4,9.34050000000001,9.39542399180571,9.031499999999998,9.255807997268573,9.255807997268574,9.064378146833842
004,2014-10-03 10:09:57,15.5,4,9.8945,12.952889646095572,9.745000000000001,10.864129882031856,10.86412988203186,9.791225228447718
004,2014-10-03 10:14:57,16.4,4,8.182500000000003,8.815576499461157,7.983,8.327025499820387,8.327025499820387,8.010203311692667
004,2014-10-03 10:19:57,17.2,4,9.629000000000008,9.50354152705961,9.45,9.527513842353207,9.527513842353207,9.456856329209787
004,2014-10-03 10:24:57,18.0,4,9.014000000000003,9.239841200741406,9.04,9.097947066913802,9.097947066913804,9.018718643657285
004,2014-10-03 10:29:57,18.7,4,9.310000000000008,9.469944191011775,9.656,9.478648063670596,9.478648063670596,9.328594606190018
004,2014-10-03 10:34:57,19.4,4,9.94100000000001,9.516872212442395,10.260000000000002,9.905957404147468,9.90595740414747,9.564436282877182
004,2014-10-03 10:39:57,20.0,4,9.507000000000012,10.22656687528113,9.627500000000001,9.787022291760382,9.787022291760382,9.525597896207035
004,2014-10-03 10:44:57,20.3,4,9.830500000000008,10.568890125521728,9.78,10.059796708507244,10.059796708507246,9.79266742811362
004,2014-10-03 10:49:57,20.3,4,8.158500000000005,7.68258645945527,8.107000000000001,7.982695486485092,7.982695486485093,7.727505426594656
004,2014-10-03 10:54:57,19.8,4,11.015500000000005,10.564482014685762,11.286000000000001,10.95532733822859,10.95532733822859,10.614374453082428
004,2014-10-03 10:59:57,19.0,4,8.793000000000008,9.039552198195056,8.666,8.832850732731687,8.83285073273169,8.681752807348632
004,2014-10-03 11:04:57,18.0,4,10.383500000000009,11.260813790319828,10.8205,10.821604596773279,10.82160459677328,10.433623954479902
004,2014-10-03 11:09:57,16.8,4,9.695000000000013,11.66367784766719,9.402999999999999,10.253892615889066,10.253892615889068,9.45323707239062
004,2014-10-03 11:14:57,15.6,4,10.045500000000006,9.375928234016385,10.093,9.83814274467213,9.838142744672131,9.446456707465979
004,2014-10-03 11:19:57,14.3,4,10.409500000000007,9.897068678691541,10.160500000000003,10.15568955956385,10.155689559563852,9.927119994760421
004,2014-10-03 11:24:57,13.2,4,11.619499999999995,11.590858767564388,11.463500000000002,11.55795292252146,11.557952922521464,11.477111233494252
004,2014-10-03 11:29:57,12.3,4,10.498000000000012,9.684070066858151,10.370999999999999,10.18435668895272,10.184356688952722,9.757209626295728
004,2014-10-03 11:34:57,11.5,4,8.471500000000004,7.531384390359277,8.439,8.147294796786428,8.147294796786428,7.626668032946306
004,2014-10-03 11:39:57,10.9,4,9.880999999999998,10.205733991716986,9.7825,9.956411330572328,9.95641133057233,9.796052832898415
004,2014-10-03 11:44:57,10.5,4,8.656500000000003,8.257486804821957,8.714999999999998,8.542995601607318,8.54299560160732,8.29981827875426
004,2014-10-03 11:49:57,10.2,4,6.982000000000002,11.330243224448214,7.023499999999999,8.445247741482738,8.44524774148274,7.029409340454855
004,2014-10-03 11:54:57,10.1,4,9.624500000000006,9.616772216860854,9.405,9.548757405620286,9.548757405620288,9.427233796557099
004,2014-10-03 11:59:57,10.0,4,8.913500000000003,7.874399211892811,9.2255,8.671133070630939,8.67113307063094,7.986234398478055
004,2014-10-03 12:04:57,10.0,4,10.736500000000003,9.355966642275627,10.546,10.212822214091878,10.212822214091878,9.482378042432762
004,2014-10-03 12:09:57,10.0,4,10.596000000000005,9.900080732916617,10.602,10.366026910972208,10.366026910972208,9.97295079507339
004,2014-10-03 12:14:57,9.9,4,7.515000000000004,8.419367664498054,7.3805000000000005,7.771622554832686,7.771622554832686,7.403615644218357
004,2014-10-03 12:19:57,9.6,4,6.298500000000002,8.294448402371822,6.449000000000001,7.013982800790608,7.013982800790609,6.33270044030471
004,2014-10-03 12:24:57,9.2,4,5.902499999999999,6.654375899688599,6.0625,6.206458633229533,6.206458633229534,5.925158646073021
004,2014-10-03 12:29:57,8.7,4,9.756500000000006,9.034859674564814,9.828,9.539786558188274,9.539786558188274,9.111075784298384
004,2014-10-03 12:34:57,8.2,4,7.848500000000007,7.726899780898366,7.7604999999999995,7.778633260299458,7.778633260299459,7.731295180107705
004,2014-10-03 12:39:57,7.8,4,8.796,8.156494160803058,8.693000000000001,8.548498053601019,8.54849805360102,8.213655705577086
004,2014-10-03 12:44:57,7.3,4,6.247000000000005,6.674354625802318,6.181500000000001,6.367618208600774,6.367618208600775,6.192626437529816
004,2014-10-03 12:49:57,6.8,4,10.748999999999999,10.864950153999935,10.708499999999999,10.77415005133331,10.774150051333311,10.713896785456143
004,2014-10-03 12:54:57,6.3,4,10.203000000000001,12.650949698731681,10.465500000000002,11.106483232910563,11.106483232910563,10.252318374221602
004,2014-10-03 12:59:57,5.8,4,8.094500000000004,9.984988856688066,8.259,8.77949628556269,8.779496285562692,8.128970584967034
004,2014-10-03 13:04:57,5.5,4,6.1635,6.474781101839107,6.1375,6.258593700613036,6.258593700613036,6.143333042668261
004,2014-10-03 13:09:57,5.3,4,9.201500000000008,10.925085727303939,9.501,9.875861909101316,9.875861909101317,9.247075833393687
004,2014-10-03 13:14:57,5.2,4,7.683000000000001,7.228203167091898,7.5385,7.483234389030632,7.483234389030634,7.2621127542354245
004,2014-10-03 13:19:57,5.2,4,7.920999999999995,8.603519049678473,8.0555,8.193339683226156,8.193339683226156,7.9405521580701555
004,2014-10-03 13:24:57,5.1,4,9.734500000000011,10.35523036344574,9.2265,9.772076787815251,9.772076787815251,9.28585644510119
004,2014-10-03 13:29:57,4.9,4,10.717000000000008,10.234457397845793,10.704,10.551819132615266,10.551819132615268,10.283712961205145
004,2014-10-03 13:30:00,4.1,4,11.920499999999999,12.108886478532169,11.973500000000001,12.000962159510722,12.000962159510726,11.927398952379287
004,2014-10-03 13:34:57,4.7,4,8.797000000000004,8.012466929447209,9.043500000000002,8.617655643149071,8.617655643149073,8.097013148250635
004,2014-10-03 13:39:57,4.3,4,7.751000000000006,9.280353707615662,7.886000000000001,8.305784569205223,8.305784569205224,7.779067816796649
004,2014-10-03 13:44:57,3.9,4,9.410000000000007,10.527868884389123,9.5265,9.821456294796377,9.821456294796379,9.432202419121207
004,2014-10-03 13:49:57,3.5,4,10.624000000000013,10.117395177541033,10.3685,10.369965059180347,10.36996505918035,10.146221842367506
004,2014-10-03 13:54:57,3.2,4,7.3405000000000005,6.362240438882054,7.3415,7.014746812960685,7.014746812960686,6.464600155033713
004,2014-10-03 13:59:57,3.1,4,7.604999999999998,7.019924537237771,7.5035,7.37614151241259,7.376141512412591,7.071533278734209
004,2014-10-03 14:04:57,3.1,4,7.398999999999993,6.447192303613092,7.496999999999999,7.114397434537694,7.114397434537695,6.547754512086308
004,2014-10-03 14:09:57,3.3,4,7.291000000000001,6.5147243592415895,7.332000000000001,7.045908119747197,7.045908119747199,6.59635165028066
004,2014-10-03 14:14:57,3.7,4,7.527499999999999,6.720730468837913,7.4725,7.240243489612638,7.240243489612638,6.799933825456248
004,2014-10-03 14:19:57,4.2,4,7.568500000000005,7.596107098244367,7.5089999999999995,7.5578690327481235,7.557869032748124,7.515501216488879
004,2014-10-03 14:24:57,4.8,4,7.396500000000002,6.8426043724671946,7.468500000000001,7.235868124155732,7.235868124155734,6.9012753115726
004,2014-10-03 14:29:57,5.3,4,13.417500000000008,14.470357935684836,13.269,13.71895264522828,13.718952645228283,13.295065287049384
004,2014-10-03 14:30:00,11.0,4,9.836000000000004,9.14994732739529,9.729,9.571649109131764,9.571649109131766,9.21160030458615
004,2014-10-03 14:34:57,5.7,4,7.1949999999999985,7.483763502524725,7.2555000000000005,7.311421167508242,7.311421167508242,7.203612404825908
004,2014-10-03 14:39:57,6.1,4,7.444500000000005,7.347199105153941,7.360000000000001,7.383899701717982,7.383899701717984,7.349383389742667
004,2014-10-03 14:44:57,6.4,4,7.368000000000002,7.803898633394767,7.4449999999999985,7.53896621113159,7.53896621113159,7.379645056989338
004,2014-10-03 14:49:57,6.7,4,8.791000000000002,9.190839738626797,8.750499999999999,8.910779912875599,8.9107799128756,8.758735681302412
004,2014-10-03 14:54:57,7.1,4,7.916500000000001,8.20586958335977,7.928000000000002,8.016789861119923,8.016789861119925,7.9204818752171935
004,2014-10-03 14:59:57,7.4,4,6.839000000000003,7.30439267092915,6.884499999999999,7.009297556976384,7.009297556976384,6.847959332096568
004,2014-10-03 15:04:57,7.7,4,7.081500000000002,7.463857618837376,7.100499999999999,7.215285872945793,7.215285872945793,7.087121437778664
004,2014-10-03 15:09:57,8.0,4,7.817500000000003,7.610596931652687,7.865500000000001,7.764532310550897,7.764532310550898,7.632724019151686
004,2014-10-03 15:14:57,8.3,4,7.230499999999999,7.677146981226466,7.104000000000001,7.337215660408822,7.337215660408822,7.121701443031833
004,2014-10-03 15:19:57,8.5,4,8.002000000000002,8.54846298728055,8.0655,8.205320995760184,8.205320995760186,8.013473272556146
004,2014-10-03 15:24:57,8.7,4,7.446999999999999,6.9041810770979835,7.406999999999999,7.252727025699328,7.252727025699328,6.957188152030009
004,2014-10-03 15:29:57,8.8,4,9.625000000000009,9.918351836975525,9.540500000000002,9.694617278991844,9.694617278991847,9.55227427123184
004,2014-10-03 15:34:57,8.9,4,7.103500000000005,7.714338929563969,7.111500000000001,7.309779643187992,7.3097796431879924,7.110365383649449
004,2014-10-03 15:39:57,9.0,4,7.875500000000008,7.163039161646724,7.914999999999999,7.65117972054891,7.651179720548911,7.237974874022996
004,2014-10-03 15:44:57,9.1,4,8.470500000000007,8.1146758348066,8.3305,8.30522527826887,8.30522527826887,8.138656285766842
004,2014-10-03 15:49:57,9.2,4,7.362999999999996,6.7827902721641955,7.307000000000001,7.150930090721398,7.150930090721398,6.838195344965342
004,2014-10-03 15:54:57,9.0,4,7.754499999999999,7.910136252399133,7.809499999999999,7.8247120841330435,7.824712084133044,7.76126069870641
004,2014-10-03 15:59:57,8.9,4,8.179500000000008,7.4400723455549835,8.078500000000002,7.899357448518331,7.899357448518332,7.50787738831556
004,2014-10-03 16:04:57,8.5,4,7.577000000000002,7.273814141182866,7.468,7.439604713727623,7.439604713727624,7.2952206996102476
004,2014-10-04 06:34:57,7.1,4,8.772000000000002,8.775367450809515,8.794,8.780455816936506,8.780455816936508,8.772538642656189
004,2014-10-04 06:39:57,8.0,4,7.9525000000000015,8.372429060978385,7.996,8.106976353659462,8.106976353659462,7.960815447408606
004,2014-10-04 06:44:57,8.9,4,8.322000000000001,8.212377256609113,8.282499999999999,8.272292418869704,8.272292418869705,8.220108799145562
004,2014-10-04 06:49:57,9.7,4,7.846500000000003,8.032748783017253,7.763,7.880749594339086,7.880749594339086,7.773598616398029
004,2014-10-04 06:54:57,10.4,4,9.003500000000008,9.029927973711095,9.169999999999998,9.067809324570367,9.067809324570367,9.007665728360235
004,2014-10-04 06:59:57,11.0,4,10.452500000000004,10.687495919999908,10.263499999999999,10.467831973333304,10.467831973333304,10.28562395080868
004,2014-10-04 07:04:57,11.8,4,11.310500000000008,11.214746811834438,11.575000000000003,11.366748937278151,11.366748937278151,11.227409921566133
004,2014-10-04 07:09:57,12.9,4,7.602500000000005,7.988536219378813,7.5975,7.729512073126273,7.729512073126274,7.601883483664915
004,2014-10-04 07:14:57,14.3,4,10.352000000000002,8.196107883022616,10.160499999999999,9.569535961007539,9.56953596100754,8.403546021844209
004,2014-10-04 07:19:57,15.7,4,7.961499999999998,6.963409460435884,8.0705,7.66513648681196,7.665136486811961,7.068923978711281
004,2014-10-04 07:24:57,17.2,4,8.386499999999998,7.306701891688349,8.543,8.078733963896115,8.078733963896116,7.421240006676868
004,2014-10-04 07:29:57,18.7,4,8.407500000000006,7.803976634494285,8.396,8.202492211498097,8.202492211498098,7.866031661275534
004,2014-10-04 07:34:57,20.0,4,6.175499999999995,6.761916010234093,6.241499999999999,6.392972003411362,6.392972003411363,6.187609363521241
004,2014-10-04 07:39:57,21.3,4,6.274999999999999,6.841636322083373,6.432500000000001,6.51637877402779,6.516378774027792,6.295569689561403
004,2014-10-04 07:44:57,22.2,4,8.222000000000008,8.10777206655774,8.251999999999999,8.193924022185916,8.193924022185916,8.120023083475012
004,2014-10-04 07:49:57,22.2,4,8.033499999999997,8.43402424863052,7.9305,8.132674749543506,8.132674749543506,7.945281544791565
004,2014-10-04 07:54:57,22.2,4,8.263000000000003,7.825074673673378,8.268000000000002,8.118691557891127,8.118691557891129,7.870942301863927
004,2014-10-04 07:59:57,22.2,4,7.8110000000000035,7.652333697226098,7.629499999999999,7.6976112324087005,7.697611232408701,7.633475622484583
004,2014-10-04 08:04:57,22.2,4,8.105500000000003,8.859616320588234,8.328000000000001,8.431038773529414,8.431038773529414,8.134095068671135
004,2014-10-04 08:09:57,22.2,4,8.443000000000005,10.189598672418631,8.302499999999998,8.978366224139545,8.978366224139545,8.334665700062915
004,2014-10-04 08:14:57,22.2,4,9.157500000000004,7.767117458641958,8.902499999999998,8.609039152880653,8.609039152880655,7.8884560557079
004,2014-10-04 08:19:57,22.2,4,9.943000000000005,9.495601125226164,10.108000000000002,9.848867041742059,9.848867041742059,9.544059916736817
004,2014-10-04 08:24:57,22.2,4,9.299500000000002,10.000910891934012,9.210500000000001,9.503636963978005,9.503636963978007,9.22682567110544
004,2014-10-04 08:29:58,22.2,4,8.003500000000004,7.197134673791784,8.1525,7.784378224597263,7.784378224597264,7.282990076934519
004,2014-10-04 08:34:58,22.2,4,8.7535,7.894603715341704,9.058000000000002,8.568701238447234,8.568701238447236,7.9875101329372855
004,2014-10-04 08:39:58,22.2,4,8.511000000000003,7.935576104374052,8.3895,8.27869203479135,8.278692034791353,7.984282571586165
004,2014-10-04 08:44:58,22.2,4,8.460500000000001,7.237549706221908,8.413,8.037016568740636,8.037016568740638,7.361005363606014
004,2014-10-04 08:49:58,22.2,4,7.442000000000005,7.60348978090508,7.759000000000002,7.601496593635029,7.601496593635029,7.460450856542833
004,2014-10-04 08:54:58,22.2,4,7.482000000000002,6.89643891963848,7.405499999999998,7.261312973212827,7.261312973212828,6.950464075889153
004,2014-10-04 08:59:58,22.2,4,9.59750000000001,9.515474049913612,9.469,9.527324683304542,9.527324683304542,9.47468257417289
004,2014-10-04 09:04:58,22.2,4,7.700000000000006,7.468567855756371,7.940499999999999,7.703022618585458,7.703022618585459,7.495186280509035
004,2014-10-04 09:09:58,22.2,4,7.199,6.775138103496442,7.3175,7.097212701165481,7.097212701165481,6.8206693552673565
004,2014-10-04 09:14:58,22.2,4,10.580500000000006,9.271454717272654,10.4155,10.089151572424221,10.089151572424221,9.39279964754042
004,2014-10-04 09:19:58,22.2,4,7.367000000000005,6.421571477758501,7.432,7.0735238259195015,7.073523825919503,6.521136269639011
004,2014-10-04 09:24:58,22.2,4,9.604999999999995,8.085866396714781,9.685,9.125288798904926,9.125288798904927,8.245604677793276
004,2014-10-04 09:29:58,22.2,4,8.16000000000001,7.51581869734594,8.021499999999998,7.899106232448649,7.89910623244865,7.570110246739331
004,2014-10-04 09:34:58,22.2,4,8.361499999999996,10.182550230031316,8.216999999999999,8.920350076677103,8.920350076677105,8.250328712815945
004,2014-10-04 09:39:58,22.2,4,8.106000000000002,8.256203570149175,7.84,8.067401190049726,8.067401190049727,7.869332097965567
004,2014-10-04 09:44:58,22.2,4,8.598000000000008,8.800166038389872,8.899999999999999,8.76605534612996,8.76605534612996,8.620149818699083
004,2014-10-04 09:49:58,22.2,4,9.517500000000005,10.789454557399466,9.448,9.918318185799825,9.918318185799826,9.467990934022689
004,2014-10-04 09:54:58,22.2,4,8.644000000000007,8.76005859547948,8.740499999999999,8.714852865159829,8.71485286515983,8.654291830347594
004,2014-10-04 09:59:58,22.2,4,9.494000000000009,8.477417352733802,9.1975,9.056305784244602,9.056305784244605,8.55572049148831
004,2014-10-04 10:04:58,22.2,4,7.619000000000003,7.314516029574949,7.686999999999999,7.540172009858317,7.540172009858318,7.347052450083754
004,2014-10-04 10:09:58,22.2,4,7.925500000000004,7.603163524322617,7.685000000000001,7.737887841440874,7.737887841440875,7.614130607832292
004,2014-10-04 10:14:58,22.2,4,7.041000000000009,7.983348893919791,7.235000000000001,7.419782964639933,7.419782964639935,7.06878060201902
004,2014-10-04 10:19:58,22.2,4,8.163500000000003,8.045619274329347,8.0845,8.097873091443118,8.097873091443118,8.050477142811625
004,2014-10-04 10:24:58,22.2,4,9.700000000000006,9.907910004835502,9.5405,9.716136668278503,9.716136668278503,9.559266674977376
004,2014-10-04 10:29:58,22.2,4,10.0345,9.652453238767535,9.6565,9.78115107958918,9.78115107958918,9.65665662830538
004,2014-10-04 10:34:58,22.2,4,7.784500000000005,8.288297693371284,7.542000000000002,7.8715992311237635,7.871599231123764,7.572409368283482
004,2014-10-04 10:39:58,22.2,4,7.612500000000003,8.429896800928649,7.732499999999999,7.924965600309551,7.924965600309551,7.63202888331639
004,2014-10-04 10:44:58,22.2,4,7.030499999999997,7.861697919197163,6.6995000000000005,7.197232639732387,7.1972326397323885,6.742442620580728
004,2014-10-04 10:49:58,22.2,4,8.377000000000008,8.695956230299096,8.503,8.525318743433035,8.525318743433036,8.392112223375452
004,2014-10-04 10:54:58,22.2,4,8.338500000000002,8.754967506185478,8.372999999999998,8.488822502061826,8.488822502061828,8.345929213212644
004,2014-10-04 10:59:58,22.2,4,9.381000000000009,9.19762587280196,9.1175,9.232041957600657,9.232041957600657,9.127716854163113
004,2014-10-04 11:04:58,22.2,4,7.988500000000004,7.94744407744564,7.9495000000000005,7.961814692481881,7.961814692481882,7.94804917689187
004,2014-10-04 11:09:58,22.2,4,9.571500000000013,9.417485258067833,9.125,9.37132841935595,9.371328419355951,9.157141211116134
004,2014-10-04 11:14:58,22.2,4,8.086500000000008,8.127204811627848,7.9205000000000005,8.044734937209286,8.044734937209286,7.938274680957769
004,2014-10-04 11:19:58,22.2,4,9.228499999999995,8.904269480200227,9.066999999999998,9.066589826733408,9.066589826733408,8.922910045983283
004,2014-10-04 11:24:58,22.2,4,9.611000000000006,9.72402061009442,9.568000000000001,9.63434020336481,9.634340203364811,9.573629050752654
004,2014-10-04 11:29:58,22.2,4,8.675999999999998,7.981703121303263,8.677999999999999,8.445234373767754,8.445234373767754,8.05436344222012
004,2014-10-04 11:34:58,22.2,4,7.501500000000005,6.493458773177114,7.6085,7.201152924392374,7.201152924392375,6.599994375084023
004,2014-10-04 11:39:58,22.2,4,8.41300000000001,8.055545978371983,8.469,8.312515326123998,8.312515326123998,8.093504353103006
004,2014-10-04 11:44:58,22.2,4,8.8995,8.604534428505957,8.659500000000001,8.721178142835319,8.72117814283532,8.612685162630239
004,2014-10-04 11:49:58,21.8,4,8.790000000000004,9.117409774205775,8.707499999999998,8.871636591401925,8.871636591401927,8.719405602015685
004,2014-10-04 11:54:58,20.6,4,8.873000000000005,7.430553187238312,8.861,8.388184395746105,8.388184395746107,7.580332675451126
004,2014-10-04 11:59:58,19.5,4,7.465999999999996,7.907016748911965,7.894499999999998,7.755838916303986,7.755838916303987,7.510956677564892
004,2014-10-04 12:04:58,18.6,4,7.634500000000004,7.407200010071303,7.5585,7.533400003357102,7.533400003357103,7.423789664733969
004,2014-10-04 12:09:58,18.0,4,10.592000000000006,10.60453559181189,10.908,10.701511863937299,10.7015118639373,10.596346171527905
004,2014-10-04 12:14:58,17.6,4,8.329500000000008,7.4554577497372945,8.504,8.096319249912433,8.096319249912435,7.548648803294608
004,2014-10-04 12:19:58,17.4,4,7.327500000000006,7.3444554837233795,7.4365,7.369485161241129,7.369485161241129,7.330194400680585
004,2014-10-04 12:24:58,17.5,4,10.128000000000009,8.617692245219418,10.104500000000002,9.616730748406477,9.616730748406477,8.773483457212864
004,2014-10-04 12:29:58,17.9,4,8.490000000000002,8.185407320609183,8.5575,8.410969106869729,8.41096910686973,8.217950114716807
004,2014-10-04 12:34:58,18.7,4,9.489500000000005,9.594575145380505,9.443,9.509025048460169,9.50902504846017,9.448915781135304
004,2014-10-04 12:39:58,19.8,4,11.985500000000018,9.638898966327714,11.978000000000002,11.200799655442578,11.200799655442578,9.883700761098646
004,2014-10-04 12:44:58,21.4,4,10.075000000000005,8.823164614072722,10.0075,9.635221538024242,9.635221538024243,8.947749867952068
004,2014-10-04 12:49:58,22.2,4,10.790500000000007,9.98644525899207,10.780000000000003,10.51898175299736,10.51898175299736,10.069575363699602
004,2014-10-04 12:54:58,22.2,4,8.215500000000002,8.441748095547817,7.976999999999999,8.211416031849273,8.211416031849275,8.004215375128343
004,2014-10-04 12:59:58,22.2,4,8.872500000000004,8.331027298710262,9.091999999999999,8.765175766236755,8.765175766236755,8.389873497925267
004,2014-10-04 13:04:58,22.2,4,7.4770000000000065,8.269945592227078,7.296999999999997,7.6813151974090275,7.6813151974090275,7.323761828882921
004,2014-10-04 13:09:58,22.2,4,7.537500000000001,7.684519885332338,7.4635,7.561839961777447,7.561839961777447,7.472712396626034
004,2014-10-04 13:14:58,22.2,4,7.295000000000004,7.155167997987042,7.263000000000001,7.237722665995682,7.237722665995682,7.166769845092606
004,2014-10-04 13:19:58,22.2,4,8.089000000000006,8.273085126581309,7.705500000000001,8.022528375527104,8.022528375527106,7.747464268101427
004,2014-10-04 13:24:58,22.2,4,8.917500000000006,9.055319994455093,8.988999999999999,8.987273331485033,8.987273331485033,8.9256438369817
004,2014-10-04 13:29:58,20.8,4,7.5405,7.28418163749299,7.4535,7.426060545830997,7.426060545830998,7.302766451669761
004,2014-10-04 13:34:58,19.2,4,7.876000000000005,7.781384487402424,8.216999999999999,7.958128162467475,7.958128162467477,7.794693568630761
004,2014-10-04 13:39:58,17.8,4,8.7005,8.94474354745296,8.966000000000001,8.870414515817654,8.870414515817655,8.726266373296953
004,2014-10-04 13:44:58,16.4,4,9.041500000000001,9.044267653266692,8.940500000000002,9.00875588442223,9.008755884422232,8.951094730249476
004,2014-10-04 13:49:58,15.3,4,9.291000000000004,8.46168917475841,9.301000000000002,9.01789639158614,9.01789639158614,8.548555234543171
004,2014-10-04 13:54:58,14.4,4,8.503499999999999,8.2948633388166,8.483999999999998,8.427454446272199,8.4274544462722,8.314846628505146
004,2014-10-04 13:59:58,13.8,4,8.048000000000004,7.9514157569520885,7.8085,7.9359719189840305,7.935971918984031,7.824418302635343
004,2014-10-04 14:04:58,13.6,4,7.568999999999997,7.081618716271802,7.6035,7.418039572090599,7.418039572090601,7.132955639100754
004,2014-10-04 14:09:58,13.6,4,8.005000000000003,7.024752985311757,8.048499999999999,7.692750995103919,7.69275099510392,7.127745637390515
004,2014-10-04 14:14:58,13.8,4,8.3945,7.402270014288912,8.3035,8.033423338096304,8.033423338096306,7.4974705654791105
004,2014-10-04 14:19:58,13.8,4,8.041500000000008,8.144216863452002,8.215,8.133572287817335,8.133572287817337,8.052954510709244
004,2014-10-04 14:24:58,13.7,4,9.908500000000004,7.487400169751114,10.1585,9.184800056583706,9.184800056583708,7.743206030741241
004,2014-10-04 14:29:58,13.2,4,9.755000000000006,9.52632312611836,9.625000000000002,9.635441042039455,9.635441042039457,9.537947124404637
004,2014-10-04 14:34:58,12.6,4,7.075000000000002,8.512889445851316,7.428999999999999,7.672296481950439,7.67229648195044,7.122875894614466
004,2014-10-04 14:39:58,12.0,4,10.085000000000013,9.91579185542714,10.0005,10.000430618475718,10.000430618475718,9.925499385268255
004,2014-10-04 14:44:58,11.4,4,9.042499999999997,7.279922097084958,8.9,8.40747403236165,8.407474032361653,7.450846604268347
004,2014-10-04 14:49:58,10.9,4,7.645999999999998,8.115178903579942,7.582000000000002,7.781059634526646,7.781059634526648,7.593387743866252
004,2014-10-04 14:54:58,10.5,4,7.4339999999999975,7.61146540585374,7.613500000000001,7.5529884686179125,7.552988468617914,7.45258753877841
004,2014-10-04 14:59:58,10.2,4,7.4155000000000015,8.049206197944093,7.660500000000001,7.708402065981365,7.708402065981366,7.445020014064775
004,2014-10-04 15:04:58,10.0,4,6.996000000000005,7.347223207183518,7.0175,7.1202410690611755,7.1202410690611755,7.001546654397693
004,2014-10-04 15:09:58,9.8,4,9.475500000000011,7.793643211261978,9.210500000000001,8.826547737087331,8.826547737087331,7.944530852802804
004,2014-10-04 15:14:58,9.7,4,10.196500000000007,9.89471754990425,10.11,10.067072516634752,10.067072516634754,9.918106324304727
004,2014-10-04 15:19:58,9.6,4,7.273500000000006,7.8027734114417,7.0335,7.369924470480568,7.369924470480569,7.063902564728621
004,2014-10-04 15:24:58,9.5,4,8.562500000000002,9.679147353558093,8.555500000000002,8.932382451186031,8.932382451186033,8.56739884359516
004,2014-10-04 15:29:58,9.4,4,7.688499999999998,7.891752142127181,7.747000000000001,7.775750714042393,7.775750714042394,7.69606804263348
004,2014-10-04 15:34:58,9.3,4,7.8965000000000005,7.978005867399418,7.7925,7.889001955799806,7.889001955799807,7.804195985273481
004,2014-10-04 15:39:58,9.4,4,8.312500000000004,10.179728829348651,8.515499999999998,9.00257627644955,9.002576276449552,8.350381020021336
004,2014-10-04 15:44:58,9.5,4,7.869000000000004,7.861835378105817,8.0125,7.914445126035273,7.914445126035274,7.864019971614888
004,2014-10-04 15:49:58,9.7,4,6.226500000000001,7.134409146637203,6.2395000000000005,6.533469715545735,6.533469715545736,6.236809207291306
004,2014-10-04 15:54:58,10.0,4,12.255500000000014,11.020869750384852,12.213500000000002,11.829956583461623,11.829956583461625,11.146067848523241
004,2014-10-04 15:59:58,10.3,4,9.233000000000006,9.17977094623634,9.110500000000002,9.17442364874545,9.174423648745451,9.11827971439797
004,2014-10-04 16:04:58,10.8,4,10.554500000000004,8.97149740516212,10.666000000000002,10.063999135054042,10.063999135054043,9.13823293440473
004,2014-10-04 16:09:58,11.3,4,9.081000000000003,8.337553416340487,8.9825,8.800351138780163,8.800351138780165,8.406015497469237
004,2014-10-04 16:14:58,11.8,4,10.4935,10.217259616635298,10.4145,10.375086538878433,10.375086538878433,10.238685752537663
004,2014-10-04 16:19:58,12.5,4,11.52750000000001,11.513693629991195,11.483500000000001,11.508231209997069,11.50823120999707,11.48679705092803
004,2014-10-04 16:24:58,13.2,4,8.9405,9.617577058565121,9.047000000000002,9.20169235285504,9.201692352855043,8.957348257920701
004,2014-10-04 16:29:58,13.9,4,9.068000000000003,11.15361772910937,8.8715,9.697705909703124,9.697705909703126,8.912914851106471
004,2014-10-04 16:34:58,14.5,4,7.285500000000002,7.275149867667891,6.908,7.156216622555964,7.156216622555966,6.946516297103188
004,2014-10-04 16:39:58,15.2,4,7.613499999999999,7.329889236440744,7.5775000000000015,7.506963078813581,7.506963078813582,7.356155337820854
004,2014-10-04 16:44:58,15.7,4,6.824499999999998,7.498667699496252,7.183000000000001,7.16872256649875,7.168722566498751,6.865164486474928
004,2014-10-04 16:49:58,16.3,4,9.911500000000004,10.912410603458142,10.411000000000001,10.411636867819382,10.411636867819384,9.968773941000396
004,2014-10-04 16:54:58,16.9,4,7.660500000000001,7.313692264842297,7.5575,7.510564088280766,7.510564088280766,7.340230477059974
004,2014-10-04 16:59:58,17.5,4,8.805500000000002,10.691038245517689,8.776,9.424179415172564,9.424179415172565,8.797941799134836
004,2014-10-04 17:04:58,18.0,4,9.765500000000005,10.714865857278038,9.8665,10.115621952426016,10.115621952426016,9.784550712289592
006,2014-10-01 21:50:06,8.3,5,9.729500000000007,9.007968094606625,9.629,9.455489364868876,9.455489364868878,9.073948119400141
006,2014-10-01 21:55:06,8.2,5,9.626000000000003,8.945943237399199,9.728000000000002,9.433314412466402,9.433314412466402,9.018113696219825
006,2014-10-01 22:00:00,6.9,5,8.7455,9.17383836629393,8.667499999999999,8.862279455431308,8.862279455431311,8.679944078612552
006,2014-10-01 22:00:06,8.2,5,8.917000000000003,9.815588883073671,8.9395,9.224029627691225,9.224029627691227,8.928114935450818
006,2014-10-01 22:05:06,8.0,5,9.684500000000005,9.535082705936498,9.727999999999998,9.649194235312168,9.649194235312168,9.551150384873026
006,2014-10-01 22:10:06,7.8,5,10.169500000000005,9.248967679918321,10.276499999999999,9.898322559972774,9.898322559972776,9.346347724218955
006,2014-10-01 22:15:06,7.7,5,9.072,9.40800105470449,8.725000000000001,9.068333684901496,9.068333684901498,8.764664640643415
006,2014-10-01 22:20:06,7.7,5,9.27400000000001,9.239764996090997,8.96,9.157921665363668,9.15792166536367,8.989612565304208
006,2014-10-01 22:25:06,7.7,5,9.015,9.173282866650203,9.0485,9.078927622216735,9.078927622216735,9.019752742523066
006,2014-10-01 22:30:06,7.9,5,9.642999999999999,9.73798360878489,9.750499999999999,9.71049453626163,9.710494536261631,9.65306275694429
006,2014-10-01 22:35:06,8.3,5,9.871000000000004,9.567641600871585,10.0565,9.831713866957196,9.831713866957196,9.601235259277878
006,2014-10-01 22:40:06,8.8,5,8.983500000000003,9.087117108583934,8.999000000000002,9.023205702861313,9.023205702861315,8.98600284764634
006,2014-10-01 22:45:06,9.5,5,9.2255,9.277079554050932,9.507,9.336526518016976,9.336526518016978,9.23319567889855
006,2014-10-01 22:50:06,10.4,5,10.496000000000004,12.285100654822399,10.6325,11.1378668849408,11.137866884940802,10.526807222710055
006,2014-10-01 22:55:06,11.3,5,9.402999999999997,8.201628714951806,9.429499999999997,9.011376238317267,9.011376238317268,8.32758633775318
006,2014-10-01 23:00:06,12.2,5,9.294500000000005,9.151941286503016,9.059500000000002,9.168647095501008,9.168647095501008,9.070597191492675
006,2014-10-01 23:05:06,12.9,5,9.662000000000004,9.480365599008659,9.6475,9.596621866336221,9.596621866336221,9.497996917753236
006,2014-10-01 23:10:06,13.4,5,8.676500000000004,8.893670130786678,9.171,8.913723376928894,8.913723376928894,8.701994570352626
006,2014-10-01 23:15:06,13.5,5,10.309999999999997,9.470001644009164,10.384499999999997,10.054833881336386,10.054833881336387,9.558630879155583
006,2014-10-01 23:20:06,13.4,5,8.997,9.218876366082453,9.065,9.093625455360817,9.093625455360819,9.005653215668179
006,2014-10-01 23:25:06,13.2,5,10.011499999999996,9.591663751631327,10.027499999999998,9.87688791721044,9.876887917210441,9.635748822807328
006,2014-10-01 23:30:06,13.0,5,10.249500000000006,8.39581408461501,10.346000000000002,9.66377136153834,9.66377136153834,8.590719665228573
006,2014-10-01 23:35:06,12.9,5,11.042500000000004,8.528330792825056,11.322000000000001,10.29761026427502,10.297610264275022,8.794168971690112
006,2014-10-01 23:40:06,13.0,5,8.334000000000001,8.06806509797957,8.206000000000001,8.202688365993192,8.202688365993192,8.083776439752567
006,2014-10-01 23:45:06,13.1,5,8.791500000000003,8.4079866610495,8.687499999999998,8.628995553683168,8.628995553683168,8.438270546863906
006,2014-10-01 23:50:06,13.2,5,10.477000000000006,10.085438383301865,10.464,10.342146127767291,10.342146127767291,10.125175125269903
006,2014-10-01 23:55:06,13.0,5,9.362000000000005,9.436003777452214,9.562500000000002,9.453501259150741,9.453501259150741,9.371007555211465
006,2014-10-02 00:00:06,12.8,5,9.546000000000001,9.617996310600386,9.421,9.528332103533463,9.528332103533463,9.434797999884234
006,2014-10-02 00:05:06,12.3,5,8.893000000000006,9.010763072921863,8.788,8.897254357640623,8.897254357640623,8.800163181622931
006,2014-10-02 00:10:06,11.7,5,10.419500000000003,10.024345393004227,10.395,10.27961513100141,10.27961513100141,10.063369869662719
006,2014-10-02 00:15:06,11.0,5,10.026500000000006,8.996224973167745,9.952499999999999,9.65840832438925,9.658408324389251,9.097014572935878
006,2014-10-02 00:20:06,10.3,5,10.367000000000004,9.648808325871489,10.646,10.220602775290498,10.2206027752905,9.726738622896068
006,2014-10-02 00:25:06,9.5,5,9.507000000000007,8.593271165463355,9.3525,9.15092372182112,9.15092372182112,8.674249946432667
006,2014-10-02 00:30:06,8.8,5,9.696000000000005,9.702109989563224,9.715499999999999,9.704536663187744,9.704536663187744,9.696773153450149
006,2014-10-02 00:35:06,8.3,5,9.947500000000007,10.951813667707132,9.745,10.214771222569047,10.214771222569047,9.776229556257803
006,2014-10-02 00:40:06,8.0,5,9.342000000000002,9.472940939309149,9.464500000000001,9.42648031310305,9.42648031310305,9.354900885435757
006,2014-10-02 00:45:06,7.9,5,9.656000000000004,9.298719518857194,9.3955,9.450073172952399,9.4500731729524,9.311450108391595
006,2014-10-02 00:50:06,7.9,5,10.470500000000005,10.147736814837264,10.674000000000001,10.430745604945756,10.43074560494576,10.183540685287001
006,2014-10-02 00:55:06,7.9,5,10.307500000000005,8.65023706140431,10.145,9.700912353801439,9.700912353801439,8.808250578889847
006,2014-10-02 01:00:06,7.9,5,9.048000000000005,9.951415788959249,9.275,9.424805262986418,9.42480526298642,9.078513872678863
006,2014-10-02 01:05:06,7.9,5,9.662000000000004,9.78794290673273,9.866999999999999,9.772314302244245,9.772314302244245,9.675967258662338
006,2014-10-02 01:10:06,7.8,5,9.483000000000006,9.383578001543944,9.466000000000001,9.444192667181317,9.44419266718132,9.392371344961091
006,2014-10-02 01:15:06,7.6,5,11.355500000000005,11.904672789322728,11.509,11.589724263107577,11.589724263107579,11.375516557056896
006,2014-10-02 01:20:06,7.3,5,10.030500000000009,11.458943082892922,10.045000000000002,10.511481027630978,10.511481027630978,10.04615648309521
006,2014-10-02 01:25:06,6.9,5,8.940500000000004,10.066419386467741,8.816,9.274306462155915,9.274306462155916,8.840284918495794
006,2014-10-02 01:30:06,6.6,5,9.764999999999999,10.019565847921944,9.299000000000001,9.694521949307315,9.694521949307315,9.350300579588467
006,2014-10-02 01:35:06,6.4,5,9.004500000000005,8.961669783874768,9.2635,9.076556594624925,9.076556594624925,8.968740865008408
006,2014-10-02 01:40:06,6.3,5,9.893000000000006,9.528676977926214,9.816500000000001,9.746058992642073,9.746058992642075,9.559555258472633
006,2014-10-02 01:45:06,6.4,5,10.211000000000007,10.291264391698883,10.425999999999997,10.30942146389963,10.30942146389963,10.220744961415978
006,2014-10-02 01:50:06,6.7,5,8.645000000000007,9.935190139517578,8.844000000000001,9.141396713172528,9.14139671317253,8.676732135946125
006,2014-10-02 01:55:06,6.8,5,8.990500000000008,9.373134209211347,9.123500000000002,9.162378069737118,9.16237806973712,9.006911373224158
006,2014-10-02 02:00:06,7.0,5,9.472500000000005,9.643978946110808,9.125000000000002,9.413826315370272,9.413826315370272,9.163071731704592
006,2014-10-02 02:05:06,7.2,5,8.218000000000004,8.426683803239309,8.245,8.296561267746435,8.296561267746439,8.222641693976492
006,2014-10-02 02:10:06,7.3,5,8.847000000000005,10.653812752022771,8.815000000000001,9.438604250674258,9.43860425067426,8.836416104935454
006,2014-10-02 08:05:06,12.7,5,9.903500000000012,10.272771205220009,9.722000000000001,9.966090401740006,9.966090401740008,9.744682021454192
006,2014-10-02 08:10:06,12.9,5,9.504500000000009,9.4756908790881,9.583,9.521063626362704,9.521063626362704,9.479490013030773
006,2014-10-02 08:15:06,13.1,5,9.320500000000008,8.412767845901625,9.056000000000001,8.929755948633877,8.92975594863388,8.482710556047541
006,2014-10-02 08:20:06,13.3,5,9.106,7.81518478678578,8.888,8.603061595595259,8.60306159559526,7.929607321303077
006,2014-10-02 08:25:06,13.4,5,8.846499999999997,8.398164475562753,9.166000000000002,8.803554825187584,8.803554825187586,8.448266263383376
006,2014-10-02 08:30:06,13.7,5,8.0485,9.591301811150663,8.018500000000001,8.552767270383555,8.552767270383557,8.037066746938281
006,2014-10-02 08:35:06,13.9,5,9.653500000000005,9.650960471139477,9.785,9.69648682371316,9.696486823713162,9.652541167554173
006,2014-10-02 08:40:06,14.3,5,9.129999999999999,8.896164635654843,9.089500000000001,9.038554878551615,9.038554878551615,8.916797211698352
006,2014-10-02 08:45:06,14.5,5,8.797500000000007,8.13405812873532,8.841500000000002,8.591019376245109,8.59101937624511,8.203910266276267
006,2014-10-02 08:50:06,14.8,5,8.595499999999998,7.888439903114061,8.434000000000001,8.305979967704687,8.305979967704689,7.947133743208539
006,2014-10-02 08:55:06,15.0,5,9.917000000000009,9.239372773172747,9.8935,9.683290924390919,9.683290924390919,9.308045372613462
006,2014-10-02 09:00:06,15.1,5,9.216500000000005,8.71458768161144,9.063,8.998029227203816,8.998029227203816,8.752575074522433
006,2014-10-02 09:05:06,15.2,5,8.999000000000004,7.99173979214106,8.9715,8.654079930713687,8.654079930713689,8.094521512398877
006,2014-10-02 09:10:06,15.3,5,9.139500000000005,7.957407363922688,9.3015,8.799469121307565,8.799469121307565,8.082702971681856
006,2014-10-02 09:15:06,15.3,5,9.442000000000002,9.587000853133324,9.261500000000002,9.430166951044443,9.430166951044443,9.281834693639098
006,2014-10-02 09:20:06,15.1,5,8.552000000000003,8.082503936942805,8.3115,8.315334645647603,8.315334645647605,8.10886748842066
006,2014-10-02 09:25:07,15.0,5,10.224499999999997,9.078948019653147,10.1225,9.808649339884383,9.808649339884383,9.18914890908493
006,2014-10-02 09:30:07,14.8,5,9.692999999999994,9.05978589134753,10.0325,9.595095297115842,9.595095297115844,9.129430470559146
006,2014-10-02 09:35:07,14.7,5,9.57600000000001,8.956679832867218,9.142999999999999,9.225226610955742,9.225226610955744,8.980503448853526
006,2014-10-02 09:40:07,14.6,5,8.537500000000005,8.831732309604975,8.8445,8.737910769868327,8.737910769868327,8.568411524634817
006,2014-10-02 09:45:07,14.5,5,8.235000000000005,8.58256414098904,8.1855,8.334354713663016,8.334354713663016,8.194154543974067
006,2014-10-02 09:50:07,14.4,5,9.510499999999999,8.989008511281043,9.2315,9.243669503760348,9.243669503760348,9.017169012144038
006,2014-10-02 09:51:00,14.9,5,8.455500000000006,7.229728928058086,8.33,8.005076309352697,8.005076309352699,7.346099012417133
006,2014-10-02 09:55:07,14.3,5,10.1695,8.928059931726699,10.126999999999999,9.741519977242232,9.741519977242234,9.05392319018889
006,2014-10-02 10:00:07,14.2,5,7.996499999999998,7.665401996242637,7.78,7.813967332080878,7.813967332080879,7.67955673150544
006,2014-10-02 10:05:07,14.1,5,8.728,7.593314119413778,8.7375,8.352938039804593,8.352938039804595,7.712124828838153
006,2014-10-02 10:10:07,13.9,5,7.6960000000000015,9.310368040931028,7.8655,8.290622680310344,8.290622680310344,7.728182498280592
006,2014-10-02 10:15:07,13.5,5,8.439000000000002,9.295263808555188,8.5765,8.77025460285173,8.77025460285173,8.460573478541606
006,2014-10-02 10:20:07,13.1,5,9.5105,9.600111944657982,9.387,9.499203981552661,9.499203981552663,9.400817219783471
006,2014-10-02 10:25:07,12.5,5,8.279000000000002,8.64917867472899,8.3895,8.439226224909662,8.439226224909666,8.293157771259246
006,2014-10-02 10:30:07,12.0,5,9.04450000000001,9.451616290341711,8.9855,9.16053876344724,9.160538763447242,8.99574399626274
006,2014-10-02 10:35:07,11.5,5,10.026500000000004,8.990967193968554,10.0245,9.680655731322853,9.680655731322855,9.09911983435886
006,2014-10-02 10:40:07,11.1,5,9.481500000000011,9.574776066832648,9.397499999999999,9.484592022277553,9.484592022277553,9.407221201383294
006,2014-10-02 10:45:07,10.7,5,8.126000000000005,8.210450918563772,8.171999999999999,8.169483639521259,8.16948363952126,8.131197226720028
006,2014-10-02 10:50:07,10.3,5,8.901000000000002,8.552598034036713,8.661,8.704866011345572,8.704866011345572,8.566339513218313
006,2014-10-02 10:55:07,9.8,5,9.736,8.553354293798964,9.599,9.296118097932988,9.29611809793299,8.664124237820541
006,2014-10-02 11:00:07,9.4,5,9.206500000000005,9.066201813592103,9.247,9.173233937864035,9.173233937864037,9.081285412326196
006,2014-10-02 11:05:07,8.9,5,9.551000000000005,8.66539394666087,9.481499999999999,9.232631315553625,9.232631315553625,8.751473466504923
006,2014-10-02 11:10:07,8.5,5,9.436500000000008,10.064611803043272,9.7315,9.74420393434776,9.744203934347762,9.470695284827064
006,2014-10-02 11:15:07,8.2,5,9.965500000000002,9.207207714904618,9.831,9.667902571634873,9.667902571634874,9.273816542476254
006,2014-10-02 11:20:07,7.9,5,9.737500000000008,9.495403590758576,10.3805,9.87113453025286,9.871134530252863,9.527162756710071
006,2014-10-02 11:25:07,7.7,5,9.008500000000005,8.130585154550847,8.6615,8.60019505151695,8.600195051516952,8.189601745549991
006,2014-10-02 11:30:07,7.6,5,9.515500000000001,9.533487393391747,9.333999999999998,9.460995797797247,9.46099579779725,9.353169183335906
006,2014-10-02 11:35:07,7.5,5,9.197000000000001,9.190292783920633,9.089000000000002,9.15876426130688,9.15876426130688,9.099664758188661
006,2014-10-02 11:40:07,7.5,5,10.086999999999996,9.966424897777655,10.003,10.018808299259218,10.018808299259218,9.971091542033902
006,2014-10-02 11:45:07,7.4,5,10.024000000000006,8.804346842235063,9.726500000000001,9.518282280745025,9.518282280745025,8.903801465534361
006,2014-10-02 11:50:07,7.2,5,10.379500000000002,9.843438738967947,10.3575,10.193479579655984,10.193479579655984,9.897442035592277
006,2014-10-02 11:55:07,6.9,5,10.295500000000002,9.24329207776841,10.105500000000001,9.88143069258947,9.881430692589472,9.33539997310783
006,2014-10-02 12:00:00,7.2,5,11.253499999999999,10.575622760103695,11.759499999999997,11.19620758670123,11.196207586701231,10.651605187899612
006,2014-10-02 12:00:07,6.5,5,9.899000000000006,9.760242185641042,9.991499999999997,9.883580728547015,9.883580728547017,9.775684624036666
006,2014-10-02 12:05:07,6.1,5,8.987500000000006,8.428567453937019,8.9735,8.796522484645676,8.796522484645676,8.485720636969553
006,2014-10-02 12:10:07,5.7,5,9.245000000000003,8.839949142554422,9.3695,9.151483047518141,9.151483047518143,8.883572302640241
006,2014-10-02 12:15:07,5.6,5,9.561500000000002,8.651478930692953,9.6555,9.289492976897652,9.289492976897652,8.74762924279986
006,2014-10-02 12:20:07,5.6,5,9.902499999999998,9.51689281177003,9.575000000000001,9.664797603923342,9.664797603923343,9.526247235328036
006,2014-10-02 12:25:07,5.9,5,9.032000000000007,8.846711759226174,8.729,8.869237253075394,8.869237253075395,8.743168392138857
006,2014-10-02 12:30:07,6.4,5,9.13,8.137358671024412,9.061999999999998,8.776452890341469,8.776452890341472,8.234778617480538
006,2014-10-02 12:35:07,7.0,5,9.343000000000004,9.402691592520284,9.492,9.41256386417343,9.41256386417343,9.35013827481345
006,2014-10-02 12:40:07,7.6,5,10.6355,8.20172401166776,10.324000000000002,9.720408003889254,9.720408003889254,8.4268806390995
006,2014-10-02 12:45:07,8.2,5,8.363000000000007,8.431343952808888,8.4565,8.416947984269632,8.416947984269633,8.37040199829915
006,2014-10-02 15:15:07,4.7,5,9.348500000000005,9.833907809678573,9.2845,9.488969269892861,9.48896926989286,9.296050032927237
006,2014-10-02 15:20:07,4.7,5,10.294499999999996,8.985895419176465,10.270999999999999,9.850465139725486,9.850465139725488,9.120583578951539
006,2014-10-02 15:25:07,4.8,5,9.591500000000002,10.019347891010488,9.9175,9.84278263033683,9.842782630336831,9.626625998827732
006,2014-10-02 15:26:00,4.2,5,8.9395,9.942981355853867,8.982999999999999,9.288493785284622,9.288493785284622,8.95365097035736
006,2014-10-02 15:30:07,4.9,5,9.609000000000007,10.352179740572426,9.356,9.772393246857478,9.77239324685748,9.389901743844863
006,2014-10-02 15:35:07,5.1,5,8.230500000000001,9.558223392488218,8.4235,8.737407797496074,8.737407797496074,8.26203972271047
006,2014-10-02 15:40:07,5.2,5,8.730000000000004,8.665340505448176,8.531500000000001,8.642280168482728,8.642280168482728,8.546149563366864
006,2014-10-02 15:45:07,5.3,5,9.168500000000009,8.165436007830072,9.0265,8.786812002610027,8.786812002610029,8.256944220294146
006,2014-10-02 15:50:07,5.4,5,9.667499999999999,8.598945825491136,9.661,9.309148608497045,9.309148608497045,8.710127493928747
006,2014-10-02 15:55:07,5.6,5,9.179,8.009710607919384,9.213500000000002,8.800736869306462,8.800736869306464,8.132391685311596
006,2014-10-02 16:00:07,5.7,5,10.447999999999997,9.781523965110436,10.397,10.208841321703476,10.20884132170348,9.846427710873682
006,2014-10-02 16:05:07,5.8,5,8.522000000000004,8.097843701125543,8.52,8.379947900375182,8.379947900375184,8.14203150594828
006,2014-10-02 16:10:07,5.8,5,8.415000000000006,8.220921108250867,8.3935,8.343140369416957,8.34314036941696,8.239192052998398
006,2014-10-02 16:15:07,5.9,5,9.095000000000006,8.361545616537724,9.107,8.854515205512577,8.854515205512579,8.438402763754322
006,2014-10-02 16:20:07,5.9,5,8.5045,8.738742362162155,8.5245,8.589247454054052,8.589247454054053,8.508734909506137
006,2014-10-02 16:25:07,5.8,5,8.109000000000002,9.091781703804811,8.2335,8.478093901268272,8.478093901268272,8.130608541669167
006,2014-10-02 16:30:07,5.7,5,8.691500000000007,8.796887314700339,8.599,8.695795771566782,8.695795771566782,8.609731620362894
006,2014-10-02 16:35:07,5.7,5,8.330000000000002,8.274844086275776,8.630500000000001,8.411781362091926,8.411781362091928,8.283619734821553
006,2014-10-02 16:40:07,5.7,5,10.469999999999997,9.58353948574564,10.3,10.117846495248546,10.117846495248546,9.660198661390192
006,2014-10-02 16:45:07,5.8,5,9.551000000000002,8.448604021637154,9.406,9.135201340545718,9.13520134054572,8.550220900168037
006,2014-10-02 16:50:07,5.9,5,10.481000000000005,9.048115462830848,10.585000000000003,10.038038487610285,10.038038487610287,9.199069996239311
006,2014-10-02 16:55:07,6.0,5,9.672000000000004,9.468470274123344,9.878,9.672823424707783,9.672823424707783,9.491824428047169
006,2014-10-02 17:00:07,6.1,5,8.997000000000002,8.365623652027994,9.0045,8.789041217342666,8.789041217342666,8.43175595682546
006,2014-10-02 17:05:07,6.2,5,8.969000000000005,8.371167325512033,9.1175,8.819222441837345,8.819222441837347,8.43520014714549
006,2014-10-02 17:10:07,6.2,5,9.061000000000002,7.702221797899279,9.1445,8.635907265966427,8.635907265966429,7.845218008303542
006,2014-10-02 17:15:07,6.2,5,9.472000000000005,8.983277415366397,9.683,9.379425805122134,9.379425805122136,9.03651967085592
006,2014-10-02 17:20:07,6.1,5,8.281000000000004,8.60463480729445,8.051499999999999,8.312378269098152,8.312378269098152,8.078747623597774
006,2014-10-02 17:25:07,6.1,5,8.918500000000009,9.168403726244312,9.011999999999999,9.032967908748107,9.032967908748107,8.929846408772566
006,2014-10-02 17:30:07,6.0,5,8.332500000000003,8.400551008395967,8.282,8.33835033613199,8.33835033613199,8.287964036942363
006,2014-10-02 17:35:07,5.9,5,8.224,7.081788191226239,8.1495,7.818429397075413,7.8184293970754135,7.194241785655803
006,2014-10-02 17:40:07,5.9,5,8.3585,7.398800712960287,8.040999999999999,7.932766904320094,7.932766904320096,7.469165360119162
006,2014-10-02 17:45:07,5.8,5,8.851000000000006,7.111412924776407,8.5385,8.166970974925471,8.166970974925473,7.263845902820515
006,2014-10-02 17:50:07,5.8,5,8.650500000000005,8.272207239809031,8.791000000000002,8.571235746603014,8.571235746603014,8.31319085285476
006,2014-10-02 17:55:07,5.8,5,8.535999999999998,7.576418011843345,8.3185,8.143639337281114,8.143639337281115,7.656232816111952
006,2014-10-02 18:00:07,5.8,5,8.987500000000006,7.08711447519362,8.4585,8.177704825064543,8.177704825064543,7.235884717838041
006,2014-10-02 18:05:07,5.7,5,9.134000000000007,9.2705311468557,9.061000000000002,9.155177048951904,9.155177048951904,9.070002884947044
006,2014-10-02 18:10:07,5.6,5,8.460500000000003,8.22783895414649,8.454,8.380779651382165,8.380779651382166,8.251565893950293
006,2014-10-02 18:15:07,5.5,5,8.351500000000003,8.491691079818079,8.464000000000002,8.435730359939361,8.435730359939363,8.36354714389859
006,2014-10-02 18:20:07,5.4,5,8.901500000000002,7.826631720097487,8.662000000000003,8.463377240032498,8.463377240032498,7.9164265368009525
006,2014-10-02 18:25:07,5.3,5,8.765500000000001,8.169813154282021,8.593,8.509437718094008,8.50943771809401,8.215813779340928
006,2014-10-02 18:30:07,5.2,5,8.584000000000001,8.74259596575348,8.2175,8.514698655251161,8.514698655251161,8.257430763491307
006,2014-10-02 18:35:07,5.2,5,9.567,9.706655160139936,9.599499999999999,9.62438505337998,9.62438505337998,9.571471841163737
006,2014-10-02 18:40:07,5.1,5,9.056500000000005,9.432960231032808,9.255999999999998,9.248486743677605,9.248486743677605,9.079142149008389
006,2014-10-02 18:45:07,5.0,5,9.624000000000004,8.587527678333103,9.816499999999998,9.3426758927777,9.342675892777702,8.697892863472134
006,2014-10-02 18:50:07,4.9,5,9.685000000000006,8.570204269074685,9.5185,9.257901423024895,9.257901423024897,8.671084040640135
006,2014-10-02 18:55:07,4.9,5,10.093500000000004,9.264806321322352,9.9365,9.764935440440786,9.764935440440787,9.336651798389967
006,2014-10-02 19:00:07,4.8,5,9.139500000000002,8.349656364874008,9.097500000000002,8.862218788291337,8.862218788291338,8.428318977390362
006,2014-10-02 19:05:07,4.8,5,10.145500000000006,9.041673303768802,10.2475,9.811557767922936,9.811557767922936,9.158180392809646
006,2014-10-02 19:10:07,4.8,5,8.236000000000002,7.645481633636079,8.276999999999997,8.052827211212026,8.052827211212028,7.707674200944307
006,2014-10-02 19:15:07,4.8,5,7.975000000000001,9.005612383359077,7.949999999999999,8.31020412778636,8.31020412778636,7.962921731189233
006,2014-10-02 19:20:07,4.8,5,9.566500000000003,10.3518457970519,9.564999999999998,9.827781932350634,9.827781932350636,9.573010394411853
006,2014-10-02 19:25:07,4.8,5,8.685500000000008,9.454463521794667,8.802500000000002,8.98082117393156,8.98082117393156,8.704260677642376
006,2014-10-02 19:30:07,4.8,5,9.499,8.410452366775894,9.162500000000001,9.023984122258632,9.023984122258634,8.49249981962619
006,2014-10-02 19:35:07,4.7,5,7.481500000000003,8.563679653271413,7.76,7.935059884423805,7.935059884423806,7.5186746624746155
006,2014-10-02 19:40:07,4.7,5,9.278000000000002,9.193442841456184,9.181000000000001,9.217480947152064,9.217480947152064,9.183147395090954
006,2014-10-02 19:45:07,4.7,5,8.113000000000001,7.792957208727784,8.284000000000002,8.063319069575929,8.06331906957593,7.828151459886709
006,2014-10-02 19:50:07,4.7,5,10.737000000000013,9.127368189840139,10.544499999999998,10.136289396613384,10.136289396613384,9.277559605303122
006,2014-10-02 19:55:07,4.7,5,9.040500000000003,9.48124573295373,9.050499999999998,9.190748577651243,9.190748577651245,9.045853700271795
006,2014-10-02 20:00:07,4.8,5,8.472000000000007,8.793256329137273,8.454,8.57308544304576,8.573085443045763,8.459095800587436
006,2014-10-02 20:05:07,4.8,5,9.16550000000001,9.763813023541845,9.369,9.432771007847284,9.432771007847286,9.190739174110385
006,2014-10-02 20:10:07,4.8,5,8.575500000000003,8.258968784276705,8.695,8.509822928092236,8.509822928092238,8.293280639322205
006,2014-10-02 20:15:07,4.7,5,9.0715,9.675006576653644,9.169500000000001,9.305335525551214,9.305335525551216,9.086808246600667
006,2014-10-02 20:20:07,4.6,5,8.314500000000004,8.6721414247673,8.4405,8.475713808255769,8.475713808255769,8.329999075320131
006,2014-10-02 20:25:07,4.4,5,9.338,8.734854147800855,9.597999999999999,9.223618049266952,9.223618049266952,8.80055785690244
006,2014-10-02 20:30:07,4.3,5,8.923500000000002,7.859573641794548,9.333499999999999,8.70552454726485,8.70552454726485,7.974986186130077
006,2014-10-02 20:35:07,4.3,5,8.174500000000005,7.695825815809722,8.3485,8.072941938603243,8.072941938603243,7.747646764494766
006,2014-10-02 20:40:07,4.3,5,7.652500000000003,7.261018637552335,7.889000000000001,7.600839545850779,7.60083954585078,7.304342098800996
006,2014-10-02 20:45:07,4.3,5,7.634000000000003,7.522791433685343,7.833999999999999,7.663597144561781,7.663597144561782,7.536426551447882
006,2014-10-02 20:50:07,4.3,5,8.485999999999999,7.753884798627936,8.942500000000003,8.394128266209313,8.394128266209313,7.835046834863506
006,2014-10-02 20:55:07,4.3,5,8.655499999999998,7.635929324981165,8.683,8.32480977499372,8.32480977499372,7.742876187268387
006,2014-10-02 21:00:07,4.3,5,9.106000000000005,8.614654442466973,9.126,8.94888481415566,8.94888481415566,8.666261124644873
006,2014-10-02 21:05:00,4.1,5,9.729000000000005,8.023448138722255,10.061,9.271149379574085,9.271149379574087,8.205210298474032
006,2014-10-02 21:05:07,4.3,5,8.755000000000003,8.379909630540753,8.921,8.685303210180251,8.685303210180253,8.42081319571634
006,2014-10-02 21:10:07,4.3,5,8.820000000000002,8.911820083646841,9.04,8.923940027882281,8.923940027882281,8.830888410610841
006,2014-10-02 21:15:07,4.3,5,8.716500000000002,8.917495996252827,8.841499999999998,8.825165332084275,8.825165332084277,8.730337996740758
006,2014-10-02 21:20:07,4.4,5,8.925000000000002,8.108266156475116,9.23,8.754422052158374,8.754422052158374,8.196766358424275
006,2014-10-02 21:25:07,4.7,5,8.301000000000005,7.625375286971147,8.6125,8.179625095657052,8.179625095657052,7.699177045733336
006,2014-10-02 21:30:07,5.2,5,8.306500000000007,7.975466552388135,8.559000000000001,8.28032218412938,8.280322184129382,8.012625693209676
006,2014-10-03 09:00:07,8.5,5,10.317499999999994,8.992883701975682,10.328500000000002,9.879627900658559,9.87962790065856,9.131580747276539
006,2014-10-03 09:05:07,8.7,5,9.035000000000007,8.609197285675842,9.102000000000002,8.915399095225284,8.915399095225284,8.654416594141459
006,2014-10-03 09:10:07,8.9,5,8.618999999999998,7.7245388971569415,8.724499999999999,8.35601296571898,8.35601296571898,7.819176258754375
006,2014-10-03 09:15:07,9.3,5,8.392000000000001,8.298748054842068,8.3915,8.360749351614023,8.360749351614023,8.30845716164229
006,2014-10-03 09:20:07,9.8,5,9.52000000000001,9.71360682400862,9.4715,9.56836894133621,9.568368941336212,9.478510346510038
006,2014-10-03 09:25:07,10.3,5,10.700500000000003,9.717930384552748,10.386499999999998,10.268310128184249,10.26831012818425,9.791019008709766
006,2014-10-03 09:30:07,10.8,5,11.239000000000015,9.319668487978687,11.118999999999998,10.559222829326233,10.559222829326234,9.509122277502257
006,2014-10-03 09:35:07,11.3,5,8.517000000000007,7.606395905511655,8.595,8.239465301837221,8.239465301837221,7.702447216216671
006,2014-10-03 09:40:07,11.8,5,9.431000000000001,7.7720923045307515,9.304,8.835697434843583,8.835697434843587,7.933637065988377
006,2014-10-03 09:45:07,12.4,5,8.627000000000011,7.665940863860811,8.2695,8.187480287953607,8.187480287953608,7.732662812502939
006,2014-10-03 09:50:07,12.9,5,8.823000000000006,7.398042909917885,8.960500000000001,8.393847636639299,8.393847636639299,7.548503039769854
006,2014-10-03 09:55:07,13.4,5,8.624500000000003,7.79871358993423,8.434500000000002,8.285904529978078,8.28590452997808,7.8671322943657485
006,2014-10-03 10:00:07,13.9,5,8.801500000000006,7.974515072766044,8.735999999999999,8.504005024255349,8.50400502425535,8.054839895841521
006,2014-10-03 10:05:07,14.3,5,9.566499999999998,8.642956667532147,9.48,9.229818889177382,9.229818889177382,8.731396735428051
006,2014-10-03 10:10:07,14.5,5,8.76850000000001,8.212879458458207,8.717500000000003,8.566293152819407,8.566293152819409,8.266185026468884
006,2014-10-03 10:15:07,14.7,5,9.386500000000005,8.443650193181146,9.574000000000002,9.134716731060385,9.134716731060385,8.544170188780551
006,2014-10-03 10:20:07,14.7,5,9.3015,8.712968614279623,9.095,9.036489538093207,9.036489538093209,8.75500337838274
006,2014-10-03 10:25:07,14.6,5,8.954000000000006,8.452304270207161,9.040999999999999,8.815768090069055,8.815768090069056,8.50566383185286
006,2014-10-03 10:30:07,14.5,5,9.1365,8.554384088689238,8.999500000000001,8.896794696229746,8.896794696229748,8.602324026758822
006,2014-10-03 10:35:07,14.5,5,8.902500000000002,8.445235799468382,8.976,8.774578599822794,8.774578599822796,8.49381174372375
006,2014-10-03 10:40:07,14.5,5,8.9975,8.305498180014645,8.866,8.722999393338215,8.722999393338215,8.365455287342918
006,2014-10-03 10:45:07,14.7,5,9.098,8.463040475066482,8.8705,8.810513491688829,8.810513491688829,8.50794564028825
006,2014-10-03 10:50:07,14.8,5,9.442500000000003,8.00587844457909,9.237499999999999,8.895292814859696,8.895292814859697,8.136785980568352
006,2014-10-03 10:55:07,14.7,5,8.960000000000004,8.371980474982129,9.0555,8.795826824994045,8.795826824994046,8.434456602778145
006,2014-10-03 11:00:07,14.5,5,8.892000000000003,8.34485107547262,8.607,8.614617025157541,8.614617025157543,8.375128221683362
006,2014-10-03 11:05:07,14.0,5,10.123500000000007,9.345100544545428,10.277000000000001,9.915200181515145,9.915200181515146,9.42807503819815
006,2014-10-03 11:10:07,13.3,5,9.672000000000002,8.477548475116292,9.768000000000002,9.305849491705432,9.305849491705434,8.603477122894244
006,2014-10-03 11:15:07,12.4,5,9.240000000000007,8.907639232106265,9.1285,9.09204641070209,9.092046410702093,8.931861634069325
006,2014-10-03 11:20:07,11.5,5,9.959499999999998,8.802121733705219,10.0535,9.60504057790174,9.60504057790174,8.924151617968652
006,2014-10-03 11:25:07,10.7,5,9.630500000000005,8.650400541013697,9.589,9.289966847004566,9.28996684700457,8.749015846970906
006,2014-10-03 11:30:07,9.9,5,9.205000000000005,9.252490306925248,9.296500000000002,9.251330102308417,9.251330102308419,9.210408736775372
006,2014-10-03 11:35:07,9.4,5,10.228000000000003,7.763721551819066,10.186000000000002,9.392573850606356,9.39257385060636,8.017570724878496
006,2014-10-03 11:40:07,9.2,5,8.819000000000008,9.840496606685875,9.073500000000001,9.244332202228629,9.244332202228629,8.853296848947343
006,2014-10-03 11:45:07,9.2,5,8.817500000000003,9.578495949713773,8.7275,9.041165316571258,9.04116531657126,8.744526145977462
006,2014-10-03 11:50:07,9.3,5,9.164000000000005,9.946203629993052,9.036999999999999,9.382401209997687,9.382401209997687,9.05810932166661
006,2014-10-03 11:54:00,10.4,5,8.628000000000007,9.81795410429858,8.6165,9.020818034766195,9.020818034766197,8.62960272042658
006,2014-10-03 11:55:07,9.7,5,8.936999999999998,9.665695548788507,8.993,9.198565182929501,9.198565182929503,8.949585915964528
006,2014-10-03 12:00:07,9.9,5,9.325499999999995,9.379020441641693,9.336,9.346840147213896,9.346840147213896,9.327028759505781
006,2014-10-03 12:05:07,10.2,5,11.318000000000016,10.413020035268254,11.247,10.992673345089424,10.992673345089424,10.500984600476814
006,2014-10-03 12:10:07,10.4,5,9.392000000000001,9.472902958988195,9.135,9.333300986329398,9.3333009863294,9.162697473205924
006,2014-10-03 12:15:07,10.5,5,10.092000000000008,7.8845619046054125,10.0875,9.354687301535138,9.35468730153514,8.11508774805932
006,2014-10-03 12:20:07,10.5,5,10.071000000000005,9.221463742554203,10.0205,9.770987914184737,9.770987914184737,9.305567347050337
006,2014-10-03 12:25:07,10.6,5,8.911,8.347388591722309,9.050999999999998,8.769796197240769,8.76979619724077,8.407756037531
006,2014-10-03 12:30:07,10.5,5,10.160500000000006,9.353128467569597,9.681000000000001,9.7315428225232,9.731542822523203,9.392226795246875
006,2014-10-03 12:35:07,10.5,5,10.227000000000007,8.78076313891837,10.119,9.708921046306125,9.708921046306127,8.921855226016058
006,2014-10-03 12:40:07,10.3,5,10.465000000000002,9.1358463797196,10.369000000000002,9.989948793239869,9.98994879323987,9.265824206913493
006,2014-10-03 12:45:07,10.1,5,9.502000000000004,9.663698894865215,9.4465,9.53739963162174,9.53739963162174,9.453923637278184
006,2014-10-03 12:50:07,9.9,5,9.535500000000003,8.327047468688436,9.435500000000001,9.099349156229481,9.099349156229481,8.44401853245977
006,2014-10-03 12:55:07,9.7,5,8.391000000000007,9.0505823673323,8.333999999999998,8.591860789110768,8.59186078911077,8.346559408444193
006,2014-10-03 13:00:07,9.5,5,10.262000000000006,10.396499190101165,10.212500000000002,10.290333063367058,10.29033306336706,10.21902389446519
006,2014-10-03 13:05:07,9.4,5,9.235500000000007,8.706719292615123,9.168500000000002,9.03690643087171,9.036906430871712,8.755702773212379
006,2014-10-03 13:10:07,9.5,5,7.8249999999999975,8.912530509761936,7.6960000000000015,8.144510169920645,8.144510169920645,7.720371839052754
006,2014-10-03 13:15:07,9.8,5,9.707000000000011,8.948136570391517,9.7605,9.471878856797176,9.471878856797177,9.028067121128116
006,2014-10-03 13:20:07,10.0,5,9.508000000000008,8.272826763374656,8.966000000000001,8.915608921124887,8.915608921124889,8.350769524032833
006,2014-10-03 13:25:07,10.2,5,9.814000000000002,9.452761741838827,9.639499999999998,9.635420580612942,9.635420580612944,9.474044100303901
006,2014-10-03 13:30:07,10.2,5,9.672000000000002,9.279579424894402,9.605000000000002,9.518859808298137,9.518859808298137,9.314296322891394
006,2014-10-03 13:35:07,10.0,5,8.268000000000006,8.29550350883737,8.676000000000002,8.413167836279127,8.413167836279127,8.274682500112473
006,2014-10-03 13:40:07,9.7,5,10.459500000000002,8.931519175410447,10.521499999999998,9.970839725136814,9.970839725136816,9.092003090773769
006,2014-10-03 13:45:07,9.4,5,8.382500000000006,7.8689411271649865,8.3505,8.200647042388331,8.200647042388331,7.919643884363546
006,2014-10-03 13:50:07,9.0,5,9.470500000000001,8.545773398657992,9.493500000000001,9.169924466219332,9.169924466219333,8.642752266675272
006,2014-10-03 13:55:07,8.6,5,9.722500000000007,8.55202071093958,9.588,9.287506903646529,9.28750690364653,8.661754312890128
006,2014-10-03 14:00:07,8.3,5,10.0105,8.775333674483694,10.1165,9.634111224827898,9.6341112248279,8.905622079542379
006,2014-10-03 14:05:07,8.0,5,8.736500000000001,8.796512690171607,8.745499999999998,8.759504230057203,8.759504230057203,8.737951745549747
006,2014-10-03 14:10:07,7.7,5,9.623500000000002,8.969143261362314,9.816500000000001,9.469714420454105,9.469714420454107,9.039534873314214
006,2014-10-03 14:15:07,7.5,5,9.565500000000013,9.297768040688693,9.5075,9.45692268022957,9.45692268022957,9.32029109890824
006,2014-10-03 14:20:07,7.2,5,8.791500000000005,7.380420471634361,8.775,8.315640157211455,8.315640157211456,7.52649237053144
006,2014-10-03 14:25:07,6.9,5,8.185499999999998,7.966803820748187,8.159500000000001,8.103934606916061,8.103934606916063,7.987224522502425
006,2014-10-03 14:30:07,6.7,5,7.7290000000000045,9.014177824170284,7.827499999999999,8.190225941390096,8.190225941390096,7.751172271222951
006,2014-10-03 14:35:07,6.5,5,9.125000000000004,8.388013788052039,9.212,8.908337929350681,8.908337929350681,8.46599045033128
006,2014-10-03 14:40:07,6.4,5,8.810500000000003,7.786772012105881,8.9105,8.502590670701961,8.502590670701963,7.894878830318556
006,2014-10-03 14:45:07,6.3,5,9.465500000000008,9.33894471965082,9.7515,9.518648239883609,9.51864823988361,9.355045476537907
006,2014-10-03 14:50:07,6.2,5,10.303999999999998,8.602115189882495,10.4265,9.777538396627497,9.777538396627499,8.781398686994741
006,2014-10-03 14:55:07,6.1,5,9.003500000000003,7.981338268315549,8.8195,8.601446089438518,8.601446089438518,8.070870347940154
006,2014-10-03 15:00:07,5.9,5,8.773000000000001,8.207865739850988,8.722500000000002,8.567788579950331,8.567788579950331,8.262213986103522
006,2014-10-03 15:05:07,5.7,5,8.718999999999996,9.583074226174515,8.5935,8.965191408724836,8.965191408724838,8.615271091187088
006,2014-10-03 15:10:07,5.6,5,8.32,9.276587761814922,8.398,8.66486258727164,8.664862587271642,8.336946572567763
006,2014-10-03 15:15:07,5.4,5,9.685500000000005,8.926216147884752,9.446000000000002,9.352572049294919,9.35257204929492,8.982993166562304
006,2014-10-03 15:20:07,5.2,5,8.850500000000002,8.53782537581308,8.494499999999999,8.62760845860436,8.62760845860436,8.502159633108379
006,2014-10-03 15:25:07,5.1,5,8.645000000000003,8.247597572830728,8.648000000000001,8.513532524276911,8.513532524276911,8.289205521296953
006,2014-10-03 15:30:07,5.1,5,7.908499999999999,8.012023804968955,7.971000000000003,7.9638412683229864,7.9638412683229864,7.915449256438802
006,2014-10-03 15:35:07,5.0,5,9.894000000000005,9.568249395725731,9.777,9.746416465241913,9.746416465241913,9.591259780367144
006,2014-10-03 15:40:07,5.0,5,8.275000000000006,8.69482622461914,8.524000000000001,8.49794207487305,8.49794207487305,8.30275971150843
006,2014-10-03 15:45:07,4.9,5,9.745500000000002,8.533198451227731,9.716000000000001,9.331566150409245,9.331566150409246,8.657243228477277
006,2014-10-03 15:50:07,4.8,5,9.256000000000004,8.731522679946814,9.1715,9.053007559982271,9.053007559982273,8.778399996532759
006,2014-10-03 15:55:07,4.6,5,8.214000000000004,8.15057740929573,8.4925,8.285692469765245,8.285692469765246,8.159997953086137
006,2014-10-03 16:00:07,4.4,5,8.3705,8.783263965085204,8.3875,8.513754655028402,8.513754655028404,8.376236252652689
006,2014-10-03 16:05:07,4.2,5,8.98000000000001,10.095246007224171,8.702499999999999,9.259248669074728,9.259248669074728,8.742685701719914
006,2014-10-03 16:10:07,4.2,5,8.8045,8.528456220618835,8.4325,8.588485406872946,8.588485406872946,8.445299789652633
006,2014-10-03 16:15:07,4.3,5,8.703500000000002,8.882232645805166,8.640500000000001,8.742077548601722,8.742077548601724,8.64887865699428
006,2014-10-03 16:20:07,4.6,5,8.1105,8.215309285254596,8.375000000000002,8.233603095084867,8.233603095084867,8.12306250464553
006,2014-10-03 16:22:00,3.3,5,9.021000000000003,8.698301595429925,9.312999999999999,9.01076719847664,9.010767198476643,8.734983688255877
006,2014-10-03 16:25:07,5.0,5,9.049000000000005,8.619447066723879,9.4905,9.05298235557463,9.05298235557463,8.668803739200538
006,2014-10-03 16:30:07,5.7,5,8.598500000000008,9.016654234966202,8.729000000000001,8.781384744988737,8.781384744988738,8.615030012746141
006,2014-10-03 16:35:07,6.4,5,9.499,8.569396461588381,9.7475,9.271965487196127,9.271965487196129,8.669140575704553
006,2014-10-03 16:40:07,7.3,5,9.960500000000009,9.472908158885215,9.973000000000003,9.80213605296174,9.802136052961744,9.524047111132132
006,2014-10-03 16:45:07,8.2,5,9.454000000000004,8.786831136927374,9.890500000000001,9.377110378975793,9.377110378975795,8.860998208355811
006,2014-10-03 16:50:07,9.0,5,9.842500000000008,9.734118092530565,9.6465,9.741039364176858,9.741039364176858,9.656750800167117
006,2014-10-03 16:55:07,9.8,5,9.222000000000001,8.029627870406294,9.3055,8.8523759568021,8.8523759568021,8.155213962919614
006,2014-10-03 17:00:07,10.4,5,10.93950000000001,10.131949217825913,10.887,10.652816405941975,10.652816405941975,10.211470873015553
006,2014-10-03 17:05:07,10.9,5,8.564000000000004,7.6622127198458365,8.4985,8.24157090661528,8.241570906615282,7.750363686302024
006,2014-10-03 17:10:07,11.4,5,9.384500000000003,8.914971849243065,9.425500000000001,9.241657283081024,9.241657283081024,8.964505900635178
006,2014-10-03 17:15:07,11.7,5,9.266000000000002,7.682319773456299,9.113499999999998,8.687273257818767,8.687273257818767,7.833580994568432
006,2014-10-03 17:20:07,11.9,5,8.260500000000006,8.27892402747215,8.3385,8.29264134249072,8.29264134249072,8.263023360596353
006,2014-10-03 17:25:07,12.1,5,8.829500000000005,8.809439115654156,8.736,8.79164637188472,8.79164637188472,8.743884124487343
006,2014-10-03 17:30:07,12.1,5,9.342000000000004,8.90502571367551,9.382499999999999,9.209841904558504,9.209841904558505,8.951148839977055
006,2014-10-03 17:35:07,12.0,5,9.465500000000008,9.141707674373071,9.413999999999998,9.340402558124358,9.34040255812436,9.170711066764902
006,2014-10-03 17:40:07,11.9,5,8.4,9.03805689732018,8.453500000000002,8.630518965773394,8.630518965773394,8.411442968714283
006,2014-10-03 17:45:07,11.7,5,8.7695,9.019559876770467,8.835,8.874686625590156,8.874686625590158,8.778198490039495
006,2014-10-03 17:50:07,11.5,5,8.753500000000004,9.183625420473922,9.0335,8.99020847349131,8.990208473491311,8.78429605658798
006,2014-10-03 17:55:07,11.3,5,9.631000000000004,8.254326018229394,9.404,9.096442006076467,9.096442006076467,8.37687984716197
006,2014-10-03 18:00:07,11.3,5,9.169999999999996,8.646345743874248,9.001499999999998,8.939281914624749,8.939281914624749,8.68518850726271
006,2014-10-03 18:05:07,11.2,5,9.232000000000005,9.715812973515353,9.532,9.493270991171785,9.493270991171787,9.265225418002911
006,2014-10-03 18:10:07,11.0,5,9.229,10.377990984395412,9.709499999999998,9.772163661465136,9.772163661465138,9.285956883219475
006,2014-10-03 18:15:07,10.9,5,9.369000000000002,9.125900734369033,9.287500000000001,9.260800244789678,9.26080024478968,9.143622943483086
006,2014-10-03 18:20:07,10.8,5,9.339500000000008,9.051673120130067,9.372499999999999,9.254557706710026,9.254557706710026,9.082116804295687
006,2014-10-03 18:25:07,10.5,5,9.3335,8.750064314440925,9.388000000000002,9.157188104813644,9.157188104813644,8.811650861268719
006,2014-10-03 18:30:07,10.4,5,9.068999999999996,8.951160500724779,9.169,9.063053500241592,9.063053500241594,8.964489375168373
006,2014-10-03 18:35:07,10.3,5,9.231000000000005,10.004775584323157,9.324000000000002,9.51992519477439,9.51992519477439,9.247537815206238
006,2014-10-03 18:40:07,10.1,5,8.186000000000002,8.927573368378225,7.9325,8.348691122792742,8.348691122792742,7.966437992270034
006,2014-10-03 18:45:07,10.0,5,11.576500000000003,12.581603898827122,11.651499999999999,11.936534632942374,11.936534632942376,11.593647861055208
006,2014-10-03 18:50:07,9.9,5,10.725000000000007,10.43936575771263,10.375,10.513121919237546,10.513121919237546,10.384590564395866
006,2014-10-03 18:55:07,9.8,5,10.1925,11.539587171526458,10.29,10.674029057175487,10.674029057175487,10.215196740402282
006,2014-10-03 19:00:07,9.6,5,10.257000000000003,10.942666457516955,10.343,10.514222152505653,10.514222152505655,10.271994353878593
006,2014-10-03 19:05:07,9.5,5,9.829,9.366318135638371,9.6425,9.612606045212791,9.612606045212791,9.397078468275186
006,2014-10-03 19:10:07,9.4,5,10.06200000000001,9.060002411274189,9.880500000000001,9.667500803758067,9.667500803758069,9.14766139240864
006,2014-10-03 19:15:07,9.3,5,9.571500000000004,9.374183845365465,9.7105,9.55206128178849,9.552061281788491,9.39621790878346
006,2014-10-03 19:20:07,9.3,5,9.228500000000004,9.050803378922541,9.15,9.143101126307515,9.143101126307517,9.061966755392358
006,2014-10-03 19:25:07,9.2,5,9.565000000000003,8.704683802709113,9.5245,9.264727934236372,9.264727934236372,8.790861493745593
006,2014-10-03 19:30:07,9.2,5,8.957500000000003,9.318355566183362,8.862000000000002,9.045951855394456,9.045951855394456,8.875600175760402
006,2014-10-03 19:35:07,9.2,5,9.761500000000002,10.188133449327205,9.661500000000002,9.870377816442405,9.870377816442405,9.676228763915857
006,2014-10-03 19:40:07,9.0,5,9.329000000000006,7.328550744910981,9.261,8.639516914970327,8.63951691497033,7.531411884351948
006,2014-10-03 19:45:07,9.0,5,9.718500000000004,8.94475509876758,9.875000000000002,9.512751699589195,9.512751699589195,9.027272612969874
006,2014-10-03 19:50:07,8.9,5,9.708000000000004,9.139594551992065,9.546500000000002,9.464698183997356,9.464698183997358,9.183781747306549
006,2014-10-03 19:55:07,8.8,5,8.916500000000001,9.417649763086628,8.927499999999998,9.087216587695542,9.087216587695544,8.922552364867348
006,2014-10-03 20:00:07,8.7,5,10.392000000000007,9.621186525569764,10.398,10.137062175189923,10.137062175189925,9.701892341311803
006,2014-10-03 20:05:07,8.6,5,8.635000000000007,9.133843594228587,8.591500000000002,8.786781198076199,8.7867811980762,8.60103959274111
006,2014-10-03 20:10:07,8.5,5,8.924,9.111843049608261,8.753499999999999,8.929781016536086,8.929781016536088,8.773216872661587
006,2014-10-03 20:15:07,8.4,5,9.010000000000005,8.471825140304592,8.7675,8.7497750467682,8.7497750467682,8.50518491382055
006,2014-10-03 20:20:07,8.3,5,9.2065,9.04982646387444,9.359499999999999,9.205275487958147,9.205275487958147,9.067748322015442
006,2014-10-03 20:25:07,8.2,5,9.897500000000003,9.479529756544695,10.0065,9.794509918848233,9.794509918848235,9.524349598273613
006,2014-10-03 20:30:00,7.9,5,9.727500000000006,9.68779256825692,9.8995,9.771597522752309,9.77159752275231,9.693666930278559
006,2014-10-03 20:30:07,8.0,5,9.378500000000003,9.05403127622047,9.374,9.268843758740159,9.268843758740159,9.087552778120248
006,2014-10-03 20:35:07,7.9,5,9.011500000000005,8.669036391945253,9.1855,8.955345463981752,8.955345463981754,8.706606405236018
006,2014-10-03 20:40:07,8.0,5,8.407999999999994,9.179774719989526,8.5165,8.701424906663172,8.701424906663174,8.425984483123393
006,2014-10-03 20:45:07,8.3,5,9.436000000000005,7.9435947106695295,9.4625,8.947364903556512,8.947364903556513,8.100001560764662
006,2014-10-03 20:50:07,8.7,5,9.833999999999998,10.645202863820707,10.119499999999999,10.199567621273568,10.19956762127357,9.869127264639683
006,2014-10-03 20:55:07,9.2,5,9.920000000000005,8.351271968501571,9.9165,9.395923989500526,9.395923989500526,8.515067846599617
006,2014-10-03 21:00:07,9.8,5,8.537999999999997,9.070414677515725,8.488000000000001,8.698804892505242,8.698804892505242,8.498555361486448
006,2014-10-03 21:05:07,10.3,5,9.932500000000003,8.84090584908313,9.9625,9.57863528302771,9.578635283027712,8.955413116703877
006,2014-10-03 21:10:07,10.7,5,10.146000000000008,9.647040489815808,9.996,9.92968016327194,9.92968016327194,9.685050132282226
006,2014-10-03 21:15:07,11.0,5,9.412500000000005,9.035410872203169,9.3975,9.281803624067726,9.281803624067726,9.073444191645764
006,2014-10-03 21:20:07,11.2,5,8.885000000000003,7.809721237756545,9.033000000000001,8.575907079252183,8.575907079252184,7.923701519352316
006,2014-10-03 21:25:07,11.4,5,8.722500000000002,6.967375900042486,9.080500000000002,8.25679196668083,8.256791966680831,7.154584520279331
006,2014-10-03 21:30:07,11.5,5,9.220000000000004,7.275988179403415,8.931000000000001,8.475662726467807,8.475662726467808,7.45203262306878
006,2014-10-03 21:35:07,11.5,5,10.448500000000015,9.131726961013937,10.5175,10.032575653671318,10.03257565367132,9.270183410873488
006,2014-10-03 21:40:07,11.5,5,9.144000000000005,7.222541923690712,9.012500000000001,8.459680641230241,8.459680641230241,7.411130024118441
006,2014-10-03 21:45:07,11.4,5,9.090500000000006,8.092201852441974,8.934,8.705567284147326,8.705567284147328,8.181839389510863
006,2014-10-03 21:50:07,11.2,5,9.06300000000001,7.3516421758643276,8.818000000000001,8.410880725288113,8.410880725288115,7.507508828297083
006,2014-10-03 21:55:07,10.9,5,9.116500000000004,7.231221851788544,9.267000000000001,8.53824061726285,8.53824061726285,7.429972747464595
006,2014-10-03 22:00:07,10.6,5,9.430000000000001,7.947617743249574,9.236,8.871205914416526,8.871205914416526,8.084353827555201
006,2014-10-03 22:05:07,10.3,5,10.321000000000005,9.382350268234761,10.152499999999998,9.951950089411588,9.95195008941159,9.464611640368927
006,2014-10-03 22:10:07,10.1,5,9.517500000000002,8.385437135641917,9.275,9.059312378547306,9.059312378547308,8.48093202249491
006,2014-10-03 22:15:07,9.9,5,8.792000000000002,7.980768441768489,8.739,8.50392281392283,8.50392281392283,8.060627883408229
006,2014-10-03 22:20:07,9.8,5,8.97650000000001,7.7178462036529725,9.222000000000001,8.638782067884328,8.63878206788433,7.851986968770474
006,2014-10-03 22:25:07,9.5,5,8.511000000000003,7.571290059415733,8.577,8.21976335313858,8.21976335313858,7.6702665487263815
006,2014-10-03 22:30:07,9.4,5,9.108500000000003,7.34009299184485,9.117500000000001,8.522030997281618,8.52203099728162,7.525201326977139
006,2014-10-03 22:35:07,9.2,5,8.512999999999998,7.994071872214845,8.700000000000001,8.402357290738282,8.402357290738284,8.050234361338308
006,2014-10-03 22:40:07,8.9,5,9.797500000000012,10.168161056008593,9.532499999999999,9.832720352002868,9.83272035200287,9.563932048529935
006,2014-10-03 22:45:07,8.7,5,8.181000000000006,7.768704810447313,8.140499999999998,8.030068270149107,8.030068270149107,7.8080086197508285
006,2014-10-03 22:50:07,8.5,5,8.290500000000002,7.471535692086911,8.3795,8.04717856402897,8.047178564028972,7.558109254798483
006,2014-10-04 10:35:07,10.2,5,8.774000000000006,8.204328710946019,9.094,8.690776236982009,8.690776236982009,8.267130167504023
006,2014-10-04 10:40:07,10.7,5,8.994000000000003,8.372821951461416,8.710999999999999,8.692607317153806,8.692607317153808,8.41103359111244
006,2014-10-04 10:45:07,11.1,5,8.8585,8.497392518325208,8.527000000000001,8.627630839441736,8.627630839441737,8.503805180199235
006,2014-10-04 10:50:07,11.5,5,8.7855,9.462966263559451,8.935,9.061155421186484,9.061155421186486,8.806420994622357
006,2014-10-04 10:55:07,11.8,5,8.121000000000004,9.593874873606634,8.023499999999999,8.579458291202213,8.579458291202213,8.048429617423084
006,2014-10-04 11:00:07,12.0,5,10.007500000000004,9.636618689281336,10.197000000000001,9.947039563093782,9.947039563093782,9.677316884656834
006,2014-10-04 11:05:07,12.2,5,9.504499999999995,10.070258474703033,9.376,9.65025282490101,9.65025282490101,9.395101806555049
006,2014-10-04 11:10:07,12.2,5,8.559500000000003,7.761534961640364,8.527,8.282678320546788,8.28267832054679,7.8419462010333065
006,2014-10-04 11:15:07,12.2,5,8.831500000000002,8.219183675392,8.653,8.567894558464,8.567894558464001,8.266356402177763
006,2014-10-04 11:20:07,12.1,5,9.624000000000006,8.09026790431356,9.474,9.062755968104522,9.062755968104524,8.236539898222416
006,2014-10-04 11:25:07,12.0,5,9.6955,8.009268908863556,9.711500000000001,9.13875630295452,9.13875630295452,8.185849646675399
006,2014-10-04 11:30:07,11.9,5,9.529499999999997,9.103868361408974,9.3995,9.34428945380299,9.344289453802991,9.136098612947391
006,2014-10-04 11:35:07,11.8,5,8.84,9.002187566146777,9.0825,8.97489585538226,8.97489585538226,8.857771883978845
006,2014-10-04 11:40:07,11.7,5,9.414500000000007,9.882463815105108,9.205000000000002,9.50065460503504,9.500654605035042,9.231598427791367
006,2014-10-04 11:45:07,11.5,5,9.232500000000007,10.913144660364779,9.5795,9.908381553454928,9.90838155345493,9.282141076700022
006,2014-10-04 11:50:07,11.3,5,9.351500000000001,9.664924230756748,9.396999999999998,9.47114141025225,9.47114141025225,9.358939647694843
006,2014-10-04 11:55:07,11.0,5,9.060500000000001,8.580702882276643,8.982500000000002,8.874567627425549,8.87456762742555,8.623520622140429
006,2014-10-04 12:00:07,10.8,5,8.851500000000003,8.298959569821793,8.7975,8.649319856607265,8.649319856607267,8.35165901047224
006,2014-10-04 12:05:07,10.5,5,8.741999999999996,8.809982665166869,9.027500000000002,8.859827555055622,8.859827555055624,8.751287811711
006,2014-10-04 12:10:07,10.3,5,9.954500000000001,8.8942652702702,10.027500000000002,9.625421756756735,9.625421756756735,9.00592158058192
006,2014-10-04 12:15:07,10.1,5,9.530500000000004,8.859808591089774,9.581999999999999,9.324102863696593,9.324102863696593,8.930494206390348
006,2014-10-04 12:20:07,9.9,5,8.54,8.329383605001663,8.309,8.392794535000554,8.392794535000556,8.313238784237058
006,2014-10-04 12:25:07,9.7,5,10.597500000000009,9.98097329195806,10.595999999999998,10.391491097319355,10.391491097319356,10.045335027216996
006,2014-10-04 12:30:07,9.5,5,7.948999999999996,7.850950148951197,8.136999999999999,7.97898338298373,7.978983382983731,7.863088545416126
006,2014-10-04 12:35:07,9.2,5,8.157000000000004,8.60398423429488,8.1565,8.305828078098294,8.305828078098296,8.161022154490059
006,2014-10-04 12:40:07,8.8,5,8.501499999999995,7.643060399958333,8.64,8.261520133319443,8.261520133319443,7.734259037248216
006,2014-10-04 12:45:07,8.4,5,9.374000000000002,8.091901522515727,9.345,8.93696717417191,8.936967174171912,8.22329606631801
006,2014-10-04 12:50:07,7.9,5,8.943999999999994,8.960237129083147,8.894499999999999,8.932912376361047,8.932912376361047,8.899841273855007
006,2014-10-04 12:55:07,7.4,5,8.638999999999998,8.792783880487896,8.562000000000001,8.664594626829297,8.664594626829299,8.571593909460267
006,2014-10-04 13:00:00,7.4,5,8.924500000000002,9.021885397082261,9.1175,9.021295132360754,9.021295132360756,8.935645024466812
006,2014-10-04 13:00:07,7.0,5,9.051499999999999,8.984684632490794,9.033500000000002,9.023228210830267,9.023228210830265,8.989971905863817
006,2014-10-04 13:05:07,6.6,5,8.8885,8.861881628903284,8.888,8.879460542967761,8.879460542967761,8.864619245045603
006,2014-10-04 13:10:07,6.3,5,9.454000000000002,9.126215525314937,9.451500000000001,9.34390517510498,9.34390517510498,9.160273183901486
006,2014-10-04 13:15:07,6.2,5,8.251000000000005,8.701755845097539,8.488,8.480251948365847,8.480251948365849,8.277933516182504
006,2014-10-04 13:20:07,6.3,5,8.116499999999997,8.72071884323748,8.1025,8.313239614412492,8.313239614412492,8.110006928551533
006,2014-10-04 13:25:07,6.6,5,8.822499999999998,8.916768127181095,8.841000000000001,8.86008937572703,8.860089375727032,8.825193230714984
006,2014-10-04 13:30:07,7.1,5,9.622499999999997,9.110715412090444,9.7375,9.490238470696815,9.490238470696815,9.16541051339615
006,2014-10-04 13:35:07,7.7,5,10.080500000000006,9.042920840568824,10.1205,9.747973613522943,9.747973613522944,9.151876827827765
006,2014-10-04 13:40:07,8.2,5,11.737,12.17894678457767,11.629999999999997,11.848648928192555,11.848648928192558,11.645614267327938
006,2014-10-04 13:45:07,8.6,5,10.171500000000007,9.704337783402885,10.3105,10.06211259446763,10.062112594467632,9.754604300603342
006,2014-10-04 13:50:07,8.8,5,11.953000000000007,10.584016020588471,11.960999999999999,11.499338673529493,11.499338673529493,10.727325003240903
006,2014-10-04 13:55:07,8.8,5,10.64900000000001,8.789870965290516,10.633,10.023956988430175,10.023956988430177,8.982867039714177
006,2014-10-04 14:00:07,8.5,5,9.344,9.495099878465094,9.515,9.45136662615503,9.451366626155032,9.36000771935737
006,2014-10-04 14:05:07,8.3,5,8.854000000000003,9.096369917455906,9.0245,8.991623305818637,8.991623305818637,8.872557141340067
006,2014-10-04 14:10:07,8.0,5,10.642000000000007,9.883627242056678,10.693999999999999,10.406542414018896,10.406542414018896,9.96349145661661
006,2014-10-04 14:15:07,7.8,5,10.784000000000002,11.875873981834562,10.766499999999999,11.142124660611522,11.142124660611522,10.779249664967294
006,2014-10-04 14:20:07,7.5,5,9.319,9.910007934285725,9.3955,9.541502644761907,9.54150264476191,9.332148837851133
006,2014-10-04 14:25:07,7.3,5,8.728499999999999,8.922347158307284,8.545499999999999,8.732115719435761,8.732115719435761,8.5665847174264
006,2014-10-04 14:30:07,7.2,5,8.813,9.223130675832104,8.881,8.972376891944036,8.972376891944036,8.823535758765676
006,2014-10-04 14:35:07,7.0,5,10.515500000000007,9.7883725979571,10.507000000000003,10.270290865985702,10.270290865985704,9.863643482707197
006,2014-10-04 14:40:07,6.9,5,9.048500000000004,9.630201475146793,9.0145,9.231067158382265,9.231067158382267,9.023874240755145
006,2014-10-04 14:45:07,6.8,5,8.064,8.854025138842557,7.9914999999999985,8.303175046280852,8.303175046280852,8.006985512719796
006,2014-10-04 14:50:07,6.6,5,9.037500000000001,9.368968961206006,8.95,9.11882298706867,9.11882298706867,8.962469315356818
006,2014-10-04 14:55:07,6.4,5,8.993999999999993,9.57930618652945,8.709,9.09410206217648,9.094102062176482,8.74467098571966
006,2014-10-04 15:00:07,6.2,5,10.071000000000005,9.50657762764477,9.784,9.78719254254826,9.78719254254826,9.538472747554895
006,2014-10-04 15:05:07,5.9,5,8.481500000000002,8.805739571484981,8.345999999999998,8.544413190494993,8.544413190494994,8.363418987582449
006,2014-10-04 15:10:07,5.5,5,8.978500000000006,10.284943935680584,9.347999999999999,9.537147978560197,9.537147978560197,9.026528116073262
006,2014-10-04 15:15:07,5.1,5,9.078499999999998,7.935715597650548,9.074500000000002,8.696238532550183,8.696238532550185,8.05490011202177
006,2014-10-04 15:20:07,4.7,5,9.423999999999998,9.34231260895669,9.485999999999999,9.417437536318895,9.417437536318896,9.351479094591744
006,2014-10-04 15:25:07,4.3,5,7.757000000000002,8.007822807299245,7.668499999999999,7.811107602433082,7.811107602433084,7.680267478111977
006,2014-10-04 15:30:07,4.0,5,9.609000000000005,9.390067117683481,9.6655,9.554855705894497,9.554855705894497,9.413537815978675
006,2014-10-04 15:35:07,3.8,5,8.795499999999999,9.353455059862103,8.723,8.957318353287368,8.957318353287368,8.736164811929992
006,2014-10-04 15:40:07,3.7,5,8.778500000000003,8.333893879231132,8.849499999999999,8.653964626410378,8.65396462641038,8.381120480825068
006,2014-10-04 15:45:07,3.6,5,10.083000000000009,10.751484268093737,10.1555,10.32999475603125,10.32999475603125,10.096545104012316
006,2014-10-04 15:50:07,3.6,5,9.524500000000003,9.79367835719323,9.389,9.569059452397743,9.569059452397745,9.405868375439532
006,2014-10-04 15:55:07,3.7,5,9.626500000000007,9.820404720207007,9.3065,9.584468240069006,9.584468240069006,9.34191882135434
006,2014-10-04 16:00:08,3.7,5,10.070000000000004,9.873478457094954,9.870999999999999,9.93815948569832,9.93815948569832,9.873224522253375
006,2014-10-04 16:05:08,3.7,5,11.139000000000003,11.285661052117305,11.187000000000001,11.203887017372438,11.203887017372438,11.145008576644013
006,2014-10-04 16:10:08,3.7,5,9.007000000000001,9.186890529104152,9.440499999999998,9.211463509701384,9.211463509701385,9.028357014354393
006,2014-10-04 16:15:08,3.7,5,8.653000000000002,8.318303669087872,8.422,8.464434556362624,8.464434556362626,8.331462824523362
006,2014-10-04 16:20:00,3.2,5,9.863500000000005,9.70569120533038,9.7245,9.764563735110128,9.76456373511013,9.709049062197924
006,2014-10-04 16:20:08,3.8,5,8.599500000000006,9.598807697688054,8.701500000000003,8.96660256589602,8.966602565896022,8.619144754987921
006,2014-10-04 16:25:08,3.9,5,10.407000000000005,10.193806086809408,10.5425,10.381102028936471,10.381102028936473,10.21746634951022
006,2014-10-04 16:30:08,4.2,5,11.67050000000001,13.438076627078672,11.819999999999999,12.30952554235956,12.30952554235956,11.702322098257556
006,2014-10-04 16:35:08,4.4,5,9.96550000000001,8.898939552427498,9.895999999999999,9.586813184142501,9.586813184142503,9.003951298055284
006,2014-10-04 16:40:08,4.8,5,9.91150000000001,10.243665281190797,10.1455,10.100221760396936,10.100221760396938,9.936963737660765
006,2014-10-04 16:45:08,5.1,5,10.291000000000006,9.887866787934318,10.3775,10.185455595978107,10.185455595978109,9.930909315725689
006,2014-10-04 16:50:08,5.3,5,10.764500000000007,10.55224794110583,11.189,10.835249313701945,10.835249313701947,10.578699662965615
006,2014-10-04 16:55:08,5.4,5,9.7065,9.919029173647585,9.609499999999999,9.745009724549194,9.745009724549195,9.621773848276378
006,2014-10-04 17:00:08,5.4,5,11.000500000000013,10.600866383511736,11.118999999999998,10.906788794503916,10.906788794503917,10.643862768585745
006,2014-10-04 17:05:08,5.3,5,9.317499999999997,9.104705743717957,9.2075,9.20990191457265,9.209901914572653,9.116560520231934
006,2014-10-04 17:10:08,5.1,5,10.462,9.512561550930888,10.5595,10.178020516976963,10.178020516976964,9.612870878575631
006,2014-10-04 17:15:08,5.0,5,8.826000000000004,8.711270999111626,8.628,8.721756999703876,8.721756999703878,8.637859459520417
006,2014-10-04 17:20:08,4.9,5,10.78650000000001,12.645404897839716,10.631999999999998,11.354634965946575,11.354634965946577,10.666753502436286
006,2014-10-04 17:25:08,4.8,5,10.111500000000008,10.51463336861411,10.212,10.27937778953804,10.27937778953804,10.125041075255844
006,2014-10-04 17:30:08,4.8,5,9.6295,9.561290836491878,9.4815,9.557430278830626,9.557430278830626,9.490530151588732
006,2014-10-04 17:35:08,4.8,5,8.3375,8.038435324542753,8.0305,8.13547844151425,8.135478441514252,8.034320874484308
006,2014-10-04 17:40:08,4.8,5,9.028500000000003,9.001985067620886,9.3965,9.142328355873628,9.14232835587363,9.008439173707496
006,2014-10-04 17:45:08,4.8,5,9.559,9.42394416107068,9.966499999999998,9.649814720356892,9.649814720356893,9.442149282899738
006,2014-10-04 17:50:08,4.9,5,9.975500000000004,9.395739107628485,9.832500000000003,9.734579702542831,9.734579702542831,9.442864907738306
006,2014-10-04 17:55:08,4.9,5,9.728,9.578356015168607,9.8725,9.726285338389536,9.726285338389538,9.595457411466734
006,2014-10-04 18:00:08,5.0,5,10.112000000000002,11.413307056720296,9.923,10.482769018906765,10.482769018906767,9.955787062175887
006,2014-10-04 18:05:08,5.1,5,8.950000000000001,9.17919847847358,8.948999999999998,9.026066159491194,9.026066159491194,8.951396609078957
006,2014-10-04 18:10:08,5.1,5,9.878000000000004,10.820956492361782,9.750499999999999,10.149818830787263,10.149818830787263,9.773269162437412
006,2014-10-04 18:15:08,5.1,5,8.774999999999997,8.721595967110327,8.723999999999998,8.74019865570344,8.740198655703441,8.722357487354701
006,2014-10-04 18:20:08,5.1,5,11.197000000000001,12.436352987306666,11.477499999999997,11.703617662435555,11.703617662435557,11.235935644403416
006,2014-10-04 18:25:08,5.1,5,9.334999999999997,9.554553307266993,9.491,9.460184435755663,9.460184435755664,9.351956922971898
006,2014-10-04 18:30:08,5.1,5,8.922500000000008,9.89064152094548,9.076,9.296380506981828,9.29638050698183,8.946706244373129
006,2014-10-04 18:35:08,5.0,5,8.846499999999999,9.580655805233285,9.162,9.196385268411094,9.196385268411095,8.883695522880586
006,2014-10-04 18:40:08,5.0,5,8.624000000000006,7.294395777043242,8.517,8.145131925681083,8.145131925681083,7.423379880987642
006,2014-10-04 18:45:08,4.9,5,9.424000000000005,9.729620981566423,9.527,9.560206993855475,9.560206993855477,9.436802512120929
006,2014-10-04 18:50:08,4.9,5,9.065500000000004,9.44243690501104,9.4445,9.317478968337014,9.317478968337015,9.104957388604348
006,2014-10-04 18:55:08,4.9,5,9.344000000000003,8.708378448012603,9.191500000000001,9.081292816004202,9.081292816004204,8.760449699414583
006,2014-10-04 19:00:08,4.9,5,9.221000000000004,9.144202914930148,9.698999999999998,9.354734304976716,9.354734304976718,9.15701775575418
006,2014-10-04 19:05:08,4.9,5,9.633500000000002,9.028372036025587,9.442499999999999,9.36812401200853,9.368124012008531,9.073609881975598
006,2014-10-04 19:10:08,4.8,5,9.231999999999998,9.686472959774523,9.0835,9.333990986591507,9.333990986591509,9.103581437290282
006,2014-10-04 19:15:08,4.7,5,9.517000000000003,9.255403140875284,9.265999999999998,9.346134380291762,9.346134380291762,9.259021829782215
006,2014-10-04 19:20:08,4.6,5,9.783499999999998,9.491353472321448,9.567,9.613951157440482,9.613951157440484,9.501432936890449
006,2014-10-04 19:25:08,4.4,5,9.6675,9.214372681881752,9.890500000000001,9.590790893960586,9.590790893960586,9.264010807734326
006,2014-10-04 19:30:08,4.3,5,9.994500000000006,10.164854380119143,9.5885,9.915951460039716,9.915951460039718,9.632681007256885
006,2014-10-04 19:35:08,4.2,5,9.244500000000007,9.753208560764296,9.126000000000001,9.374569520254768,9.37456952025477,9.143485064473406
006,2014-10-04 19:40:08,4.1,5,9.986,11.296125152565171,10.148000000000001,10.476708384188392,10.476708384188392,10.014430387190238
006,2014-10-04 19:45:08,4.0,5,9.196499999999997,9.677067672577577,9.22,9.364522557525857,9.36452255752586,9.203529347640076
006,2014-10-04 19:50:08,3.9,5,8.985,9.580253288819362,9.210500000000001,9.258584429606456,9.258584429606456,9.012290311236121
006,2014-10-04 19:55:08,3.9,5,9.093,9.60321812544872,9.212000000000002,9.302739375149573,9.302739375149574,9.109362472267362
006,2014-10-04 20:00:08,3.9,5,9.98,9.581468435321415,10.122500000000002,9.89465614510714,9.89465614510714,9.624589519002637
006,2014-10-04 20:05:08,3.9,5,9.505000000000003,8.949939139860174,9.343,9.265979713286725,9.265979713286727,8.992682854940108
006,2014-10-04 20:10:08,3.9,5,9.618000000000004,9.317947829826176,9.5925,9.50948260994206,9.509482609942062,9.346927656858787
006,2014-10-04 20:15:08,3.9,5,9.084499999999998,9.028260688191924,9.087000000000002,9.066586896063974,9.066586896063976,9.03416968649759
006,2014-10-04 20:20:08,4.1,5,9.850999999999997,8.830114427587057,10.030500000000002,9.570538142529019,9.57053814252902,8.938718860086118
006,2014-10-04 20:25:08,4.1,5,11.740500000000008,11.203932347414433,11.8525,11.598977449138147,11.598977449138147,11.26119035937062
006,2014-10-04 20:30:08,4.2,5,10.440500000000007,9.739426641574708,10.386,10.18864221385824,10.18864221385824,9.807618922865192
006,2014-10-04 20:35:08,4.3,5,9.544500000000006,9.92320766307399,9.3315,9.599735887691331,9.599735887691333,9.357572051300844
006,2014-10-04 20:40:08,4.3,5,9.904000000000002,8.917588312367531,9.816499999999998,9.546029437455843,9.546029437455845,9.012511313257448
006,2014-10-04 20:45:08,4.4,5,9.674000000000005,9.068620662404868,9.482,9.40820688746829,9.408206887468292,9.113790183848307
006,2014-10-04 20:50:08,4.4,5,8.851999999999995,8.418894748547922,8.81,8.693631582849306,8.693631582849306,8.460233859449119
006,2014-10-04 20:55:08,4.4,5,9.387,8.582490435833286,9.581,9.183496811944428,9.18349681194443,8.668601681182176
006,2014-10-04 21:00:08,4.4,5,10.365000000000002,9.500627934692172,10.485999999999999,10.117209311564059,10.117209311564059,9.592272251973547
006,2014-10-04 21:05:08,4.5,5,9.595500000000005,9.165727626345333,9.851500000000001,9.537575875448447,9.537575875448448,9.213252257616722
006,2014-10-04 21:10:08,4.6,5,8.483500000000003,8.407621287211812,8.508999999999999,8.466707095737272,8.466707095737272,8.41581504398404
006,2014-10-04 21:15:08,4.8,5,9.420500000000006,9.356125614231294,9.403,9.393208538077099,9.3932085380771,9.361204813759612
006,2014-10-04 21:20:08,5.2,5,9.91800000000001,10.927822821420504,9.774000000000001,10.206607607140171,10.206607607140173,9.799164126582728
006,2014-10-04 21:25:08,5.6,5,9.131500000000004,9.564212783903642,9.157499999999999,9.284404261301214,9.284404261301216,9.13828735948891
006,2014-10-04 21:30:08,6.1,5,10.160499999999999,7.711895475144899,10.004500000000002,9.292298491714966,9.292298491714968,7.953317605496866
006,2014-10-04 21:35:08,6.5,5,9.963,9.0456075381033,9.993,9.6672025127011,9.6672025127011,9.141889076957359
006,2014-10-04 21:40:08,6.8,5,9.861000000000008,9.085035130126997,9.753499999999999,9.566511710042334,9.566511710042336,9.156047795352235
006,2014-10-04 21:45:08,7.0,5,8.444500000000003,9.033351279560446,8.606,8.694617093186816,8.694617093186817,8.46567033631308
006,2014-10-04 21:50:08,7.2,5,9.118000000000002,9.540725478566786,9.289499999999999,9.316075159522262,9.316075159522264,9.1384553212454
006,2014-10-04 21:55:08,7.2,5,10.681999999999999,9.303399904004097,10.9225,10.3026333013347,10.3026333013347,9.450039966067363
002,2014-10-01 19:22:01,4.4,6,9.017000000000003,9.329961104421695,9.035,9.127320368140566,9.127320368140568,9.021832848340283
002,2014-10-01 19:27:01,4.0,6,10.4385,10.044904390826993,10.324499999999999,10.269301463608997,10.269301463608999,10.075296884105363
002,2014-10-01 19:30:00,4.2,6,9.105500000000001,9.447388388018403,9.116499999999998,9.2231294626728,9.223129462672802,9.109959751116666
002,2014-10-01 19:32:01,3.6,6,8.847000000000001,9.363903931595624,8.869,9.026634643865208,9.02663464386521,8.854250773788923
002,2014-10-01 19:37:01,3.1,6,8.072500000000002,8.70079273910454,8.305,8.359430913034847,8.359430913034847,8.100783075798555
002,2014-10-01 19:42:01,2.7,6,8.6145,8.775078036357119,8.633,8.674192678785706,8.674192678785706,8.617856329806745
002,2014-10-01 19:47:01,2.4,6,9.316,8.644933138664044,9.1355,9.032144379554682,9.032144379554683,8.69806335030191
002,2014-10-01 19:52:01,2.4,6,10.032000000000004,8.941270006784569,10.121999999999998,9.698423335594859,9.698423335594859,9.056286862515703
002,2014-10-01 19:57:01,2.7,6,9.784000000000006,8.82022250533339,9.4305,9.344907501777799,9.3449075017778,8.887607357494804
002,2014-10-01 20:02:01,3.2,6,9.286499999999998,9.597745051285202,9.31,9.398081683761733,9.398081683761735,9.291836121427155
002,2014-10-01 20:07:01,3.9,6,9.253,9.800877488272143,9.276499999999999,9.44345916275738,9.443459162757382,9.260702445797024
002,2014-10-01 20:12:01,4.5,6,9.444000000000011,9.853000081302367,9.4415,9.579500027100792,9.579500027100794,9.445851561548585
002,2014-10-01 20:17:01,5.0,6,9.294499999999998,9.564782620329638,9.302,9.387094206776545,9.387094206776545,9.297912508409985
002,2014-10-02 06:47:01,2.2,6,8.869500000000006,10.049513182149967,8.604499999999998,9.174504394049992,9.174504394049992,8.644025569791348
002,2014-10-02 06:52:01,2.2,6,9.566500000000005,9.900956461937096,9.834499999999998,9.7673188206457,9.7673188206457,9.595203875471901
002,2014-10-02 06:57:01,2.2,6,10.037000000000008,8.81035428345138,9.8485,9.565284761150464,9.565284761150464,8.920854546348872
002,2014-10-02 07:02:01,2.2,6,9.077500000000004,8.159526164112533,8.9885,8.741842054704179,8.741842054704179,8.247146966623957
002,2014-10-02 07:07:01,2.2,6,9.35,10.573301595388193,9.290999999999999,9.738100531796064,9.738100531796064,9.309405849313203
002,2014-10-02 07:12:01,2.2,6,9.338999999999997,8.423185981805291,9.2525,9.004895327268429,9.00489532726843,8.51081737565052
002,2014-10-02 07:17:01,2.2,6,11.705500000000008,11.750621669568572,11.841499999999998,11.765873889856193,11.765873889856193,11.711129606137222
002,2014-10-02 07:22:01,2.7,6,9.9225,9.208822678477269,9.697000000000001,9.609440892825758,9.609440892825758,9.262152886198649
002,2014-10-02 07:27:01,3.5,6,9.548000000000007,9.183660139300114,9.5125,9.414720046433374,9.414720046433375,9.218419777639166
002,2014-10-02 07:30:00,3.2,6,9.867500000000005,10.51380469004945,9.890999999999998,10.090768230016485,10.090768230016486,9.876186717814804
002,2014-10-02 07:32:01,4.5,6,11.184499999999996,11.227451626769298,11.3885,11.266817208923099,11.2668172089231,11.19060426736889
002,2014-10-02 07:37:01,5.7,6,9.692000000000002,9.781406838512963,9.5285,9.667302279504321,9.667302279504321,9.546500140491053
002,2014-10-02 07:42:01,6.9,6,9.226500000000009,9.221620056941209,8.889500000000002,9.112540018980406,9.112540018980408,8.924296625986312
002,2014-10-02 07:47:01,8.1,6,10.300500000000005,9.876374408172179,10.245,10.14062480272406,10.140624802724062,9.91549660055075
002,2014-10-02 07:52:01,9.2,6,8.922500000000003,9.216962563570405,8.839500000000001,8.992987521190136,8.992987521190138,8.851128442056448
002,2014-10-02 07:57:01,10.2,6,9.534500000000003,9.20598658718759,9.6445,9.461662195729199,9.461662195729199,9.241457071146813
002,2014-10-02 08:02:01,11.0,6,8.9655,9.525853987237708,9.058,9.183117995745903,9.183117995745903,8.979856287088266
002,2014-10-02 08:07:01,11.7,6,10.413500000000006,10.11630958652169,10.5495,10.359769862173899,10.359769862173899,10.148762923782545
002,2014-10-02 08:12:01,12.3,6,9.001000000000003,9.272782921871977,8.7395,9.004427640623993,9.004427640623994,8.769577082158778
002,2014-10-02 08:17:01,12.7,6,9.031500000000003,8.740316835965261,8.940000000000003,8.903938945321755,8.903938945321757,8.76212354607118
002,2014-10-02 08:22:01,12.9,6,8.576500000000008,8.455138345569647,8.6825,8.571379448523217,8.571379448523219,8.468895723010503
002,2014-10-02 08:27:01,12.8,6,9.49900000000001,8.973665045657139,9.3595,9.277388348552384,9.277388348552384,9.015427755442923
002,2014-10-02 08:32:01,12.4,6,9.571500000000007,9.094940189634038,9.357999999999999,9.341480063211348,9.34148006321135,9.124597636632762
002,2014-10-02 08:37:01,11.9,6,8.147500000000006,9.018001870777587,8.216500000000002,8.460667290259197,8.460667290259199,8.162734095009363
002,2014-10-02 08:42:01,11.3,6,9.445500000000008,9.122714196301734,9.177000000000001,9.248404732100582,9.248404732100582,9.131078810200146
002,2014-10-02 08:47:01,10.7,6,8.608000000000008,8.81111061497478,8.399,8.606036871658262,8.606036871658263,8.42289758364295
002,2014-10-02 08:52:01,10.1,6,8.512999999999998,8.724574857675949,8.332,8.523191619225315,8.523191619225317,8.353052745831636
002,2014-10-02 08:57:01,9.6,6,13.111499999999987,11.80513487356214,13.27,12.728878291187376,12.728878291187376,11.943397402916966
002,2014-10-02 09:02:01,9.2,6,11.742500000000001,10.877973895487381,11.276000000000002,11.298824631829127,11.29882463182913,10.924282095755478
002,2014-10-02 09:07:01,8.8,6,12.714999999999993,11.070707005216574,12.722999999999999,12.169569001738855,12.169569001738857,11.242819999296305
002,2014-10-02 09:12:01,8.3,6,13.409499999999998,11.010527723918496,13.437999999999999,12.619342574639498,12.619342574639498,11.261803505170915
002,2014-10-02 09:17:01,7.8,6,12.480999999999993,11.57193089634482,12.104499999999998,12.05247696544827,12.052476965448273,11.631415562941237
002,2014-10-02 09:22:01,7.3,6,12.156,11.133717893209292,12.2525,11.847405964403096,11.847405964403098,11.241638437131988
002,2014-10-02 09:27:01,6.7,6,13.1045,12.918984644472479,12.592999999999996,12.872161548157493,12.872161548157493,12.628961066911668
002,2014-10-02 09:32:01,6.2,6,11.637500000000012,10.267183522586805,11.1865,11.03039450752894,11.030394507528941,10.367876360206356
002,2014-10-02 09:37:01,5.7,6,8.7655,8.193257509989422,8.66,8.539585836663141,8.539585836663141,8.243145113591995
002,2014-10-02 09:42:01,5.2,6,12.833999999999993,11.450432539780497,12.344000000000003,12.209477513260163,12.209477513260167,11.54882140464915
002,2014-10-02 09:47:01,4.8,6,10.752000000000004,10.38231703571603,10.8485,10.660939011905343,10.660939011905345,10.42195985494156
002,2014-10-02 09:52:01,4.3,6,9.10850000000001,8.200586516273527,9.044,8.78436217209118,8.78436217209118,8.289473056748976
002,2014-10-02 09:57:01,3.8,6,10.5245,10.814891881395464,10.71,10.683130627131822,10.683130627131822,10.544956725392847
002,2014-10-02 10:02:01,3.4,6,11.566000000000008,10.136110665238283,11.6575,11.119870221746098,11.119870221746098,10.286626827708803
002,2014-10-02 10:07:01,3.1,6,10.478500000000007,9.483600491639056,10.633500000000002,10.198533497213022,10.198533497213022,9.58924115052697
002,2014-10-02 10:12:01,2.8,6,10.509,9.576378615470011,10.611999999999998,10.232459538490003,10.232459538490005,9.674983469606397
002,2014-10-02 10:17:01,2.8,6,11.481500000000006,9.1214099863664,11.288499999999999,10.630469995455469,10.630469995455469,9.350070249566715
002,2014-10-02 10:22:01,3.0,6,12.280500000000007,13.054235808279854,12.271500000000001,12.535411936093288,12.535411936093288,12.280178976730829
002,2014-10-02 10:27:01,3.4,6,9.368499999999997,7.950293213848926,9.341500000000002,8.886764404616308,8.88676440461631,8.096117241972202
002,2014-10-02 10:32:01,4.2,6,8.075999999999999,7.352705480483301,7.757999999999999,7.728901826827766,7.728901826827768,7.398289133541341
002,2014-10-02 10:37:01,5.2,6,8.938500000000008,8.030458955018796,8.458499999999999,8.475819651672936,8.475819651672936,8.08004244724965
002,2014-10-02 10:42:01,6.3,6,10.339999999999998,10.413837952012052,10.1765,10.310112650670684,10.310112650670685,10.194344451626044
002,2014-10-02 10:47:01,7.2,6,7.52,7.420026208446749,7.3020000000000005,7.414008736148916,7.414008736148917,7.315348146674425
002,2014-10-02 10:52:01,7.8,6,8.2535,8.334361925138712,8.385500000000002,8.324453975046238,8.32445397504624,8.262471502595993
002,2014-10-02 10:57:01,8.2,6,8.398500000000002,8.32940259726589,8.2635,8.330467532421965,8.330467532421965,8.271085986753933
002,2014-10-02 11:02:01,8.3,6,8.266000000000007,8.186411803880983,8.0625,8.17163726796033,8.171637267960332,8.076260066988487
002,2014-10-02 11:07:01,8.4,6,8.696500000000006,7.574210582795484,8.342500000000003,8.204403527598496,8.2044035275985,7.658132320831698
002,2014-10-02 11:12:01,8.5,6,11.267499999999998,10.104109151697822,11.536499999999998,10.969369717232604,10.969369717232608,10.228518098110253
002,2014-10-02 11:17:01,8.8,6,10.437000000000003,9.597252142163073,10.1675,10.067250714054358,10.06725071405436,9.659608921823066
002,2014-10-02 11:22:01,9.0,6,9.8995,10.244092689092508,10.052,10.065197563030836,10.065197563030837,9.917376131760363
002,2014-10-02 11:27:01,9.1,6,11.4485,10.171031695493703,11.476499999999998,11.032010565164567,11.032010565164567,10.304965915248571
002,2014-10-02 11:32:01,9.1,6,10.862999999999998,9.893742599239056,10.9855,10.580747533079686,10.580747533079686,9.996375470716854
002,2014-10-02 11:37:01,8.9,6,8.762500000000003,8.732483508469743,9.0355,8.843494502823248,8.84349450282325,8.73835396271123
002,2014-10-02 11:42:01,8.7,6,11.322500000000002,9.935384989833036,11.548,10.935294996611013,10.935294996611013,10.082765918781842
002,2014-10-02 11:47:01,8.3,6,10.303500000000001,9.976572076748248,10.109000000000002,10.129690692249417,10.129690692249419,9.992372254754255
002,2014-10-02 11:52:01,7.9,6,8.885,9.792982266607593,8.804499999999999,9.16082742220253,9.160827422202532,8.822002078351254
002,2014-10-02 11:57:01,7.5,6,9.394500000000004,9.695985809847981,9.5185,9.53632860328266,9.536328603282662,9.409248270582488
002,2014-10-02 12:02:01,7.2,6,7.909000000000003,9.049680877321219,8.02,8.326226959107073,8.326226959107075,7.930910105432282
002,2014-10-02 12:07:01,6.8,6,7.691500000000001,8.089193432696986,7.8455,7.8753978108989955,7.875397810898996,7.71004907563775
002,2014-10-02 12:12:01,6.4,6,8.937000000000005,8.921573793373405,8.9765,8.945024597791138,8.945024597791138,8.923582749354292
002,2014-10-02 12:17:01,6.2,6,8.448000000000002,9.046148875200759,8.639500000000002,8.711216291733587,8.711216291733589,8.472102041096258
002,2014-10-02 12:22:01,6.0,6,8.184500000000003,9.530495644946662,8.3375,8.684165214982222,8.684165214982222,8.212437473466023
002,2014-10-02 12:27:01,5.8,6,7.925500000000004,7.810646849755495,7.876000000000001,7.870715616585167,7.8707156165851675,7.81797937697526
002,2014-10-02 12:32:01,5.7,6,9.023500000000002,8.750441768076211,8.658000000000001,8.810647256025405,8.810647256025405,8.6704022370612
002,2014-10-02 12:37:01,5.5,6,8.717000000000006,8.911924297051893,8.5545,8.7278080990173,8.7278080990173,8.573450690782218
002,2014-10-02 12:42:01,5.4,6,7.826500000000006,8.285580655962947,7.9045000000000005,8.005526885320984,8.005526885320984,7.8384715015092485
002,2014-10-02 12:47:01,5.3,6,8.119000000000005,9.126718081773337,8.0755,8.44040602725778,8.440406027257781,8.090128337616555
002,2014-10-02 12:52:01,5.3,6,9.192500000000003,9.757408182235523,9.033999999999999,9.327969394078508,9.32796939407851,9.05623203245715
002,2014-10-02 12:57:01,5.6,6,10.0255,7.692886423518906,9.743,9.153795474506301,9.153795474506303,7.910203109541084
002,2014-10-02 13:00:00,5.6,6,8.926499999999999,9.30634222375336,9.1875,9.140114074584453,9.140114074584455,8.954995363030479
002,2014-10-02 13:02:01,6.0,6,9.500499999999999,9.693086353477876,9.232000000000001,9.475195451159292,9.475195451159292,9.262017486534418
002,2014-10-02 13:07:01,6.6,6,7.719500000000003,7.527927976288627,7.5329999999999995,7.593475992096209,7.59347599209621,7.530323633189724
002,2014-10-02 13:12:01,7.3,6,8.2735,7.052703530266723,7.9185,7.748234510088909,7.748234510088908,7.146836874855802
002,2014-10-02 13:17:01,7.9,6,7.643,7.789535942287994,7.599500000000001,7.677345314095999,7.677345314095999,7.605516516221702
002,2014-10-02 13:22:01,8.4,6,7.456500000000003,7.564504449344081,7.6225,7.547834816448027,7.547834816448029,7.468379844792436
002,2014-10-02 13:27:01,8.6,6,7.2230000000000025,7.171699946094742,7.198,7.197566648698249,7.197566648698249,7.1747015706726796
002,2014-10-02 13:32:01,8.5,6,7.815499999999999,7.779223962671997,7.796500000000002,7.797074654223999,7.797074654224001,7.781221455884456
002,2014-10-02 13:37:01,8.2,6,7.947500000000007,8.621568044911873,7.775500000000001,8.114856014970627,8.114856014970629,7.8002360590559645
002,2014-10-02 13:42:01,7.7,6,8.215499999999999,9.078544316575755,8.1205,8.471514772191918,8.471514772191918,8.13906975111721
002,2014-10-02 13:47:01,7.0,6,7.669500000000004,8.529439951536306,7.712000000000001,7.97031331717877,7.97031331717877,7.682120932019963
002,2014-10-02 13:52:01,6.5,6,8.332500000000008,8.696029953376803,8.2215,8.416676651125604,8.416676651125604,8.236748596192838
002,2014-10-02 13:57:01,5.9,6,8.10900000000001,7.380241468606371,8.1025,7.863913822868793,7.8639138228687955,7.455872257702031
002,2014-10-02 14:02:01,5.4,6,6.842000000000004,7.459601744280451,6.816,7.039200581426818,7.039200581426819,6.824896249092674
002,2014-10-02 14:07:01,4.9,6,7.416500000000003,8.072140493807897,7.513499999999998,7.6673801646026325,7.667380164602633,7.432234961477986
002,2014-10-02 14:12:01,4.4,6,7.853000000000005,8.6572284556158,7.989000000000001,8.166409485205268,8.16640948520527,7.873911188570876
002,2014-10-02 14:17:01,4.1,6,8.480000000000008,8.961965733020795,8.7885,8.7434885776736,8.743488577673602,8.51401125209889
002,2014-10-02 14:22:01,3.7,6,8.463500000000005,7.995628614128492,8.421000000000001,8.293376204709498,8.293376204709501,8.04055779515917
002,2014-10-02 14:27:01,3.3,6,8.554500000000006,8.342490983131128,8.502999999999998,8.466663661043711,8.466663661043713,8.359799125737917
002,2014-10-02 14:32:01,3.0,6,7.871000000000002,7.404175675283099,7.775,7.683391891761033,7.683391891761034,7.443932908538382
002,2014-10-02 14:37:01,2.7,6,8.464000000000004,7.5914710812640305,8.3245,8.126657027088012,8.126657027088013,7.669558714533922
002,2014-10-02 14:42:01,2.4,6,13.814999999999996,13.433360176653656,13.5845,13.610953392217885,13.610953392217885,13.451478074000683
002,2014-10-02 14:47:01,2.2,6,13.3425,11.152928231207229,13.333500000000004,12.609642743735742,12.609642743735746,11.381159013525997
002,2014-10-02 14:52:01,2.2,6,8.421,7.066858528578596,8.296,7.927952842859532,7.927952842859533,7.196706587529788
002,2014-10-02 14:57:01,2.2,6,11.00750000000001,9.363864891073518,11.018500000000001,10.46328829702451,10.463288297024512,9.535939054309788
002,2014-10-02 15:02:01,2.2,6,13.833999999999993,13.72496695916222,13.015999999999996,13.524988986387404,13.524988986387406,13.091265498140167
002,2014-10-02 15:07:01,2.2,6,9.809000000000001,10.136954105595361,9.7915,9.91248470186512,9.912484701865122,9.796610466204902
002,2014-10-02 15:12:01,2.2,6,9.618500000000008,8.028358874157599,9.36,9.00228629138587,9.00228629138587,8.170265887110983
002,2014-10-02 15:17:01,2.2,6,10.854000000000008,10.533445787319394,10.776999999999997,10.721481929106465,10.721481929106467,10.559697474926834
002,2014-10-02 15:22:01,2.2,6,10.452000000000009,10.20304906579164,10.505500000000001,10.386849688597218,10.386849688597218,10.229630381580055
002,2014-10-02 15:27:01,2.2,6,9.921000000000001,9.945075997063821,10.044500000000001,9.970191999021274,9.970191999021274,9.924513174229947
002,2014-10-02 15:32:01,2.2,6,10.998000000000005,9.851112333416175,10.7125,10.52053744447206,10.520537444472062,9.944089410087361
002,2014-10-02 15:37:01,2.2,6,10.929,10.000056159685892,11.1175,10.682185386561963,10.682185386561965,10.099131253354209
002,2014-10-02 15:42:01,2.4,6,10.116000000000005,9.293918194904581,10.559000000000001,9.989639398301529,9.989639398301529,9.384357923558605
002,2014-10-02 15:47:01,2.9,6,10.079,9.186302295579141,9.766,9.677100765193046,9.677100765193048,9.25008275876852
002,2014-10-02 15:52:01,3.7,6,10.564500000000004,10.87112025955638,10.781500000000001,10.739040086518793,10.739040086518795,10.588099674442576
002,2014-10-02 15:57:01,4.7,6,12.0625,10.997546454468548,12.395999999999999,11.818682151489517,11.818682151489517,11.112301467553095
002,2014-10-02 16:02:01,5.9,6,11.603499999999995,9.905191892741195,11.3825,10.96373063091373,10.96373063091373,10.06196421081728
002,2014-10-02 16:07:01,7.3,6,13.853999999999996,13.54313463972299,13.78,13.72571154657433,13.72571154657433,13.56865651086852
002,2014-10-02 16:12:01,8.8,6,10.580500000000006,10.175949026317046,10.876999999999999,10.54448300877235,10.544483008772351,10.221239886417004
002,2014-10-02 16:17:01,10.3,6,9.094500000000004,9.036011001224992,8.822,8.984170333741664,8.984170333741666,8.84497563994748
002,2014-10-02 16:22:01,11.7,6,9.369499999999995,9.357069734489757,9.346499999999999,9.357689911496584,9.357689911496585,9.347730153666244
002,2014-10-02 16:27:01,13.0,6,8.7315,8.776769818260654,8.880999999999998,8.79642327275355,8.796423272753552,8.737278624602645
002,2014-10-02 16:32:01,14.2,6,8.3345,10.27527747972969,8.4575,9.022425826576564,9.022425826576566,8.365546562987074
002,2014-10-02 16:37:01,15.2,6,8.776500000000002,8.843556390168914,8.8525,8.824185463389638,8.82418546338964,8.783605163593066
002,2014-10-02 16:42:01,16.0,6,10.276500000000004,9.543133696193935,10.2095,10.009711232064646,10.009711232064648,9.613521800425534
002,2014-10-02 16:47:01,16.6,6,10.126,9.774495942062806,10.1685,10.02299864735427,10.02299864735427,9.811696806042006
002,2014-10-02 16:52:01,17.2,6,11.499000000000008,9.289473066901508,11.319,10.702491022300507,10.702491022300507,9.5036108898893
002,2014-10-02 16:57:01,17.8,6,8.98,9.584164329121608,9.074499999999999,9.212888109707203,9.212888109707203,8.994983639095556
002,2014-10-02 17:02:01,18.4,6,8.969500000000002,9.112823557671028,9.1355,9.072607852557011,9.072607852557011,8.984721890490558
002,2014-10-02 17:07:01,19.0,6,9.430000000000005,9.21326669655283,9.3505,9.331255565517612,9.331255565517614,9.22841963407027
002,2014-10-02 17:12:01,19.6,6,12.144499999999999,10.497346687654657,12.2665,11.636115562551552,11.636115562551554,10.670898940440567
002,2014-10-02 17:17:01,20.0,6,9.269000000000004,9.751290175596225,9.33,9.450096725198742,9.450096725198744,9.279594983703738
002,2014-10-02 17:22:01,20.4,6,11.273500000000002,10.176286098274565,11.089999999999998,10.84659536609152,10.846595366091522,10.273717770366938
002,2014-10-02 17:27:01,20.6,6,9.219000000000005,9.456719996864098,9.264,9.313239998954701,9.313239998954701,9.225635293208805
002,2014-10-02 17:32:01,20.8,6,9.179000000000004,9.25441175316136,9.4335,9.288970584387123,9.288970584387123,9.188680783919228
002,2014-10-02 17:37:01,20.9,6,10.7075,9.2511540858182,10.629999999999997,10.196218028606067,10.196218028606067,9.396189866435673
002,2014-10-02 17:42:01,21.0,6,8.925500000000001,8.457517654105676,8.499,8.627339218035226,8.627339218035226,8.4661227152677
002,2014-10-02 17:47:01,21.0,6,10.268000000000002,9.44955232485212,10.160000000000002,9.959184108284042,9.959184108284042,9.524962411448863
002,2014-10-02 17:52:01,21.0,6,8.413499999999999,8.81921572357781,8.629,8.62057190785927,8.62057190785927,8.437948692641447
002,2014-10-02 17:57:01,21.0,6,10.488500000000009,9.675786353872839,10.357000000000001,10.173762117957615,10.173762117957617,9.748372850815912
002,2014-10-02 18:02:01,21.0,6,10.402000000000001,8.765858589483262,10.5625,9.910119529827755,9.910119529827755,8.93864372981227
002,2014-10-02 18:07:01,20.9,6,10.260000000000009,10.467453239619724,10.1825,10.30331774653991,10.303317746539912,10.192682915198697
002,2014-10-02 18:12:01,20.8,6,9.815000000000003,9.49011512641407,9.593,9.632705042138024,9.632705042138026,9.50309938369951
002,2014-10-02 18:17:01,20.6,6,10.418999999999999,10.027285446413027,10.312999999999999,10.253095148804341,10.253095148804343,10.058238129932116
002,2014-10-02 18:22:01,20.4,6,10.427000000000007,9.126053039475037,10.1775,9.910184346491683,9.910184346491683,9.23855493563588
002,2014-10-02 18:27:01,20.3,6,10.54250000000001,9.85493837537548,10.528000000000002,10.308479458458498,10.308479458458498,9.925501972822326
002,2014-10-02 18:32:01,20.1,6,13.071499999999999,11.878920756846112,12.950999999999999,12.633806918948702,12.633806918948705,11.992291291015274
002,2014-10-02 18:37:01,20.0,6,10.917000000000005,10.513035634367528,10.9485,10.792845211455846,10.792845211455845,10.555615121014217
002,2014-10-02 18:42:01,19.9,6,9.739000000000008,9.508584419860894,10.045,9.764194806620301,9.764194806620301,9.535751487311586
002,2014-10-02 18:47:01,19.6,6,10.085500000000005,10.295324061535595,9.928500000000001,10.103108020511867,10.103108020511868,9.947024254808815
002,2014-10-02 18:52:01,19.4,6,13.197999999999995,12.817439916298156,13.066500000000001,13.027313305432719,13.027313305432719,12.844812651775289
002,2014-10-02 18:57:01,19.2,6,10.104000000000008,10.390404595959462,10.337,10.277134865319823,10.277134865319825,10.128911506514223
002,2014-10-02 19:00:00,19.7,6,9.744500000000004,9.406544160151062,9.904000000000002,9.685014720050356,9.685014720050358,9.443497551374762
002,2014-10-02 19:02:01,19.0,6,9.9405,9.266370794469788,9.742500000000001,9.649790264823261,9.649790264823265,9.3181654765587
002,2014-10-02 19:07:01,19.0,6,8.456,9.07518228508052,8.490000000000002,8.673727428360174,8.673727428360175,8.46540904885448
002,2014-10-02 19:12:01,19.0,6,9.667500000000008,9.36960592343212,9.885499999999999,9.640868641144044,9.640868641144044,9.402952880947094
002,2014-10-02 19:17:01,19.3,6,9.500500000000006,9.070303614487168,9.590500000000002,9.38710120482906,9.38710120482906,9.116212607699959
002,2014-10-02 19:22:01,19.6,6,8.639999999999995,8.5713199417119,8.744000000000002,8.651773313903966,8.651773313903966,8.57954554433768
002,2014-10-02 19:27:01,19.9,6,8.613500000000002,9.592427970156443,8.708,8.971309323385482,8.971309323385483,8.632231275505907
002,2014-10-02 19:32:01,20.1,6,10.437000000000001,9.522206702518698,10.419,10.126068900839567,10.126068900839567,9.616213068334154
002,2014-10-02 19:37:01,20.2,6,8.939000000000004,9.975544014990247,9.058,9.324181338330083,9.324181338330083,8.96062573116278
002,2014-10-02 19:42:01,20.1,6,9.630500000000007,9.146775006637569,9.337,9.371425002212524,9.371425002212526,9.169612162312228
002,2014-10-02 19:47:01,20.0,6,9.916500000000003,9.392969797445138,9.892000000000001,9.733823265815047,9.73382326581505,9.445425480184824
002,2014-10-02 19:52:01,19.8,6,9.29750000000001,8.726055010943952,9.05,9.024518336981322,9.024518336981322,8.76242252679194
002,2014-10-02 19:57:01,19.6,6,9.058000000000002,7.899597376221284,9.056999999999999,8.671532458740428,8.67153245874043,8.020699808869285
002,2014-10-03 06:37:02,9.3,6,9.422499999999996,9.408762985309172,9.5095,9.446920995103055,9.446920995103056,9.411070210775968
002,2014-10-03 06:42:02,9.2,6,10.927500000000004,9.212757741645515,10.5545,10.23158591388184,10.23158591388184,9.356866578458856
002,2014-10-03 06:47:02,9.2,6,10.903999999999996,10.780859807685545,11.0995,10.92811993589518,10.928119935895182,10.795698263397275
002,2014-10-03 06:52:02,9.3,6,10.607500000000007,10.153534258393268,10.5365,10.432511419464424,10.432511419464426,10.19431177882155
002,2014-10-03 06:57:02,9.5,6,10.285,9.425471894147638,10.262,9.99082396471588,9.990823964715881,9.51322305682253
002,2014-10-03 07:00:00,10.0,6,9.778,10.529340084900532,10.0145,10.107280028300176,10.10728002830018,9.807892046433418
002,2014-10-03 07:02:02,9.9,6,10.283500000000005,10.488047839117673,10.209000000000001,10.326849279705895,10.326849279705895,10.218839988311002
002,2014-10-03 07:07:02,10.2,6,9.406500000000001,10.063979290938734,9.552,9.674159763646244,9.674159763646246,9.426842627719248
002,2014-10-03 07:12:02,10.5,6,9.887000000000006,9.230736299297726,9.675,9.597578766432578,9.597578766432578,9.279337075433865
002,2014-10-03 07:17:02,10.7,6,10.401000000000002,9.801920612728429,10.685,10.295973537576144,10.295973537576144,9.867438870806971
002,2014-10-03 07:22:02,10.6,6,8.831999999999999,9.235901993176405,8.9175,8.99513399772547,8.99513399772547,8.84412939708807
002,2014-10-03 07:27:02,10.4,6,9.431000000000001,8.522003042048095,9.192,9.048334347349366,9.048334347349366,8.594491000907281
002,2014-10-03 07:32:02,9.9,6,13.010999999999994,13.93463638736183,12.979,13.308212129120607,13.30821212912061,12.99158434128884
002,2014-10-03 07:37:02,9.4,6,9.311500000000004,9.813549488413255,9.233500000000001,9.452849829471086,9.452849829471088,9.246681189833748
002,2014-10-03 07:42:02,8.7,6,9.479000000000006,9.298451967849662,9.2945,9.357317322616556,9.357317322616558,9.296718952168574
002,2014-10-03 07:47:02,7.9,6,10.40650000000001,8.906100561882376,10.4855,9.93270018729413,9.932700187294131,9.0638687941523
002,2014-10-03 07:52:02,7.1,6,11.357500000000009,10.3319928183116,11.251499999999998,10.980330939437202,10.980330939437204,10.429255608231351
002,2014-10-03 07:57:02,6.3,6,12.179999999999993,9.885072003528585,11.7,11.25502400117619,11.255024001176194,10.07975756423015
002,2014-10-03 08:02:02,5.4,6,10.374,9.859501824933039,10.236500000000001,10.15666727497768,10.15666727497768,9.900319992923851
002,2014-10-03 08:07:02,4.6,6,10.148000000000005,9.474216745137385,9.937999999999999,9.853405581712464,9.853405581712464,9.524839740851153
002,2014-10-03 08:12:02,3.8,6,8.667500000000008,9.653100069103184,8.328000000000001,8.882866689701066,8.882866689701066,8.373375948580708
002,2014-10-03 08:17:02,3.2,6,7.677999999999998,7.697059772623003,7.6405,7.671853257541,7.6718532575410014,7.644614008759697
002,2014-10-03 08:22:02,2.8,6,11.0845,10.310612085409097,10.731000000000002,10.708704028469699,10.7087040284697,10.358129874274248
002,2014-10-03 08:27:02,2.4,6,9.6635,9.516495159196868,9.769,9.649665053065624,9.649665053065624,9.532930436913677
002,2014-10-03 08:32:02,2.3,6,11.358500000000003,11.106688734026504,11.163499999999999,11.209562911342168,11.20956291134217,11.114582572633054
002,2014-10-03 08:37:02,2.2,6,12.968499999999992,12.511730982698479,13.22,12.900076994232824,12.900076994232826,12.562035118757883
002,2014-10-03 08:42:02,2.2,6,10.307,10.450260785321927,10.4865,10.414586928440642,10.414586928440643,10.322350950701326
002,2014-10-03 08:47:02,2.2,6,9.615000000000004,9.523259258339376,9.457,9.531753086113127,9.531753086113127,9.46484973555629
002,2014-10-03 08:52:02,2.2,6,11.304000000000004,9.931293431636574,11.026499999999999,10.753931143878859,10.75393114387886,10.048653645883116
002,2014-10-03 08:57:02,2.2,6,10.3735,9.697118595306192,10.6945,10.25503953176873,10.255039531768732,9.771094522399771
002,2014-10-03 09:02:02,2.2,6,8.7775,8.868511665518923,8.731,8.79233722183964,8.792337221839642,8.736775146336688
002,2014-10-03 09:07:02,2.2,6,8.921500000000002,8.71741078488763,8.629,8.75597026162921,8.755970261629212,8.640290808121943
002,2014-10-03 09:12:02,2.2,6,14.227999999999998,12.517928666218788,14.0205,13.588809555406263,13.588809555406263,12.677209131539646
002,2014-10-03 09:17:02,2.4,6,11.161000000000007,10.375981296733542,10.807499999999997,10.78149376557785,10.78149376557785,10.424663636508049
002,2014-10-03 09:22:02,2.8,6,11.672000000000008,10.462559431072771,11.611499999999996,11.24868647702426,11.24868647702426,10.583371527204232
002,2014-10-03 09:27:02,3.3,6,10.991499999999998,9.459704610471334,10.648500000000002,10.366568203490445,10.366568203490447,9.58751148907972
002,2014-10-03 09:32:02,3.9,6,10.401500000000008,9.969284607753307,10.3685,10.246428202584438,10.24642820258444,10.011382236411212
002,2014-10-03 09:37:02,4.5,6,8.864000000000006,8.892765780868256,9.2765,9.011088593622754,9.011088593622755,8.870846941712516
002,2014-10-03 09:42:02,5.0,6,8.632500000000004,9.471028837282402,8.4185,8.840676279094135,8.840676279094136,8.449274887337154
002,2014-10-03 09:47:02,5.4,6,8.713000000000005,8.369607498663681,8.868500000000001,8.650369166221228,8.65036916622123,8.407089696758442
002,2014-10-03 09:52:02,5.6,6,8.3975,7.977428896305701,8.1785,8.184476298768567,8.184476298768569,8.00065581861893
002,2014-10-03 09:57:02,5.7,6,8.959500000000006,8.453258342828736,8.8275,8.746752780942915,8.746752780942915,8.493733112080191
002,2014-10-03 10:02:02,5.6,6,9.434500000000009,8.957714754438877,9.541999999999998,9.311404918146295,9.311404918146296,9.008673074253009
002,2014-10-03 10:07:02,5.3,6,8.304000000000004,8.244818720593194,8.362499999999999,8.303772906864397,8.3037729068644,8.251595520182512
002,2014-10-03 10:12:02,5.1,6,7.973500000000006,8.369211108086512,7.8050000000000015,8.04923703602884,8.04923703602884,7.826586304657921
002,2014-10-03 10:17:02,4.9,6,7.589500000000006,7.757207923799745,7.897000000000002,7.747902641266585,7.7479026412665855,7.6084442439256375
002,2014-10-03 10:22:02,4.6,6,8.285000000000004,8.2975906289214,8.4345,8.339030209640468,8.339030209640468,8.287686379375547
002,2014-10-03 10:27:02,4.4,6,8.261500000000002,8.351403707740573,8.1795,8.264134569246858,8.26413456924686,8.188978229203924
002,2014-10-03 10:32:02,4.3,6,8.065000000000003,8.233894930418098,7.977,8.091964976806034,8.091964976806034,7.9878958871960535
002,2014-10-03 10:37:02,4.2,6,8.280000000000005,8.373517234429489,8.1465,8.266672411476497,8.266672411476499,8.161402515623443
002,2014-10-03 10:42:02,4.1,6,8.509000000000004,7.980325183294042,8.562999999999999,8.350775061098014,8.350775061098016,8.036177412866884
002,2014-10-03 10:47:02,4.1,6,8.009500000000003,8.198508144301448,8.1955,8.13450271476715,8.134502714767152,8.028990200169023
002,2014-10-03 10:52:02,4.1,6,8.354999999999999,7.905103639726947,8.4115,8.223867879908981,8.223867879908983,7.952738728895294
002,2014-10-03 10:57:02,4.0,6,7.991000000000003,8.18895532341252,8.171499999999998,8.11715177447084,8.117151774470841,8.010059238341892
002,2014-10-03 11:02:02,3.9,6,8.73000000000001,7.7048855746798655,8.6745,8.369795191559959,8.369795191559959,7.806885799600191
002,2014-10-03 11:07:02,3.9,6,8.823000000000004,8.999052543940596,8.831,8.8843508479802,8.884350847980201,8.825517519793213
002,2014-10-03 11:12:02,3.8,6,8.621500000000005,8.29157666081845,8.3945,8.435858886939485,8.435858886939487,8.304614942539684
002,2014-10-03 11:17:02,3.7,6,8.486499999999998,9.097076281403911,8.580000000000002,8.721192093801303,8.721192093801305,8.501453134324152
002,2014-10-03 11:22:02,3.6,6,9.302500000000004,8.426790612938673,9.193000000000001,8.97409687097956,8.97409687097956,8.508049729289187
002,2014-10-03 11:27:02,3.4,6,8.745000000000006,7.973356403853827,9.072499999999998,8.596952134617943,8.596952134617945,8.05736407049452
002,2014-10-03 11:32:02,3.4,6,8.700500000000007,7.9592032414259455,8.676499999999999,8.445401080475316,8.445401080475317,8.034489908542248
002,2014-10-03 11:37:02,3.4,6,8.568000000000005,8.577534566258123,8.3935,8.513011522086043,8.513011522086044,8.41185228500499
002,2014-10-03 11:42:02,3.6,6,8.857000000000005,8.539420185063173,8.722999999999999,8.706473395021058,8.70647339502106,8.55996709363505
002,2014-10-03 11:47:02,3.8,6,9.066500000000007,8.26868234774719,8.867500000000001,8.734227449249067,8.734227449249067,8.333323221984122
002,2014-10-03 11:52:02,4.4,6,8.466000000000005,7.760552835895295,8.328499999999998,8.1850176119651,8.185017611965101,7.821348907097324
002,2014-10-03 11:57:02,5.2,6,8.289500000000006,7.919848507857028,8.438,8.215782835952345,8.215782835952346,7.960008034332019
002,2014-10-03 12:00:00,3.7,6,8.481000000000007,7.532588962169866,8.3505,8.121362987389958,8.12136298738996,7.619467327242379
002,2014-10-03 12:02:02,6.1,6,8.863000000000007,9.192831357534477,8.953000000000001,9.002943785844828,9.00294378584483,8.874814500055674
002,2014-10-03 12:07:02,7.2,6,8.554500000000004,8.810588819340346,8.68,8.68169627311345,8.68169627311345,8.56893623711875
002,2014-10-03 12:12:02,8.2,6,9.05450000000001,8.725738655619566,8.796999999999999,8.859079551873192,8.859079551873194,8.735769323480952
002,2014-10-03 12:17:02,9.0,6,8.554000000000011,8.785944940802798,8.810500000000001,8.716814980267603,8.716814980267605,8.578512626322729
002,2014-10-03 12:22:02,9.8,6,9.656,8.446907536344936,9.550999999999998,9.217969178781646,9.217969178781646,8.563472431114931
002,2014-10-03 12:27:02,10.4,6,10.264500000000014,8.386706243444943,10.125499999999999,9.592235414481651,9.592235414481653,8.570016313028837
002,2014-10-03 12:32:02,11.0,6,13.157999999999994,11.825269013626341,12.873999999999999,12.619089671208778,12.61908967120878,11.937831752908467
002,2014-10-03 12:37:02,11.4,6,8.786500000000007,9.326549334307723,8.8045,8.972516444769244,8.972516444769244,8.793603730639147
002,2014-10-03 12:42:02,11.8,6,12.308499999999992,10.596143629518938,12.222000000000001,11.708881209839644,11.708881209839646,10.767112704793128
002,2014-10-03 12:47:02,12.0,6,10.695000000000004,9.887764965177874,10.3225,10.301754988392625,10.301754988392627,9.93697381137139
002,2014-10-03 12:52:02,12.3,6,8.663000000000002,8.152965577480128,8.582,8.46598852582671,8.465988525826711,8.198663001134864
002,2014-10-03 12:57:02,12.4,6,8.404499999999999,8.694404410377063,8.337,8.47863480345902,8.478634803459022,8.346961183964012
002,2014-10-03 13:02:02,12.5,6,8.278000000000006,7.6302323761991975,8.1955,8.034577458733068,8.034577458733068,7.690198102388081
002,2014-10-03 13:07:02,12.5,6,9.021500000000005,8.997954784892725,9.256,9.09181826163091,9.09181826163091,9.002763186405717
002,2014-10-03 13:12:02,12.5,6,8.136000000000001,8.323746316842653,8.161500000000002,8.20708210561422,8.20708210561422,8.140290382671184
002,2014-10-03 13:17:02,12.3,6,8.368500000000004,8.253789734930734,8.376,8.332763244976912,8.332763244976913,8.265866215454064
002,2014-10-03 13:22:02,12.0,6,13.535999999999996,12.453632189803713,13.161,13.05021072993457,13.050210729934571,12.531390047703585
002,2014-10-03 13:27:02,11.7,6,8.2545,8.63856554655295,8.250499999999999,8.38118851551765,8.38118851551765,8.254759152642428
002,2014-10-03 13:32:02,11.4,6,10.650500000000008,9.940514292113386,10.509500000000001,10.366838097371131,10.366838097371133,10.00145402022562
002,2014-10-03 13:37:02,11.2,6,12.039499999999999,12.174373857100578,12.354499999999998,12.189457952366858,12.18945795236686,12.055412343537656
002,2014-10-03 14:07:02,11.3,6,13.056499999999998,12.115080863273707,12.8885,12.686693621091235,12.686693621091237,12.197679294594462
002,2014-10-03 14:12:02,11.2,6,8.718500000000004,8.794800422590827,8.778500000000001,8.763933474196945,8.763933474196945,8.724940461879461
002,2014-10-03 14:17:02,11.1,6,9.187999999999999,8.284109368729627,9.106,8.859369789576542,8.859369789576542,8.370919095957131
002,2014-10-03 14:22:02,10.8,6,8.9815,8.505605911880542,9.1685,8.885201970626847,8.885201970626849,8.557265994976294
002,2014-10-03 14:27:02,10.5,6,8.559500000000003,8.959739899466774,8.668,8.729079966488925,8.729079966488927,8.573769134918173
002,2014-10-03 14:32:02,10.1,6,9.059,8.460707151751855,8.9945,8.838069050583952,8.838069050583954,8.517199851762625
002,2014-10-03 14:37:02,9.6,6,9.5125,8.507991552299877,9.308500000000002,9.109663850766626,9.109663850766628,8.593784183662336
002,2014-10-03 14:42:02,9.1,6,8.744500000000006,9.600562390195757,8.8035,9.04952079673192,9.049520796731922,8.758643457261286
002,2014-10-03 14:47:02,8.6,6,8.34750000000001,7.933027856681998,8.4825,8.254342618894002,8.254342618894004,7.977741712152921
002,2014-10-03 14:52:02,8.0,6,8.390500000000005,10.177718553875508,8.244499999999999,8.937572851291836,8.937572851291838,8.277647332495725
002,2014-10-03 14:57:02,7.5,6,8.385000000000005,8.043867661820197,8.4905,8.306455887273401,8.306455887273403,8.080613391939872
002,2014-10-03 15:02:02,7.0,6,8.748000000000001,8.663686657954285,8.7275,8.713062219318095,8.713062219318097,8.670568083828009
002,2014-10-03 15:07:02,6.6,6,8.994499999999999,8.234510841046877,9.167,8.798670280348958,8.79867028034896,8.315749170421647
002,2014-10-03 15:12:02,6.2,6,8.017500000000004,7.473274069490148,7.9045,7.79842468983005,7.7984246898300515,7.519520778121627
002,2014-10-03 15:17:02,5.7,6,9.024500000000005,8.65665690742298,8.763,8.814718969140996,8.814718969140996,8.670397978429643
002,2014-10-03 15:22:02,5.3,6,8.439000000000002,8.553317882136168,8.506499999999999,8.499605960712056,8.499605960712058,8.446530318681607
002,2014-10-03 15:27:02,5.0,6,8.524500000000003,8.364448719221771,8.714,8.53431623974059,8.534316239740592,8.383088971513136
002,2014-10-03 15:32:02,4.8,6,8.306500000000003,7.433363425744456,8.379000000000001,8.03962114191482,8.039621141914822,7.525439723588722
002,2014-10-03 15:37:02,4.7,6,8.589999999999998,8.914453824900276,8.562500000000002,8.68898460830009,8.688984608300093,8.568621706340211
002,2014-10-03 15:42:02,4.5,6,8.002000000000004,8.098817015522094,8.052500000000002,8.0511056718407,8.0511056718407,8.007746697013628
002,2014-10-03 15:47:02,4.4,6,8.533999999999999,7.939599015937875,8.253499999999997,8.242366338645958,8.242366338645958,7.975245684852173
002,2014-10-03 15:52:02,4.3,6,8.324500000000004,9.413609114681801,8.345,8.694369704893935,8.694369704893937,8.337330889178448
002,2014-10-03 15:57:02,4.1,6,9.796500000000007,10.050132201378878,9.629999999999999,9.825544067126295,9.825544067126296,9.64995626700239
002,2014-10-03 16:02:02,4.0,6,11.222000000000001,10.475077054394989,11.339,11.01202568479833,11.012025684798331,10.554393340420006
002,2014-10-03 16:07:02,3.9,6,9.7285,9.506523396343153,9.779499999999999,9.67150779878105,9.671507798781052,9.5302575418354
002,2014-10-03 16:12:02,3.8,6,9.3835,8.209515094068559,9.626,9.073005031356187,9.073005031356187,8.33476743628344
002,2014-10-03 16:17:02,3.7,6,8.3115,7.748226873400629,8.3745,8.144742291133541,8.144742291133545,7.8077889267274765
002,2014-10-03 16:22:02,3.7,6,8.421500000000002,7.711833835488775,8.516499999999999,8.21661127849626,8.21661127849626,7.78703215708673
002,2014-10-03 16:27:02,3.7,6,9.562000000000005,9.6465121062429,9.456500000000002,9.555004035414303,9.555004035414303,9.468382984103254
002,2014-10-03 16:32:02,3.8,6,8.911500000000007,8.265851219712136,8.785499999999999,8.654283739904047,8.654283739904049,8.321479106595078
002,2014-10-03 16:37:02,4.0,6,8.045000000000005,7.884839077119317,8.131000000000002,8.020279692373109,8.020279692373109,7.902455800638268
002,2014-10-03 16:42:02,4.3,6,7.929000000000006,8.193010848049406,8.1445,8.088836949349805,8.088836949349805,7.952031643886168
002,2014-10-03 16:47:02,4.8,6,8.200000000000003,8.240901175840264,8.561,8.333967058613423,8.333967058613423,8.207480244896892
002,2014-10-03 16:52:02,5.4,6,9.729000000000003,9.582663833809761,9.819,9.710221277936588,9.71022127793659,9.59887415191713
002,2014-10-03 16:57:02,6.1,6,9.901500000000011,11.391116083071532,9.7935,10.362038694357182,10.362038694357182,9.819695584607107
002,2014-10-03 17:02:02,6.8,6,10.318000000000001,11.430845281830484,10.2055,10.651448427276828,10.65144842727683,10.22839868591871
002,2014-10-03 17:07:02,7.5,6,9.475499999999997,11.210426198313362,9.395000000000001,10.026975399437788,10.026975399437788,9.420771517668312
002,2014-10-03 17:12:02,8.2,6,9.059500000000002,9.399536527905168,8.960500000000001,9.139845509301724,9.139845509301725,8.97425817040741
002,2014-10-03 17:17:02,8.8,6,9.2745,9.82504255823354,9.3575,9.485680852744514,9.485680852744514,9.287859242003078
002,2014-10-03 17:22:02,9.2,6,8.632500000000004,9.069262482772753,8.706999999999999,8.802920827590919,8.80292082759092,8.643917134747554
002,2014-10-03 17:27:02,9.5,6,9.979500000000007,9.620037203019399,10.1895,9.929679067673135,9.929679067673137,9.659745744453945
002,2014-10-03 17:32:02,9.7,6,8.6575,8.871575610955082,8.8045,8.777858536985027,8.777858536985029,8.67355052736075
002,2014-10-03 17:37:02,9.7,6,9.510500000000004,8.3229638227459,9.463999999999999,9.099154607581967,9.09915460758197,8.442808927477275
002,2014-10-03 17:42:02,9.7,6,9.5665,9.096756666602657,9.613000000000001,9.425418888867553,9.425418888867553,9.146368231326653
002,2014-10-03 17:47:02,9.5,6,9.523000000000003,8.1145189937487,9.448,9.028506331249568,9.028506331249568,8.254783502891325
002,2014-10-03 17:52:02,9.4,6,8.226999999999999,8.34069567301419,8.109000000000002,8.225565224338064,8.225565224338064,8.122482623448791
002,2014-10-03 17:57:02,9.2,6,8.748000000000005,8.339261218852524,8.726,8.604420406284177,8.604420406284177,8.379943490879844
002,2014-10-03 18:02:02,8.9,6,8.7375,9.117167739869165,8.544,8.799555913289721,8.799555913289723,8.568041478331391
002,2014-10-03 18:07:02,8.7,6,8.577499999999999,8.206805449727538,8.618000000000002,8.46743514990918,8.46743514990918,8.245994105423161
002,2014-10-03 18:12:02,8.5,6,8.931000000000004,8.158442481579288,9.274,8.78781416052643,8.787814160526432,8.24270076669293
002,2014-10-03 18:17:02,8.3,6,9.296500000000007,9.724761897041049,9.304500000000003,9.44192063234702,9.44192063234702,9.30153961332422
002,2014-10-03 18:22:02,8.2,6,9.812500000000002,8.976194888656574,9.942,9.57689829621886,9.57689829621886,9.064987720688354
002,2014-10-03 18:27:02,8.0,6,9.347500000000004,9.833384052460879,9.5205,9.56712801748696,9.567128017486962,9.368728843425682
002,2014-10-03 18:32:02,7.8,6,8.436500000000002,8.353584965100703,8.222999999999999,8.3376949883669,8.337694988366902,8.237491510159158
002,2014-10-03 18:37:02,7.6,6,9.514500000000005,9.9616059290819,9.658500000000002,9.71153530969397,9.71153530969397,9.532596957659344
002,2014-10-03 18:42:02,7.5,6,9.0425,9.554817838644107,9.170000000000002,9.25577261288137,9.25577261288137,9.059687775900235
002,2014-10-03 18:47:02,7.4,6,10.236500000000007,11.912122923141116,10.080500000000002,10.743040974380376,10.743040974380376,10.113577619130645
002,2014-10-03 18:52:02,7.3,6,9.45100000000001,9.358705079341526,9.364500000000001,9.391401693113844,9.391401693113847,9.36017636882551
002,2014-10-03 18:57:02,7.3,6,10.846000000000005,9.685006428053786,10.6145,10.381835476017931,10.381835476017931,9.784569037006126
002,2014-10-03 19:00:00,8.7,6,7.976000000000006,8.084483129071012,7.955,8.005161043023671,8.005161043023673,7.958281941469451
002,2014-10-03 19:02:02,7.4,6,9.005500000000001,8.753727871345426,8.909500000000001,8.889575957115143,8.889575957115143,8.770985420365967
002,2014-10-03 19:07:02,7.5,6,7.920999999999999,8.02523415078332,7.977,7.97441138359444,7.974411383594441,7.927341301984478
002,2014-10-03 19:12:02,7.8,6,9.351500000000005,8.85869354311973,9.248999999999999,9.153064514373245,9.153064514373245,8.90055408070262
002,2014-10-03 19:17:02,8.3,6,11.0045,10.310093713681674,11.167499999999997,10.827364571227223,10.827364571227225,10.384375481293722
002,2014-10-03 19:22:02,8.9,6,11.368000000000006,10.602087010563794,11.3055,11.091862336854602,11.091862336854602,10.676306098132853
002,2014-10-03 19:27:02,9.5,6,10.232500000000005,9.865422003979054,9.857,9.984974001326352,9.984974001326355,9.86155192618248
002,2014-10-03 19:32:02,10.2,6,8.642500000000002,7.594886264195777,8.8385,8.358628754731926,8.358628754731928,7.7064521119256035
002,2014-10-03 19:37:02,10.7,6,11.7425,10.38794774065532,11.956,11.362149246885105,11.362149246885108,10.531801814781293
002,2014-10-03 19:42:02,11.1,6,12.658999999999994,11.351557289159311,12.535500000000003,12.182019096386435,12.182019096386437,11.47666145968486
002,2014-10-03 19:47:02,11.3,6,8.911500000000009,7.876003905996992,9.0675,8.618334635332333,8.618334635332335,7.985901954005686
002,2014-10-03 19:52:02,11.2,6,7.872000000000005,7.341225734722112,7.968000000000001,7.727075244907373,7.727075244907374,7.3977176176200565
002,2014-10-03 19:57:02,10.9,6,7.869000000000005,7.939569705040979,7.649,7.819189901680328,7.819189901680328,7.672723041780096
002,2014-10-03 20:02:02,10.6,6,8.787000000000004,9.789255666379022,8.733,9.103085222126342,9.103085222126344,8.748672268551985
002,2014-10-03 20:07:02,10.3,6,12.09550000000001,10.13713356540205,11.96,11.397544521800688,11.397544521800688,10.32920467958986
002,2014-10-03 20:12:02,10.1,6,10.20250000000001,10.641550923119675,10.199499999999999,10.34785030770656,10.347850307706562,10.20420438211387
002,2014-10-03 20:17:02,10.0,6,8.668500000000007,9.135637564305652,8.5265,8.776879188101887,8.776879188101887,8.546028025423126
002,2014-10-03 20:22:02,10.0,6,7.939500000000005,8.298903035115888,8.086500000000001,8.108301011705299,8.108301011705299,7.957003801602362
002,2014-10-04 07:02:02,14.9,6,8.465000000000002,8.503317286403211,8.2545,8.407605762134404,8.407605762134406,8.276906586798571
002,2014-10-04 07:07:02,14.6,6,9.202000000000005,8.49773153468934,9.165500000000002,8.955077178229782,8.955077178229784,8.567961339078748
002,2014-10-04 07:12:02,14.3,6,9.4495,9.531326175008047,9.3925,9.45777539166935,9.457775391669351,9.399281846520951
002,2014-10-04 07:17:02,14.1,6,9.354499999999998,9.674151907285689,9.434000000000001,9.487550635761895,9.487550635761897,9.365219150463806
002,2014-10-04 07:22:02,13.9,6,8.925499999999996,9.85627001020925,9.109499999999999,9.297090003403083,9.297090003403083,8.952218570239642
002,2014-10-04 07:27:02,13.9,6,8.917500000000002,9.33382865034623,9.0205,9.09060955011541,9.090609550115413,8.931409588808725
002,2014-10-04 07:32:02,14.0,6,9.746000000000004,9.666133162821387,10.0825,9.83154438760713,9.831544387607131,9.677854174293246
002,2014-10-04 07:37:02,14.2,6,9.340000000000009,9.567249323057535,9.546000000000001,9.48441644101918,9.484416441019183,9.361765097841106
002,2014-10-04 07:42:02,14.2,6,8.701,9.101367546589033,8.769,8.857122515529676,8.85712251552968,8.711438127473246
002,2014-10-04 07:47:02,14.1,6,9.071500000000006,9.46942443860586,9.101499999999998,9.214141479535288,9.21414147953529,9.078317973212837
002,2014-10-04 07:52:02,13.7,6,9.3755,9.561478752579445,9.3605,9.432492917526481,9.432492917526483,9.363929151939178
002,2014-10-04 07:57:02,12.9,6,9.573500000000003,9.340900438696282,9.659,9.52446681289876,9.524466812898764,9.366091003634924
002,2014-10-04 08:02:02,11.9,6,10.488000000000001,11.246406668908117,10.224,10.652802222969372,10.652802222969374,10.259204880364704
002,2014-10-04 08:07:02,10.7,6,8.957,8.83129600283477,9.1075,8.965265334278257,8.965265334278259,8.845952694819548
002,2014-10-04 08:12:02,9.4,6,9.209500000000007,9.472829921057727,9.286,9.32277664035258,9.32277664035258,9.219372057718857
002,2014-10-04 08:17:02,8.2,6,9.518999999999997,9.864087964123105,9.425500000000001,9.6028626547077,9.602862654707701,9.438733251151346
002,2014-10-04 08:22:02,7.0,6,10.226500000000001,11.955548703381728,10.390500000000001,10.857516234460578,10.857516234460578,10.259308871286855
002,2014-10-04 08:27:02,6.1,6,9.696000000000009,9.629670601465797,10.0405,9.788723533821935,9.788723533821937,9.64005526797386
002,2014-10-04 08:32:02,5.2,6,7.651500000000003,8.107217369780376,7.738,7.832239123260126,7.832239123260127,7.664242175148341
002,2014-10-04 08:37:02,4.5,6,10.735000000000007,10.005754070904528,10.423499999999999,10.388084690301511,10.388084690301513,10.052575443901862
002,2014-10-04 08:42:02,3.9,6,8.363000000000007,7.7230218182990775,8.235999999999999,8.107340606099696,8.107340606099696,7.777961798512797
002,2014-10-04 08:47:02,3.3,6,9.042500000000004,8.810720376823216,8.9125,8.921906792274406,8.921906792274408,8.822668998064659
002,2014-10-04 08:52:02,2.8,6,8.391000000000004,8.922437191937478,8.396499999999998,8.56997906397916,8.569979063979162,8.396834805537617
002,2014-10-04 08:57:02,2.4,6,9.652999999999997,9.052989921024567,9.5805,9.428829973674855,9.428829973674857,9.108905290734395
002,2014-10-04 09:02:02,2.2,6,13.050500000000001,11.768514767864923,12.711999999999998,12.510338255954975,12.510338255954977,11.87061124438957
002,2014-10-04 09:07:02,2.2,6,9.794000000000004,10.675794982393432,9.6615,10.043764994131147,10.043764994131147,9.684180668808859
002,2014-10-04 09:12:02,2.2,6,9.747000000000005,10.05363870917113,9.526,9.775546236390378,9.77554623639038,9.552188356115622
002,2014-10-04 09:17:02,2.2,6,12.731999999999998,11.914513220680977,13.381999999999998,12.676171073560324,12.676171073560326,12.006542198006194
002,2014-10-04 09:22:02,2.2,6,10.991999999999997,10.192917380007,10.765,10.649972460002333,10.649972460002335,10.255041120362643
002,2014-10-04 09:27:02,2.2,6,13.316999999999998,12.528973150184653,13.2065,13.017491050061551,13.017491050061553,12.600963918665647
002,2014-10-04 09:32:02,2.2,6,8.757500000000007,9.118202221258429,8.896999999999998,8.924234073752812,8.924234073752812,8.774307111257095
002,2014-10-04 09:37:02,2.2,6,11.782000000000005,11.883492907603433,11.469499999999998,11.711664302534478,11.71166430253448,11.503210021021609
002,2014-10-04 09:42:02,2.2,6,10.93500000000001,10.039556634386543,11.0075,10.660685544795518,10.660685544795518,10.133966764533072
002,2014-10-04 09:47:02,2.2,6,7.9885000000000055,8.252827972343898,8.018500000000001,8.086609324114635,8.086609324114637,7.993982008550217
002,2014-10-04 09:52:02,2.2,6,10.736000000000006,10.34603618610105,10.7635,10.615178728700352,10.615178728700354,10.387110874903849
002,2014-10-04 09:57:02,2.2,6,10.5605,9.686243888965077,10.649,10.298581296321693,10.298581296321693,9.778597317554745
002,2014-10-04 10:00:00,2.3,6,11.92449999999999,11.193301111862183,11.698999999999998,11.605600370620722,11.605600370620724,11.248464501124399
002,2014-10-04 10:02:02,2.2,6,12.833499999999997,11.150997337532933,12.726999999999999,12.237165779177642,12.237165779177644,11.316950503791617
002,2014-10-04 10:07:02,2.2,6,9.527000000000005,9.57038776281467,9.404500000000002,9.50062925427156,9.50062925427156,9.417750353670813
002,2014-10-04 10:12:02,2.6,6,12.302499999999995,11.136987061669704,12.533,11.990829020556566,11.990829020556568,11.26123303025361
002,2014-10-04 10:17:02,3.3,6,11.415500000000007,11.215386184853173,11.535500000000003,11.38879539495106,11.388795394951062,11.23752295152775
002,2014-10-04 10:22:02,4.3,6,10.744500000000002,10.796321835782932,10.77,10.770273945260977,10.770273945260978,10.747431137860588
002,2014-10-04 10:27:02,5.5,6,9.576000000000006,10.370531268441654,9.85,9.932177089480554,9.932177089480554,9.609872369302304
002,2014-10-04 10:32:02,6.9,6,9.753000000000005,9.735815373285497,9.9705,9.81977179109517,9.81977179109517,9.739788302727034
002,2014-10-04 10:37:02,8.4,6,8.731000000000003,8.368748147177639,9.011000000000001,8.703582715725881,8.703582715725883,8.409448491611185
002,2014-10-04 10:42:02,9.8,6,8.717000000000002,8.551719975213604,8.759,8.675906658404536,8.675906658404537,8.56943228115651
002,2014-10-04 10:47:02,11.0,6,8.793500000000005,8.404109330572336,8.86,8.685869776857446,8.685869776857448,8.445514054539336
002,2014-10-04 10:52:02,12.0,6,8.079499999999998,7.864162270298815,8.266499999999999,8.070054090099603,8.070054090099605,7.888561828288996
002,2014-10-04 10:57:02,12.9,6,8.686000000000002,9.414829387946503,8.6275,8.9094431293155,8.909443129315504,8.640908815091674
002,2014-10-04 11:02:02,13.7,6,8.233999999999998,8.525527239131973,7.9905,8.250009079710656,8.250009079710658,8.018891288035313
002,2014-10-04 11:07:02,14.3,6,8.303500000000003,8.255968671818371,8.3885,8.315989557272792,8.315989557272793,8.261791603482989
002,2014-10-04 11:12:02,14.9,6,9.330000000000005,9.143066545343391,9.124000000000002,9.199022181781134,9.199022181781134,9.127864158396443
002,2014-10-04 11:17:02,15.3,6,9.020000000000005,7.939845449003735,8.857500000000003,8.605781816334583,8.605781816334583,8.037479408744861
002,2014-10-04 11:22:02,15.6,6,9.022000000000004,7.612664962239997,8.947,8.52722165408,8.527221654080002,7.753018823826466
002,2014-10-04 11:27:02,15.8,6,10.125000000000002,8.487535991061858,9.684,9.432178663687287,9.432178663687287,8.617125193563647
002,2014-10-04 11:32:02,15.9,6,8.680000000000005,9.160017246012199,8.714000000000002,8.851339082004069,8.85133908200407,8.688017398463803
002,2014-10-04 11:37:02,15.9,6,8.882,9.55106777705056,8.700999999999999,9.044689259016854,9.044689259016854,8.726627675025382
002,2014-10-04 11:42:02,15.7,6,8.983,9.282980504192034,8.84,9.035326834730679,9.035326834730679,8.857961079116214
002,2014-10-04 11:47:02,15.4,6,8.814000000000007,9.47346113702664,8.801000000000002,9.02948704567555,9.02948704567555,8.808954727195202
002,2014-10-04 11:52:02,15.2,6,11.640500000000007,11.206943701945075,11.181499999999996,11.342981233981694,11.342981233981694,11.188497592339038
002,2014-10-04 11:57:02,14.8,6,10.181500000000007,10.351982544424594,10.387,10.3068275148082,10.306827514808202,10.199686790444009
002,2014-10-04 12:02:02,14.4,6,8.015500000000003,8.003141568390573,8.089,8.035880522796859,8.03588052279686,8.005169560575446
002,2014-10-04 12:07:02,14.0,6,9.719000000000005,10.410042867200946,9.7915,9.973514289066983,9.973514289066985,9.732770690003385
002,2014-10-04 12:12:02,13.7,6,11.450499999999998,9.861517463489047,11.581999999999999,10.96467248782968,10.964672487829683,10.029078639908715
002,2014-10-04 12:17:02,13.4,6,7.914500000000007,8.02763230170492,7.7145,7.88554410056831,7.88554410056831,7.736556181862219
002,2014-10-04 12:22:02,13.2,6,8.54900000000001,7.425321279676118,8.363999999999999,8.112773759892043,8.112773759892043,7.525379878294832
002,2014-10-04 12:27:02,13.0,6,8.872500000000008,7.320834924240842,8.7285,8.307278308080283,8.307278308080285,7.469550889298528
002,2014-10-04 12:30:00,12.6,6,7.647999999999999,7.396985002677014,7.527500000000001,7.524161667559004,7.524161667559005,7.411845042157819
002,2014-10-04 12:32:02,12.9,6,7.486000000000005,7.127255096173287,7.577999999999999,7.397085032057764,7.397085032057764,7.165708528543278
002,2014-10-04 12:37:02,13.0,6,8.417500000000008,7.715220747238361,8.2925,8.141740249079456,8.141740249079458,7.776868181629776
002,2014-10-04 12:42:03,13.2,6,8.98750000000001,7.7320424523863736,8.846,8.521847484128795,8.521847484128795,7.850004474603012
002,2014-10-04 12:47:03,13.5,6,8.355500000000003,7.512489155941412,7.987000000000002,7.951663051980472,7.951663051980474,7.565819518103555
002,2014-10-04 12:52:03,13.9,6,8.189000000000007,7.859266146624272,8.225999999999997,8.09142204887476,8.09142204887476,7.894134318316078
002,2014-10-04 12:57:03,14.4,6,8.368500000000004,8.010794319829195,8.476999999999999,8.285431439943066,8.285431439943066,8.049304024157642
002,2014-10-04 13:02:03,14.9,6,8.740500000000004,8.730015886471394,8.420499999999999,8.630338628823798,8.6303386288238,8.452987722309043
002,2014-10-04 13:07:03,15.2,6,11.457500000000007,10.177290172695443,11.645999999999997,11.093596724231816,11.093596724231817,10.313116222338184
002,2014-10-04 13:12:03,15.4,6,10.463000000000006,10.083006422630413,10.483000000000002,10.343002140876807,10.34300214087681,10.122962982473062
002,2014-10-04 13:17:03,15.3,6,10.622500000000002,10.627684406654257,10.536499999999998,10.595561468884753,10.595561468884755,10.545549533369961
002,2014-10-04 13:22:03,15.0,6,10.36500000000001,10.277647272569627,10.2415,10.294715757523214,10.294715757523214,10.246155410155087
002,2014-10-04 13:27:03,14.6,6,10.252500000000003,10.101534264388121,10.128000000000002,10.160678088129375,10.160678088129377,10.105548223297678
002,2014-10-04 13:32:03,14.2,6,9.066000000000008,9.178223967367014,8.978000000000002,9.074074655789007,9.07407465578901,8.988329177565545
002,2014-10-04 13:37:03,13.6,6,10.973500000000007,10.03243470255976,11.350000000000001,10.785311567519921,10.785311567519924,10.134657995124886
002,2014-10-04 13:42:03,13.0,6,9.985000000000008,10.078052388642293,10.2265,10.096517462880767,10.096517462880769,9.99622001660131
002,2014-10-04 13:47:03,12.4,6,8.794500000000001,7.9349556742638985,8.9135,8.547651891421301,8.547651891421301,8.026074892699874
002,2014-10-04 13:52:03,11.8,6,8.910000000000002,7.6952342463851515,8.939,8.514744748795051,8.514744748795053,7.822618256006843
002,2014-10-04 13:57:03,11.2,6,9.221500000000004,9.121905502687193,9.213999999999997,9.185801834229066,9.185801834229066,9.131615824470627
002,2014-10-04 14:02:03,10.5,6,9.524000000000003,9.453290129360683,9.1115,9.362930043120228,9.36293004312023,9.147966649764115
002,2014-10-04 14:07:03,9.9,6,8.925000000000004,8.3733268772912,8.9635,8.7539422924304,8.753942292430402,8.43143028839798
002,2014-10-04 14:12:03,9.4,6,10.858500000000003,9.785129656884417,11.186000000000003,10.609876552294809,10.609876552294809,9.900705271475847
002,2014-10-04 14:17:03,8.9,6,8.649000000000001,9.37252623074172,8.6475,8.889675410247241,8.889675410247241,8.654892198748755
002,2014-10-04 14:22:03,8.5,6,8.612000000000005,7.8859966074921575,8.738499999999998,8.41216553583072,8.412165535830722,7.963219200038866
002,2014-10-04 14:27:03,8.2,6,9.3985,10.1796062859171,9.3565,9.644868761972367,9.644868761972369,9.368705283216654
002,2014-10-04 14:32:03,7.9,6,8.699000000000007,7.771815001982342,8.8095,8.426771667327449,8.42677166732745,7.869926078016739
002,2014-10-04 14:37:03,7.8,6,8.523000000000003,9.025394880365424,8.586999999999998,8.711798293455141,8.711798293455143,8.534079903634108
002,2014-10-04 14:42:03,7.7,6,9.045000000000005,8.826676262703593,9.1925,9.021392087567866,9.021392087567868,8.850993229630978
002,2014-10-04 14:47:03,7.5,6,10.409000000000013,10.398951412260118,10.2575,10.355150470753378,10.355150470753378,10.27239974005236
002,2014-10-04 14:52:03,7.5,6,8.503999999999998,8.023122521067538,8.4245,8.31720750702251,8.317207507022513,8.065911356518997
002,2014-10-04 14:57:03,7.5,6,7.837000000000004,7.774227154862086,8.000000000000002,7.8704090516206975,7.870409051620698,7.782424719481186
002,2014-10-04 15:02:03,7.4,6,8.845500000000001,8.232845682759375,8.976,8.684781894253126,8.684781894253126,8.298249208305096
002,2014-10-04 15:07:03,7.4,6,11.942500000000004,10.552855050364991,12.220999999999998,11.572118350121665,11.572118350121666,10.701030672445075
002,2014-10-04 15:12:03,7.3,6,11.693500000000002,11.215043815068034,11.718500000000004,11.542347938356015,11.542347938356015,11.265351955734534
002,2014-10-04 15:17:03,7.3,6,8.477000000000006,8.024524710866045,8.5215,8.34100823695535,8.34100823695535,8.072309618646322
002,2014-10-04 15:22:03,7.2,6,8.6155,8.22148883515769,8.639,8.491996278385896,8.491996278385898,8.26294697519642
002,2014-10-04 15:27:03,7.2,6,7.922000000000002,7.332816076432518,7.9135,7.722772025477507,7.722772025477508,7.393654722104065
002,2014-10-04 15:32:03,7.1,6,8.577999999999998,8.389075050746017,8.5115,8.492858350248673,8.492858350248673,8.402548674657348
002,2014-10-04 15:37:03,7.0,6,8.761000000000003,8.177840712047617,8.643,8.527280237349208,8.527280237349208,8.227687674252234
002,2014-10-04 15:42:03,7.0,6,8.809,8.144741623043743,8.572500000000002,8.508747207681248,8.50874720768125,8.191860541331986
002,2014-10-04 15:47:03,6.9,6,10.096000000000009,9.572642823317585,9.942499999999997,9.870380941105864,9.870380941105866,9.612873869392345
002,2014-10-04 15:52:03,6.9,6,10.481000000000005,10.534570679219984,10.369999999999997,10.46185689307333,10.46185689307333,10.382149003451264
002,2014-10-04 15:57:03,6.8,6,8.228000000000012,8.86441223993396,8.315,8.469137413311323,8.469137413311325,8.242596435996997
002,2014-10-04 16:02:03,6.8,6,10.516000000000009,9.981980461461147,10.918500000000002,10.472160153820385,10.472160153820386,10.04187687878359
002,2014-10-04 16:07:03,6.7,6,9.749500000000005,8.2789343396264,10.04,9.356144779875468,9.35614477987547,8.435696233955765
002,2014-10-04 16:12:03,6.6,6,7.992000000000002,7.961656408084724,8.029499999999999,7.994385469361575,7.994385469361576,7.9652060849731345
002,2014-10-04 16:17:03,6.5,6,9.598999999999998,9.364310340197164,9.6815,9.548270113399054,9.548270113399056,9.389689580216139
002,2014-10-04 16:22:03,6.4,6,9.171500000000002,9.315333902901585,9.270499999999998,9.252444634300529,9.252444634300529,9.182306144157375
002,2014-10-04 16:27:03,6.2,6,8.187000000000005,7.848295310245885,8.4025,8.145931770081964,8.145931770081965,7.885887049362395
002,2014-10-04 16:32:03,6.1,6,11.769500000000008,10.836788628705305,11.500499999999999,11.368929542901773,11.368929542901773,10.908918962496683
002,2014-10-04 16:37:03,6.0,6,8.647000000000002,8.710624501132683,8.94,8.765874833710894,8.765874833710896,8.65595042351515
002,2014-10-04 16:42:03,5.9,6,8.2825,7.953364268505063,8.271,8.168954756168356,8.168954756168356,7.986711682733632
002,2014-10-04 17:47:03,6.2,6,9.283500000000004,9.697687823475398,9.305000000000001,9.4287292744918,9.428729274491802,9.28967630056061
002,2014-10-04 17:52:03,6.9,6,9.051000000000009,8.255196332897784,9.131499999999999,8.812565444299263,8.812565444299265,8.3392617299107
002,2014-10-04 17:57:03,7.6,6,8.773,9.612047006142994,9.141999999999998,9.175682335380998,9.175682335380998,8.816306834630767
002,2014-10-04 18:02:03,8.3,6,8.967500000000008,8.89634480097749,8.787500000000001,8.883781600325833,8.883781600325834,8.799599362472648
002,2014-10-04 18:07:03,8.9,6,11.184000000000008,9.913753355787673,10.860999999999999,10.65291778526256,10.652917785262561,10.016088367396195
002,2014-10-04 18:12:03,9.5,6,10.265500000000007,9.835661740541312,10.196000000000003,10.099053913513773,10.099053913513774,9.874056876619747
002,2014-10-04 18:17:03,10.0,6,7.964500000000002,8.348337684224388,7.921,8.077945894741463,8.077945894741465,7.929389533641066
002,2014-10-04 18:22:03,10.4,6,8.777999999999999,8.590640260504262,8.4875,8.618713420168087,8.618713420168088,8.500164574356484
002,2014-10-04 18:27:03,10.7,6,10.039000000000005,9.551119880344645,10.11,9.900039960114883,9.900039960114885,9.602873993530409
002,2014-10-04 18:32:03,10.8,6,8.421500000000004,8.064640357468656,8.456500000000002,8.314213452489554,8.314213452489556,8.102326545706187
002,2014-10-04 18:37:03,10.9,6,8.665000000000003,8.033232074170888,8.846499999999999,8.514910691390297,8.514910691390298,8.10114534752529
002,2014-10-04 18:42:03,10.9,6,10.533499999999998,9.832317754335708,10.449500000000002,10.271772584778569,10.27177258477857,9.89773001119706
002,2014-10-04 18:47:03,10.9,6,8.804500000000003,8.339101742549921,8.988000000000001,8.710533914183308,8.71053391418331,8.389628706769576
002,2014-10-04 18:52:03,11.0,6,9.240000000000004,8.332428694804259,9.416500000000001,8.996309564934755,8.996309564934755,8.42914770207
002,2014-10-04 18:57:03,11.0,6,9.345500000000003,8.747045813920732,9.2225,9.105015271306913,9.105015271306913,8.798019872576
002,2014-10-04 19:02:03,11.1,6,9.058000000000007,8.27058438640729,8.969000000000001,8.765861462135765,8.765861462135767,8.344545627055743
002,2014-10-04 19:07:03,11.1,6,9.559500000000003,9.875739676953458,9.776,9.737079892317821,9.737079892317821,9.583148556469432
002,2014-10-04 19:12:03,11.0,6,8.580500000000006,8.642784982574483,8.8385,8.687261660858164,8.687261660858164,8.588973672516982
002,2014-10-04 19:17:03,10.8,6,8.95950000000001,8.42235845748223,9.388,8.923286152494079,8.92328615249408,8.482841512267537
002,2014-10-04 19:22:03,10.5,6,9.193500000000002,8.842860013554164,8.929,8.98845333785139,8.98845333785139,8.854517348840682
002,2014-10-04 19:27:03,10.1,6,11.715000000000005,13.950122742074651,11.925999999999998,12.53037424735822,12.53037424735822,11.757316953502404
002,2014-10-04 19:30:00,10.4,6,9.532500000000004,8.66532892674739,9.591999999999999,9.263276308915797,9.263276308915799,8.75665108825952
002,2014-10-04 19:32:03,9.7,6,9.378999999999998,9.224285643450024,9.487,9.363428547816675,9.363428547816675,9.24155252381067
002,2014-10-04 19:37:03,9.2,6,10.573500000000001,10.323211342378508,10.7755,10.557403780792837,10.557403780792837,10.35141761653489
002,2014-10-04 19:42:03,8.8,6,10.534500000000005,11.228467843621013,10.683500000000002,10.815489281207007,10.815489281207007,10.555538698275864
002,2014-10-04 19:47:03,8.5,6,10.780500000000009,8.83445579754497,10.836500000000003,10.150485265848326,10.15048526584833,9.038619298759144
002,2014-10-04 19:52:03,8.2,6,9.059000000000001,9.294273555189676,9.268500000000001,9.207257851729892,9.207257851729894,9.081176525192213
002,2014-10-04 19:57:03,7.9,6,9.805500000000007,10.301271285458611,9.848000000000003,9.984923761819541,9.984923761819541,9.814479245359188
002,2014-10-04 20:02:03,7.6,6,9.402000000000001,9.379220638643012,9.4835,9.421573546214338,9.421573546214338,9.3824189132479
002,2014-10-04 20:07:03,7.3,6,6.770999999999998,4.885650214705843,6.712499999999999,6.123050071568613,6.123050071568613,5.0773680841489
001,2014-10-01 19:14:00,10.3,7,6.974000000000002,6.907445883256613,7.125,7.002148627752205,7.002148627752206,6.915919060748712
001,2014-10-01 19:19:00,9.9,7,7.699999999999994,7.541617517114693,7.780999999999999,7.674205839038229,7.67420583903823,7.558998172604303
001,2014-10-01 19:23:00,9.4,7,9.4795,9.30145941384219,9.427999999999999,9.402986471280729,9.40298647128073,9.315213633359875
001,2014-10-01 19:24:00,9.8,7,8.397999999999998,8.48044665594245,8.508999999999999,8.462482218647482,8.462482218647484,8.406911456629832
001,2014-10-01 19:29:00,9.6,7,7.805500000000002,7.717826319324924,7.84,7.787775439774975,7.787775439774975,7.7273441162877345
001,2014-10-01 19:34:00,9.4,7,8.609000000000002,8.17624935250317,8.643500000000001,8.476249784167726,8.476249784167726,8.221870583573306
001,2014-10-01 19:39:00,9.2,7,6.955500000000001,7.16366145036523,7.0285,7.049220483455077,7.049220483455078,6.964489187982139
001,2014-10-01 19:44:00,8.9,7,7.651500000000003,8.150906753612993,7.477999999999998,7.7601355845376645,7.760135584537665,7.501146382584312
001,2014-10-01 19:49:00,8.7,7,9.131500000000004,8.839489878093383,9.155,9.041996626031128,9.04199662603113,8.870276231004667
001,2014-10-01 19:54:00,8.4,7,7.365500000000002,7.980989631101769,7.396,7.580829877033924,7.580829877033924,7.374540937284905
001,2014-10-01 19:59:00,8.2,7,7.967000000000001,7.340863032590017,7.843000000000001,7.716954344196672,7.716954344196673,7.394638758409996
001,2014-10-01 20:04:00,8.0,7,8.887500000000001,8.773188693054827,8.952,8.870896231018277,8.870896231018277,8.785793432865999
001,2014-10-01 20:09:00,7.9,7,7.526,8.066138930749132,7.678999999999999,7.75704631024971,7.757046310249711,7.545878906324044
001,2014-10-01 20:14:00,7.9,7,7.7340000000000035,8.337224094150843,7.7825000000000015,7.9512413647169495,7.9512413647169495,7.744621519211463
001,2014-10-01 20:19:00,7.8,7,10.559000000000005,9.618136802676313,10.613500000000002,10.263545600892106,10.263545600892108,9.717118950659383
001,2014-10-01 20:24:00,7.8,7,10.105500000000006,9.49982435689964,10.439,10.014774785633216,10.014774785633216,9.566527743588804
001,2014-10-01 20:29:00,7.7,7,6.4935,7.347226297427211,6.507999999999999,6.782908765809069,6.78290876580907,6.503409315240544
001,2014-10-01 20:34:00,7.5,7,8.146000000000011,8.10289689106657,8.1475,8.132132297022194,8.132132297022194,8.107421523417669
001,2014-10-01 20:39:00,7.5,7,7.367500000000003,6.770218682740586,7.076499999999999,7.071406227580195,7.071406227580197,6.805173149393415
001,2014-10-01 20:44:00,7.5,7,7.381000000000003,7.478503528487011,7.525500000000001,7.461667842829005,7.461667842829006,7.391671202567614
001,2014-10-01 20:49:00,7.6,7,7.431500000000003,8.205681551905775,7.4025,7.67989385063526,7.67989385063526,7.413275920051605
001,2014-10-01 20:54:00,7.8,7,8.188500000000003,8.628230456266254,8.326,8.380910152088752,8.380910152088752,8.205908145018718
001,2014-10-01 20:59:00,8.0,7,8.415000000000001,7.738706919401674,8.5575,8.237068973133892,8.237068973133892,7.810888605649102
001,2014-10-01 21:04:00,8.2,7,7.704500000000003,7.1264133801473735,7.610500000000002,7.480471126715792,7.480471126715793,7.178000601093633
001,2014-10-01 21:09:00,8.3,7,7.264000000000001,7.220123079190174,7.3465,7.2768743597300585,7.276874359730059,7.225538671062703
001,2014-10-01 21:14:00,8.3,7,8.131000000000006,8.75729547073587,8.425999999999998,8.438098490245292,8.438098490245293,8.165177121503987
001,2014-10-01 21:19:00,8.3,7,8.062000000000005,7.714647956881677,8.0465,7.9410493189605615,7.9410493189605615,7.7495227426803375
001,2014-10-01 21:24:00,8.2,7,7.265500000000006,6.692834484662447,7.4225,7.126944828220817,7.126944828220818,6.754319210032123
001,2014-10-01 21:29:00,8.0,7,7.598499999999999,7.2915155119394015,7.706,7.532005170646467,7.5320051706464675,7.324708547341024
001,2014-10-01 21:34:00,7.9,7,7.788,8.122501699135059,7.937499999999997,7.949333899711686,7.949333899711687,7.805491348978114
001,2014-10-01 21:39:00,7.8,7,7.899500000000001,8.051072175913497,7.8965,7.949024058637832,7.949024058637833,7.898329594641809
001,2014-10-01 21:44:00,7.6,7,8.844000000000001,7.956232415614026,8.752,8.517410805204676,8.517410805204676,8.04040903749822
001,2014-10-01 21:49:00,7.5,7,7.102000000000004,6.702330431347808,7.1244999999999985,6.97627681044927,6.976276810449271,6.744370577891594
001,2014-10-01 21:54:00,7.4,7,8.129,7.2101087005564155,8.219000000000001,7.852702900185473,7.852702900185473,7.3071470542309775
001,2014-10-01 21:59:00,7.5,7,7.299000000000007,6.968037687456402,7.332000000000002,7.199679229152136,7.199679229152137,7.002994385821631
001,2014-10-01 22:04:00,7.6,7,8.798000000000007,9.338483002606292,8.8815,9.0059943342021,9.005994334202102,8.811305958593925
001,2014-10-01 22:09:00,7.8,7,8.001000000000001,7.702863559611958,7.716499999999999,7.8067878532039865,7.806787853203987,7.707135262563307
001,2014-10-01 22:14:00,8.0,7,9.298000000000004,9.239248747911814,8.900000000000002,9.145749582637274,9.145749582637276,8.93608117333816
001,2014-10-01 22:19:00,8.3,7,7.455000000000002,7.062839389811351,7.457999999999999,7.325279796603784,7.325279796603785,7.103898916875517
001,2014-10-02 10:59:00,14.4,7,8.036000000000008,7.5102312591620315,8.394499999999999,7.980243753054013,7.9802437530540145,7.56882444259822
001,2014-10-02 11:04:00,14.4,7,9.855500000000005,9.563760252019996,9.8935,9.770920084006667,9.770920084006669,9.59466331725003
001,2014-10-02 11:09:00,14.3,7,6.8995,7.034708796941556,6.8185,6.917569598980518,6.91756959898052,6.828326655801708
001,2014-10-02 11:14:00,14.2,7,9.614500000000003,8.872927072975619,9.369000000000002,9.285475690991873,9.285475690991875,8.927283352850097
001,2014-10-02 11:19:00,14.1,7,9.521500000000003,9.70987696965793,9.364999999999998,9.532125656552644,9.532125656552646,9.383257471742922
001,2014-10-02 11:24:00,14.2,7,10.706000000000007,10.677088157884642,10.792499999999997,10.725196052628215,10.725196052628217,10.680978038960728
001,2014-10-02 11:29:00,14.3,7,8.989000000000003,9.133644274527438,9.3095,9.144048091509147,9.144048091509148,9.00589186239097
001,2014-10-02 11:34:00,14.4,7,10.142499999999991,10.27072832126442,10.265499999999998,10.226242773754803,10.226242773754805,10.155421071402413
001,2014-10-02 11:39:00,14.5,7,9.73300000000001,8.527541652557119,9.682,9.314180550852377,9.314180550852377,8.648836042371476
001,2014-10-02 11:44:00,14.7,7,7.179500000000001,8.33556461421092,7.3195,7.611521538070306,7.611521538070308,7.204308047333727
001,2014-10-02 11:49:00,14.7,7,9.287500000000005,8.960172614892016,9.203,9.150224204964006,9.150224204964008,8.986423258677647
001,2014-10-02 11:54:00,14.7,7,7.570499999999999,7.462344153056385,7.639500000000001,7.557448051018795,7.557448051018796,7.474349882209259
001,2014-10-02 11:59:00,14.6,7,9.84750000000001,9.747316252988664,9.6335,9.742772084329559,9.742772084329559,9.64640978261048
001,2014-10-02 12:04:00,14.4,7,9.27200000000001,8.651172690744096,9.3765,9.099890896914701,9.099890896914703,8.71717130981113
001,2014-10-02 12:09:00,14.3,7,8.082000000000003,8.781775933966365,7.886999999999998,8.250258644655455,8.250258644655455,7.914399496713701
001,2014-10-02 12:14:00,14.0,7,8.243500000000001,8.012774285994489,8.3185,8.19159142866483,8.19159142866483,8.03766380098207
001,2014-10-02 12:19:00,13.8,7,10.69100000000001,9.059683298173555,10.35,10.033561099391187,10.03356109939119,9.19809177242998
001,2014-10-02 12:24:00,13.5,7,8.909500000000008,8.972084973634919,9.2155,9.03236165787831,9.03236165787831,8.918482058959352
001,2014-10-02 12:29:00,13.4,7,9.22550000000001,8.938815964617353,9.4395,9.201271988205788,9.20127198820579,8.97095007948508
001,2014-10-02 12:34:00,13.3,7,9.270500000000006,8.167969105793704,9.117,8.85182303526457,8.851823035264571,8.268795793298569
001,2014-10-02 12:39:00,13.2,7,9.802500000000002,11.507768538833343,9.782,10.364089512944448,10.36408951294445,9.80119748341996
001,2014-10-02 12:44:00,13.0,7,8.719500000000002,9.24076245111602,8.875499999999999,8.945254150372007,8.945254150372008,8.739474014410392
001,2014-10-02 12:49:00,12.8,7,9.272500000000003,8.119010861711908,9.244499999999999,8.878670287237304,8.878670287237304,8.237044368464165
001,2014-10-02 12:54:00,12.6,7,8.141000000000002,8.187402444251648,8.027499999999998,8.118634148083883,8.118634148083883,8.039838881837147
001,2014-10-02 12:59:00,12.3,7,8.636000000000003,9.366981027723792,8.7965,8.933160342574597,8.933160342574599,8.658497009500486
001,2014-10-02 13:04:00,12.1,7,9.171499999999998,8.971468200598146,9.1105,9.08448940019938,9.084489400199383,8.986624304485511
001,2014-10-02 13:09:00,11.9,7,9.15650000000001,8.65614031900718,9.175499999999998,8.996046773002396,8.996046773002398,8.708680097490127
001,2014-10-02 13:14:00,11.8,7,9.642500000000004,9.731128198258146,9.502,9.625209399419383,9.625209399419385,9.517585995321312
001,2014-10-02 13:19:00,11.7,7,8.778000000000002,8.028961976691567,8.6955,8.500820658897188,8.50082065889719,8.099523046954907
001,2014-10-02 13:24:00,11.5,7,8.904000000000007,7.892942307224847,8.840500000000002,8.545814102408285,8.545814102408286,7.992714862069726
001,2014-10-02 13:29:00,11.4,7,10.093000000000007,9.058098874391636,10.090499999999999,9.747199624797213,9.747199624797215,9.166138113516386
001,2014-10-02 13:34:00,11.2,7,8.643500000000003,8.510938218857632,8.6375,8.59731273961921,8.597312739619213,8.524239655885617
001,2014-10-02 13:39:00,11.0,7,8.222000000000001,8.328254355180503,8.132,8.227418118393501,8.227418118393503,8.14247873003213
001,2014-10-02 13:44:00,10.8,7,9.290000000000006,8.794287828828379,9.525500000000001,9.203262609609462,9.203262609609462,8.848506364876375
001,2014-10-02 13:49:00,10.6,7,8.664000000000001,8.78950572493579,8.827,8.760168574978598,8.760168574978598,8.677505890643351
001,2014-10-02 13:54:00,10.4,7,10.144000000000004,9.745617825068305,10.099000000000002,9.996205941689437,9.996205941689439,9.783040185712528
001,2014-10-02 13:59:00,10.2,7,7.7520000000000024,7.838759293262463,7.777000000000003,7.789253097754155,7.789253097754156,7.755233200288271
001,2014-10-02 14:04:00,10.1,7,10.840499999999999,10.885657762692942,10.624499999999998,10.783552587564314,10.783552587564314,10.647550425179709
001,2014-10-02 14:09:00,10.1,7,8.814,9.311664463398255,8.743500000000001,8.956388154466085,8.956388154466087,8.755852657376904
001,2014-10-02 14:14:00,10.2,7,8.003500000000003,8.534758350964927,8.174999999999999,8.237752783654976,8.237752783654978,8.025040649969382
001,2014-10-02 14:19:00,10.3,7,10.172000000000006,9.526923728183101,9.802000000000001,9.833641242727703,9.833641242727705,9.559403388980222
001,2014-10-02 14:24:00,10.4,7,8.716000000000006,8.332707656135705,8.761500000000002,8.603402552045237,8.603402552045239,8.373264347094679
001,2014-10-02 14:29:00,10.6,7,7.711,7.897917691874004,7.7115,7.773472563958002,7.773472563958002,7.712916489065851
001,2014-10-02 14:34:00,10.7,7,8.623000000000001,8.56898176636636,8.789000000000001,8.660327255455455,8.660327255455455,8.576293385935603
001,2014-10-02 14:39:00,10.8,7,10.992000000000008,10.857308376799788,11.043500000000002,10.964269458933266,10.964269458933266,10.871915392815241
001,2014-10-02 14:44:00,10.9,7,9.39800000000001,10.859251927742426,9.445500000000001,9.90091730924748,9.90091730924748,9.417107173253157
001,2014-10-02 14:49:00,11.0,7,9.701000000000008,8.954063422242266,9.607499999999998,9.420854474080757,9.420854474080759,9.023363763011524
001,2014-10-02 14:54:00,11.2,7,8.687500000000007,9.095600807495279,8.368,8.71703360249843,8.71703360249843,8.405508470080113
001,2014-10-02 14:59:00,11.3,7,8.145500000000004,7.843203711014915,7.888,7.958901237004973,7.958901237004974,7.850465491133914
001,2014-10-02 15:04:00,11.3,7,8.615499999999997,8.313878201108087,8.683,8.537459400369363,8.537459400369363,8.346110168940283
001,2014-10-02 15:09:00,11.3,7,8.752000000000008,9.095596136428654,8.6725,8.840032045476221,8.840032045476221,8.684253592755239
001,2014-10-02 15:14:00,11.2,7,8.713000000000008,9.004335376174874,9.064,8.927111792058293,8.927111792058296,8.744077404353575
001,2014-10-02 15:19:00,11.0,7,9.30150000000001,7.971138202334591,9.233000000000002,8.835212734111535,8.835212734111535,8.103844602325902
001,2014-10-02 15:24:00,10.9,7,8.468000000000002,7.418023236312355,8.534500000000001,8.14017441210412,8.140174412104122,7.528541314166722
001,2014-10-02 15:29:00,10.7,7,7.744500000000006,8.5559696234406,7.689,7.9964898744802015,7.996489874480203,7.702921344563938
001,2014-10-02 15:34:00,10.5,7,8.642500000000002,8.868789223379334,8.668,8.726429741126445,8.726429741126447,8.64717581173655
001,2014-10-02 15:39:00,10.3,7,8.227000000000006,8.840228626877696,8.321000000000002,8.462742875625901,8.462742875625903,8.242026969926009
001,2014-10-02 15:44:00,10.1,7,7.3660000000000005,7.394336876749065,7.366500000000001,7.375612292249689,7.37561229224969,7.366330680914602
001,2014-10-02 15:49:00,9.9,7,7.228,8.840999518285985,7.1800000000000015,7.749666506095328,7.74966650609533,7.201151961305699
001,2014-10-02 15:54:00,9.9,7,7.843000000000004,7.869955182440569,7.758500000000001,7.823818394146858,7.823818394146859,7.767610304686489
001,2014-10-02 15:59:00,9.8,7,10.047,9.556370421207522,10.2315,9.944956807069174,9.944956807069175,9.609547194615011
001,2014-10-02 16:04:00,9.8,7,8.109000000000007,7.767287140732072,7.9845000000000015,7.95359571357736,7.953595713577362,7.791257882829756
001,2014-10-02 16:09:00,9.7,7,7.416500000000006,7.080090753398224,7.213500000000002,7.236696917799411,7.236696917799411,7.096078601667136
001,2014-10-02 16:14:00,9.7,7,7.3735,7.826190657595083,7.321500000000001,7.507063552531695,7.5070635525316955,7.331467369875694
001,2014-10-02 16:19:00,9.5,7,7.071500000000003,7.842533437603075,6.996500000000001,7.3035111458676925,7.303511145867694,7.012057156442969
001,2014-10-02 16:24:00,9.5,7,9.275000000000006,11.235025145857534,9.533999999999999,10.01467504861918,10.01467504861918,9.319107943663074
001,2014-10-02 16:29:00,9.4,7,11.290000000000006,10.609889973238506,11.372500000000002,11.090796657746173,11.090796657746173,10.681871004784352
001,2014-10-02 16:34:00,9.2,7,9.570000000000006,8.770357954107652,9.362,9.234119318035887,9.234119318035887,8.834338085593478
001,2014-10-02 16:39:00,9.1,7,9.457000000000003,9.441511728093621,9.73,9.542837242697875,9.542837242697875,9.445862177610602
001,2014-10-02 16:44:00,9.0,7,10.24900000000001,9.855766566896948,10.123999999999999,10.076255522298984,10.076255522298986,9.88508030052313
001,2014-10-02 16:49:00,8.9,7,9.984500000000004,10.462331533455849,9.961000000000002,10.135943844485285,10.135943844485286,9.968236986248865
001,2014-10-02 16:50:00,9.4,7,8.270000000000005,8.159661408035836,8.293999999999999,8.24122046934528,8.241220469345281,8.17144550534596
001,2014-10-02 16:54:00,8.8,7,8.507,8.581491760961452,8.7445,8.610997253653819,8.610997253653817,8.516423730306615
001,2014-10-02 16:59:00,8.7,7,10.1125,10.223328091760521,9.938,10.09127603058684,10.091276030586842,9.957365220260014
001,2014-10-02 17:04:00,8.8,7,9.649000000000003,9.844167234480953,9.601999999999999,9.698389078160318,9.698389078160318,9.60886901417342
001,2014-10-02 17:09:00,8.9,7,7.443000000000005,7.876322792119444,7.6465000000000005,7.655274264039817,7.655274264039817,7.466589271796158
001,2014-10-02 17:14:00,9.2,7,8.735999999999997,8.702245941922532,8.5545,8.664248647307511,8.664248647307511,8.570295355479152
001,2014-10-02 17:19:00,9.5,7,8.205500000000002,8.476071370085378,8.1855,8.289023790028459,8.28902379002846,8.190298199585367
001,2014-10-02 17:24:00,9.9,7,8.354500000000002,8.468462664320757,8.286499999999998,8.36982088810692,8.36982088810692,8.294754078650561
001,2014-10-02 17:29:00,10.4,7,8.762,8.47385424734175,8.867,8.700951415780583,8.700951415780585,8.505051293347794
001,2014-10-02 17:34:00,10.8,7,8.446000000000005,8.355773803998991,8.393,8.398257934666333,8.398257934666333,8.360198568482307
001,2014-10-02 17:39:00,11.3,7,8.169000000000002,8.853929919963043,8.1,8.374309973321017,8.374309973321017,8.114068375501212
001,2014-10-02 17:44:00,11.9,7,8.066500000000008,8.76307074182518,8.0325,8.287356913941728,8.28735691394173,8.043022933421929
001,2014-10-02 17:49:00,12.4,7,7.856999999999996,8.61462925331973,7.8805000000000005,8.117376417773242,8.117376417773242,7.866799963447498
001,2014-10-02 17:54:00,12.8,7,7.801500000000005,8.229195314101675,7.742999999999999,7.92456510470056,7.9245651047005605,7.753397474353227
001,2014-10-02 17:59:00,13.1,7,8.201,8.788334561722332,8.555000000000001,8.514778187240777,8.514778187240779,8.240370345773174
001,2014-10-02 18:04:00,13.3,7,9.732,11.196190349065796,9.7185,10.215563449688597,10.2155634496886,9.734554331462704
001,2014-10-02 18:09:00,13.4,7,8.547999999999998,8.80451418371176,8.6745,8.675671394570585,8.675671394570587,8.562535115056685
001,2014-10-02 18:14:00,13.3,7,8.880500000000008,9.321834502674488,8.818999999999999,9.007111500891499,9.007111500891499,8.829847739121632
001,2014-10-02 18:19:00,13.2,7,9.677000000000001,8.162016665837497,9.642000000000001,9.1603388886125,9.1603388886125,8.317208877640276
001,2014-10-02 18:24:00,13.0,7,9.759,10.971924896086453,9.607000000000001,10.112641632028819,10.112641632028819,9.635032141683192
001,2014-10-02 18:29:00,12.8,7,6.523499999999999,8.048743764399731,6.462,7.011414588133243,7.011414588133244,6.4836868317388845
001,2014-10-02 18:34:00,12.5,7,8.2405,7.834508426614518,8.2395,8.10483614220484,8.10483614220484,7.876890384147391
001,2014-10-02 18:39:00,12.2,7,6.9985,6.879583471992534,7.060499999999998,6.979527823997511,6.979527823997511,6.8926450298071025
001,2014-10-02 18:44:00,11.9,7,9.5305,8.290847181120395,9.6965,9.172615727040132,9.172615727040133,8.422204982380764
001,2014-10-02 18:49:00,11.6,7,6.840500000000005,7.419037831739192,6.9125,7.057345943913066,7.057345943913067,6.853098327501655
001,2014-10-02 18:54:00,11.4,7,8.064000000000004,8.573642561355895,8.128999999999998,8.255547520451964,8.255547520451968,8.07524700473824
001,2014-10-02 18:59:00,11.2,7,8.3805,8.08339570004569,8.502500000000001,8.322131900015231,8.322131900015231,8.115700027739875
001,2014-10-02 19:04:00,11.1,7,9.653000000000008,8.820554758932623,10.0225,9.49868491964421,9.49868491964421,8.911343754760967
001,2014-10-02 19:09:00,11.1,7,8.433,8.361720962796907,8.263499999999999,8.352740320932304,8.352740320932302,8.274489089282838
001,2014-10-02 19:14:00,11.0,7,9.41400000000001,9.32500785325768,9.424,9.38766928441923,9.38766928441923,9.334418593802237
001,2014-10-02 19:19:00,11.0,7,10.223000000000006,8.94792931913433,10.187,9.785976439711446,9.785976439711446,9.077926214615848
001,2014-10-02 19:24:00,10.9,7,9.301000000000004,9.038015344593152,9.267000000000001,9.202005114864386,9.202005114864386,9.062312702553642
001,2014-10-02 19:28:00,11.0,7,10.946000000000002,10.123656005420898,10.720500000000001,10.596718668473633,10.596718668473635,10.188355387116674
001,2014-10-02 19:29:00,10.8,7,8.471,9.074765073905917,8.622,8.72258835796864,8.72258835796864,8.49132591916716
001,2014-10-02 19:34:00,10.7,7,9.21350000000001,9.240301207273882,9.1165,9.190100402424632,9.190100402424632,9.126916568612645
001,2014-10-02 19:39:00,10.5,7,8.301499999999997,8.684414481321449,8.387000000000002,8.457638160440482,8.457638160440483,8.31341952196952
001,2014-10-02 19:44:00,10.5,7,8.994000000000003,9.051980517001374,8.868,8.97132683900046,8.97132683900046,8.881762466242469
001,2014-10-02 19:49:00,10.5,7,8.735500000000009,8.319761275203886,8.408999999999999,8.488087091734632,8.488087091734632,8.332362813803293
001,2014-10-02 19:54:00,10.6,7,10.7315,9.315172009339465,10.268999999999998,10.105224003113156,10.105224003113156,9.419590589675186
001,2014-10-02 19:59:00,10.8,7,8.365499999999999,8.426798378833373,8.3335,8.375266126277792,8.375266126277792,8.337460961203558
001,2014-10-02 20:04:00,11.2,7,10.552500000000004,9.415189067837145,10.6175,10.195063022612382,10.195063022612384,9.534829421430032
001,2014-10-02 20:09:00,11.7,7,8.312499999999995,8.746200688831621,8.499999999999998,8.519566896277205,8.519566896277206,8.334579062055656
001,2014-10-02 20:14:00,12.3,7,8.396999999999998,7.660329051544346,8.300999999999998,8.119443017181448,8.119443017181448,7.728318797357526
001,2014-10-02 20:19:00,13.2,7,9.001000000000007,8.561707605078801,9.058,8.873569201692936,8.873569201692936,8.608238261856217
001,2014-10-02 20:24:00,14.1,7,8.304,7.984047169508611,8.28,8.18934905650287,8.189349056502872,8.015251025522915
001,2014-10-02 20:29:00,15.0,7,8.605500000000008,8.241577586207528,8.3965,8.414525862069178,8.41452586206918,8.25987623441033
001,2014-10-02 20:34:00,15.9,7,8.3065,10.318515607329203,8.311,8.978671869109734,8.978671869109736,8.327045965397305
001,2014-10-02 20:39:00,16.7,7,9.718,9.334501627294632,9.730500000000001,9.594333875764876,9.594333875764878,9.374749873875693
001,2014-10-02 20:44:00,17.3,7,11.688000000000002,11.45212673727239,11.360500000000002,11.500208912424133,11.500208912424133,11.372445115346617
001,2014-10-02 20:49:00,17.7,7,7.399500000000002,7.946674614135111,7.0905,7.478891538045037,7.478891538045039,7.128300653057138
001,2014-10-02 20:54:00,17.9,7,9.305500000000002,6.340741436021061,9.1435,8.263247145340355,8.263247145340356,6.63559807266283
001,2014-10-02 20:59:00,18.0,7,9.131500000000006,8.977655211259048,9.1605,9.089885070419685,9.089885070419687,8.994041113701394
001,2014-10-02 21:04:00,18.0,7,10.386500000000005,9.97212798344671,10.361999999999998,10.240209327815572,10.240209327815572,10.013163068017004
001,2014-10-02 21:09:00,18.0,7,7.0975,7.249152855604957,7.199,7.181884285201652,7.181884285201653,7.108620894419972
001,2014-10-02 21:14:00,18.0,7,9.246000000000004,8.6766196651751,9.46,9.127539888391702,9.127539888391702,8.738330680852235
001,2014-10-02 21:19:00,18.0,7,8.482500000000005,8.195535112556744,8.434,8.370678370852248,8.37067837085225,8.22096933310314
001,2014-10-02 21:24:00,17.9,7,7.677500000000004,8.50825626346847,8.056999999999999,8.08091875448949,8.080918754489492,7.721717482293398
001,2014-10-02 21:29:00,17.7,7,9.052500000000004,9.103918650750636,9.471499999999999,9.209306216916879,9.20930621691688,9.061555453537324
001,2014-10-02 21:34:00,17.5,7,7.575499999999998,8.952477502821017,7.419,7.982325834273673,7.982325834273672,7.4491434770745535
001,2014-10-02 21:39:00,17.2,7,8.486000000000006,8.7701737258595,8.920500000000002,8.725557908619836,8.725557908619837,8.517234738246989
001,2014-10-03 06:39:01,2.2,7,9.545500000000002,8.596992498642727,9.604499999999998,9.248997499547576,9.248997499547578,8.69681942654016
001,2014-10-03 06:44:01,2.2,7,9.082,9.231687920633219,9.165,9.159562640211073,9.159562640211075,9.091350695627076
001,2014-10-03 06:49:01,2.2,7,7.443,8.339348056508326,7.6815,7.8212826855027755,7.821282685502776,7.474531374737947
001,2014-10-03 06:54:01,2.2,7,7.451499999999998,7.90992241498701,7.333000000000001,7.564807471662337,7.564807471662337,7.3499822030156325
001,2014-10-03 06:59:01,2.2,7,10.762500000000006,11.327786704874715,11.081,11.057095568291572,11.057095568291574,10.798290704759683
001,2014-10-03 07:04:01,2.2,7,8.672999999999996,8.5786542515917,8.7005,8.650718083863898,8.6507180838639,8.588800108932126
001,2014-10-03 07:09:01,2.2,7,7.225500000000002,7.315343031970578,7.262500000000001,7.2677810106568606,7.267781010656861,7.229899529206062
001,2014-10-03 07:14:01,2.2,7,8.705499999999999,8.686155844887878,8.522999999999998,8.638218614962625,8.638218614962627,8.540263506671334
001,2014-10-03 07:19:01,2.2,7,10.817500000000004,9.574148077509939,10.973000000000003,10.454882692503315,10.454882692503316,9.70578789487482
001,2014-10-03 07:24:01,2.2,7,10.306000000000006,8.521356759037547,10.036999999999999,9.621452253012517,9.621452253012519,8.68261986342143
001,2014-10-03 07:29:01,2.2,7,7.769500000000004,9.019630057217974,7.7655,8.184876685739326,8.184876685739328,7.7784197977490805
001,2014-10-03 07:34:01,2.2,7,6.722999999999997,8.22112056513328,6.795999999999999,7.246706855044425,7.246706855044426,6.744888779129814
001,2014-10-03 07:39:01,2.2,7,8.710999999999999,8.681894228993524,8.664,8.685631409664508,8.68563140966451,8.666163228789225
001,2014-10-03 07:44:01,2.2,7,7.736999999999998,7.9578548654549355,7.767500000000001,7.820784955151645,7.8207849551516455,7.742094589628434
001,2014-10-03 07:49:01,2.2,7,8.564500000000002,8.957848124966445,8.55,8.69078270832215,8.690782708322152,8.555450533515938
001,2014-10-03 07:54:01,2.2,7,7.586000000000004,7.417946634628344,7.496999999999999,7.500315544876116,7.500315544876116,7.427107537186529
001,2014-10-03 07:59:01,2.3,7,8.788000000000002,8.505710177747423,8.917,8.736903392582475,8.736903392582477,8.536534551167739
001,2014-10-03 08:04:01,2.3,7,7.713000000000003,7.767949323612341,7.495000000000001,7.658649774537448,7.658649774537449,7.518357589377358
001,2014-10-03 08:09:01,2.2,7,8.482499999999996,8.317425244073217,8.4575,8.419141748024405,8.419141748024405,8.332330466550912
001,2014-10-03 08:14:01,2.2,7,8.839999999999998,8.83125089205625,8.830500000000002,8.83391696401875,8.833916964018751,8.830666052630862
001,2014-10-03 08:19:01,2.2,7,9.503500000000004,9.312180818948995,9.92,9.578560272983,9.578560272983001,9.336362453238323
001,2014-10-03 08:24:01,2.2,7,7.1155,7.350375987097384,7.123999999999999,7.196625329032461,7.196625329032462,7.118653066371891
001,2014-10-03 08:29:01,2.2,7,8.205000000000005,8.753067810771517,8.225,8.394355936923843,8.394355936923843,8.212373163992234
001,2014-10-03 08:34:01,2.2,7,7.8490000000000055,8.74314749209967,8.195,8.26238249736656,8.26238249736656,7.890681480723146
001,2014-10-03 08:39:01,2.2,7,10.330000000000007,8.677980547116153,10.2935,9.767160182372054,9.767160182372056,8.847368129682264
001,2014-10-03 08:44:01,2.2,7,7.694000000000004,8.008640849079027,7.735000000000001,7.812546949693011,7.8125469496930116,7.701026004554052
001,2014-10-03 08:49:01,2.2,7,8.286000000000001,8.37439365731292,8.1395,8.266631219104307,8.266631219104308,8.155711395677214
001,2014-10-03 08:54:01,2.2,7,8.474999999999998,8.365717091488625,8.4245,8.421739030496207,8.421739030496209,8.372372211804167
001,2014-10-03 08:59:01,2.3,7,7.3385,7.62737866738629,7.439,7.4682928891287625,7.468292889128763,7.350898528243558
001,2014-10-03 09:04:01,2.5,7,11.00100000000001,11.320473092674334,11.3245,11.215324364224783,11.215324364224783,11.034464915918466
001,2014-10-03 09:09:01,2.8,7,7.372999999999998,7.419420364487411,7.2665,7.352973454829137,7.352973454829137,7.278106690979925
001,2014-10-03 09:14:01,3.1,7,9.264,8.540949983535047,9.152000000000001,8.985649994511682,8.985649994511684,8.606000660244387
001,2014-10-03 09:19:01,3.4,7,8.7015,9.195845655174953,8.689499999999999,8.862281885058318,8.862281885058318,8.695698948082455
001,2014-10-03 09:24:01,3.5,7,8.145500000000002,8.699161442030723,8.2385,8.361053814010242,8.361053814010242,8.15983667378331
001,2014-10-03 09:29:01,3.6,7,8.842000000000008,8.422955260765848,8.9135,8.726151753588619,8.72615175358862,8.467512520857277
001,2014-10-03 09:34:01,3.5,7,8.394500000000006,8.430042523305566,8.462499999999999,8.42901417443519,8.429014174435192,8.398543186182797
001,2014-10-03 09:39:01,3.4,7,10.19700000000001,10.383088725018876,10.386500000000002,10.322196241672962,10.322196241672964,10.216503514268306
001,2014-10-03 09:44:01,3.4,7,8.415000000000004,8.795135977054684,8.449000000000002,8.553045325684897,8.553045325684897,8.422018585774227
001,2014-10-03 09:49:01,3.3,7,8.465000000000005,8.799589437337596,8.2725,8.5123631457792,8.512363145779203,8.295986071011852
001,2014-10-03 09:54:01,3.3,7,7.570000000000006,8.51918420052852,7.576000000000001,7.888394733509508,7.88839473350951,7.580059587770642
001,2014-10-03 09:59:01,3.4,7,7.807500000000004,8.213027705984514,7.961500000000001,7.994009235328172,7.994009235328174,7.8261274183706275
001,2014-10-03 10:04:01,3.5,7,8.748499999999998,7.945654714795417,8.571,8.421718238265138,8.42171823826514,8.01285602390741
001,2014-10-03 10:09:01,3.7,7,7.789999999999999,8.73029974073312,7.903,8.141099913577706,8.141099913577706,7.8100955426548495
001,2014-10-03 10:10:00,4.0,7,7.549000000000001,8.779544713196877,7.608,7.978848237732293,7.978848237732294,7.566888280491293
001,2014-10-03 10:14:01,3.8,7,9.022999999999996,8.993601121264795,8.752,8.922867040421599,8.922867040421599,8.777571335583854
001,2014-10-03 10:19:01,3.9,7,7.912999999999991,8.555806966827294,7.957499999999999,8.142102322275763,8.142102322275761,7.9236388507613125
001,2014-10-03 10:24:01,4.1,7,9.09900000000001,9.510511907309258,9.1215,9.243670635769755,9.243670635769757,9.10524416569318
001,2014-10-03 10:29:01,4.2,7,7.793500000000002,9.578735515356747,7.7175,8.363245171785584,8.363245171785584,7.74330380151473
001,2014-10-03 10:34:01,4.4,7,10.776999999999997,11.372216199390095,10.4475,10.865572066463365,10.865572066463365,10.487925866941316
001,2014-10-03 10:39:01,4.8,7,7.6705000000000005,7.8313182994189265,7.803999999999999,7.768606099806309,7.76860609980631,7.684740526273339
001,2014-10-03 10:44:01,5.2,7,7.032000000000003,7.775229730117551,6.8915,7.232909910039184,7.232909910039185,6.913632010639906
001,2014-10-03 10:49:01,5.6,7,7.049000000000006,9.390733643890218,6.88,7.773244547963408,7.773244547963409,6.92109884216307
001,2014-10-03 10:54:01,6.1,7,8.60500000000001,5.956813688242917,8.8925,7.818104562747642,7.818104562747643,6.236753312089074
001,2014-10-03 10:59:01,6.5,7,8.054000000000004,7.8938480798221455,8.0145,7.987449359940716,7.987449359940717,7.906866201817746
001,2014-10-03 11:04:01,7.0,7,7.4045,7.863836793096532,7.521,7.596445597698843,7.596445597698844,7.420117098208275
001,2014-10-03 11:09:01,7.5,7,7.538500000000002,8.363693309211682,7.771,7.891064436403894,7.891064436403895,7.5687520814996265
001,2014-10-03 11:14:01,8.0,7,7.636999999999997,8.704888761119536,7.733000000000001,8.024962920373179,8.024962920373179,7.656762819856873
001,2014-10-03 11:19:01,8.5,7,8.696000000000005,8.829547422052638,8.724,8.749849140684214,8.749849140684216,8.699984954458852
001,2014-10-03 11:24:01,8.9,7,8.183,8.913096511220642,8.228500000000002,8.441532170406882,8.441532170406884,8.19460637049948
001,2014-10-03 11:29:01,9.3,7,8.824500000000002,9.097753508335146,8.8605,8.927584502778382,8.927584502778384,8.830639009675481
001,2014-10-03 11:34:01,9.7,7,8.781,8.48754884042081,8.436,8.568182946806937,8.568182946806939,8.444327772642978
001,2014-10-03 11:39:01,9.9,7,8.5615,8.590760875446888,8.625499999999999,8.592586958482295,8.592586958482297,8.56490878968759
001,2014-10-03 11:44:01,10.1,7,8.133500000000003,7.55584120374191,8.13,7.9397804012473046,7.939780401247306,7.615947162573977
001,2014-10-03 11:49:01,10.2,7,12.051500000000015,13.035369070131114,11.866,12.317623023377044,12.317623023377045,11.895246497280203
001,2014-10-03 11:54:01,10.2,7,9.187000000000003,9.627790138731097,9.2995,9.3714300462437,9.3714300462437,9.202053134487718
001,2014-10-03 11:59:01,10.1,7,9.862500000000004,8.54420109788166,9.976999999999999,9.461233699293887,9.461233699293889,8.68327219009451
001,2014-10-03 12:04:01,10.0,7,7.659000000000003,8.391383687533391,7.501,7.850461229177799,7.8504612291777995,7.524854475363017
001,2014-10-03 12:09:01,9.9,7,8.054499999999999,8.423221807485108,8.3365,8.2714072691617,8.271407269161703,8.08487126904654
001,2014-10-03 12:14:01,9.8,7,8.465000000000002,8.571361743744774,8.2575,8.431287247914925,8.431287247914927,8.28027315848931
001,2014-10-03 12:19:01,9.7,7,9.607500000000007,9.375388622940653,9.2795,9.420796207646887,9.420796207646887,9.291853393270046
001,2014-10-03 12:24:01,9.5,7,8.438500000000003,8.284317863692953,8.268,8.330272621230986,8.330272621230987,8.271249066335217
001,2014-10-03 12:29:01,9.5,7,9.119500000000002,10.097165369529373,9.5205,9.579055123176458,9.57905512317646,9.16722099567986
001,2014-10-03 12:34:00,8.8,7,10.747499999999997,9.941603495281282,10.7175,10.468867831760427,10.468867831760427,10.023081119479782
001,2014-10-03 12:34:01,9.5,7,10.286000000000001,9.531916280037018,10.134,9.983972093345672,9.983972093345674,9.59642886430302
001,2014-10-03 12:39:01,9.5,7,8.363000000000005,7.534236289012123,8.4525,8.116578763004043,8.116578763004043,7.621840107354229
001,2014-10-03 12:44:01,9.7,7,7.927000000000005,8.69289112204518,7.900499999999999,8.173463707348395,8.173463707348397,7.910931455017434
001,2014-10-03 12:49:01,9.9,7,9.993500000000003,9.38648209282151,9.978000000000002,9.785994030940506,9.785994030940506,9.448524236382012
001,2014-10-03 12:54:01,10.2,7,9.164500000000006,9.495298250806197,8.847000000000001,9.168932750268736,9.168932750268736,8.88352619592477
001,2014-10-03 12:59:01,10.5,7,8.026,7.455842795887171,7.9635,7.8151142652957235,7.815114265295725,7.509581072576144
001,2014-10-03 13:04:01,10.9,7,8.877500000000003,9.164312041059356,8.881,8.97427068035312,8.97427068035312,8.880699305440384
001,2014-10-03 13:09:01,11.2,7,8.113000000000001,8.669857211057568,8.0755,8.286119070352521,8.286119070352525,8.084991983144043
001,2014-10-03 13:14:01,11.3,7,9.404000000000003,8.800666526031087,9.545000000000002,9.249888842010364,9.249888842010366,8.865199864927916
001,2014-10-03 13:19:01,11.4,7,8.707000000000004,8.443614553647638,8.480500000000001,8.54370485121588,8.543704851215882,8.449738667439457
001,2014-10-03 13:24:01,11.6,7,9.062000000000001,9.37567481813334,9.038,9.158558272711113,9.158558272711115,9.043647731242752
001,2014-10-03 13:29:01,11.8,7,10.334000000000012,9.77040124828082,10.2175,10.10730041609361,10.107300416093612,9.818343639628697
001,2014-10-03 13:34:01,12.0,7,9.265500000000008,8.869483000616535,8.783499999999998,8.97282766687218,8.972827666872181,8.796456080748756
001,2014-10-03 13:39:01,12.2,7,7.734999999999998,9.363600514855804,7.965500000000002,8.354700171618601,8.354700171618601,7.7730969049676135
001,2014-10-03 13:44:01,12.4,7,9.6575,9.685002168468694,9.900500000000001,9.747667389489566,9.747667389489566,9.662532373281028
001,2014-10-03 13:49:01,12.5,7,8.184000000000005,7.981114825762286,8.16,8.108371608587431,8.108371608587431,8.000070560864373
001,2014-10-03 13:54:01,12.5,7,8.0545,8.087105121300755,8.229,8.123535040433586,8.123535040433586,8.059330236591231
001,2014-10-03 13:59:01,12.6,7,9.207000000000004,9.427028413636089,9.138499999999999,9.257509471212032,9.257509471212032,9.147867048290829
001,2014-10-03 14:04:01,12.7,7,11.332,11.516686338867352,11.632,11.493562112955784,11.493562112955786,11.352475814468477
001,2014-10-03 14:09:01,12.8,7,9.327500000000008,9.140407827378155,9.3325,9.266802609126055,9.266802609126055,9.160032213893894
001,2014-10-03 14:14:01,13.0,7,8.377000000000002,8.391800691183052,8.07,8.279600230394351,8.279600230394353,8.102267665239166
001,2014-10-03 14:19:01,13.2,7,9.677000000000003,9.18361252464611,9.681999999999999,9.514204174882037,9.514204174882039,9.235282841034884
001,2014-10-03 14:24:01,13.4,7,9.552500000000007,8.898830322995364,9.658499999999998,9.369943440998457,9.369943440998457,8.968280051608815
001,2014-10-03 14:29:01,13.7,7,8.395999999999997,8.3723886482309,8.197500000000002,8.321962882743632,8.321962882743634,8.216033714906962
001,2014-10-03 14:34:01,13.9,7,8.870000000000006,9.161698333109722,8.754000000000001,8.928566111036577,8.928566111036577,8.769053401461296
001,2014-10-03 14:39:01,14.0,7,9.533500000000009,8.769940548903172,9.286499999999998,9.196646849634392,9.196646849634394,8.82645521689987
001,2014-10-03 14:44:01,14.2,7,7.939500000000004,8.935562848434127,8.174,8.349687616144712,8.349687616144712,7.971650025480306
001,2014-10-03 14:49:01,14.2,7,7.572500000000002,8.018304377322574,7.432500000000001,7.6744347924408585,7.67443479244086,7.4516054449648434
001,2014-10-03 14:54:01,14.1,7,8.778500000000005,7.359984903393986,8.649,8.262494967797997,8.262494967797998,7.496142198122862
001,2014-10-03 14:59:01,14.1,7,10.761000000000008,10.893490453791804,10.702500000000002,10.785663484597272,10.785663484597272,10.709945425750128
001,2014-10-03 15:04:01,14.1,7,8.249500000000008,8.839251373190534,8.009500000000001,8.366083791063515,8.366083791063515,8.040507344346109
001,2014-10-03 15:09:01,14.3,7,8.200500000000005,8.711795788944581,8.3105,8.407598596314863,8.407598596314863,8.216021630254293
001,2014-10-03 15:14:01,14.5,7,10.180000000000009,8.896027137243452,10.0805,9.718842379081154,9.718842379081154,9.020946774539032
001,2014-10-03 15:19:01,15.0,7,7.642500000000007,8.11514902328302,7.586499999999998,7.781383007761009,7.7813830077610096,7.597085450709475
001,2014-10-03 15:24:01,15.5,7,8.716000000000003,9.042472191476651,8.8315,8.863324063825551,8.863324063825551,8.730193827897853
001,2014-10-03 15:29:01,16.0,7,8.927500000000002,9.173854588775557,8.562999999999999,8.88811819625852,8.888118196258521,8.603599101133076
001,2014-10-03 15:34:01,16.6,7,8.105500000000001,8.799486436393138,8.0425,8.315828812131047,8.315828812131048,8.056031194900157
001,2014-10-03 15:39:01,17.2,7,8.828000000000003,9.201380698820829,8.6735,8.900960232940276,8.900960232940278,8.6933982604461
001,2014-10-03 15:44:01,17.6,7,9.562000000000005,11.679001302521009,9.7235,10.321500434173672,10.321500434173672,9.598451836542687
001,2014-10-03 15:49:01,18.0,7,8.857000000000005,10.25380094626864,8.934000000000001,9.34826698208955,9.34826698208955,8.87825408011808
001,2014-10-03 15:54:01,18.3,7,9.3315,7.4554843549324605,9.024,8.603661451644152,8.603661451644154,7.622664197279863
001,2014-10-03 15:59:01,18.7,7,9.505500000000007,9.564124434347976,9.484000000000002,9.517874811449328,9.51787481144933,9.486835666669334
001,2014-10-03 16:04:01,19.1,7,9.053,8.51135930920185,8.984000000000002,8.849453103067285,8.849453103067285,8.561499007899025
001,2014-10-03 16:09:01,19.6,7,8.741000000000005,9.047955827311789,8.6325,8.807151942437265,8.807151942437267,8.646921294196622
001,2014-10-03 16:14:01,20.2,7,8.631,8.068612727523842,8.4965,8.398704242507947,8.398704242507948,8.114725131414884
001,2014-10-03 16:19:01,20.9,7,9.201499999999996,9.803829799794151,9.109000000000002,9.37144326659805,9.371443266598051,9.124701045213833
001,2014-10-03 16:24:01,21.6,7,9.0545,9.340007328005479,9.171999999999999,9.188835776001826,9.188835776001827,9.06847342785159
001,2014-10-03 16:29:01,22.2,7,9.200000000000005,9.18729076337004,9.041,9.142763587790016,9.142763587790016,9.056432660235648
001,2014-10-03 16:34:01,22.2,7,9.262500000000006,8.133978599451032,9.1445,8.84699286648368,8.846992866483681,8.240883687783588
001,2014-10-03 16:39:01,22.2,7,8.9005,8.645588695299107,8.7765,8.774196231766368,8.77419623176637,8.660525198159622
001,2014-10-03 16:44:01,22.2,7,9.826000000000008,9.832951647795083,9.504000000000001,9.720983882598365,9.720983882598365,9.537758539218675
001,2014-10-03 16:49:01,22.2,7,10.777000000000003,9.985289615167762,11.0055,10.589263205055921,10.589263205055923,10.070406755412112
001,2014-10-03 16:54:01,22.2,7,7.019500000000005,8.555757310920391,7.391000000000002,7.655419103640132,7.655419103640134,7.070015498414112
001,2014-10-03 16:59:01,22.2,7,8.6485,9.752446793777095,8.585,8.995315597925698,8.9953155979257,8.602683110621111
001,2014-10-03 17:04:01,22.2,7,8.251499999999995,8.664358798041631,8.138,8.351286266013874,8.351286266013876,8.154003445375047
001,2014-10-03 17:09:01,22.2,7,9.901000000000003,9.901271842046684,9.888,9.896757280682229,9.89675728068223,9.8893628342454
001,2014-10-03 17:14:01,22.2,7,7.998499999999996,8.132118673980393,8.006499999999999,8.04570622466013,8.04570622466013,8.000593181093604
001,2014-10-03 17:19:01,22.2,7,9.203000000000005,7.689937678593218,9.316,8.736312559531074,8.736312559531076,7.849370756090136
001,2014-10-03 17:24:01,22.2,7,9.126499999999998,9.145608172434999,9.29,9.187369390811666,9.187369390811666,9.129943097330603
001,2014-10-03 17:29:01,22.2,7,9.362999999999994,8.203043383958871,9.4075,8.991181127986287,8.99118112798629,8.324848026244783
001,2014-10-03 17:34:01,22.2,7,8.343499999999999,8.799097258232806,8.315000000000001,8.48586575274427,8.485865752744271,8.322537764967763
001,2014-10-03 17:39:01,22.2,7,12.359499999999999,11.691351426440189,12.1675,12.072783808813398,12.072783808813398,11.743088134895528
001,2014-10-03 17:44:01,22.2,7,8.121500000000005,8.691771639388035,8.327,8.38009054646268,8.380090546462682,8.146648008857294
001,2014-10-03 17:49:01,22.2,7,8.086000000000006,8.558982092934396,8.107,8.2506606976448,8.2506606976448,8.09271693110809
001,2014-10-03 17:54:01,22.2,7,7.692500000000007,7.976991576248747,7.809,7.8261638587495845,7.826163858749586,7.706368646039803
001,2014-10-03 17:59:01,22.2,7,7.626500000000008,8.658894555513866,7.4990000000000006,7.9281315185046255,7.9281315185046255,7.5226635430689335
001,2014-10-03 18:04:01,22.2,7,7.8835000000000015,8.766933938195484,7.729,8.126477979398494,8.126477979398496,7.753998792839847
001,2014-10-03 18:09:01,22.2,7,7.978500000000006,7.212705626813583,7.814499999999999,7.6685685422711956,7.668568542271196,7.277307938377302
001,2014-10-03 18:14:01,22.2,7,8.008000000000001,8.84731705609814,8.279,8.378105685366046,8.378105685366048,8.042036354296187
001,2014-10-03 18:19:01,22.2,7,8.964000000000006,8.150694630986322,8.885000000000002,8.666564876995443,8.666564876995444,8.228310811965633
001,2014-10-03 18:24:01,22.2,7,9.636000000000006,10.53229275986064,9.677,9.94843091995355,9.94843091995355,9.64884252366187
001,2014-10-03 18:29:01,22.2,7,8.798000000000005,8.087184615259664,9.068000000000001,8.65106153841989,8.651061538419892,8.164253173213
001,2014-10-03 18:34:01,22.2,7,9.315500000000007,9.059938609695932,9.142,9.172479536565314,9.172479536565314,9.070259224739683
001,2014-10-03 18:39:01,22.2,7,8.914,8.262209352373263,8.8835,8.686569784124421,8.686569784124421,8.327516447890332
001,2014-10-03 18:44:01,22.2,7,8.882000000000005,8.70820097969061,8.7895,8.793233659896872,8.793233659896872,8.71763183231173
001,2014-10-03 18:49:01,22.2,7,9.157000000000004,8.4690952833374,9.037,8.887698427779135,8.887698427779135,8.529711913505755
001,2014-10-03 18:54:01,22.2,7,9.051000000000007,9.245477073014198,9.051499999999999,9.115992357671402,9.115992357671402,9.052992082877259
001,2014-10-03 18:59:01,22.2,7,9.681500000000002,9.641135287876743,9.7015,9.67471176262558,9.674711762625583,9.645558417394264
001,2014-10-03 19:04:01,22.2,7,8.515500000000005,8.742850664566115,8.359500000000002,8.539283554855373,8.539283554855375,8.378094896544894
001,2014-10-03 19:09:01,22.2,7,7.810500000000004,8.308825162998994,7.92,8.013108387666334,8.013108387666334,7.825844611847722
001,2014-10-03 19:14:01,22.2,7,7.344000000000002,8.635708499344847,7.457999999999998,7.812569499781616,7.812569499781617,7.367704254535195
001,2014-10-03 19:19:01,22.2,7,8.781500000000003,8.536397258743225,8.729,8.682299086247744,8.682299086247744,8.557073184613177
001,2014-10-04 06:39:01,6.9,7,8.0245,9.039691097316448,8.006499999999999,8.356897032438814,8.356897032438816,8.018535148269226
001,2014-10-04 06:44:01,7.3,7,8.756500000000003,8.562540117600939,8.974,8.76434670586698,8.764346705866982,8.585008033405067
001,2014-10-04 06:49:01,7.8,7,7.8,8.797760531539634,7.6785000000000005,8.092086843846545,8.092086843846545,7.701189457063836
001,2014-10-04 06:54:01,8.3,7,7.766500000000002,8.431762533336588,7.9910000000000005,8.063087511112196,8.063087511112197,7.794395779387069
001,2014-10-04 06:59:01,8.8,7,7.779000000000007,8.17432507320983,7.9125,7.955275024403279,7.95527502440328,7.7955855940112535
001,2014-10-04 07:04:01,9.0,7,8.326500000000006,9.484389189660126,8.4925,8.767796396553377,8.76779639655338,8.353786524738096
001,2014-10-04 07:09:01,9.0,7,8.772000000000004,7.744781639269805,8.813000000000002,8.44326054642327,8.443260546423272,7.8526636352770405
001,2014-10-04 07:14:01,9.0,7,9.590000000000002,9.33262129603679,9.9205,9.614373765345597,9.614373765345599,9.362854361287702
001,2014-10-04 07:19:01,8.8,7,8.289000000000005,8.393122732097655,8.2355,8.305874244032553,8.305874244032555,8.242138627062056
001,2014-10-04 07:24:01,8.5,7,8.118500000000001,7.837515516894882,8.1775,8.044505172298294,8.044505172298296,7.86750332012817
001,2014-10-04 07:29:01,8.3,7,9.31,9.368465179374269,9.3435,9.340655059791423,9.340655059791425,9.313754565650306
001,2014-10-04 07:34:01,8.2,7,8.297499999999998,8.61741557861132,8.229000000000001,8.38130519287044,8.38130519287044,8.239365919940582
001,2014-10-04 07:39:01,8.1,7,9.04150000000001,10.192213933225208,9.0025,9.412071311075072,9.412071311075074,9.018087486807058
001,2014-10-04 07:44:01,8.0,7,10.64250000000001,9.83454008867485,10.5195,10.332180029558288,10.332180029558288,9.907433535970245
001,2014-10-04 07:49:01,8.0,7,8.882500000000006,7.9897063848068965,8.698500000000001,8.523568794935635,8.523568794935636,8.065703416548265
001,2014-10-04 07:54:01,7.9,7,8.718500000000006,8.805636606872326,8.587,8.703712202290777,8.703712202290777,8.60162946075942
001,2014-10-04 07:59:01,7.7,7,8.5735,7.578231465996217,8.7685,8.306743821998738,8.30674382199874,7.684310733931563
001,2014-10-04 08:04:01,7.4,7,9.448500000000005,11.188914503501685,9.5575,10.064971501167228,10.06497150116723,9.476218193105636
001,2014-10-04 08:09:01,7.1,7,9.009000000000006,10.721589543988067,9.0845,9.605029847996024,9.605029847996025,9.033270029653934
001,2014-10-04 08:14:01,6.7,7,7.603000000000001,8.570544167063519,7.516499999999999,7.896681389021173,7.896681389021174,7.535225443121169
001,2014-10-04 08:19:01,6.3,7,10.530000000000008,14.524938079468416,10.640499999999998,11.898479359822808,11.89847935982281,10.580405365306644
001,2014-10-04 08:24:01,5.9,7,7.938500000000002,8.255293588833345,8.091,8.094931196277782,8.094931196277782,7.956098140757775
001,2014-10-04 08:29:01,5.6,7,9.059500000000003,8.902495536579313,9.360000000000001,9.107331845526438,9.10733184552644,8.921927017755008
001,2014-10-04 08:34:01,5.3,7,8.799000000000001,9.123288524802685,8.548,8.823429508267564,8.823429508267564,8.577503583098714
001,2014-10-04 08:39:01,5.1,7,10.193500000000004,8.416795651706192,9.561499999999999,9.39059855056873,9.390598550568733,8.542879536243698
001,2014-10-04 08:44:01,4.8,7,9.648500000000006,9.745040030573586,9.438000000000002,9.61051334352453,9.610513343524532,9.460988814240277
001,2014-10-04 08:49:01,4.7,7,10.583000000000006,10.64075531388188,10.434,10.552585104627296,10.552585104627296,10.450166572978468
001,2014-10-04 08:54:01,4.5,7,10.099500000000004,9.075006793230413,10.290000000000003,9.82150226441014,9.82150226441014,9.184098671927863
001,2014-10-04 08:59:01,4.3,7,8.549000000000001,9.820537986404732,8.767000000000001,9.045512662134911,9.045512662134913,8.582343476005281
001,2014-10-04 09:04:01,4.2,7,8.115999999999998,8.567064130642343,8.045000000000002,8.242688043547448,8.24268804354745,8.056938966196457
001,2014-10-04 09:09:01,4.1,7,8.035500000000003,7.738642124873476,8.0025,7.925547374957826,7.925547374957827,7.766578068834519
001,2014-10-04 09:14:01,4.2,7,9.137000000000002,8.81829564914298,8.925,8.960098549714328,8.96009854971433,8.83157951654222
001,2014-10-04 09:15:00,3.8,7,8.630000000000006,9.623089635637912,8.833000000000002,9.028696545212641,9.028696545212641,8.659139628084231
001,2014-10-04 09:19:01,4.3,7,8.658000000000001,8.722961519083965,8.68,8.686987173027989,8.68698717302799,8.660731349663806
001,2014-10-04 09:24:01,4.5,7,9.553500000000007,9.561670650350354,9.3355,9.48355688345012,9.483556883450122,9.358389802644737
001,2014-10-04 09:29:01,4.8,7,9.63550000000001,10.336211194779288,9.999500000000001,9.9904037315931,9.990403731593101,9.67695035504601
001,2014-10-04 09:34:01,5.2,7,7.840500000000003,7.996688371340745,7.648499999999999,7.828562790446916,7.828562790446917,7.670149748204769
001,2014-10-04 09:39:01,5.5,7,8.415,9.288899600323635,8.37,8.691299866774544,8.691299866774546,8.383447089243397
001,2014-10-04 09:44:01,5.9,7,8.809500000000002,8.264646396624636,8.6555,8.57654879887488,8.57654879887488,8.307079179023415
001,2014-10-04 09:49:01,6.3,7,9.009500000000008,8.812887480040631,8.968,8.930129160013546,8.930129160013548,8.829531017966971
001,2014-10-04 09:54:01,6.7,7,9.537999999999997,9.122790829526336,9.4505,9.370430276508777,9.370430276508777,9.157952170198481
001,2014-10-04 09:59:01,7.1,7,9.063000000000006,8.79745559286778,9.072500000000002,8.977651864289262,8.977651864289262,8.825332989049608
001,2014-10-04 10:04:01,7.4,7,9.797000000000002,9.61724957329568,9.719,9.711083191098561,9.711083191098561,9.628675139876796
001,2014-10-04 10:09:01,7.7,7,8.585000000000003,8.884719875820583,8.579,8.68290662527353,8.68290662527353,8.582624944523559
001,2014-10-04 10:14:01,7.8,7,7.4789999999999965,8.260728720304934,7.2675,7.669076240101643,7.669076240101645,7.297445325431815
001,2014-10-04 10:19:01,7.7,7,9.028000000000002,9.015725778174298,9.119000000000002,9.054241926058099,9.054241926058102,9.01791995996998
001,2014-10-04 10:24:01,7.4,7,8.116000000000009,8.325937832993231,8.240499999999999,8.227479277664413,8.227479277664415,8.129880102961057
001,2014-10-04 10:29:01,7.0,7,7.8195000000000014,7.744208909573268,7.8245,7.796069636524423,7.7960696365244235,7.752136186770658
001,2014-10-04 10:34:01,6.5,7,9.923000000000007,8.970985990785637,9.8745,9.589495330261881,9.589495330261883,9.066000506322862
001,2014-10-04 10:39:01,6.1,7,9.317000000000004,7.973631017256529,9.467,8.919210339085511,8.919210339085511,8.115680048960968
001,2014-10-04 10:44:01,5.7,7,7.963500000000003,8.353216398890659,8.141499999999999,8.152738799630221,8.152738799630221,7.984240288361109
001,2014-10-04 10:49:01,5.3,7,11.04050000000001,10.021332739268724,10.855,10.638944246422911,10.638944246422913,10.110409588041932
001,2014-10-04 10:54:01,4.9,7,9.158500000000002,8.805500440108743,9.113000000000001,9.025666813369583,9.025666813369583,8.838127364537124
001,2014-10-04 10:59:01,4.6,7,10.069000000000006,9.635769366610548,10.3995,10.034756455536852,10.034756455536852,9.684400815865937
001,2014-10-04 11:04:01,4.3,7,9.935000000000008,9.530210824451709,9.6635,9.709570274817239,9.70957027481724,9.546871110371393
001,2014-10-04 11:09:01,4.1,7,9.91950000000001,10.149333969093547,10.312500000000002,10.127111323031187,10.127111323031187,9.94517787711461
001,2014-10-04 11:14:01,3.9,7,7.787000000000003,8.174964656597794,7.663,7.874988218865933,7.8749882188659335,7.679853059049982
001,2014-10-04 11:19:01,3.8,7,10.293500000000009,10.633436096117185,10.185499999999998,10.370812032039064,10.370812032039064,10.20019878473756
001,2014-10-04 11:24:01,3.7,7,8.87,8.235047914984442,9.061000000000002,8.72201597166148,8.722015971661483,8.303389328746428
001,2014-10-04 11:29:01,3.6,7,8.009999999999998,9.052329823609762,8.014,8.358776607869919,8.35877660786992,8.020801795412996
001,2014-10-04 11:34:01,3.4,7,8.529000000000003,8.743844870221068,8.5935,8.622114956740356,8.622114956740358,8.537251715679778
001,2014-10-04 11:39:01,3.3,7,8.436000000000003,8.454902442835177,8.743,8.544634147611726,8.544634147611728,8.440858630312423
001,2014-10-04 11:44:01,3.2,7,9.8495,9.302041915639402,10.252,9.801180638546468,9.80118063854647,9.363344331333867
001,2014-10-04 11:49:01,3.1,7,10.511000000000003,8.450943526152267,10.4455,9.80248117538409,9.802481175384091,8.660277589522195
001,2014-10-04 11:54:01,2.9,7,8.675500000000001,8.695042231895796,8.723999999999998,8.698180743965265,8.698180743965267,8.677834169900736
001,2014-10-04 11:59:01,2.8,7,11.045500000000004,10.344178416619082,10.888499999999999,10.759392805539695,10.759392805539695,10.402697678112208
001,2014-10-04 12:04:01,2.7,7,9.499000000000006,9.71747956604386,9.506000000000002,9.574159855347956,9.574159855347958,9.501847165720022
001,2014-10-04 12:07:00,3.4,7,9.28400000000001,10.596855338708616,9.2255,9.70211844623621,9.702118446236211,9.244749074599296
001,2014-10-04 12:09:01,2.6,7,8.093000000000004,8.537746047245871,8.172,8.267582015748625,8.267582015748626,8.1049227797163
001,2014-10-04 12:14:01,2.5,7,9.500000000000005,11.331385019257182,9.499500000000001,10.110295006419063,10.110295006419063,9.517866162339683
001,2014-10-04 12:19:01,2.5,7,9.236000000000002,10.033865425575392,9.1325,9.467455141858466,9.467455141858466,9.151307268708127
001,2014-10-04 12:24:01,2.5,7,12.446500000000007,11.071815835931988,12.559499999999998,12.025938611977331,12.025938611977333,11.216771196381062
001,2014-10-04 12:29:01,2.6,7,8.692500000000003,8.650440254007872,8.603000000000002,8.648646751335958,8.64864675133596,8.608384000553388
001,2014-10-04 12:34:01,2.6,7,9.000000000000007,10.335193155527659,9.055,9.463397718509222,9.463397718509224,9.0185562677377
001,2014-10-04 12:39:01,2.7,7,8.917000000000003,9.208156681330186,8.7185,8.947885560443396,8.947885560443398,8.742179489217133
001,2014-10-04 12:44:01,2.9,7,8.570500000000003,8.774588605525821,8.362499999999999,8.56919620184194,8.569196201841942,8.386302739254234
001,2014-10-04 12:49:01,3.1,7,7.568,8.932905558758947,7.370500000000001,7.957135186252981,7.957135186252983,7.404812353697194
001,2014-10-04 12:54:01,3.3,7,8.085500000000001,8.48960736191159,8.152,8.242369120637198,8.242369120637198,8.095833589185133
001,2014-10-04 12:59:01,3.7,7,8.4975,8.973045103715464,8.558,8.67618170123849,8.67618170123849,8.507980220837815
001,2014-10-04 13:04:01,4.0,7,10.601500000000005,10.650280019396147,9.928500000000001,10.39342667313205,10.393426673132053,9.999399950207962
001,2014-10-04 13:09:01,4.4,7,10.012000000000013,8.9683132642756,9.419,9.46643775475854,9.46643775475854,9.021396045917719
001,2014-10-04 13:14:01,4.9,7,9.661000000000007,9.6123813980478,9.653,9.642127132682603,9.642127132682603,9.616711090609487
001,2014-10-04 13:19:01,5.4,7,9.36900000000001,9.106377613927407,9.581500000000002,9.352292537975806,9.352292537975808,9.13597929571816
001,2014-10-04 13:24:01,5.9,7,9.809000000000005,9.138155548891307,9.713000000000001,9.55338518296377,9.553385182963773,9.199258243878202
001,2014-10-04 13:29:01,6.3,7,9.426000000000002,9.186829001935216,9.36,9.324276333978405,9.324276333978407,9.20560689538813
001,2014-10-04 13:34:01,6.7,7,8.934500000000003,8.873403651039892,9.094,8.967301217013299,8.967301217013299,8.881390813429617
001,2014-10-04 13:39:01,7.0,7,9.432000000000006,9.647439725164126,9.428999999999997,9.502813241721377,9.502813241721377,9.431468270134312
001,2014-10-04 13:44:01,7.3,7,7.214000000000002,8.41162283893951,7.3260000000000005,7.650540946313171,7.650540946313171,7.23657414934269
003,2014-10-01 08:53:15,7.7,8,10.210000000000004,9.849970188418483,10.099499999999999,10.05315672947283,10.05315672947283,9.877182068843506
003,2014-10-01 08:58:15,7.5,8,9.724,10.38737387794913,9.539000000000001,9.883457959316377,9.883457959316377,9.564989233211273
003,2014-10-01 09:00:00,8.0,8,9.259500000000006,9.833173694272773,9.2635,9.452057898090926,9.452057898090928,9.265615234119633
003,2014-10-01 09:03:15,7.4,8,8.460500000000007,10.056123687271505,8.461500000000001,8.992707895757171,8.992707895757171,8.476550861166944
003,2014-10-01 09:08:15,7.3,8,8.9775,7.765427427313433,9.210500000000001,8.651142475771145,8.651142475771145,7.89456966478128
003,2014-10-01 09:13:15,7.2,8,8.212500000000004,7.987861997312128,8.152500000000002,8.11762066577071,8.117620665770712,8.005687132146099
003,2014-10-01 09:18:15,7.0,8,8.527000000000003,8.23617813435857,8.799999999999999,8.521059378119524,8.521059378119524,8.269335166796749
003,2014-10-01 09:23:15,7.0,8,8.535500000000008,8.129756401302064,8.5825,8.415918800434024,8.415918800434024,8.172677038952493
003,2014-10-01 09:28:15,7.0,8,8.653000000000013,8.307257397256794,8.8955,8.618585799085603,8.618585799085604,8.34585547305261
003,2014-10-01 09:33:15,7.0,8,8.344500000000004,8.663725680366358,8.279000000000002,8.429075226788788,8.429075226788788,8.289045148075456
003,2014-10-01 09:38:15,7.2,8,9.4245,9.462145512466087,9.3095,9.39871517082203,9.39871517082203,9.32190824896063
003,2014-10-01 09:43:15,7.4,8,8.714999999999998,8.496306332150498,8.8695,8.693602110716832,8.693602110716833,8.520732002800912
003,2014-10-01 09:48:15,7.8,8,8.967000000000002,7.060820347865467,8.7595,8.262440115955156,8.262440115955156,7.240618507585863
003,2014-10-01 09:53:15,8.2,8,8.616000000000001,7.639187341106139,8.693499999999998,8.316229113702045,8.316229113702047,7.742160676133788
003,2014-10-01 09:58:15,8.6,8,9.355000000000008,8.463872197141315,9.228000000000002,9.015624065713775,9.015624065713777,8.545088529213757
003,2014-10-01 10:03:15,9.1,8,8.4045,7.973899864067348,8.544999999999998,8.307799954689115,8.307799954689116,8.020356099382857
003,2014-10-01 10:08:15,9.6,8,8.690000000000005,7.923582901684492,8.738499999999998,8.450694300561498,8.4506943005615,8.004253749678378
003,2014-10-01 10:13:15,10.0,8,8.247499999999999,8.567329589256403,8.227,8.347276529752135,8.347276529752136,8.232343093924191
003,2014-10-01 10:18:15,10.3,8,9.322500000000005,8.733558159784762,9.1125,9.05618605326159,9.056186053261591,8.775304682369924
003,2014-10-01 10:23:15,10.5,8,7.948,8.863137407962022,7.9975,8.269545802654006,8.269545802654008,7.961835276643797
003,2014-10-01 10:28:15,10.7,8,8.491000000000005,7.11879215354531,8.115499999999999,7.908430717848437,7.908430717848439,7.226827008530003
003,2014-10-01 10:33:15,10.7,8,8.632500000000002,7.905760203265222,8.703999999999999,8.414086734421742,8.414086734421742,7.982509841584439
003,2014-10-01 10:38:15,10.8,8,7.637500000000004,8.280990676576566,7.5945,7.837663558858857,7.837663558858858,7.6054337514174755
003,2014-10-01 10:43:15,10.8,8,8.849499999999999,8.254839295830534,8.789,8.631113098610179,8.631113098610179,8.311330482507449
003,2014-10-01 10:48:15,10.9,8,8.055500000000007,7.88749034701441,8.004000000000001,7.982330115671473,7.982330115671474,7.900195087228523
003,2014-10-01 10:53:15,10.9,8,8.566000000000008,7.36986139892099,8.392999999999999,8.109620466307,8.109620466307,7.478636552954109
003,2014-10-01 10:58:15,10.8,8,8.535000000000002,7.753294355460342,8.581999999999999,8.290098118486782,8.290098118486782,7.83554975681267
003,2014-10-01 11:03:15,10.8,8,7.759000000000007,7.0957015717957885,7.618499999999999,7.491067190598598,7.491067190598599,7.151803988369039
003,2014-10-01 11:08:15,10.7,8,10.835500000000001,10.920981632243317,10.453999999999999,10.736827210747771,10.736827210747775,10.494768984569593
003,2014-10-01 11:13:15,10.5,8,8.470000000000004,8.425607396491014,8.2585,8.384702465497005,8.384702465497007,8.27642741945288
003,2014-10-01 11:18:15,10.4,8,9.578499999999998,8.32062739772943,9.633999999999999,9.177709132576476,9.177709132576476,8.452786430968027
003,2014-10-01 11:23:15,10.2,8,10.418500000000003,9.765201606189466,10.604499999999998,10.262733868729823,10.262733868729823,9.835412489560776
003,2014-10-01 11:28:15,10.1,8,9.494,9.206454339292565,9.542000000000002,9.414151446430855,9.414151446430857,9.237018601101784
003,2014-10-01 11:33:15,9.9,8,8.987500000000004,8.00195394856038,9.427,8.805484649520128,8.80548464952013,8.109461008619327
003,2014-10-01 11:38:15,9.7,8,8.628999999999998,7.60485978976542,8.6745,8.302786596588474,8.302786596588474,7.7124647364495305
003,2014-10-01 11:43:15,9.4,8,8.851999999999999,8.446807521363727,9.194500000000003,8.831102507121244,8.831102507121244,8.49262549846667
003,2014-10-01 11:48:15,9.1,8,9.530500000000005,8.597183659247259,9.207,9.111561219749088,9.11156121974909,8.664220263505905
003,2014-10-01 11:53:15,8.9,8,8.972500000000007,8.340385632979265,8.906500000000001,8.739795210993092,8.739795210993092,8.400274949079924
003,2014-10-01 11:58:15,8.8,8,9.826500000000003,11.85130524997642,9.9075,10.528435083325475,10.528435083325476,9.854412620332058
003,2014-10-01 12:00:00,8.2,8,9.698500000000001,8.113672862329913,9.47,9.094057620776638,9.09405762077664,8.257862631848019
003,2014-10-01 12:03:15,8.7,8,8.621000000000002,8.031302024912103,8.602500000000001,8.418267341637367,8.418267341637371,8.09124820991891
003,2014-10-01 12:08:15,8.5,8,8.969000000000005,8.030211718773291,8.842,8.613737239591098,8.6137372395911,8.116414494757453
003,2014-10-01 12:13:15,8.5,8,9.62350000000001,7.823946323628659,9.634999999999998,9.027482107876223,9.027482107876224,8.012338356940553
003,2014-10-01 12:18:15,8.4,8,8.909000000000004,8.045272590251969,8.9965,8.65025753008399,8.65025753008399,8.136514460900381
003,2014-10-01 12:23:15,8.4,8,9.161999999999999,7.982494488449701,8.647,8.597164829483233,8.597164829483235,8.05716790860484
003,2014-10-01 12:28:15,8.4,8,8.408499999999998,8.714045317431466,8.487,8.536515105810489,8.536515105810489,8.41898346027104
003,2014-10-01 12:33:15,8.4,8,8.285500000000003,7.765897164585225,8.5085,8.186632388195077,8.186632388195077,7.822490244518248
003,2014-10-01 12:38:15,8.5,8,8.630000000000006,9.080060412882226,8.625,8.778353470960743,8.778353470960745,8.63002372559995
003,2014-10-01 12:43:15,8.5,8,9.068500000000006,8.287793790293973,8.934500000000002,8.763597930097994,8.763597930097996,8.356794971055942
003,2014-10-01 12:48:15,8.5,8,8.404000000000003,7.724862597986203,8.0325,8.053787532662069,8.05378753266207,7.760763944049369
003,2014-10-01 12:53:15,8.5,8,8.500000000000004,8.474049165729154,8.407,8.460349721909719,8.46034972190972,8.41427447998555
003,2014-10-01 12:58:15,8.3,8,8.955500000000008,9.088484411203961,9.077,9.04032813706799,9.040328137067991,8.968326695860485
003,2014-10-01 13:03:15,8.2,8,8.830999999999996,10.6885373462095,8.9855,9.501679115403165,9.501679115403167,8.864194826919983
003,2014-10-01 13:08:15,7.9,8,8.638000000000005,8.233133849144979,8.607500000000002,8.492877949714995,8.492877949714996,8.272606643460232
003,2014-10-01 13:13:15,7.7,8,8.7225,7.9704671829209754,8.7675,8.48682239430699,8.486822394306992,8.049598085642549
003,2014-10-01 13:18:15,7.4,8,7.811500000000002,7.22515827970713,7.6995000000000005,7.5787194265690445,7.578719426569045,7.275905947414647
003,2014-10-01 13:23:15,7.2,8,9.190499999999997,9.039931389086679,9.5245,9.251643796362226,9.251643796362226,9.05902452373605
003,2014-10-01 13:28:15,6.9,8,9.258,8.64915991757718,9.565499999999998,9.157553305859059,9.15755330585906,8.715934381497076
003,2014-10-01 13:33:15,6.5,8,9.764000000000001,9.28747270909288,9.8785,9.643324236364293,9.643324236364295,9.338474040583392
003,2014-10-01 13:38:15,6.2,8,9.833500000000004,9.138583249166636,9.8985,9.623527749722214,9.623527749722214,9.2119384237683
003,2014-10-01 13:43:15,5.9,8,9.375000000000002,9.613284771181755,9.1925,9.393594923727251,9.393594923727253,9.213976781408034
003,2014-10-01 13:48:15,5.6,8,9.322000000000003,9.574825369614972,9.408000000000001,9.434941789871658,9.43494178987166,9.332665942999574
003,2014-10-01 13:53:15,5.4,8,8.477500000000004,9.014879204552042,8.073500000000001,8.521959734850682,8.521959734850682,8.121142006912764
003,2014-10-01 13:58:15,5.3,8,8.166000000000004,8.885972063423146,7.9544999999999995,8.335490687807717,8.335490687807717,7.983827758862997
003,2014-10-01 14:03:15,5.2,8,9.673000000000009,8.416697831060935,9.622,9.237232610353649,9.237232610353649,8.543311719815076
003,2014-10-01 14:08:15,5.3,8,9.439499999999995,9.084300807926077,9.508,9.343933602642023,9.343933602642025,9.122148272706402
003,2014-10-01 14:13:15,5.4,8,9.6055,8.30374402298474,9.908500000000002,9.272581340994913,9.272581340994915,8.442969323334248
003,2014-10-01 14:18:15,5.6,8,9.588999999999995,8.783280187493022,9.544500000000001,9.305593395831005,9.305593395831007,8.8633672731273
003,2014-10-01 14:23:15,5.7,8,9.902,10.080866836954225,10.607000000000001,10.19662227898474,10.196622278984742,9.9259751482072
003,2014-10-01 14:28:15,5.8,8,8.547999999999996,8.233954715641673,8.493999999999998,8.425318238547222,8.425318238547224,8.261701769984422
003,2014-10-01 14:33:15,5.8,8,8.674500000000005,8.608897851233532,8.409500000000001,8.564299283744512,8.564299283744514,8.431017880943124
003,2014-10-01 14:38:15,5.8,8,9.245500000000002,8.555199106014925,9.2555,9.018733035338308,9.01873303533831,8.627521349851587
003,2014-10-01 14:43:15,5.7,8,7.201999999999999,7.884360656922781,7.330500000000001,7.472286885640926,7.472286885640927,7.220982828377247
003,2014-10-01 14:48:15,5.7,8,8.751000000000003,8.542248138825808,9.125500000000002,8.806249379608603,8.806249379608605,8.56783365496949
003,2014-10-01 14:53:15,5.6,8,8.367500000000001,7.944197503463053,8.580499999999999,8.297399167821018,8.29739916782102,7.990615228407272
003,2014-10-01 14:58:15,5.5,8,8.282000000000002,7.64996539545139,8.139,8.023655131817131,8.023655131817131,7.7025602958043065
003,2014-10-01 15:03:15,5.4,8,10.027000000000001,8.56768816352323,9.879999999999999,9.49156272117441,9.491562721174411,8.706457863218846
003,2014-10-01 15:08:15,5.2,8,6.5445,2.5806184037236055,6.6085,5.244539467907869,5.244539467907869,2.995976718128883
003,2014-10-01 15:13:15,5.1,8,7.5370000000000035,6.383597941073643,7.452499999999999,7.124365980357882,7.124365980357883,6.496276064585375
003,2014-10-01 15:18:15,5.0,8,7.702499999999999,4.891194933161389,7.314,6.635898311053796,6.635898311053797,5.148564203326206
003,2014-10-01 15:23:15,4.9,8,9.507000000000005,11.07656674984624,8.920499999999999,9.834688916615415,9.834688916615416,8.997557816061924
003,2014-10-01 15:28:15,4.8,8,9.731,9.109556624579245,9.1615,9.334018874859748,9.33401887485975,9.120686163572348
003,2014-10-01 15:33:15,4.8,8,7.782,6.954453802399529,7.644500000000002,7.460317934133177,7.460317934133178,7.0280243988067115
003,2014-10-01 15:38:15,4.8,8,9.310500000000005,9.727376217670058,9.3125,9.45012540589002,9.450125405890022,9.314858010765153
003,2014-10-01 15:43:15,4.8,8,9.505000000000003,9.808636709607136,9.214500000000001,9.50937890320238,9.50937890320238,9.247929724568682
003,2014-10-01 15:48:15,4.8,8,9.567,8.15672298791857,9.2125,8.978740995972856,8.978740995972858,8.27072791266747
003,2014-10-01 15:53:15,4.9,8,9.287000000000004,7.936684953185061,9.134500000000001,8.786061651061688,8.78606165106169,8.063530507071183
003,2014-10-01 15:58:15,4.9,8,8.767000000000003,7.011847119455744,8.3195,8.032782373151916,8.032782373151917,7.153134379175093
003,2014-10-01 16:03:15,5.0,8,10.633000000000003,10.049776220107649,10.016,10.23292540670255,10.232925406702552,10.0253660509893
003,2014-10-01 16:08:15,5.1,8,9.203000000000001,7.157013102805207,8.6675,8.342504367601736,8.342504367601737,7.320401728361613
003,2014-10-01 16:13:15,5.1,8,8.603,8.425598355016312,8.429499999999999,8.486032785005436,8.486032785005438,8.427741561869048
003,2014-10-01 16:18:15,5.2,8,8.585,7.157522314070867,8.358500000000001,8.03367410469029,8.033674104690292,7.285438756842202
003,2014-10-01 16:23:15,5.2,8,9.234500000000002,8.537771262845885,8.755999999999998,8.842757087615295,8.842757087615295,8.565388290450432
003,2014-10-01 16:28:15,5.2,8,7.320499999999999,5.813785407666535,6.935,6.689761802555512,6.689761802555512,5.934946693065153
003,2014-10-01 16:33:15,5.3,8,8.675999999999997,8.232118161451655,7.978000000000001,8.295372720483885,8.295372720483885,8.009025751677333
003,2014-10-01 16:38:15,5.3,8,7.794,8.33831223460689,7.608999999999998,7.9137707448689625,7.913770744868964,7.633798616777848
003,2014-10-01 16:43:15,5.3,8,7.431999999999995,8.125355795285365,7.37,7.642451931761787,7.642451931761788,7.383420264194854
003,2014-10-01 16:48:15,5.4,8,7.308000000000002,6.421444942307188,7.065999999999999,6.9318149807690626,6.931814980769063,6.491301060308002
003,2014-10-01 16:53:15,5.4,8,9.215500000000006,9.19855055372976,8.927,9.113683517909921,9.113683517909923,8.955580279493315
003,2014-10-01 16:58:15,5.5,8,10.639000000000001,7.321702831233177,10.261999999999999,9.407567610411059,9.40756761041106,7.633099347329686
003,2014-10-01 17:03:15,5.6,8,9.057500000000003,8.25175104310008,8.605,8.638083681033361,8.638083681033363,8.293234465901751
003,2014-10-01 17:08:15,5.7,8,8.835000000000003,8.496455746471359,9.0675,8.799651915490456,8.799651915490456,8.534200700061009
003,2014-10-01 17:13:15,5.7,8,7.150499999999999,6.375822822910483,7.335500000000001,6.953940940970161,6.953940940970162,6.458722875816351
003,2014-10-01 17:18:15,5.8,8,7.346,8.152578700627112,7.505000000000001,7.667859566875705,7.667859566875705,7.369111049788179
003,2014-10-01 17:23:15,5.8,8,9.131000000000006,9.481748061732818,8.9585,9.190416020577608,9.190416020577608,8.980055171371287
003,2014-10-01 17:28:15,5.8,8,9.145500000000009,8.610195914014202,9.3,9.018565304671403,9.018565304671405,8.667746726206682
003,2014-10-01 17:33:15,5.8,8,8.980000000000002,9.040791752708882,8.8615,8.960763917569627,8.96076391756963,8.87450589639285
003,2014-10-01 17:38:15,5.8,8,9.956499999999998,8.962546514763726,9.704,9.541015504921242,9.541015504921242,9.042645562357869
003,2014-10-01 17:43:15,5.8,8,8.395000000000001,7.711987458281077,8.329499999999998,8.145495819427026,8.145495819427026,7.77724927213403
003,2014-10-01 17:48:15,5.8,8,8.405000000000003,7.669702754940635,8.5215,8.19873425164688,8.19873425164688,7.747797710251185
003,2014-10-01 17:53:15,5.7,8,9.213500000000007,8.254294420194183,9.193,8.886931473398063,8.886931473398064,8.352710828967238
003,2014-10-01 17:58:15,5.7,8,7.413000000000004,7.066686088485019,7.4590000000000005,7.312895362828342,7.312895362828342,7.103378937057867
003,2014-10-01 18:03:15,5.7,8,7.123000000000001,7.540870398528781,7.231,7.298290132842927,7.298290132842928,7.137398127761679
003,2014-10-01 18:08:15,5.7,8,8.015499999999998,8.26825074397692,8.029,8.104250247992306,8.104250247992306,8.019304935411814
003,2014-10-01 18:13:15,5.7,8,8.484500000000002,8.087911059181359,8.6615,8.411303686393788,8.411303686393788,8.131173897212287
003,2014-10-01 18:18:15,5.6,8,7.663499999999998,7.3597340753949645,7.7,7.574411358464988,7.574411358464989,7.3918803708666285
003,2014-10-01 18:23:15,5.6,8,9.653,8.491581015101856,9.5985,9.247693671700619,9.24769367170062,8.607936632662023
003,2014-10-01 18:28:15,5.6,8,6.928499999999999,7.329876826229682,6.889999999999999,7.049458942076559,7.04945894207656,6.898041803589988
003,2014-10-01 18:33:15,5.6,8,8.818,8.746902419340632,8.794500000000001,8.786467473113545,8.786467473113545,8.752117282623974
003,2014-10-01 18:38:15,5.5,8,9.2605,9.970033121845251,9.150500000000001,9.460344373948418,9.460344373948418,9.169104003583294
003,2014-10-01 18:43:15,5.5,8,8.6285,8.377864657941032,8.618,8.541454885980345,8.541454885980345,8.403093648622633
003,2014-10-01 18:48:15,5.5,8,8.193500000000002,8.182644813309023,8.286,8.220714937769676,8.220714937769676,8.184705529555254
003,2014-10-01 18:53:15,5.4,8,9.612000000000007,8.751772013330575,9.482999999999999,9.28225733777686,9.282257337776862,8.829566225354053
003,2014-10-01 18:58:15,5.4,8,8.133500000000003,8.281868749128007,7.887499999999999,8.100956249709336,8.100956249709338,7.914721263870837
003,2014-10-01 19:03:15,5.4,8,9.001000000000003,8.842385453418672,8.991,8.944795151139559,8.944795151139559,8.858034145466435
003,2014-10-01 19:08:15,5.4,8,9.302500000000009,9.687563296967785,9.323,9.437687765655932,9.437687765655932,9.308290431001312
003,2014-10-01 19:13:15,5.3,8,8.820500000000008,7.853469244324261,8.758,8.477323081441423,8.477323081441424,7.948730136242413
003,2014-10-01 19:18:15,5.3,8,9.425,8.984699090964133,9.447,9.285566363654711,9.285566363654713,9.03098526281901
003,2014-10-01 19:23:15,5.2,8,9.768000000000011,8.805623986577462,9.5985,9.390707995525824,9.390707995525824,8.890273079890402
003,2014-10-01 19:28:15,5.1,8,8.290499999999996,7.619239458203582,8.290000000000001,8.066579819401193,8.066579819401195,7.689422306483582
003,2014-10-01 19:33:15,5.1,8,9.168500000000002,7.664896763913222,9.021,8.618132254637741,8.618132254637743,7.808253107886198
003,2014-10-01 19:38:15,4.9,8,7.703500000000002,7.167219486358331,7.718,7.529573162119444,7.529573162119445,7.223472456605167
003,2014-10-01 19:43:15,4.8,8,8.474499999999999,8.364755856600283,8.506,8.44841861886676,8.448418618866762,8.376552760148897
003,2014-10-01 19:48:15,4.8,8,9.258000000000004,8.747065277126211,8.9585,8.987855092375405,8.987855092375407,8.772181485781719
003,2014-10-01 19:53:15,4.8,8,8.244500000000007,8.35644477494516,8.262500000000001,8.287814924981724,8.287814924981724,8.247322685045521
003,2014-10-01 19:58:15,4.8,8,7.929500000000007,8.213161495265481,7.920500000000003,8.021053831755165,8.021053831755165,7.924278233600688
003,2014-10-01 20:03:15,4.9,8,8.587000000000002,8.853835260182644,8.737,8.725945086727549,8.725945086727549,8.603861996735702
003,2014-10-01 20:08:15,5.0,8,8.261000000000001,8.37720005198223,8.265500000000001,8.301233350660745,8.301233350660745,8.262587809843836
003,2014-10-01 20:13:15,5.2,8,9.905500000000002,9.300578529665298,10.029,9.745026176555099,9.7450261765551,9.365103011561132
003,2014-10-01 20:18:15,5.3,8,8.522499999999999,9.440332520893092,8.5595,8.840777506964363,8.840777506964365,8.535179424095283
003,2014-10-01 20:23:15,5.5,8,8.489000000000003,9.017602726558287,8.599,8.701867575519431,8.701867575519431,8.504694699630427
003,2014-10-01 20:28:15,5.7,8,8.901500000000004,9.464131169608473,8.870999999999999,9.07887705653616,9.078877056536161,8.879817352669969
003,2014-10-01 20:33:15,5.8,8,9.367000000000006,9.282446468701105,9.3835,9.344315489567038,9.344315489567038,9.291457822237554
003,2014-10-01 20:38:15,5.9,8,7.272999999999999,8.507672754779781,7.3655,7.715390918259927,7.715390918259927,7.294099474763685
003,2014-10-01 20:43:15,6.1,8,8.917000000000007,9.311201353327517,9.228,9.152067117775841,9.152067117775843,8.95037016903752
003,2014-10-01 20:48:15,6.2,8,9.035500000000004,8.388575640875057,9.1735,8.865858546958354,8.865858546958355,8.457639645366017
003,2014-10-01 20:53:15,6.3,8,11.642999999999999,10.332569649063098,11.589499999999997,11.188356549687697,11.188356549687699,10.464610099920925
003,2014-10-01 20:58:15,6.5,8,10.403500000000006,10.121340341184718,10.542,10.355613447061573,10.355613447061577,10.152246096347271
003,2014-10-01 21:03:16,6.7,8,9.004500000000005,7.769232373429789,9.075999999999999,8.616577457809932,8.616577457809932,7.899186377039744
003,2014-10-01 21:08:16,6.9,8,10.748500000000002,9.894838667616186,10.587000000000003,10.410112889205397,10.410112889205399,9.968870558507268
003,2014-10-01 21:13:16,7.2,8,11.767000000000012,10.61714364508105,11.447500000000002,11.277214548360353,11.277214548360355,10.707214092670396
003,2014-10-01 21:18:16,7.4,8,10.402000000000008,9.943057125095276,10.546000000000001,10.297019041698428,10.297019041698428,9.992513699472166
003,2014-10-01 21:23:16,7.5,8,10.182000000000011,9.700075949528298,10.33,10.070691983176102,10.070691983176104,9.751976913179362
003,2014-10-01 21:28:16,7.7,8,10.163500000000006,9.518922297582925,10.308,9.996807432527644,9.996807432527644,9.587805784772033
003,2014-10-01 21:33:16,7.9,8,9.091000000000006,8.070019081486157,9.228499999999999,8.796506360495387,8.796506360495389,8.178213489503731
003,2014-10-01 21:38:16,8.0,8,9.927500000000007,9.735399143402605,9.7295,9.797466381134205,9.797466381134205,9.732038202281004
003,2014-10-01 21:43:16,8.2,8,9.410499999999995,9.245555406389599,9.619,9.425018468796532,9.425018468796532,9.264897618082454
003,2014-10-01 21:48:16,8.4,8,8.649500000000003,8.271383536212124,8.6275,8.516127845404043,8.516127845404043,8.308861969898135
003,2014-10-01 21:53:16,8.5,8,7.945000000000004,8.173585540680687,7.905000000000002,8.007861846893563,8.007861846893565,7.91147082717584
003,2014-10-01 21:58:16,8.7,8,8.884500000000008,7.908059727650673,8.8885,8.560353242550226,8.560353242550228,8.010259101998923
003,2014-10-01 22:03:16,8.8,8,9.037000000000008,8.500067049631088,8.934000000000001,8.8236890165437,8.8236890165437,8.546496978304775
003,2014-10-01 22:08:16,8.9,8,8.558000000000002,8.527077628559207,8.604999999999999,8.563359209519737,8.563359209519737,8.530782859846987
009,2014-10-01 06:00:00,5.4,9,7.313000000000004,6.635575338662864,7.2875,7.07869177955429,7.0786917795542905,6.70403749624369
009,2014-10-02 06:15:19,6.2,9,9.257000000000007,8.926297676061258,9.165,9.116099225353755,9.116099225353755,8.952191738233418
009,2014-10-02 06:20:19,5.8,9,10.234000000000007,9.411487869314575,9.969500000000002,9.87166262310486,9.871662623104863,9.472514494657
009,2014-10-02 06:25:19,5.2,9,12.759000000000004,10.809368211845687,12.5755,12.04795607061523,12.047956070615232,10.995983503691178
009,2014-10-02 06:30:19,4.6,9,10.227500000000003,11.2704600176293,9.913,10.470320005876435,10.470320005876435,9.956333940710321
009,2014-10-02 06:35:19,4.2,9,10.611000000000008,9.317064921922844,10.543,10.15702164064095,10.157021640640952,9.446007514233383
009,2014-10-02 06:40:19,3.9,9,8.756000000000002,8.79139393775855,8.96,8.83579797925285,8.835797979252852,8.761389126380275
009,2014-10-02 06:45:19,3.7,9,9.1805,9.41002160174818,9.1015,9.230673867249394,9.230673867249394,9.112060535261321
009,2014-10-02 06:50:19,3.7,9,8.039000000000003,8.720075851469158,8.2345,8.331191950489721,8.331191950489721,8.064309808035846
009,2014-10-02 06:55:19,3.6,9,10.073500000000003,10.178861960525204,10.0515,10.10128732017507,10.10128732017507,10.054855354078217
009,2014-10-02 07:00:19,3.6,9,9.708500000000004,9.485145853883635,9.9775,9.723715284627879,9.72371528462788,9.511204123783475
009,2014-10-02 07:05:19,3.5,9,9.825,9.417568124461674,9.582500000000001,9.608356041487225,9.608356041487225,9.437249005535215
009,2014-10-02 07:10:19,3.5,9,9.963500000000003,9.267341589201893,9.913,9.714613863067298,9.7146138630673,9.33539814474263
009,2014-10-02 07:15:19,3.4,9,9.848000000000004,9.728782370642353,9.859499999999999,9.812094123547451,9.812094123547453,9.741370430973173
009,2014-10-02 07:20:19,3.4,9,10.148499999999999,9.30026643194312,10.176499999999999,9.875088810647705,9.875088810647707,9.389292270339748
009,2014-10-02 07:25:19,3.4,9,11.370500000000016,10.245692865259848,11.176999999999998,10.931064288419954,10.931064288419956,10.345065216939537
009,2014-10-02 07:30:19,3.4,9,9.819000000000003,9.014570235487751,9.62,9.484523411829251,9.484523411829251,9.079902897303167
009,2014-10-02 07:35:19,3.4,9,10.060500000000008,12.639125023209845,10.392999999999999,11.030875007736618,11.030875007736618,10.117748828062199
009,2014-10-02 07:40:19,3.5,9,10.540000000000004,10.80907304887474,10.346000000000002,10.565024349624915,10.565024349624917,10.368987843568561
009,2014-10-02 07:45:19,3.5,9,10.438500000000007,10.533380620332165,10.073500000000001,10.348460206777391,10.348460206777393,10.112636673595757
009,2014-10-02 07:50:19,3.5,9,9.880000000000008,9.385730407141311,10.035,9.766910135713774,9.766910135713774,9.43899301445145
009,2014-10-02 07:55:19,3.4,9,9.37350000000001,10.782523725176757,9.3945,9.850174575058922,9.850174575058924,9.389577347430517
009,2014-10-02 08:00:19,3.4,9,9.373499999999998,9.839890924551865,9.6875,9.633630308183955,9.633630308183955,9.407875937632433
009,2014-10-02 08:05:19,3.4,9,9.969500000000004,9.690073746311269,10.269,9.976191248770425,9.976191248770425,9.722303520891625
009,2014-10-02 08:10:19,3.3,9,10.42900000000001,11.5246699433503,10.7175,10.890389981116769,10.89038998111677,10.467255808317667
009,2014-10-02 08:15:19,3.3,9,9.699500000000011,10.288908862856188,9.499000000000002,9.829136287618732,9.829136287618734,9.525871259620846
009,2014-10-02 08:20:19,3.2,9,9.211000000000002,9.600492401162901,9.18,9.3304974670543,9.330497467054302,9.187138277132627
009,2014-10-02 08:25:19,3.1,9,10.197500000000002,10.282833960222533,10.2755,10.251944653407511,10.251944653407513,10.205734034551838
009,2014-10-02 08:30:19,3.0,9,11.218500000000008,10.286160784411747,11.130999999999998,10.878553594803918,10.878553594803918,10.37542649107699
009,2014-10-02 08:35:19,2.9,9,11.435500000000001,10.670133186280088,11.4485,11.184711062093362,11.184711062093365,10.750339148989424
009,2014-10-02 08:40:19,2.8,9,9.187500000000002,9.293755570634529,9.133500000000002,9.204918523544844,9.204918523544846,9.14021226759454
009,2014-10-02 08:45:19,2.7,9,9.844000000000008,10.501457030291704,9.942,10.095819010097237,10.09581901009724,9.859847751137055
009,2014-10-02 08:50:19,2.6,9,10.234000000000007,9.847644007685476,10.11,10.06388133589516,10.063881335895163,9.876332818217303
009,2014-10-02 08:55:19,2.5,9,9.652500000000009,9.874474634942183,9.464,9.663658211647396,9.663658211647398,9.485941425810994
009,2014-10-02 09:00:19,2.4,9,9.926000000000004,9.610849630298498,10.0625,9.866449876766167,9.866449876766168,9.645187015303533
009,2014-10-02 09:05:19,2.3,9,10.270500000000002,10.069969050283586,10.393500000000001,10.24465635009453,10.24465635009453,10.092179459368102
009,2014-10-02 09:10:19,2.3,9,9.767500000000005,10.701533120999727,9.847500000000002,10.105511040333246,10.105511040333246,9.784410274748067
009,2014-10-02 09:15:19,2.2,9,9.275500000000006,8.919575246603017,9.347,9.180691748867675,9.180691748867675,8.957528622724686
009,2014-10-02 09:20:19,2.2,9,12.600999999999992,13.08990021864801,12.722999999999997,12.804633406216,12.804633406216,12.617433166082023
009,2014-10-02 09:25:19,2.2,9,9.15550000000001,9.533717969570459,9.4375,9.37557265652349,9.375572656523492,9.185966230667402
009,2014-10-02 09:30:19,2.2,9,9.75500000000001,9.517433330891693,9.7235,9.665311110297234,9.665311110297235,9.539307910710619
009,2014-10-02 09:35:19,2.2,9,9.448500000000003,9.323676783075733,9.309500000000002,9.360558927691912,9.360558927691914,9.312231468092932
009,2014-10-02 09:40:19,2.2,9,12.806500000000005,13.161526156055531,12.874999999999998,12.947675385351845,12.947675385351847,12.816532025715027
009,2014-10-02 09:45:19,2.2,9,11.301000000000005,10.68428698302956,11.027999999999997,11.004428994343188,11.00442899434319,10.722977714846326
009,2014-10-02 09:50:19,2.2,9,10.982500000000009,10.965822861274768,11.125,11.024440953758258,11.02444095375826,10.968992695143598
009,2014-10-02 09:55:19,2.2,9,11.054500000000003,10.28872942252934,11.140000000000002,10.827743140843113,10.827743140843117,10.36970262873613
009,2014-10-02 10:00:19,2.2,9,10.418500000000005,9.812419902610712,10.540999999999999,10.257306634203571,10.257306634203573,9.8770556050444
009,2014-10-02 10:05:19,2.2,9,8.797500000000007,8.657551111000574,8.759999999999998,8.738350370333526,8.738350370333526,8.668644753706358
009,2014-10-02 10:10:19,2.3,9,9.108499999999998,9.436766722651035,8.922,9.155755574217011,9.155755574217013,8.944795098099629
009,2014-10-02 10:15:19,2.3,9,9.690000000000008,8.976326127304572,9.5625,9.409608709101526,9.409608709101528,9.038929155028965
009,2014-10-02 10:20:19,2.4,9,12.355499999999997,12.55801666383472,12.335999999999999,12.416505554611573,12.416505554611573,12.340065340375745
009,2014-10-02 10:25:19,2.4,9,12.257000000000007,11.504200394693008,12.522,12.094400131564337,12.09440013156434,11.585611522091751
009,2014-10-02 10:30:19,2.4,9,9.194500000000003,8.774090290852337,9.2415,9.07003009695078,9.07003009695078,8.818545359957605
009,2014-10-02 10:35:19,2.4,9,10.631500000000003,10.209629793107174,10.764000000000001,10.53504326436906,10.53504326436906,10.25509266575825
009,2014-10-02 10:40:19,2.3,9,10.558000000000007,8.71739672702092,10.26,9.845132242340307,9.845132242340311,8.88177050572685
009,2014-10-02 10:45:19,2.2,9,9.89800000000001,10.193352180109548,9.583,9.891450726703185,9.891450726703187,9.618910174482238
009,2014-10-02 10:50:19,2.2,9,9.692000000000002,9.392162073525961,9.633,9.572387357841988,9.572387357841988,9.417949571606123
009,2014-10-02 10:55:19,2.2,9,11.175500000000001,13.15583693960536,11.349,11.89344564653512,11.893445646535122,11.211720684444238
009,2014-10-02 11:00:19,2.2,9,9.494500000000002,10.309684866200477,9.7835,9.862561622066826,9.862561622066828,9.529998269693275
009,2014-10-02 11:05:19,2.2,9,9.18650000000001,9.356517048865062,9.2495,9.26417234962169,9.26417234962169,9.194161501024883
009,2014-10-02 11:10:19,2.2,9,9.382500000000004,9.645670229944365,9.2825,9.436890076648124,9.436890076648124,9.295594131722027
009,2014-10-02 11:15:19,2.2,9,9.180500000000007,8.929971258024239,9.149,9.086490419341416,9.086490419341416,8.953201985568626
009,2014-10-02 11:20:19,2.2,9,9.903500000000003,8.50649772329232,10.0615,9.49049924109744,9.490499241097442,8.654238100524772
009,2014-10-02 11:25:19,2.2,9,10.516000000000004,9.341616710097334,10.3975,10.08503890336578,10.08503890336578,9.453272754088273
009,2014-10-02 19:00:00,3.8,9,11.986999999999998,10.670106908920085,11.450999999999999,11.369368969640028,11.369368969640028,10.757167297440164
009,2014-10-03 08:25:19,8.7,9,9.764500000000005,9.473926791160503,9.427000000000001,9.55514226372017,9.555142263720171,9.434815414493844
009,2014-10-03 08:30:00,6.2,9,9.489000000000003,9.445055449376934,9.561499999999999,9.498518483125645,9.498518483125647,9.450378116970942
009,2014-10-03 08:30:19,7.8,9,9.131000000000002,9.008977574958493,9.168500000000002,9.102825858319498,9.1028258583195,9.022119085058186
009,2014-10-03 08:35:19,7.2,9,10.050500000000001,9.762877550234816,10.067000000000002,9.960125850078272,9.960125850078274,9.793134846045007
009,2014-10-03 08:40:19,6.8,9,9.169500000000005,10.403602833151327,8.925999999999998,9.499700944383777,9.499700944383777,8.963817043975505
009,2014-10-03 08:45:19,6.4,9,10.248000000000008,9.380421798370827,10.0745,9.90097393279028,9.90097393279028,9.454774240353828
009,2014-10-03 08:50:19,6.2,9,11.197500000000012,10.32254729281173,11.15,10.890015764270581,10.890015764270583,10.409593948306574
009,2014-10-03 08:55:19,6.1,9,10.35850000000001,10.209487507170964,10.405500000000002,10.32449583572366,10.32449583572366,10.225547834064034
009,2014-10-03 09:00:19,6.0,9,9.281500000000008,10.022817603992465,9.017000000000001,9.440439201330825,9.440439201330825,9.052086301862662
009,2014-10-03 09:05:19,5.9,9,9.263000000000009,9.247502263606025,9.2285,9.246334087868679,9.246334087868679,9.23064307578241
009,2014-10-03 09:10:19,5.7,9,9.847000000000008,9.773330680193132,10.058,9.892776893397714,9.892776893397714,9.78314828078402
009,2014-10-03 09:15:19,5.6,9,9.419500000000005,7.319502734608386,9.4635,8.734167578202797,8.734167578202797,7.539653466376209
009,2014-10-03 09:20:19,5.4,9,10.203000000000005,10.251637094073862,9.956000000000001,10.136879031357957,10.136879031357957,9.982328571614524
009,2014-10-03 09:25:19,5.2,9,9.515000000000008,8.763701063000036,9.718,9.332233687666681,9.332233687666683,8.844335184036291
009,2014-10-03 09:30:19,5.0,9,9.99600000000001,9.514760207496014,9.956500000000002,9.822420069165341,9.822420069165343,9.561371921518218
009,2014-10-03 09:35:19,4.8,9,9.318500000000002,10.326939995774811,9.1295,9.591646665258272,9.591646665258272,9.159358391566434
009,2014-10-03 09:40:19,4.7,9,8.570500000000004,9.02146647342889,8.7065,8.766155491142966,8.766155491142966,8.587878568749007
009,2014-10-03 09:45:19,4.5,9,9.620000000000003,9.804311975127884,9.657999999999998,9.694103991709294,9.694103991709296,9.62543884293186
009,2014-10-03 09:50:19,4.4,9,11.702000000000007,11.411051234686791,11.601499999999998,11.571517078228931,11.571517078228933,11.431981802343868
009,2014-10-03 09:55:19,4.3,9,10.352499999999997,9.809324650453132,10.482000000000001,10.214608216817709,10.214608216817712,9.867448988040351
009,2014-10-03 10:00:19,4.2,9,9.858500000000003,10.330723163460322,9.619499999999999,9.936241054486775,9.936241054486775,9.649227437954579
009,2014-10-03 10:05:19,4.1,9,9.389500000000005,9.660866121194854,9.5185,9.52295537373162,9.522955373731621,9.404420195167084
009,2014-10-03 10:10:19,3.9,9,10.604500000000007,9.522315032672896,10.506499999999999,10.211105010890966,10.21110501089097,9.626264690267188
009,2014-10-03 10:15:19,3.9,9,10.152000000000005,9.609281867706333,10.148,9.96976062256878,9.96976062256878,9.665684872084226
009,2014-10-03 10:20:19,3.8,9,9.589500000000008,10.054178463081108,9.494500000000002,9.712726154360373,9.712726154360373,9.509086092582265
009,2014-10-03 10:25:19,3.9,9,8.672500000000007,9.697785042980449,8.891999999999998,9.08742834766015,9.087428347660152,8.703522883012383
009,2014-10-03 10:30:19,3.9,9,9.257500000000002,10.023718824933328,9.432,9.571072941644443,9.571072941644445,9.281674127591744
009,2014-10-03 10:35:19,4.1,9,8.871000000000004,8.086284894838128,8.834499999999998,8.59726163161271,8.597261631612712,8.16493137214481
009,2014-10-03 10:40:19,4.2,9,10.925000000000006,10.723459672642358,11.3375,10.995319890880788,10.99531989088079,10.748670687150197
009,2014-10-03 10:45:19,4.3,9,10.547500000000008,9.45263182315807,10.502,10.167377274386027,10.167377274386027,9.562876228043228
009,2014-10-03 10:50:19,4.5,9,10.826,8.991878539405347,10.693000000000001,10.17029284646845,10.17029284646845,9.171187171612516
009,2014-10-03 10:55:19,4.7,9,9.490500000000006,9.514249148676983,9.384500000000003,9.463083049558998,9.463083049558998,9.39582766667471
009,2014-10-03 11:00:19,4.8,9,9.697000000000008,9.06449100533213,9.683500000000002,9.481663668444048,9.481663668444048,9.129389384518708
009,2014-10-03 11:05:19,5.0,9,9.723499999999996,9.263475816491122,9.474,9.486991938830373,9.486991938830375,9.287996760608209
009,2014-10-03 11:10:19,5.1,9,9.187500000000002,9.96192496597785,9.22,9.456474988659282,9.456474988659286,9.198319539222117
009,2014-10-03 11:15:19,5.2,9,10.785000000000002,10.693339303949374,10.617,10.69844643464979,10.698446434649794,10.6259035527579
009,2014-10-03 11:20:19,5.3,9,10.165000000000006,8.993027201327628,9.9385,9.698842400442544,9.698842400442546,9.094211625598467
009,2014-10-03 11:25:19,5.3,9,9.758000000000004,9.214164853131747,9.71,9.560721617710584,9.560721617710586,9.266521255425209
009,2014-10-03 11:30:19,5.4,9,8.942500000000006,6.95646142108439,8.685,8.194653807028132,8.194653807028134,7.139883549945598
009,2014-10-03 11:35:19,5.4,9,9.349500000000006,9.387369054711089,9.357999999999999,9.364956351570363,9.364956351570365,9.350682997048033
009,2014-10-03 11:40:19,5.6,9,10.176500000000003,10.155785209883467,10.486500000000001,10.272928403294491,10.272928403294491,10.161052480179443
009,2014-10-03 11:45:19,5.6,9,9.758000000000001,9.264112691554196,9.7455,9.589204230518066,9.589204230518067,9.314602498949618
009,2014-10-03 11:50:19,5.7,9,11.635500000000011,11.572686993593159,11.967,11.725062331197725,11.725062331197725,11.582573760056677
009,2014-10-03 11:55:19,5.8,9,10.969500000000005,12.057729577666906,10.986500000000001,11.337909859222306,11.337909859222306,10.98199090877851
009,2014-10-03 12:00:00,8.1,9,10.104499999999998,8.883371525353937,10.1045,9.697457175117977,9.697457175117979,9.011131230172875
009,2014-10-03 12:00:19,5.8,9,9.952000000000007,9.45678018142655,10.2,9.869593393808852,9.869593393808852,9.511072205431452
009,2014-10-03 12:05:19,5.8,9,9.298000000000004,9.500049181596298,9.587,9.461683060532101,9.461683060532103,9.320008761207461
009,2014-10-03 12:10:19,5.7,9,9.164,9.122232290113255,9.1245,9.136910763371084,9.136910763371086,9.122864547659661
009,2014-10-03 12:15:19,5.4,9,10.233,8.163685162095272,10.651000000000002,9.682561720698425,9.682561720698425,8.384365766542142
009,2014-10-03 12:20:19,4.9,9,9.330999999999998,10.42888485107963,9.507,9.755628283693207,9.755628283693211,9.35863272429454
009,2014-10-03 12:25:19,4.2,9,10.104500000000009,9.714476851267609,9.888499999999999,9.90249228375587,9.902492283755873,9.734843900382693
009,2014-10-03 12:30:19,3.3,9,8.999,9.00493843140528,8.966999999999999,8.990312810468426,8.990312810468428,8.970407361729276
009,2014-10-03 12:35:19,2.7,9,9.684000000000005,8.779260951478216,9.697,9.38675365049274,9.386753650492741,8.874048635888377
009,2014-10-03 12:40:19,2.2,9,8.7675,8.824811038970896,8.747499999999999,8.779937012990299,8.779937012990299,8.750165596274222
009,2014-10-03 19:00:00,11.8,9,11.02150000000001,9.69052938694644,10.925499999999998,10.545843128982149,10.54584312898215,9.82069731572684
009,2014-10-04 12:45:00,6.4,9,11.698000000000006,12.556299474668782,11.884500000000003,12.046266491556262,12.046266491556265,11.724230425619812
009,2014-10-04 16:00:00,6.9,9,11.309500000000003,9.620096014119033,11.248999999999999,10.726198671373012,10.726198671373012,9.79112394400351
009,2014-10-04 19:00:00,6.9,9,9.54500000000001,9.254308969786385,9.335500000000001,9.378269656595466,9.378269656595467,9.264898524019952
