subject,timestamp,glucose,fold,RandomForest,GradientBoosting,Bagging,PlainAverage,WeightedAverage,Choquet
008,2014-10-01 06:46:54,7.2,1,8.251000000000005,8.20247814935487,8.3945,8.282659383118292,8.303499737645971,8.234709642390282
008,2014-10-01 06:51:54,6.9,1,7.381500000000001,6.805299064129192,7.287999999999999,7.158266354709731,7.2485395661492795,7.018119603008155
008,2014-10-01 06:56:54,6.6,1,7.721,6.689803791563942,7.593,7.334601263854648,7.499598232400659,7.084263059951174
008,2014-10-01 07:01:54,6.3,1,7.8934999999999995,7.109384799076317,7.8275000000000015,7.610128266358772,7.7383309532718885,7.420151010985974
008,2014-10-01 07:06:54,5.9,1,8.970500000000003,8.998474185084367,8.821,8.929991395028123,8.912137103425147,8.853769481101466
008,2014-10-01 07:11:54,5.7,1,9.010500000000002,9.03684980119405,9.265500000000001,9.104283267064686,9.122082257422367,9.034636298548499
008,2014-10-01 07:16:54,5.4,1,6.848499999999997,6.28260675778695,6.845999999999999,6.659035585928982,6.7555060618492835,6.522474691479447
008,2014-10-01 07:21:54,5.1,1,7.9510000000000085,7.673239074457144,7.854500000000001,7.8262463581523845,7.865265429100969,7.758066753902048
008,2014-10-01 07:26:54,4.8,1,7.777999999999999,7.830360336912638,7.782,7.796786778970879,7.788190258614915,7.7803686688286815
008,2014-10-01 07:31:54,4.5,1,6.792500000000003,6.289228816504241,6.860000000000001,6.647242938834748,6.739135626903953,6.5087726618375115
008,2014-10-01 07:36:54,4.2,1,7.293499999999999,6.687402576374328,7.3975,7.126134192124776,7.238788004431676,6.953636834736356
008,2014-10-01 07:41:54,3.9,1,7.800500000000003,7.73487665748129,7.936,7.823792219160431,7.846854908809768,7.773736992713069
008,2014-10-01 07:46:54,3.6,1,8.51400000000001,8.471409875637267,8.673499999999999,8.55296995854576,8.5741960996176,8.502410300839841
008,2014-10-01 07:51:54,3.4,1,9.002000000000002,8.558934036075174,8.860000000000001,8.806978012025057,8.87026205177663,8.698366468884208
008,2014-10-01 07:56:54,3.2,1,8.665500000000005,8.407815934041494,8.602500000000001,8.558605311347167,8.597123787227966,8.49567413059648
008,2014-10-01 08:01:54,3.1,1,7.884000000000003,7.178963726814174,7.795,7.6193212422713925,7.732000944579201,7.448145270214685
008,2014-10-01 08:06:54,3.1,1,8.686500000000002,8.596927435925494,8.883000000000001,8.722142478641834,8.754631941208276,8.650902658945746
008,2014-10-01 08:11:54,3.0,1,8.204500000000005,7.937000987543593,8.204500000000001,8.115333662514532,8.161038825150952,8.05079529106808
008,2014-10-01 08:16:54,3.0,1,8.4165,8.134589106529779,8.0345,8.195196368843261,8.2099559707058,8.078405184878855
008,2014-10-01 08:21:54,3.1,1,8.595500000000001,9.128111205998852,8.596499999999999,8.773370401999617,8.68245534658799,8.612293826103889
008,2014-10-01 08:26:54,3.1,1,7.343000000000001,7.18035563150917,7.3065,7.276618543836389,7.301216007022179,7.236937222323633
008,2014-10-01 08:31:54,3.2,1,7.299000000000002,7.711578605712783,7.183000000000001,7.397859535237596,7.317221086059508,7.220616153347701
008,2014-10-01 08:36:00,3.5,1,7.806000000000001,7.395247471119837,7.7684999999999995,7.656582490373279,7.72348451934409,7.5570290709293735
008,2014-10-01 08:36:54,3.2,1,8.694500000000005,8.331722358968658,8.4725,8.499574119656222,8.542143574426944,8.409367284131708
008,2014-10-01 08:41:54,3.2,1,7.124000000000008,7.704473307456766,7.209,7.3458244358189235,7.254077870972794,7.157737656900612
008,2014-10-01 08:46:54,3.2,1,9.760500000000004,7.771660067423434,9.478000000000002,9.003386689141147,9.318495801418882,8.520135954875578
008,2014-10-01 08:51:54,3.2,1,7.826500000000006,8.030968931816044,7.885,7.91415631060535,7.884336678898817,7.843637185777478
008,2014-10-01 08:56:54,3.2,1,8.763,8.437116982781939,8.7335,8.644538994260646,8.697639772967124,8.565558300177377
008,2014-10-01 09:01:54,3.2,1,7.752000000000001,7.524219828335481,7.645499999999999,7.640573276111827,7.670178028170611,7.584331554801416
008,2014-10-01 09:06:54,3.2,1,7.229499999999999,6.161607476925922,7.3180000000000005,6.903035825641974,7.093236874578023,6.623037847332629
008,2014-10-01 09:11:54,3.2,1,8.139000000000003,8.130771419595707,8.141,8.136923806531904,8.138504661376995,8.134433401264493
008,2014-10-01 09:16:54,3.3,1,8.115,7.768436350175,8.1135,7.998978783391666,8.058061829926306,7.9153467017586605
008,2014-10-01 09:21:54,3.4,1,7.579000000000002,6.951721129609368,7.591000000000001,7.373907043203123,7.4821340364516935,7.219535305585033
008,2014-10-01 09:26:54,3.4,1,8.2235,8.367905236263832,8.408999999999999,8.333468412087944,8.325018171398629,8.257884879922525
008,2014-10-01 09:31:54,3.4,1,7.386000000000003,7.157031885857822,7.3900000000000015,7.311010628619275,7.350482183325115,7.254758186399764
008,2014-10-01 09:36:54,3.4,1,7.766000000000006,6.588882125350639,7.867499999999999,7.407460708450215,7.617461036967844,7.097827040086189
008,2014-10-01 09:41:54,3.4,1,8.454000000000002,8.960453942219608,8.442000000000002,8.61881798073987,8.531235261807979,8.46035445016133
008,2014-10-01 09:46:54,3.4,1,7.044000000000002,7.351293865696088,7.215,7.203431288565363,7.165881620987749,7.085037450562658
008,2014-10-01 09:51:54,3.5,1,8.829000000000002,8.451717823006206,8.9695,8.750072607668736,8.826822930949007,8.623561928680765
008,2014-10-01 09:56:54,3.6,1,8.239000000000004,8.349608536013022,8.243500000000001,8.277369512004343,8.258864370817378,8.24327715446613
008,2014-10-01 10:01:54,3.7,1,6.993500000000003,5.965471440934106,7.052999999999998,6.670657146978036,6.851510788433768,6.407601365781657
008,2014-10-01 10:06:54,3.8,1,7.892000000000003,8.102622143635744,8.014999999999999,8.003207381211915,7.977977283141297,7.921193404129925
008,2014-10-01 10:11:54,4.0,1,8.746500000000008,8.99257608612825,8.725,8.821358695376086,8.777433583839187,8.737261274961822
008,2014-10-01 10:16:54,4.2,1,8.320000000000002,8.193403632775448,8.243499999999997,8.252301210925149,8.267241255857485,8.22083397973202
008,2014-10-01 10:21:54,4.3,1,9.021500000000005,8.190404072866759,9.119499999999999,8.777134690955588,8.927707251409847,8.55186827265914
008,2014-10-01 10:26:54,4.4,1,9.018500000000003,8.621667653862321,8.790000000000001,8.810055884620775,8.8578755015648,8.711554315024545
008,2014-10-01 10:31:54,4.4,1,8.72750000000001,8.606092080446043,8.716000000000001,8.683197360148684,8.702935507069737,8.653766897649387
008,2014-10-01 10:36:54,4.4,1,8.690000000000005,8.572675265369304,8.6505,8.637725088456436,8.65431682491854,8.608941616504302
008,2014-10-01 10:41:54,4.3,1,8.903000000000002,8.78530341291242,8.9615,8.88326780430414,8.908493712026416,8.840096587512367
008,2014-10-01 10:46:54,4.3,1,9.151500000000011,9.180206779334425,9.212,9.181235593111479,9.18162177859491,9.160243540492903
008,2014-10-01 10:51:54,4.4,1,8.158500000000007,8.673824634274384,8.155000000000001,8.329108211424797,8.240753208221335,8.171817542760131
008,2014-10-01 10:56:54,4.7,1,8.806500000000002,8.461642302596635,8.5945,8.620880767532212,8.66126295659564,8.535118167255408
008,2014-10-01 11:00:00,9.2,1,7.669,7.23719579376075,7.501,7.469065264586916,7.528151266328611,7.362856809346339
008,2014-10-01 11:01:54,5.1,1,7.1330000000000044,5.789825825171525,7.189000000000001,6.703941941723843,6.938335600425331,6.365736269221739
008,2014-10-01 11:06:54,5.4,1,8.672500000000001,8.663188465886586,8.547500000000001,8.627729488628864,8.618388533266467,8.572927948023683
008,2014-10-01 11:11:54,5.9,1,8.978,8.654948209899395,9.183,8.938649403299799,9.01177474351308,8.808932221771322
008,2014-10-01 11:16:54,6.5,1,9.530000000000006,9.408425588153694,9.636000000000001,9.524808529384567,9.554851141196623,9.468704888935964
008,2014-10-01 11:21:54,7.0,1,6.513999999999998,7.192478881115694,6.435,6.713826293705231,6.5909916962124075,6.473014192596546
008,2014-10-01 11:26:54,7.5,1,8.84950000000001,9.138921323542132,8.972,8.986807107847381,8.94806957127775,8.88105884460311
008,2014-10-01 11:31:54,8.0,1,8.969000000000008,9.799231483477723,8.902000000000001,9.223410494492578,9.075696753391643,8.94218641107682
008,2014-10-01 11:36:54,8.5,1,7.751000000000001,6.344516557449145,7.587999999999999,7.227838852483049,7.453896851109693,6.886533984228195
008,2014-10-01 11:41:54,8.9,1,9.619500000000004,9.460276143893802,9.643,9.574258714631268,9.603519073733322,9.529908161448706
008,2014-10-01 11:46:54,9.2,1,9.712000000000007,9.938976154687722,9.756000000000002,9.80232538489591,9.767392041085822,9.727171916521375
008,2014-10-01 11:51:54,9.4,1,9.334500000000004,9.182560978111109,9.3415,9.286186992703703,9.31275964209731,9.247761343441958
008,2014-10-01 11:56:54,9.4,1,7.375499999999996,8.362582950098085,7.495,7.744360983366028,7.58615788103653,7.428264120694256
008,2014-10-01 12:01:54,9.2,1,9.267500000000002,9.571856994937793,9.515500000000001,9.451618998312599,9.421305198829087,9.322609475762476
008,2014-10-01 12:06:54,8.7,1,8.721500000000006,8.484395957102377,8.638499999999999,8.614798652367462,8.648051694440982,8.556591197650855
008,2014-10-01 12:11:54,8.1,1,7.7065000000000055,9.05682367479242,7.870500000000001,8.211274558264142,7.994899532099208,7.7787775223536055
008,2014-10-01 12:16:54,7.4,1,8.830000000000005,9.31513398828295,8.877,9.00737799609432,8.928597899706535,8.853774592814199
008,2014-10-01 12:21:54,6.7,1,8.964500000000003,9.146688771980159,8.952,9.021062923993385,8.988840765390554,8.960348674924223
008,2014-10-01 12:26:54,6.2,1,9.516999999999998,9.814667815256861,9.684,9.671889271752285,9.635634499393841,9.557001482761173
008,2014-10-01 12:31:54,5.7,1,10.152000000000008,9.064538620818219,9.6965,9.637679540272742,9.783648368321384,9.369811414137066
008,2014-10-01 12:36:54,5.4,1,8.776000000000007,9.144373965711864,8.8055,8.90862465523729,8.848263828377172,8.792914340128094
008,2014-10-01 12:41:54,5.1,1,9.443,9.440083137154168,9.579,9.487361045718055,9.499753368028344,9.452308467682794
008,2014-10-01 12:46:54,4.9,1,6.875499999999999,6.748203797715945,7.1835,6.935734599238647,6.9844208473258735,6.827232358201277
008,2014-10-01 12:51:54,4.6,1,6.7065,6.586799676172805,6.697500000000002,6.663599892057602,6.683264916054157,6.634611605350431
008,2014-10-01 12:56:54,4.4,1,6.873000000000002,7.312561734034587,6.8735,7.019687244678196,6.94462699218472,6.886800036465349
008,2014-10-01 13:01:54,4.2,1,8.796500000000007,8.81643442217188,9.0535,8.888811474057297,8.90788151376471,8.819935862031477
008,2014-10-01 13:04:00,4.2,1,7.959000000000002,8.994597710613144,7.978999999999998,8.310865903537715,8.135671698831736,7.994974758140536
008,2014-10-01 13:06:54,4.1,1,9.743000000000002,9.68585289760164,9.335000000000003,9.587950965867215,9.56203334772396,9.414428675799655
008,2014-10-01 13:11:54,4.1,1,9.342000000000006,8.82580592726877,9.414,9.193935309089591,9.288429565225986,9.051210638029257
008,2014-10-01 13:16:54,4.3,1,9.867500000000001,9.06572102276205,9.7625,9.565240340920683,9.69305031586535,9.370530435748485
008,2014-10-01 13:21:54,4.7,1,7.1004999999999985,7.485508977349453,7.368499999999999,7.318169659116482,7.275824686504596,7.161803529510345
008,2014-10-01 13:26:54,5.2,1,7.690500000000002,8.180404006297213,7.704000000000002,7.858301335432405,7.775776470470786,7.708261257742044
008,2014-10-01 13:31:54,5.6,1,8.473000000000004,8.374537274858563,8.3625,8.40334575828619,8.41050537352582,8.372944384549227
008,2014-10-01 13:36:54,5.9,1,7.4245,7.672558419739317,7.6305,7.575852806579772,7.551485111090067,7.470128154646406
008,2014-10-01 13:41:54,6.0,1,9.160500000000008,8.951740255685843,9.0955,9.069246751895284,9.099231055777008,9.018095185214078
008,2014-10-01 13:46:54,6.0,1,7.4925000000000015,7.229305875407199,7.2835,7.3351019584690675,7.361793389997481,7.269078217471493
008,2014-10-01 13:51:54,5.8,1,8.839000000000002,8.687819879765206,8.831,8.785939959921736,8.811071110515435,8.749368750500894
008,2014-10-01 13:56:54,5.5,1,9.571000000000005,9.136482301722681,9.633,9.446827433907561,9.52649182408366,9.326334131081055
008,2014-10-01 14:01:54,5.2,1,8.680000000000001,8.185725995365784,8.6885,8.518075331788594,8.603270879624702,8.396677101058236
008,2014-10-01 14:06:54,4.8,1,8.678999999999997,8.687542107111689,8.7285,8.698347369037227,8.701216901445761,8.684145754316798
008,2014-10-01 14:11:54,4.4,1,8.808000000000003,9.589142830418306,8.791500000000001,9.06288094347277,8.927971042552967,8.81938094370774
008,2014-10-01 14:16:54,4.1,1,9.371500000000008,9.457446022353174,9.249,9.359315340784393,9.333917217805219,9.277816699111181
008,2014-10-01 14:21:54,3.8,1,9.435500000000005,9.027146655293366,9.529000000000002,9.330548885097791,9.408497653638479,9.208412349571343
008,2014-10-01 14:26:54,3.7,1,11.513500000000013,11.805815090892834,11.21,11.509771696964284,11.433283697614199,11.283870349988314
008,2014-10-01 14:31:54,3.6,1,9.644000000000004,10.412289547311515,9.481000000000002,9.845763182437173,9.700237180486805,9.539737114067382
008,2014-10-01 14:36:54,3.6,1,9.238999999999999,9.013082126621587,9.017999999999999,9.09002737554053,9.109300281925494,9.032852202061768
008,2014-10-01 14:41:54,3.6,1,8.435500000000001,8.860043165391552,8.403,8.566181055130519,8.490800860529545,8.423173848443309
008,2014-10-01 14:46:54,3.7,1,8.44,8.157548080395278,8.293,8.296849360131759,8.33225343797433,8.226928115231441
008,2014-10-01 14:51:54,3.9,1,9.087000000000007,8.583029559863839,9.1125,8.92750985328795,9.015848887300134,8.799478599154352
008,2014-10-01 14:56:54,4.1,1,9.1785,9.303706841654316,9.034,9.172068947218106,9.138038658994692,9.068734962856066
008,2014-10-01 15:01:54,4.4,1,9.174500000000013,8.558280113281235,9.267500000000002,9.00009337109375,9.113514707910994,8.827932024133318
008,2014-10-01 15:06:54,4.7,1,8.764000000000001,9.401412094142112,9.028000000000002,9.064470698047371,8.97865004152674,8.832439139361018
008,2014-10-01 15:11:54,4.9,1,10.2285,9.648479351104996,10.3585,10.078493117034999,10.1889652664287,9.90572050461239
008,2014-10-01 15:16:54,5.2,1,9.498500000000005,8.81029323529092,9.436000000000002,9.248264411763643,9.36038617653261,9.081468852730303
008,2014-10-01 15:21:54,5.4,1,8.925500000000001,9.53413129705041,9.117,9.192210432350137,9.104966771445909,8.97970571837321
008,2014-10-01 15:26:54,5.7,1,9.863000000000005,9.914312556885847,9.550500000000001,9.775937518961952,9.739840366831144,9.618774729640098
008,2014-10-01 15:31:54,5.9,1,7.990500000000001,8.014903198501658,8.3375,8.11430106616722,8.140478558440693,8.021805439685235
008,2014-10-01 15:36:54,6.2,1,9.746500000000006,9.846884294327364,9.6615,9.751628098109125,9.727042616956178,9.682766026484941
008,2014-10-01 15:41:54,6.5,1,8.518000000000006,8.77260712233512,8.562000000000001,8.617535707445041,8.577881307439162,8.534033609134147
008,2014-10-01 15:46:54,6.7,1,8.950500000000003,8.709945484863386,8.885000000000002,8.848481828287797,8.883854892419988,8.789653231554695
008,2014-10-01 15:51:54,6.8,1,7.112000000000002,6.740083053384088,6.952000000000001,6.93469435112803,6.984247596466249,6.8430312574576915
008,2014-10-01 15:56:54,6.9,1,7.803999999999997,7.552519909739287,7.875500000000001,7.744006636579762,7.793227855497051,7.665274686888077
008,2014-10-01 16:01:54,6.9,1,8.783500000000002,8.519285220534236,8.9855,8.76276174017808,8.825571760453732,8.647997613866437
008,2014-10-01 16:06:54,6.9,1,7.5295,7.262233655186759,7.299499999999999,7.36374455172892,7.389295202196496,7.296484716295771
008,2014-10-01 16:11:54,6.8,1,9.507500000000004,10.020687262526776,9.481,9.669729087508927,9.579727802057388,9.502658131051657
008,2014-10-01 16:16:54,6.5,1,8.019500000000004,7.965379326535846,8.095500000000001,8.026793108845284,8.042686839836252,7.9945407003326885
008,2014-10-01 16:18:00,5.3,1,8.408500000000005,9.049478133511306,8.468,8.641992711170436,8.537678113592223,8.439433998232122
008,2014-10-01 16:21:54,6.3,1,8.116000000000007,8.247447013909682,8.139,8.167482337969895,8.14703463874416,8.124329964308453
008,2014-10-01 16:26:54,6.2,1,8.523500000000006,9.193757074928888,8.383,8.700085691642965,8.573277369136644,8.433879332680693
008,2014-10-01 16:31:54,6.0,1,8.067500000000003,7.648453237838151,7.915500000000001,7.877151079279385,7.9354566182431725,7.774213783641595
008,2014-10-01 16:36:54,6.0,1,6.984000000000005,7.437629246622564,7.077000000000001,7.1662097488741905,7.096835537450798,7.0152534732641465
008,2014-10-01 16:41:54,6.1,1,8.424499999999998,7.806498495434862,8.226999999999999,8.152666165144952,8.24098609673516,8.001178406823799
008,2014-10-01 16:46:54,6.1,1,7.730000000000007,7.11739108499508,7.733000000000001,7.526797028331696,7.631730398333486,7.378237734599606
008,2014-10-01 16:51:54,6.2,1,8.614000000000003,7.426515338276362,8.404000000000002,8.148171779425455,8.33270100886956,7.859136237680817
008,2014-10-01 16:56:54,6.1,1,7.792500000000001,6.362702352369334,7.8385,7.331234117456446,7.579553799125556,6.974654810736557
008,2014-10-01 17:01:54,5.9,1,9.080000000000002,10.08431039536971,9.003,9.389103465123236,9.210771863321977,9.050748777813695
008,2014-10-01 17:06:54,5.8,1,11.383999999999997,10.834583525243957,11.142000000000001,11.12019450841465,11.19290416121108,10.984716569309228
008,2014-10-01 17:11:54,5.6,1,8.978500000000004,9.063778089471379,9.052,9.031426029823793,9.023283302875877,8.994679274793384
008,2014-10-01 17:16:54,5.5,1,9.644000000000004,11.287337563970008,9.522,10.151112521323336,9.859660569140901,9.59927845237957
008,2014-10-01 17:21:54,5.4,1,7.3340000000000005,7.582496444900753,7.303499999999999,7.406665481633584,7.3615397258119435,7.317756981532178
008,2014-10-01 17:26:54,5.5,1,8.691500000000005,9.099118569941117,8.667,8.819206189980376,8.747417393328172,8.684939174716215
008,2014-10-01 17:31:54,5.7,1,9.551500000000006,9.479548771370094,9.512000000000002,9.514349590456701,9.52318876195751,9.496513195120723
008,2014-10-01 17:36:54,5.8,1,9.37,9.172394927873459,9.091499999999998,9.211298309291152,9.22070497109083,9.124566239284743
008,2014-10-01 17:41:54,6.0,1,8.913000000000006,8.79472873228969,8.858,8.855242910763232,8.870640813062387,8.826043886719408
008,2014-10-01 17:46:54,6.2,1,7.553500000000005,7.652808045957659,7.3214999999999995,7.509269348652555,7.472011802190722,7.374096151789329
008,2014-10-01 17:51:54,6.3,1,9.889500000000009,8.910599003941565,9.780499999999998,9.52686633464719,9.684589742148834,9.28937463240747
008,2014-10-01 17:56:54,6.5,1,10.256500000000003,8.895994233970212,9.806500000000002,9.652998077990071,9.846100562267083,9.31932009188833
008,2014-10-01 18:01:54,6.8,1,9.365500000000008,9.52136051172117,9.373000000000001,9.41995350390706,9.39397892896544,9.371740200641817
008,2014-10-01 18:06:54,7.1,1,8.624,8.537499080059698,8.523499999999999,8.561666360019899,8.567656723350897,8.53340611562595
008,2014-10-01 18:11:54,7.4,1,8.434000000000005,7.787780995318918,8.2565,8.159426998439642,8.254317311200213,8.001372851838411
008,2014-10-01 18:15:00,7.8,1,10.059500000000003,9.933193483315636,10.168,10.053564494438547,10.08463427733819,9.995687746309262
008,2014-10-01 18:16:54,7.6,1,9.452499999999997,9.232796493253232,9.339500000000001,9.34159883108441,9.369255135118411,9.287227235688842
008,2014-10-01 18:21:54,7.7,1,10.194499999999998,9.646330773337997,10.0555,9.965443591112665,10.0469480513011,9.831510451529091
008,2014-10-01 18:26:54,7.7,1,8.953999999999999,7.617075046080279,9.0245,8.531858348693426,8.766452363266755,8.191498207303816
008,2014-10-01 18:31:54,7.4,1,8.934000000000006,8.697320605078808,9.038,8.88977353502627,8.939308194377364,8.806404125201515
008,2014-10-01 18:36:54,7.1,1,8.935000000000004,9.36569247291242,8.8155,9.03873082430414,8.954691326574792,8.854427802487058
008,2014-10-01 18:41:54,6.7,1,9.108000000000002,8.610745458508042,9.534999999999998,9.08458181950268,9.206886739615966,8.856766038578654
008,2014-10-01 18:46:54,6.2,1,11.090000000000007,11.700573576254987,11.091999999999999,11.294191192084996,11.1900428595579,11.10940908458884
008,2014-10-01 18:51:54,5.7,1,8.281000000000004,8.102963721712129,8.175500000000001,8.186487907237378,8.20768082082185,8.142259764200011
008,2014-10-01 18:56:54,5.3,1,10.821000000000003,11.087289300285951,10.673,10.860429766761984,10.801987887111055,10.712881480473147
008,2014-10-01 19:01:54,4.9,1,7.377500000000003,7.115917997334007,7.5,7.33113933244467,7.386546803762328,7.237089321953398
008,2014-10-01 19:06:54,4.6,1,7.677000000000004,6.629305541607312,7.441000000000002,7.249101847202439,7.4074725332214,6.993478915562751
008,2014-10-01 19:11:54,4.5,1,7.191500000000003,7.359368420561238,7.1435,7.23145614018708,7.198576102669915,7.158976308136019
008,2014-10-01 19:16:54,4.5,1,9.116,9.625890797149797,8.999500000000001,9.2471302657166,9.149821225416515,9.040257586811526
008,2014-10-01 19:21:54,4.6,1,6.757499999999997,6.768469159272113,6.770499999999999,6.76548971975737,6.764752438789289,6.760023809617494
008,2014-10-01 19:26:54,4.7,1,8.424000000000005,8.775638451386959,8.502500000000001,8.567379483795655,8.514163422595423,8.449405639203327
008,2014-10-01 19:31:54,4.8,1,7.516499999999999,7.0866231814908485,7.3275,7.310207727163616,7.367127848519373,7.204210677883405
008,2014-10-01 19:36:54,4.8,1,7.693499999999999,7.962220321008552,7.724500000000001,7.793406773669517,7.750204056570329,7.707582480441506
008,2014-10-01 19:41:54,4.8,1,7.690500000000003,7.785112992120937,7.837,7.770870997373646,7.767517548523323,7.715044806293255
008,2014-10-01 19:46:54,4.8,1,7.541999999999999,7.480262347624863,7.521000000000002,7.514420782541621,7.5231327778739665,7.499271989715707
008,2014-10-01 19:51:54,4.8,1,6.781000000000001,6.934254460514107,6.819000000000001,6.844751486838035,6.821889576412402,6.7927691915480874
008,2014-10-01 19:56:54,4.8,1,7.899000000000008,8.48895695855434,7.781999999999999,8.056652319518117,7.945619362927574,7.82536118979224
008,2014-10-01 20:01:54,4.8,1,9.291500000000005,8.388341236005447,9.519500000000003,9.066447078668483,9.24070158245831,8.790960911420278
008,2014-10-01 20:06:54,4.9,1,6.8735000000000035,6.372112353295921,6.780500000000001,6.675370784431975,6.752905046327841,6.553279961345263
008,2014-10-01 20:07:00,3.4,1,7.561499999999998,6.614781596188195,7.677,7.284427198729397,7.456285607908693,7.026845140219347
008,2014-10-01 20:11:54,5.0,1,6.739500000000001,6.81320963834788,6.5985000000000005,6.717069879449294,6.692144551698521,6.6308822291452225
008,2014-10-01 20:16:54,5.1,1,9.316500000000007,9.356539352656796,9.072,9.2483464508856,9.220122422315237,9.125414793137217
008,2014-10-01 20:21:54,5.3,1,8.574000000000003,8.741807220248637,8.769,8.694935740082881,8.683317838769133,8.61229648024461
008,2014-10-01 20:26:54,5.7,1,9.326500000000003,8.666639292923655,9.5525,9.181879764307887,9.314389195238252,8.965598234845803
008,2014-10-01 20:31:54,6.1,1,7.435000000000002,7.149691520641627,7.384000000000001,7.322897173547211,7.367185051410207,7.253446083945622
008,2014-10-01 20:36:54,6.7,1,7.650499999999997,7.379818806817134,7.797999999999999,7.609439602272377,7.668588157627772,7.506880143261911
008,2014-10-01 20:41:54,7.3,1,7.414500000000001,6.591926801932242,7.3054999999999986,7.10397560064408,7.234988676148062,6.904200454445005
008,2014-10-01 20:46:54,7.8,1,10.5995,9.360243466170303,10.641499999999999,10.200414488723434,10.415828293384342,9.890816502065187
008,2014-10-01 20:51:54,8.1,1,9.955500000000008,9.676945137696524,9.8445,9.825648379232177,9.863534998721244,9.75710211568407
008,2014-10-01 20:56:54,8.3,1,7.319000000000006,7.165444865573674,7.292000000000001,7.258814955191227,7.282690249258795,7.221441282189722
008,2014-10-01 21:01:54,8.4,1,7.519000000000001,6.265473689153492,7.610500000000002,7.131657896384499,7.353838895970754,6.806115133094634
008,2014-10-01 21:06:54,8.5,1,8.438000000000002,9.251777099095822,8.4615,8.717092366365273,8.580104758813068,8.467700915316925
008,2014-10-01 21:11:54,8.7,1,7.563500000000001,7.993636528120866,7.794999999999999,7.784045509373622,7.730797871278043,7.619496945497591
008,2014-10-01 21:16:54,9.0,1,8.207499999999996,8.635634397689667,8.2745,8.372544799229887,8.305252822265789,8.233175878204886
008,2014-10-01 21:21:54,9.4,1,6.830000000000001,7.869411382634273,7.0280000000000005,7.242470460878091,7.082191721997646,6.898835550706507
008,2014-10-01 21:26:54,9.7,1,8.5385,8.776530961780235,8.4955,8.603510320593413,8.5590795148383,8.512097587880666
008,2014-10-01 21:31:54,10.0,1,7.2134999999999945,7.013459323326112,7.117000000000001,7.114653107775369,7.1403928152523655,7.065224743929086
008,2014-10-01 21:36:54,10.0,1,6.5825,6.482751942914238,6.648000000000001,6.571083980971412,6.593855372275483,6.530475176247043
008,2014-10-01 21:41:55,10.0,1,7.639500000000006,7.287962759967352,7.768000000000001,7.565154253322453,7.6364563039417686,7.4478857278213235
008,2014-10-01 21:46:55,9.7,1,7.046500000000002,7.02231747291714,7.127000000000001,7.06527249097238,7.076444508401794,7.039106591758585
008,2014-10-01 21:51:55,9.3,1,6.274499999999994,7.080501233053088,6.365,6.573333744351028,6.44353424600708,6.316282602435795
008,2014-10-01 21:56:55,8.8,1,6.855499999999998,6.149829919978397,6.858,6.621109973326131,6.741900144133307,6.450224482807428
008,2014-10-01 22:01:55,8.3,1,9.754500000000005,9.201371237867445,9.805,9.58695707928915,9.685881742679753,9.440751477003623
008,2014-10-02 10:16:55,3.1,1,8.5905,8.860799337678818,8.5225,8.657933112559606,8.605802511381993,8.545437862276493
008,2014-10-02 10:21:55,3.1,1,7.441500000000002,6.325929637754193,7.435500000000001,7.0676432125847315,7.257726005261723,6.798421743357644
008,2014-10-02 10:26:55,3.3,1,9.182000000000002,8.29307010217211,9.020999999999999,8.832023367390704,8.969826533920681,8.61561063805748
008,2014-10-02 10:31:55,3.5,1,9.723000000000008,7.6677963632215445,9.566,8.98559878774052,9.3230225339335,8.487852362043794
008,2014-10-02 10:36:55,3.8,1,7.327000000000001,6.864892446938927,7.394999999999999,7.195630815646308,7.28053397025709,7.066965633644501
008,2014-10-02 10:41:55,4.3,1,7.2595,6.658887084430243,7.200999999999999,7.039795694810081,7.137300904263759,6.89418184461685
008,2014-10-02 10:46:55,4.7,1,7.181000000000003,6.041396581538944,7.268,6.830132193846315,7.032454658590593,6.533211674278242
008,2014-10-02 10:51:55,5.2,1,7.326500000000003,6.174617495723689,7.4735000000000005,6.991539165241231,7.2012069757637835,6.676502222408452
008,2014-10-02 10:56:55,5.7,1,7.412000000000002,7.024969580438429,7.407,7.281323193479477,7.347014340707661,7.187885595224133
008,2014-10-02 11:01:55,6.0,1,7.453500000000003,6.82242594778609,7.558999999999998,7.27830864926203,7.395361177807621,7.099406437344038
008,2014-10-02 11:06:55,6.2,1,7.9530000000000065,6.697918021183109,7.7685,7.473139340394372,7.671448433049653,7.168102826954
008,2014-10-02 11:11:55,6.4,1,8.757000000000003,8.054946045063597,8.7465,8.519482015021199,8.638517409769673,8.349973580980393
008,2014-10-02 11:16:55,6.4,1,7.5455000000000005,6.378094607786614,7.476000000000002,7.13319820259554,7.326584160606663,6.850703853022724
008,2014-10-02 11:21:55,6.4,1,7.2204999999999995,6.337854536605538,7.115999999999999,6.891451512201846,7.03312214776591,6.677237325331028
008,2014-10-02 11:26:55,6.4,1,7.415500000000003,6.445394161831886,7.316,7.058964720610629,7.216016205158494,6.8237097163497165
008,2014-10-02 11:31:55,6.3,1,7.786500000000003,7.086545508138623,7.810500000000001,7.5611818360462095,7.682875728074959,7.386245174358674
008,2014-10-02 11:36:55,6.2,1,6.920000000000003,6.4033515757688715,6.890499999999999,6.7379505252562915,6.823645682061102,6.612944656784949
008,2014-10-02 11:41:55,6.2,1,7.192500000000004,6.631971736843544,7.139499999999999,6.987990578947849,7.079127887617771,6.8521142065560525
008,2014-10-02 11:44:00,8.7,1,7.830000000000002,6.822337990891862,7.635,7.4291126636306215,7.584229037567906,7.183643331288237
008,2014-10-02 11:46:55,6.1,1,7.505000000000001,6.639477260010138,7.515999999999999,7.220159086670045,7.369005222603511,7.008559808939035
008,2014-10-02 11:51:55,6.1,1,7.848000000000002,6.576795914985754,7.7735,7.399431971661919,7.61011580615036,7.0918341616656955
008,2014-10-02 11:56:55,6.1,1,8.528000000000006,7.214749956422015,8.6445,8.129083318807341,8.36365516496341,7.7828171347680675
008,2014-10-02 12:01:55,6.2,1,7.555000000000002,6.722612521009639,7.700500000000001,7.326037507003214,7.480984878238921,7.08846264432991
008,2014-10-02 12:06:55,6.3,1,7.130999999999998,6.61147972914762,7.051,6.931159909715873,7.012929251969503,6.804851298712936
008,2014-10-02 12:11:55,6.4,1,6.873500000000004,5.903173455762437,6.871,6.549224485254148,6.7147968605604405,6.3150876542368914
008,2014-10-02 12:16:55,6.6,1,6.8365000000000045,5.924171099991603,6.9415,6.5673903666638695,6.732454666605281,6.320757252755092
008,2014-10-02 12:21:55,6.8,1,7.520999999999999,6.282365605734372,7.639500000000001,7.147621868578124,7.369619717350419,6.818852761171096
008,2014-10-02 12:26:55,7.0,1,7.621000000000002,7.198448344487201,7.556000000000001,7.458482781495735,7.524995796201305,7.355750531766461
008,2014-10-02 12:31:55,7.3,1,7.507499999999998,6.642068876264306,7.585500000000001,7.245022958754768,7.399712957595855,7.016523930536955
008,2014-10-02 12:36:55,7.5,1,6.703000000000002,5.903895309175469,6.8180000000000005,6.474965103058491,6.621558350234193,6.25312347212733
008,2014-10-02 12:41:55,7.7,1,6.932500000000001,6.046673668825818,6.8035000000000005,6.594224556275273,6.734296019214404,6.378947060049023
008,2014-10-02 12:46:55,8.0,1,7.431999999999999,7.0321516146837455,7.391,7.285050538227914,7.3497833796113925,7.188085648231917
008,2014-10-02 12:51:55,8.2,1,7.638000000000005,6.773761893978691,7.646,7.352587297992899,7.500951573602251,7.1420556535147055
008,2014-10-02 12:56:55,8.4,1,6.857000000000003,6.358317633481468,7.0495,6.75493921116049,6.856979783009557,6.5860054350999935
008,2014-10-02 13:01:55,8.7,1,8.036500000000004,7.531349326278278,7.681,7.749616442092761,7.8048365976048055,7.623447643649543
008,2014-10-02 13:06:55,9.0,1,7.315,6.842299150754375,7.3839999999999995,7.180433050251459,7.267233642061864,7.048959502855617
008,2014-10-02 13:11:55,9.3,1,7.300500000000005,5.949643223854884,7.265999999999999,6.838714407951628,7.066506003869265,6.512382185914038
008,2014-10-02 13:16:55,9.6,1,7.327500000000002,7.188287235192224,6.909999999999999,7.141929078397408,7.1292024586794485,6.980510693423019
008,2014-10-02 13:21:55,9.8,1,7.622500000000007,5.874315071711386,7.2145,6.903771690570465,7.166786574072414,6.477067183031658
008,2014-10-02 13:26:55,9.8,1,8.583500000000003,9.337739021225438,8.758500000000002,8.89324634040848,8.779680975323071,8.63921154523286
008,2014-10-02 13:31:55,9.8,1,7.215500000000004,6.424614244938129,7.2115,6.9505380816460445,7.085319831762963,6.759676066912807
008,2014-10-02 13:36:55,9.7,1,8.708500000000008,8.240872760771788,8.4635,8.470957586923932,8.529430278495282,8.355176366120064
008,2014-10-02 13:41:55,9.5,1,7.845500000000003,5.78964100403616,7.939000000000001,7.191380334678722,7.55082365171761,6.671756979651223
008,2014-10-02 13:43:00,10.1,1,7.363500000000008,6.247458938390873,7.4495,7.020152979463627,7.21836209966118,6.729169816484644
008,2014-10-02 13:46:55,9.4,1,7.702500000000007,6.655147384805432,7.764000000000001,7.373882461601814,7.558212742555653,7.105659315970588
008,2014-10-02 13:51:55,9.3,1,7.691500000000001,7.771324358768174,7.6555,7.706108119589392,7.68932084873113,7.665670286378491
008,2014-10-02 13:56:55,9.3,1,7.382500000000001,5.9749502609727765,7.301000000000001,6.886150086990926,7.119517895041818,6.545572193905821
008,2014-10-02 14:01:55,9.4,1,8.038499999999999,6.630365203269142,8.226,7.631621734423047,7.8886150277482745,7.244530987275285
008,2014-10-02 14:06:55,9.6,1,7.231000000000006,6.202023100244537,7.4175,6.950174366748182,7.142296887508975,6.654814029563606
008,2014-10-02 14:11:55,9.8,1,7.448499999999998,6.953082617825476,7.507999999999999,7.303194205941825,7.3930453414882615,7.168639302767753
008,2014-10-02 14:16:55,10.0,1,8.776500000000006,8.96459357750758,8.550999999999998,8.764031192502527,8.71217211729277,8.604978165922788
008,2014-10-02 14:21:55,10.2,1,7.803000000000004,6.978690338665604,7.6575,7.479730112888536,7.607847757641155,7.279095224593641
008,2014-10-02 14:26:55,10.4,1,8.08250000000001,8.205820515424406,8.0225,8.103606838474805,8.077288837234883,8.039147349176458
008,2014-10-02 14:31:55,10.6,1,7.256500000000009,5.7359424782833655,7.293499999999998,6.761980826094458,7.025020736076403,6.385777347874604
008,2014-10-02 14:36:55,10.8,1,7.407000000000002,7.248897824079479,7.3815,7.34579927469316,7.370582664259723,7.307346670722805
008,2014-10-02 14:41:55,11.0,1,7.444000000000001,6.513233950015113,7.526,7.16107798333837,7.327280998284772,6.915805609904912
008,2014-10-02 14:46:55,11.2,1,7.092000000000004,6.544408315091241,7.165000000000001,6.933802771697081,7.033749112346626,6.783250364662933
008,2014-10-02 14:51:55,11.4,1,7.466,6.123023774976611,7.488499999999998,7.025841258325536,7.257271336836526,6.696144271526824
008,2014-10-02 14:56:55,11.6,1,7.493500000000001,6.6110009635567035,7.4985,7.2010003211855675,7.3522223121615236,6.9868206331313925
008,2014-10-02 15:01:55,11.8,1,7.5660000000000025,6.5582084424837035,7.623000000000001,7.249069480827902,7.426246768235129,6.991527609096927
008,2014-10-02 15:06:55,12.0,1,7.311999999999999,5.97072884283647,7.259000000000001,6.847242947612156,7.071778808374443,6.522999992350006
008,2014-10-02 15:11:55,12.3,1,7.8565,6.882378532547794,7.764499999999999,7.501126177515931,7.659519692739623,7.2649929129920086
008,2014-10-02 15:16:55,12.7,1,6.8445,6.431911405942659,6.638,6.63813713531422,6.690572901713022,6.536099804832881
008,2014-10-02 15:21:55,13.0,1,8.373500000000005,7.0581070339578895,8.315,7.9155356779859645,8.135168958702826,7.5974698251618165
008,2014-10-02 15:26:55,13.3,1,7.739000000000005,6.539546536284025,7.686999999999999,7.32184884542801,7.522241041388289,7.031833730296902
008,2014-10-02 15:31:55,13.5,1,7.422500000000002,6.754918476641955,7.305500000000002,7.1609728255473195,7.264804216714802,6.998495262365564
008,2014-10-02 15:36:55,13.5,1,8.636500000000002,8.516205992042801,8.771,8.641235330680935,8.673551652261281,8.578242505713135
008,2014-10-02 15:41:55,13.4,1,7.398500000000004,6.222198922178752,7.301000000000001,6.973899640726252,7.166356771749165,6.688920923720614
008,2014-10-02 15:46:55,13.2,1,8.394000000000002,7.978555515865704,8.5575,8.310018505288568,8.395300756340847,8.168491570787895
008,2014-10-02 15:51:55,13.0,1,7.576000000000004,6.396625564510206,7.535500000000002,7.169375188170071,7.367342398164083,6.88434333640015
008,2014-10-02 15:56:55,12.9,1,6.836,6.348904681461467,6.763000000000002,6.649301560487157,6.726142929579361,6.530900518152782
008,2014-10-02 16:01:55,12.8,1,7.4290000000000065,7.217353614845052,7.361999999999999,7.336117871615019,7.3664204790451,7.2842457041009725
008,2014-10-02 16:06:55,12.8,1,8.073000000000002,6.869645184426628,7.853500000000001,7.598715061475544,7.785125055124867,7.305735866974892
008,2014-10-02 16:11:55,12.8,1,7.9250000000000025,7.248906026888077,7.7115,7.62846867562936,7.725315059963835,7.462771965367899
008,2014-10-02 16:16:55,12.8,1,7.680499999999999,7.063375624099881,7.848000000000001,7.530625208033293,7.650716519413143,7.339429546952527
008,2014-10-02 16:21:55,12.9,1,9.018500000000003,8.842572729902402,8.823500000000001,8.894857576634136,8.907862878206128,8.84164192353983
008,2014-10-02 16:26:55,13.0,1,8.300500000000001,7.6841482776647165,8.563,8.18254942588824,8.310816990612535,7.967546505621257
008,2014-10-02 16:31:55,13.1,1,8.384500000000005,7.826891718742785,8.581000000000001,8.264130572914263,8.376589110420658,8.079969727124043
008,2014-10-02 16:36:55,13.2,1,7.785000000000007,7.816864998001182,7.770499999999999,7.790788332667063,7.784075741261931,7.774587431256653
008,2014-10-02 16:41:55,13.2,1,7.5785000000000045,6.767067944929746,7.387500000000001,7.24435598164325,7.366294121113683,7.046278538231196
008,2014-10-02 16:46:55,13.3,1,8.215500000000006,7.296026748895818,8.229500000000002,7.913675582965276,8.072002126388442,7.688302195383367
008,2014-10-02 16:51:55,13.4,1,8.040500000000002,7.532861615242711,7.869000000000001,7.814120538414238,7.885857553514992,7.68957361929265
008,2014-10-02 16:56:55,13.5,1,8.079500000000005,8.153540787338725,8.0245,8.08584692911291,8.068386191403468,8.038543731464522
008,2014-10-02 17:01:55,13.7,1,7.540499999999998,6.810130167597723,7.5840000000000005,7.31154338919924,7.440139459989653,7.1243435277973965
008,2014-10-02 17:06:55,13.7,1,7.683500000000004,7.628384088021814,7.607,7.6396280293406065,7.6423548485030235,7.615971251570921
008,2014-10-02 17:11:55,13.7,1,8.167000000000002,8.534523985421039,8.174,8.29184132847368,8.229657982042543,8.179749114551182
008,2014-10-02 17:16:55,13.5,1,7.785,7.8053966901697205,7.434,7.67479889672324,7.640617026464722,7.509524894446683
008,2014-10-02 17:19:00,12.6,1,8.232500000000003,8.975097770400208,8.642,8.616532590133405,8.525464569358924,8.330983145853688
008,2014-10-02 17:21:55,13.3,1,8.574499999999999,8.834156502911643,8.319,8.575885500970548,8.509175444922903,8.38161066268857
008,2014-10-02 17:26:55,12.9,1,8.192000000000005,7.183873576487967,8.1565,7.84412452549599,8.013269397391735,7.600469350169514
008,2014-10-02 17:31:55,12.5,1,8.634499999999997,7.611873750452019,8.596000000000002,8.280791250150672,8.452151211161514,8.033601532702146
008,2014-10-02 17:36:55,12.2,1,8.837500000000004,9.364285456038907,8.937500000000002,9.046428485346304,8.96516691532989,8.872322506203325
008,2014-10-02 17:41:55,11.8,1,8.707999999999998,8.588576248455201,9.067499999999997,8.788025416151733,8.839870525781667,8.668415431474578
008,2014-10-02 17:46:55,11.4,1,7.457500000000006,8.165468670625044,7.448500000000001,7.690489556875018,7.568738185898055,7.472498764010698
008,2014-10-02 17:51:55,11.1,1,8.2695,7.144697376509359,8.208,7.874065792169787,8.060872240073355,7.601946647112194
008,2014-10-02 17:56:55,10.9,1,7.7175,6.501771213769935,7.501,7.240090404589979,7.4288769942942405,6.944162023328795
008,2014-10-02 18:01:55,10.7,1,7.769000000000001,6.743285168621005,7.699,7.403761722873668,7.5728945548882916,7.155446425901992
008,2014-10-02 18:06:55,10.5,1,7.4840000000000035,6.616388861598839,7.540500000000001,7.213629620532948,7.366811806346263,6.990034776560111
008,2014-10-02 18:11:55,10.4,1,7.441500000000003,6.810600900548845,7.498000000000001,7.250033633516284,7.3627709513696775,7.083549316252746
008,2014-10-02 18:16:55,10.4,1,9.429000000000004,9.744866031622266,9.241000000000001,9.471622010540756,9.401211179586449,9.290961905437715
008,2014-10-02 18:21:55,10.3,1,7.3375,7.327844383317928,7.422000000000001,7.362448127772644,7.371487883894897,7.338776815702213
008,2014-10-02 18:26:55,10.3,1,7.568500000000008,7.335196155863878,7.353000000000001,7.418898718621296,7.439914604829354,7.360007983611702
008,2014-10-02 18:31:55,10.3,1,7.747000000000005,6.651481561039889,7.568500000000001,7.322327187013298,7.493897818238185,7.0558603626602965
008,2014-10-02 18:36:55,10.3,1,7.667500000000007,7.281664558663237,7.672000000000001,7.540388186221082,7.606705985187365,7.446162735504159
008,2014-10-02 18:41:55,10.4,1,8.177500000000004,6.916097433438194,8.081000000000001,7.724865811146067,7.931950927519966,7.419367089283565
008,2014-10-02 18:46:55,10.6,1,8.512000000000004,7.408183772784121,8.665500000000002,8.195227924261376,8.397251540688515,7.89014605925353
008,2014-10-02 18:51:55,10.9,1,7.8330000000000055,7.343007370977368,7.621000000000001,7.599002456992459,7.664182553132142,7.478223756877803
008,2014-10-02 18:56:55,11.2,1,8.1165,7.937415142379624,7.985999999999999,8.013305047459873,8.032490735636978,7.9685220051524155
008,2014-10-02 18:59:00,11.3,1,7.734,6.780442323924177,7.660000000000001,7.391480774641393,7.547934937318595,7.160526227618439
008,2014-10-02 19:01:55,11.4,1,8.053500000000003,7.533220385490367,7.900499999999998,7.829073461830123,7.904588296956554,7.701700061462253
008,2014-10-02 19:06:55,11.5,1,8.170000000000005,8.027282561031756,8.615499999999999,8.27092752034392,8.334273784414652,8.1239769756444
008,2014-10-02 19:11:55,11.5,1,8.1975,7.608111826779701,8.309,8.0382039422599,8.148658710499477,7.867843718622391
008,2014-10-02 19:16:55,11.5,1,8.786,9.301312715027056,8.739,8.94210423834235,8.849946958685411,8.765098262669566
008,2014-10-02 19:21:55,11.3,1,8.7535,8.092557037522624,8.853000000000002,8.566352345840876,8.6879835749856,8.381759176419202
008,2014-10-02 19:26:55,11.2,1,9.350999999999997,8.311403944259379,9.2245,8.962301314753125,9.128864673251456,8.709954629486514
008,2014-10-02 19:31:55,10.9,1,9.015500000000005,9.153320107867934,9.075,9.081273369289312,9.062928881217942,9.03074263485726
008,2014-10-02 19:36:55,10.8,1,8.8585,8.848866323719287,8.931500000000002,8.879622107906428,8.887652377352099,8.858860586695045
008,2014-10-02 19:41:55,10.6,1,10.117000000000006,9.085713496399851,9.981000000000002,9.727904498799953,9.892217251504658,9.477447897628661
008,2014-10-02 19:46:55,10.5,1,7.724000000000001,8.018918291632977,7.824500000000001,7.855806097210993,7.814205322529332,7.751683524926993
008,2014-10-02 19:51:55,10.5,1,8.543,8.82401860240352,8.710999999999999,8.69267286746784,8.65935025260095,8.58266620750845
008,2014-10-02 19:56:55,10.5,1,9.047000000000004,8.181211047500899,8.948500000000001,8.725570349166967,8.864885596374991,8.515495521497227
008,2014-10-02 20:01:55,10.6,1,8.816000000000003,9.140180061327182,8.618000000000002,8.858060020442396,8.78535409091759,8.67035476901927
008,2014-10-02 20:06:55,10.7,1,8.726999999999997,8.861532401759007,8.851,8.813177467253,8.801035597985235,8.754004431047557
008,2014-10-02 20:11:55,10.7,1,8.383000000000006,8.427954645612925,8.566500000000001,8.459151548537644,8.467518629431776,8.403861117271306
008,2014-10-02 20:16:55,10.7,1,9.166500000000008,8.349283075813522,9.3955,8.970427691937843,9.13008553805137,8.715423789070702
008,2014-10-02 20:21:55,10.5,1,9.593500000000013,10.70446566666123,9.609499999999999,9.969155222220413,9.780733747384467,9.631089392679694
008,2014-10-02 20:26:55,10.4,1,8.898500000000007,9.125051244922942,8.8385,8.954017081640982,8.910060969375975,8.858366677509622
008,2014-10-02 20:27:00,10.8,1,9.256500000000006,8.832930957541231,8.879,8.989476985847078,9.028833997668059,8.882725364081137
008,2014-10-02 20:31:55,10.3,1,8.580500000000004,8.580654995071809,8.658,8.60638499835727,8.613136314738973,8.586780371782776
008,2014-10-02 20:36:55,10.2,1,8.543000000000001,8.80987638833465,8.658999999999999,8.670625462778217,8.635171516990448,8.572660134025753
008,2014-10-02 20:41:55,10.2,1,8.68650000000001,8.750206196742502,8.486500000000001,8.641068732247504,8.612692730262367,8.531158411511951
008,2014-10-02 20:46:55,10.4,1,7.421000000000003,7.851767221068415,7.5945,7.622422407022806,7.563994590748665,7.466347918074204
008,2014-10-02 20:51:55,10.6,1,8.267000000000003,8.133301656017615,8.283000000000001,8.22776721867254,8.252010345891657,8.191469336804253
008,2014-10-02 20:56:55,11.0,1,8.507500000000002,7.915230834116917,8.525,8.315910278038972,8.418636481441034,8.168596078413433
008,2014-10-02 21:01:55,11.3,1,7.424000000000001,7.160888864720636,7.3565000000000005,7.313796288240212,7.35284848927411,7.249501396778518
008,2014-10-02 21:06:55,11.5,1,7.908999999999999,8.38634426891898,7.975999999999999,8.09044808963966,8.01474806231605,7.9362105252376995
008,2014-10-02 21:11:55,11.7,1,9.740500000000004,8.696750647554138,9.878999999999998,9.43875021585138,9.629198910809095,9.151948910137666
008,2014-10-02 21:16:55,11.6,1,8.918000000000001,9.141626695174445,8.820500000000001,8.960042231724815,8.913306230943416,8.848276414266877
008,2014-10-02 21:21:55,11.4,1,9.070500000000004,10.385436333184133,8.963,9.472978777728045,9.238905909595173,9.026943314547061
008,2014-10-02 21:26:55,11.3,1,9.353500000000002,8.825919237197065,9.415500000000002,9.198306412399022,9.293871655668102,9.055360172004088
008,2014-10-02 21:31:55,11.2,1,7.9715000000000025,8.141880087149941,8.0275,8.04696002904998,8.02274621452185,7.987114241799482
008,2014-10-02 21:36:55,11.1,1,8.093500000000002,6.937638212014992,8.100000000000001,7.710379404004999,7.908439625451751,7.429867777137424
008,2014-10-02 21:41:55,11.2,1,7.559500000000001,7.324346912722379,7.442999999999999,7.442282304240792,7.472272245706386,7.38414098515789
008,2014-10-02 21:46:55,11.3,1,7.852,7.392788434382977,7.772,7.6722628114609925,7.74372774490256,7.560504630323917
008,2014-10-02 21:51:55,11.4,1,8.348500000000003,8.550658685411364,8.217,8.372052895137122,8.326011455070823,8.251361104708105
008,2014-10-02 21:56:55,11.5,1,8.746500000000005,8.188928448765141,8.7645,8.566642816255047,8.663484276457222,8.427573682955025
008,2014-10-02 22:01:55,11.7,1,8.201500000000005,6.545106608437548,8.216000000000001,7.654202202812518,7.938483424297356,7.250908882902692
008,2014-10-02 22:06:55,11.8,1,8.316,6.824797101255188,8.345999999999998,7.828932367085062,8.086344527012443,7.461579111293787
008,2014-10-02 22:11:55,11.8,1,8.886500000000002,7.719881714963411,8.981499999999999,8.529293904987803,8.736931802018713,8.22383510127127
008,2014-10-02 22:16:55,11.7,1,8.102000000000006,6.974024361538557,8.212,7.76267478717952,7.965021993035475,7.46275065883225
008,2014-10-02 22:21:55,11.6,1,9.504500000000005,8.141203369866796,9.519500000000003,9.0550677899556,9.2893139182251,8.722362421166494
008,2014-10-02 22:26:55,11.4,1,7.948499999999997,6.29053628865871,7.751499999999998,7.330178762886234,7.596231458743169,6.927789697129247
008,2014-10-02 22:31:55,11.3,1,8.790000000000001,7.318662792200114,8.820500000000001,8.309720930733372,8.56378254554573,7.947034304874749
008,2014-10-02 22:36:55,11.3,1,8.2535,7.998836160161656,8.118999999999998,8.123778720053885,8.155528090746289,8.060712745754612
008,2014-10-02 22:41:55,11.2,1,7.977999999999998,6.95125100950809,8.022,7.6504170031693635,7.829696456392092,7.391584695499484
008,2014-10-02 22:46:55,11.0,1,8.815500000000007,7.193624921431684,8.729000000000003,8.246041640477232,8.515592024124635,7.853693983730626
008,2014-10-02 22:51:55,10.9,1,8.710500000000003,7.598697943602223,8.8335,8.380899314534075,8.581620006269528,8.081593974022947
008,2014-10-02 22:56:55,10.8,1,7.790000000000001,7.7363099349797215,7.827499999999999,7.784603311659907,7.79705643280562,7.7621785463825805
008,2014-10-02 23:01:55,10.6,1,7.887000000000003,6.764416910539386,7.735,7.462138970179796,7.640651466038647,7.189462398122506
008,2014-10-02 23:06:55,10.5,1,8.522000000000002,7.781118878763027,8.790500000000002,8.364539626254343,8.514609147886912,8.117976627174679
008,2014-10-02 23:11:55,10.4,1,7.982000000000002,7.075656831238631,8.1805,7.746052277079545,7.918270935222758,7.477248488987585
008,2014-10-02 23:16:55,10.4,1,8.889,6.431796905924718,9.3865,8.235765635308239,8.699115037388214,7.517275406929598
008,2014-10-02 23:21:55,10.6,1,7.539500000000003,6.194628542896598,7.5285,7.0875428476322,7.316366989211289,6.762938476697112
008,2014-10-02 23:26:55,10.8,1,8.372499999999997,6.945524335835345,8.184,7.834008111945114,8.061337318600813,7.487451219655593
008,2014-10-02 23:31:55,11.2,1,7.288500000000004,6.862310915528836,7.4300000000000015,7.1936036385096145,7.27879770291507,7.055040828872685
008,2014-10-02 23:36:00,9.3,1,7.796000000000005,6.468341488003103,7.950000000000001,7.4047804960010355,7.645093768389268,7.04556685371891
008,2014-10-02 23:36:55,11.4,1,8.386000000000001,6.400493759892121,8.569,7.785164586630707,8.140414622458422,7.259910381042419
008,2014-10-02 23:41:55,11.4,1,7.550000000000007,7.175003067587674,7.843000000000001,7.522667689195894,7.612364512511145,7.358192200600383
008,2014-10-02 23:46:55,11.0,1,8.216000000000006,7.311758548728429,8.338500000000002,7.955419516242813,8.120632456928835,7.706317740039175
008,2014-10-02 23:51:55,10.4,1,8.874000000000002,9.03835040964687,8.9075,8.939950136548958,8.914798810963743,8.885287483449595
008,2014-10-02 23:56:55,9.7,1,8.088000000000001,6.782240550708524,8.112,7.660746850236175,7.885949214505748,7.339650152264026
008,2014-10-03 00:01:55,8.9,1,9.000000000000002,8.787741934775957,8.908999999999999,8.898913978258653,8.92722216668467,8.84660439685448
008,2014-10-03 00:06:55,8.3,1,9.062000000000006,8.862634172132818,8.9865,8.970378057377609,8.997839024368709,8.921366118330635
008,2014-10-03 00:11:55,7.9,1,8.147000000000007,6.630423325418785,8.157,7.644807775139597,7.904806215675672,7.2763839940521535
008,2014-10-03 00:16:55,7.8,1,8.089000000000002,7.349835304226035,7.963999999999999,7.800945101408679,7.916307624941692,7.621100352541216
008,2014-10-03 00:21:55,7.9,1,7.9875,7.889158258281187,7.925000000000001,7.933886086093729,7.945222892586639,7.90940480182139
008,2014-10-03 00:26:55,8.2,1,7.785500000000009,7.637903431584637,7.799000000000002,7.74080114386155,7.767200297648588,7.701781507806522
008,2014-10-03 00:31:55,8.5,1,7.774000000000002,5.978937377350661,7.858999999999998,7.203979125783554,7.518119128656439,6.749423826820799
008,2014-10-03 00:36:55,8.8,1,7.654500000000004,6.6249742112184125,7.848499999999999,7.375991403739472,7.568863624289136,7.078604400959872
008,2014-10-03 00:41:55,9.1,1,8.124500000000001,6.587533368348388,7.950000000000001,7.554011122782796,7.801357878431059,7.18108623958279
008,2014-10-03 00:46:55,9.3,1,7.817500000000001,6.743016068895456,7.926000000000001,7.495505356298486,7.688581729563828,7.208865796646821
008,2014-10-03 00:51:55,9.5,1,7.479500000000002,6.7303799362028,7.354999999999999,7.1882933120676,7.305400547988091,7.006052711322412
008,2014-10-03 00:56:55,9.5,1,8.024500000000003,6.513243183793142,7.902999999999997,7.480247727931047,7.727836817432756,7.114165800072528
008,2014-10-03 01:01:55,9.5,1,7.813000000000005,7.278317071976472,7.575500000000001,7.555605690658826,7.626191503782608,7.423736797267839
008,2014-10-03 01:06:55,9.4,1,8.1285,6.886745924050898,8.1215,7.7122486413503,7.923803860605634,7.412571277102005
008,2014-10-03 01:11:55,9.2,1,7.61400000000001,6.150918179743476,7.4555,7.073472726581162,7.309594733174961,6.718566948037143
008,2014-10-03 01:16:55,9.0,1,8.062000000000005,7.487601935919424,7.8965,7.8153673119731435,7.89903568893008,7.674786022461209
008,2014-10-03 01:21:55,8.8,1,7.56,6.139346808855945,7.4995,7.066282269618648,7.303725512172106,6.722796568115173
008,2014-10-03 01:26:55,8.7,1,7.854000000000006,6.242297947070835,7.6739999999999995,7.256765982356947,7.516401105604429,6.86574357482176
008,2014-10-03 01:31:55,8.5,1,8.279500000000004,7.279651781574411,8.081999999999999,7.880383927191471,8.033946589956315,7.636769604258233
008,2014-10-03 01:36:55,8.4,1,8.382500000000004,6.47527186076887,8.3925,7.750090620256292,8.076836180948144,7.287415989043611
008,2014-10-03 01:41:00,9.1,1,7.5950000000000015,6.56747592587437,7.627500000000001,7.263325308624791,7.441731455535918,7.007210497148062
008,2014-10-03 01:41:55,8.2,1,8.539500000000006,6.410819502288359,8.524999999999999,7.8251065007627885,8.187546985319125,7.311353522743731
008,2014-10-03 01:46:55,8.0,1,7.562999999999997,7.772658124686787,7.5325,7.622719374895595,7.584229575317695,7.545545779157801
008,2014-10-03 01:51:55,7.8,1,7.266500000000001,5.810050759061358,7.338000000000001,6.8048502530204535,7.059953768466138,6.435400420246328
008,2014-10-03 01:56:55,7.5,1,8.116499999999998,6.360433416246239,8.335,7.603977805415412,7.923130209443569,7.1251134919483174
008,2014-10-03 02:01:55,7.4,1,8.779500000000002,7.168432069196192,8.7005,8.216144023065398,8.484503802110806,7.826494335673404
008,2014-10-03 02:06:55,7.3,1,7.581500000000003,6.648337373598361,7.524000000000002,7.251279124532789,7.405691582841724,7.025444468629467
008,2014-10-03 02:11:55,7.2,1,8.667,6.324330348645317,8.57,7.853776782881773,8.24556460295576,7.287399221361328
008,2014-10-03 02:16:55,7.2,1,8.475500000000007,7.8406277599026994,8.656500000000001,8.324209253300902,8.44851363228406,8.125322011651066
008,2014-10-03 02:21:55,7.1,1,8.101,6.484614245289749,7.9985,7.52803808176325,7.795251266226289,7.136821587037038
008,2014-10-03 02:26:55,7.1,1,7.829500000000007,7.466172971209107,7.831,7.708890990403038,7.7711006119133135,7.6208537455075644
008,2014-10-03 02:31:55,7.0,1,8.400000000000004,6.6755272196983455,8.366000000000001,7.813842406566117,8.105514153676431,7.397375447188374
008,2014-10-03 02:36:55,7.0,1,8.283000000000003,6.955868937172244,7.8695,7.702789645724082,7.893381817798497,7.3776046279574325
008,2014-10-03 02:41:55,7.0,1,8.648499999999999,6.967195684293325,8.706,8.10723189476444,8.399530008204161,7.6870681254596755
008,2014-10-03 02:46:55,7.0,1,7.998500000000003,7.3086764856355,7.9025,7.736558828545167,7.846027074582246,7.568968639768633
008,2014-10-03 02:51:55,7.0,1,9.97150000000001,7.31413076758269,9.671499999999998,8.9857102558609,9.413514516757628,8.340954905700652
008,2014-10-03 02:56:55,7.1,1,8.186000000000005,6.482251587995755,8.0275,7.565250529331919,7.842493082936243,7.152280125612894
008,2014-10-03 03:01:55,7.2,1,8.534999999999998,6.792702128201841,8.515,7.94756737606728,8.243509113653998,7.5269689024102675
008,2014-10-03 03:06:55,7.2,1,8.883000000000008,7.210669174049093,8.482499999999998,8.1920563913497,8.442766679171815,7.783743460693829
008,2014-10-03 03:11:55,7.0,1,8.24150000000001,5.7508459549666915,8.054499999999999,7.348948651655566,7.758150248500237,6.74578062600348
008,2014-10-03 03:16:55,6.6,1,8.455500000000004,7.119497909065328,8.367,7.980665969688444,8.201196883032022,7.6572655437398165
008,2014-10-03 03:21:55,5.9,1,7.778,6.361782087200135,7.826999999999999,7.322260695733378,7.568522496038497,6.968200020046586
008,2014-10-03 10:51:56,2.2,1,11.632,11.22872274735987,12.141999999999998,11.667574249119957,11.781080914903473,11.441469082650581
008,2014-10-03 10:56:56,2.2,1,7.864500000000001,8.17979945574069,7.889500000000002,7.977933151913565,7.9262471420338905,7.878931427754965
008,2014-10-03 11:00:00,3.1,1,7.505000000000003,5.949864639642101,7.4270000000000005,6.960621546547368,7.219512083244867,6.584478553742345
008,2014-10-03 11:01:56,2.3,1,7.696000000000001,6.775035586465518,7.617000000000002,7.3626785288218395,7.513126495023079,7.139527239779223
008,2014-10-03 11:06:56,2.5,1,7.591000000000003,6.149475873726006,7.531500000000001,7.090658624575337,7.331755352529136,6.742149556086918
008,2014-10-03 11:11:56,2.8,1,8.261500000000002,6.413772246118991,8.020499999999998,7.565257415372997,7.859885354416951,7.1165534035441445
008,2014-10-03 11:16:56,3.1,1,8.712000000000003,8.51911781736173,8.915500000000002,8.715539272453912,8.766292513411123,8.6176064168848
008,2014-10-03 11:21:56,3.4,1,7.585000000000001,8.126251875343822,7.2405,7.650583958447942,7.527976683951965,7.3308813273367495
008,2014-10-03 11:26:56,3.9,1,7.437500000000004,6.214523343288857,7.383500000000001,7.011841114429621,7.2160775969458575,6.716126503567768
008,2014-10-03 11:31:56,4.3,1,7.230999999999999,6.786141641048393,7.291,7.102713880349465,7.183970175743163,6.980230859416441
008,2014-10-03 11:36:56,4.8,1,7.4864999999999995,5.736388922937547,7.398,6.873629640979182,7.1649156512719765,6.450318866500261
008,2014-10-03 11:41:56,5.4,1,7.757000000000006,6.272611933169225,7.925499999999999,7.318370644389744,7.5867309977019906,6.917681323507308
008,2014-10-03 11:46:56,6.1,1,7.331999999999997,6.934507699551643,7.528500000000001,7.2650025665172135,7.350103519125041,7.119472235842032
008,2014-10-03 11:51:56,6.9,1,7.394500000000007,6.393039373207652,7.241499999999999,7.00967979106922,7.1674097200832305,6.7662138540653745
008,2014-10-03 11:56:56,7.7,1,9.025000000000004,8.952937705318579,8.869,8.948979235106194,8.947648821097586,8.892673150894494
008,2014-10-03 12:01:56,8.4,1,7.531000000000003,6.339603673304051,7.632500000000002,7.167701224434684,7.380141184287747,6.854622653476811
008,2014-10-03 12:06:56,9.2,1,8.682000000000006,8.487566822454017,8.509500000000001,8.559688940818008,8.57782392929958,8.510695659671395
008,2014-10-03 12:11:56,9.8,1,7.710000000000001,7.585539087560348,7.7945,7.69667969585345,7.725335205566486,7.645309788735569
008,2014-10-03 12:16:56,10.4,1,7.708000000000001,6.252597069286843,7.680999999999999,7.213865689762282,7.460176067648524,6.862400626770322
008,2014-10-03 12:21:56,11.0,1,7.822000000000003,6.5961310957945,7.7835,7.400543698598168,7.606629913364033,7.104318473244026
008,2014-10-03 12:26:56,11.4,1,8.102499999999997,6.480137110227145,8.132,7.571545703409048,7.851324269628261,7.172674305925582
008,2014-10-03 12:31:56,11.7,1,7.926500000000005,6.717078316371532,7.792000000000002,7.47852610545718,7.673406405599039,7.185109686877354
008,2014-10-03 12:36:56,11.9,1,8.678000000000004,7.644744845795495,8.513499999999999,8.278748281931833,8.440904919425943,8.027472531923863
008,2014-10-03 12:41:56,12.0,1,8.000500000000004,6.367593511803176,7.992000000000002,7.453364503934394,7.731621252572484,7.059297313248167
008,2014-10-03 12:46:56,12.1,1,8.403500000000005,7.0460535592928135,8.485,7.978184519764272,8.217246867336607,7.630095029923417
008,2014-10-03 12:51:56,12.1,1,8.067,6.443389130591152,8.234000000000002,7.581463043530384,7.873479968125748,7.147562865019948
008,2014-10-03 12:56:56,12.1,1,7.9570000000000025,6.454286611038885,8.197499999999998,7.536262203679629,7.814050434718695,7.112966929420342
008,2014-10-03 13:01:56,12.1,1,7.218499999999999,6.54941056005025,7.144500000000001,6.970803520016749,7.078653140652301,6.808481438284911
008,2014-10-03 13:06:56,12.1,1,7.4830000000000005,6.689255966305213,7.2785,7.150251988768404,7.267987285442992,6.956279027557137
008,2014-10-03 13:11:56,12.0,1,8.931500000000003,7.630676772065659,8.967,8.509725590688554,8.735090284901426,8.18691533687267
008,2014-10-03 13:16:56,12.0,1,8.836500000000003,5.555357364377875,8.8735,7.755119121459292,8.318974455869853,6.954146613249668
008,2014-10-03 13:21:56,11.9,1,8.088999999999993,6.464267459079255,8.246,7.599755819693082,7.8910898395527695,7.168110670077827
008,2014-10-03 13:26:56,11.9,1,7.5635,6.267691908941864,7.785999999999999,7.205730636313954,7.446592612042488,6.8369007104530315
008,2014-10-03 13:31:56,11.8,1,7.72250000000001,6.5894065143172575,7.745500000000001,7.352468838105756,7.54808185874391,7.073283102264307
008,2014-10-03 13:36:56,11.7,1,7.3229999999999995,6.925063353250466,7.372999999999999,7.207021117750155,7.279385765332504,7.098384352592756
008,2014-10-03 13:41:56,11.5,1,8.1975,6.657564397269838,8.2725,7.70918813242328,7.978862309608077,7.318711915754561
008,2014-10-03 13:46:56,11.4,1,7.4810000000000025,6.688414243862458,7.415,7.194804747954154,7.32445472284084,7.00278383704136
008,2014-10-03 13:51:56,11.2,1,7.961000000000004,6.2100399040211895,8.216999999999999,7.4626799680070635,7.7842394523253455,6.975576488413919
008,2014-10-03 13:56:56,10.9,1,7.898500000000004,6.8486460195709356,8.009500000000001,7.5855486731903135,7.774635385853802,7.30422006657192
008,2014-10-03 14:01:56,10.6,1,9.526000000000005,9.334285361798448,9.558499999999999,9.472928453932818,9.508527321478047,9.418465900304742
008,2014-10-03 14:06:56,10.3,1,7.7029999999999985,6.907841752897736,7.533500000000001,7.381447250965912,7.502485123115928,7.1875557664510925
008,2014-10-03 14:11:56,10.1,1,7.7509999999999994,6.626198554978502,7.811,7.396066184992834,7.593498271268742,7.109536130583834
008,2014-10-03 14:16:56,9.9,1,7.232999999999999,6.126352867720874,7.4485,6.935950955906957,7.143880502953045,6.614527060831107
008,2014-10-03 14:21:56,9.8,1,7.792500000000001,6.8913029081470585,8.067,7.583600969382353,7.761586979208304,7.296843814538159
008,2014-10-03 14:26:56,9.6,1,8.163500000000006,7.743925697164095,8.153000000000002,8.020141899054702,8.09091252331982,7.918786152928202
008,2014-10-03 14:31:56,9.4,1,8.207999999999998,6.33317597132895,8.107999999999999,7.5497253237763156,7.861314182243409,7.096186695494011
008,2014-10-03 14:36:56,9.2,1,7.605500000000001,6.62978040868093,7.5169999999999995,7.250760136226977,7.409732802724053,7.0142835668276815
008,2014-10-03 14:41:56,9.0,1,7.464500000000007,6.15485863349925,7.652,7.090452877833086,7.330617480069147,6.727125229946342
008,2014-10-03 14:46:56,8.7,1,8.03,7.677057252634402,8.154,7.953685750878134,8.024834398339225,7.837214666939705
008,2014-10-03 14:51:56,8.4,1,7.457000000000005,6.551745185494801,7.512499999999999,7.173748395164935,7.3332749636017835,6.941323983397423
008,2014-10-03 14:56:56,8.2,1,7.679000000000005,8.557826774264434,7.742999999999999,7.9932755914214795,7.848715474523243,7.718179231547392
008,2014-10-03 15:01:56,7.9,1,8.499500000000005,8.324068752119492,8.452,8.425189584039833,8.451009816706959,8.3822903837705
008,2014-10-03 15:06:56,7.6,1,7.8305,8.034683925497506,8.0275,7.9642279751658345,7.946569622672532,7.873104408058435
008,2014-10-03 15:11:56,7.3,1,8.439500000000004,9.02486763020249,8.818499999999998,8.760955876734165,8.694084971230387,8.52746954249573
008,2014-10-03 15:16:56,7.0,1,7.562,6.810685312071893,7.623499999999998,7.332061770690632,7.465810700005023,7.1352624614942215
008,2014-10-03 15:21:56,6.8,1,8.187000000000003,6.150540067712548,8.127999999999998,7.488513355904183,7.831305169190573,6.996472644234604
008,2014-10-03 15:26:56,6.5,1,7.673000000000001,6.5550739635323465,7.637,7.288357987844115,7.4762196093663835,7.0182058794314
008,2014-10-03 15:29:00,5.2,1,7.596500000000001,6.6095161716835245,7.5950000000000015,7.2670053905611764,7.4355113024171136,7.02886180258
008,2014-10-03 15:31:56,6.3,1,7.796500000000006,6.303063500387592,7.9110000000000005,7.336854500129199,7.6020382827499455,6.947620611078292
008,2014-10-03 15:36:56,6.1,1,7.690500000000002,6.231570423225787,7.835500000000001,7.252523474408597,7.514478759762773,6.863911694552508
008,2014-10-03 15:41:56,5.8,1,8.070000000000007,8.559298768889315,8.164500000000002,8.264599589629775,8.189262029319497,8.102641768832466
008,2014-10-03 15:46:56,5.6,1,7.630500000000001,7.3424177457558715,7.632000000000001,7.534972581918624,7.584325802103826,7.465089330058527
008,2014-10-03 15:51:56,5.4,1,7.173499999999999,6.425972161832443,7.137,6.912157387277481,7.036688655300342,6.731363669601995
008,2014-10-03 15:56:56,5.3,1,7.365500000000001,7.0781325346687485,7.216000000000001,7.219877511556251,7.255902826034554,7.148740122142333
008,2014-10-03 16:01:56,5.3,1,6.916000000000001,7.318978340536422,6.803999999999999,7.012992780178807,6.934344464290777,6.8404633281089815
008,2014-10-03 16:06:56,5.5,1,7.415000000000001,6.91946701706057,7.183000000000001,7.172489005686857,7.236866623104319,7.050132077157082
008,2014-10-03 16:11:56,5.8,1,8.403499999999998,7.463783551472628,8.361500000000001,8.076261183824208,8.233148994875709,7.8490325005835615
008,2014-10-03 16:16:56,6.4,1,7.206999999999996,6.766699193125289,7.122499999999999,7.0320663977084275,7.09990666940054,6.92481639216496
008,2014-10-03 16:21:56,7.0,1,8.105500000000005,7.814784873284706,7.909500000000001,7.943261624428238,7.9757922444502265,7.870755000703754
008,2014-10-03 16:26:56,7.8,1,7.865000000000008,8.170760549625566,7.956000000000001,7.997253516541858,7.95296939528066,7.891274190100968
008,2014-10-03 16:31:56,8.7,1,7.826000000000001,7.693079313616461,7.65,7.7230264378721545,7.730345243263453,7.669823791451062
008,2014-10-03 16:36:56,9.3,1,8.052999999999997,6.302066702421464,7.666000000000001,7.340355567473821,7.605676605134565,6.9132415791766455
008,2014-10-03 16:41:56,9.9,1,7.900000000000001,6.30133053552352,7.657000000000002,7.28611017850784,7.5380088453108405,6.8974712687274735
008,2014-10-03 16:46:56,10.2,1,7.848999999999997,6.894148796241039,7.665500000000001,7.469549598747012,7.616648400849962,7.236960589163038
008,2014-10-03 16:51:56,10.3,1,7.2020000000000035,6.33026405455855,7.203,6.911754684852851,7.060787860895093,6.701182022851624
008,2014-10-03 16:56:56,10.3,1,7.645000000000001,6.566614276490969,7.6585,7.290038092163656,7.475472860038071,7.0264508374167445
008,2014-10-03 17:01:56,10.0,1,8.448500000000001,6.537339194963659,8.258000000000001,7.747946398321221,8.05782907649309,7.2845480227837225
008,2014-10-03 17:06:56,9.6,1,7.783500000000003,6.080279035698788,7.851500000000001,7.238426345232931,7.535387442750009,6.810322905099815
008,2014-10-03 17:11:56,9.2,1,7.350999999999998,7.225923093102924,7.398500000000001,7.325141031034309,7.350665937781175,7.282967410147683
008,2014-10-03 17:16:56,8.7,1,8.086,6.808167055381835,8.1775,7.690555685127279,7.916889741726627,7.359148561649454
008,2014-10-03 17:21:56,8.2,1,8.262499999999998,7.063200730402373,8.3485,7.891400243467456,8.103834948656846,7.5803297197771755
008,2014-10-03 17:26:56,7.7,1,7.833500000000002,6.964112513661944,7.8595,7.552370837887316,7.703189140511995,7.336050654061864
008,2014-10-03 17:31:56,7.2,1,8.406999999999996,6.497071123547439,8.360999999999999,7.755023707849145,8.077333212967266,7.293667611183757
008,2014-10-03 17:36:56,6.7,1,7.496500000000006,6.201993728448811,7.317,7.005164576149606,7.210647022284818,6.690676710554989
008,2014-10-03 17:41:56,6.2,1,8.476000000000006,8.528881611806955,8.5655,8.523460537268987,8.522252394107003,8.490333963771143
008,2014-10-03 17:46:56,5.7,1,7.949999999999997,6.600511522537452,7.9975,7.516003840845816,7.750732996433521,7.178421545292148
008,2014-10-03 17:51:56,5.1,1,7.945500000000005,6.60417362585467,7.935999999999999,7.495224541951558,7.7235741501340485,7.171493593175564
008,2014-10-03 17:56:56,4.7,1,8.004499999999998,7.346012475836823,8.0385,7.796337491945607,7.91182084896655,7.628879742761323
008,2014-10-03 18:00:00,3.9,1,7.3785,7.272977621226422,7.490500000000001,7.380659207075475,7.40848388445845,7.326912983777722
008,2014-10-03 18:01:56,4.3,1,6.908000000000005,6.613517572359541,6.8134999999999994,6.778339190786515,6.820390226113968,6.706149412474891
008,2014-10-03 18:06:56,4.1,1,8.681000000000003,9.193124059792742,8.978,8.950708019930914,8.889180239286185,8.751602057474514
008,2014-10-03 18:11:56,4.1,1,8.751,8.472498005849605,8.891000000000002,8.704832668616536,8.764661578219012,8.602280554992241
008,2014-10-03 18:16:56,4.3,1,8.886000000000005,8.49769381773759,8.964500000000001,8.782731272579198,8.855942929793073,8.669219907209012
008,2014-10-03 18:21:56,4.6,1,8.214500000000003,8.735904209010815,8.208,8.38613473633694,8.296478604186218,8.225647214178082
008,2014-10-03 18:26:56,5.2,1,9.336500000000006,9.272435878290036,9.442000000000002,9.350311959430014,9.370484574841829,9.308209869399034
008,2014-10-03 18:31:56,5.7,1,9.186500000000002,8.613003337964923,8.839999999999998,8.879834445988308,8.94751936819214,8.737284784547308
008,2014-10-03 18:36:56,6.3,1,8.147500000000004,7.546028930094017,8.0345,7.909342976698007,8.002228488134579,7.762863913050038
008,2014-10-03 18:41:56,6.8,1,9.456000000000007,9.240878531253603,9.548,9.414959510417871,9.45976129417506,9.33982207144452
008,2014-10-03 18:46:56,7.1,1,9.161000000000003,9.337512406945851,9.2585,9.25233746898195,9.230705281889836,9.184439118801594
008,2014-10-03 18:51:56,7.4,1,9.102500000000006,9.09255387060287,9.401499999999999,9.198851290200958,9.226699882161341,9.12093469689287
008,2014-10-03 18:56:56,7.5,1,9.220500000000005,9.070642702714105,9.1745,9.155214234238038,9.17679605801318,9.118503269177072
008,2014-10-03 19:01:56,7.6,1,8.624500000000006,8.460525133274512,8.990499999999999,8.691841711091506,8.751867331683702,8.559841392164786
008,2014-10-03 19:06:56,7.6,1,9.044000000000002,8.89659271877169,9.122,9.020864239590564,9.05287192944939,8.965599830183553
008,2014-10-03 19:11:56,7.7,1,9.651500000000006,8.941890557422097,9.9055,9.499630185807368,9.643088491201677,9.264274166617312
008,2014-10-03 19:13:00,7.8,1,8.560500000000005,8.891500902278649,8.7145,8.722166967426219,8.67907994763488,8.599149740815307
008,2014-10-03 19:16:56,7.8,1,9.775000000000004,10.358589021038764,9.996,10.043196340346256,9.962811365456606,9.833851075613545
008,2014-10-03 19:21:56,7.9,1,10.37,9.045423213327114,10.2235,9.879641071109036,10.093147427630619,9.558296742741053
008,2014-10-03 19:26:56,8.0,1,9.281999999999998,8.363448368066848,9.31,8.985149456022283,9.14454290721852,8.756462513789295
008,2014-10-03 19:31:56,8.2,1,9.521500000000001,8.726919996299097,9.5355,9.261306665433032,9.39829381723625,9.066065750932236
008,2014-10-03 19:36:56,8.4,1,8.317500000000003,8.301201210468168,8.178,8.265567070156058,8.25615186027444,8.205589772851075
008,2014-10-03 19:41:56,8.7,1,9.127499999999996,8.995291614316237,9.1125,9.078430538105412,9.099707969881335,9.04635202436668
008,2014-10-03 19:46:56,9.0,1,7.889000000000006,6.931318012808246,7.763000000000001,7.527772670936084,7.680383833256565,7.295195089720444
008,2014-10-03 19:51:56,9.2,1,9.931000000000004,9.161250457401678,9.961000000000002,9.684416819133896,9.81856069977131,9.491125606610389
008,2014-10-03 19:56:56,9.4,1,8.38450000000001,8.432859932216466,8.433,8.41678664407216,8.412765405530015,8.394914926814058
008,2014-10-03 20:01:56,9.5,1,9.038,8.243802455466568,8.9955,8.759100818488855,8.89108138880478,8.566974836241865
008,2014-10-03 20:06:56,9.5,1,8.515500000000008,8.357860301640095,8.515499999999998,8.462953433880033,8.4898879185547,8.42492036110704
008,2014-10-03 20:11:56,9.4,1,8.574000000000005,8.704227747282017,8.721499999999999,8.666575915760674,8.657224747853247,8.603410789113529
008,2014-10-03 20:16:56,9.2,1,8.253500000000004,8.288810263554039,8.229999999999999,8.257436754518013,8.249348402177604,8.236115100319699
008,2014-10-03 20:21:56,8.9,1,9.167500000000006,9.142749896684592,9.3555,9.221916632228199,9.242587089462491,9.16846305979251
008,2014-10-03 20:26:56,8.7,1,9.132000000000007,8.775461550918305,9.0325,8.979987183639437,9.032203898708786,8.892765025184799
008,2014-10-03 20:31:56,8.4,1,7.949500000000005,7.77002524346576,8.2175,7.979008414488587,8.033111726398769,7.868019870833346
008,2014-10-03 20:36:56,8.1,1,8.434,8.601659598973235,8.437000000000001,8.490886532991079,8.46250240397122,8.439780420437081
008,2014-10-03 20:40:00,8.7,1,8.136500000000003,8.508597363169255,7.996,8.21369912105642,8.137834680519841,8.03758099668579
008,2014-10-03 20:41:56,7.8,1,7.494000000000004,8.052470578686183,7.471,7.6724901928953955,7.5750578465622365,7.493323570998293
008,2014-10-03 20:46:56,7.3,1,9.019000000000004,9.247478832720695,9.085,9.117159610906901,9.08389353830957,9.038265525452998
008,2014-10-03 20:51:56,6.9,1,9.279000000000007,8.980571311900048,9.333499999999997,9.197690437300016,9.253446600019831,9.111924999988599
008,2014-10-03 20:56:56,6.3,1,8.093,8.186926523764214,8.325500000000002,8.201808841254739,8.20609385361613,8.124398649587077
008,2014-10-03 21:01:56,5.8,1,8.654499999999995,8.218264052186987,8.703499999999998,8.525421350728992,8.604242401705061,8.407796837876464
008,2014-10-03 21:06:56,5.2,1,7.9340000000000055,8.341098832433087,8.1395,8.13819961081103,8.086614375386736,7.984495978619693
008,2014-10-03 21:11:56,4.6,1,7.967000000000005,8.88929492988266,7.883500000000001,8.24659830996089,8.081711496298974,7.93007789330801
008,2014-10-03 21:16:56,4.1,1,9.13750000000001,8.659839522047116,8.985000000000001,8.92744650734904,8.995723119710066,8.81036168662354
008,2014-10-03 21:21:56,3.7,1,8.292000000000009,8.194972574950457,8.329,8.271990858316821,8.291804918645921,8.239236551367755
008,2014-10-03 21:26:56,3.3,1,9.159500000000003,8.936131301842547,9.186499999999999,9.09404376728085,9.134570075714867,9.033333278030447
008,2014-10-03 21:31:56,3.2,1,8.562500000000004,7.99912570879262,8.639999999999999,8.400541902930875,8.503578425913005,8.245045149820877
008,2014-10-03 21:36:56,3.2,1,8.024000000000006,8.418864810875977,7.98,8.14095493695866,8.069639879310786,8.001701928445975
008,2014-10-03 21:41:56,3.4,1,8.120000000000003,6.832835756435342,8.172,7.708278585478449,7.932752506526294,7.384596455530755
008,2014-10-03 21:46:56,3.8,1,7.688499999999998,7.586596028440043,7.580500000000001,7.618532009480013,7.626498238379885,7.589952038248165
008,2014-10-03 21:51:56,4.2,1,7.650000000000005,7.663285650203351,7.4464999999999995,7.586595216734452,7.5665280282172,7.4903327631526055
008,2014-10-03 21:56:56,4.6,1,8.392500000000005,8.37685519610007,8.425500000000001,8.398285065366693,8.403844183560066,8.386175864073927
008,2014-10-03 22:01:56,4.7,1,7.772000000000004,6.899917225257782,7.7280000000000015,7.466639075085929,7.611796014552194,7.255703933300504
008,2014-10-03 22:06:56,4.7,1,7.894000000000002,7.433120232588677,7.803499999999999,7.710206744196227,7.781038425905534,7.597919279546819
008,2014-10-03 22:11:56,4.5,1,7.7020000000000035,6.150071199990451,7.696499999999999,7.182857066663485,7.44754024873474,6.808363254733099
008,2014-10-03 22:16:56,4.3,1,9.47700000000001,8.52872709210856,9.636500000000002,9.214075697369525,9.390047751475082,8.945005730562709
008,2014-10-03 22:21:56,4.1,1,8.998500000000002,8.486535727773834,8.761000000000001,8.748678575924613,8.8153826556223,8.622290917896517
008,2014-10-03 22:26:56,4.0,1,8.769500000000004,8.075716907279558,8.758999999999999,8.534738969093189,8.652361195623756,8.367226011495358
008,2014-10-03 22:31:56,3.9,1,8.459000000000005,8.93629323493486,8.456499999999998,8.617264411644955,8.535494948806871,8.471918146395133
008,2014-10-03 22:36:56,3.9,1,9.007500000000014,8.186761257443179,9.262500000000001,8.818920419147732,8.981453849098498,8.556500132094916
008,2014-10-03 22:41:56,3.9,1,8.634500000000005,8.27487386132967,8.509,8.472791287109892,8.523261725824065,8.384510185239112
008,2014-10-03 22:46:56,3.9,1,9.509500000000006,8.747363798796512,9.521000000000003,9.259287932932173,9.390513063837249,9.072506011867404
008,2014-10-03 22:51:56,3.9,1,9.506000000000006,9.330529021983425,9.618,9.484843007327811,9.524619175952692,9.414220577128773
008,2014-10-03 22:56:56,4.0,1,7.121000000000005,6.115678392708798,7.217,6.817892797569601,6.998058830052459,6.551096805804853
008,2014-10-03 23:00:00,4.9,1,8.661999999999999,8.720638950464917,8.430000000000001,8.604212983488305,8.573904201460042,8.48132785530397
008,2014-10-03 23:01:56,4.0,1,9.1065,8.71080203153005,9.2375,9.01826734384335,9.097333381651314,8.889712931036286
008,2014-10-03 23:06:56,4.1,1,10.111000000000004,9.84129552382692,10.140499999999998,10.03093184127564,10.079593768157078,9.958410699576017
008,2014-10-03 23:11:56,4.2,1,8.838500000000005,7.803191058191905,8.881499999999999,8.507730352730636,8.68838491276801,8.247085386286301
008,2014-10-03 23:16:56,4.2,1,7.822500000000004,7.6272121505754775,7.586500000000001,7.678737383525161,7.691464979734219,7.610807548156129
008,2014-10-03 23:21:56,4.3,1,8.394000000000004,8.720991258946036,8.657499999999999,8.59083041964868,8.55800486580947,8.452666459445615
008,2014-10-03 23:26:56,4.4,1,8.4695,8.329233132884259,8.5305,8.44307771096142,8.472378639147301,8.393829644333902
008,2014-10-03 23:31:56,4.4,1,7.797000000000004,8.489172641216717,7.885999999999999,8.057390880405574,7.9469090717865845,7.83495685720127
008,2014-10-03 23:36:56,4.4,1,8.362000000000002,8.264608284437923,8.415500000000002,8.347369428145976,8.368688746806766,8.310359908001782
008,2014-10-03 23:41:56,4.4,1,7.927000000000004,7.627043895105685,7.711500000000001,7.755181298368563,7.787585459957767,7.6802096503004265
008,2014-10-03 23:46:56,4.4,1,8.662500000000003,8.273335786046047,8.599500000000003,8.511778595348684,8.572761907613026,8.417125747473909
008,2014-10-03 23:51:56,4.4,1,7.9325,6.955847961383284,7.759000000000001,7.549115987127762,7.700814257515685,7.311387946174868
008,2014-10-03 23:56:56,4.4,1,7.158999999999999,6.740982138158923,7.189000000000001,7.02966071271964,7.103707348414851,6.921230336330607
008,2014-10-04 00:01:56,4.5,1,8.809500000000007,8.619315656566927,8.888000000000002,8.772271885522311,8.811632236959882,8.706560550173194
008,2014-10-04 00:06:56,4.6,1,8.795,7.967001162584134,8.7355,8.499167054194713,8.635436205959284,8.298680674166018
008,2014-10-04 00:11:56,4.6,1,8.264000000000003,6.6579442404452776,8.1125,7.678148080148428,7.9393109526944885,7.288832110987789
008,2014-10-04 00:16:56,4.7,1,6.8210000000000015,5.82024889409508,6.849,6.496749631365027,6.670187771145377,6.2482307647627575
008,2014-10-04 00:21:56,4.8,1,8.5615,6.932620433625809,8.347499999999998,7.947206811208602,8.206803416457335,7.551629455070374
008,2014-10-04 00:26:56,4.9,1,7.664500000000007,8.030670464703432,7.740500000000001,7.811890154901147,7.755972499942698,7.689898973434804
008,2014-10-04 00:31:56,5.1,1,7.782000000000003,8.196698655215256,7.8975,7.958732885071753,7.897978143542809,7.816178111641878
008,2014-10-04 00:36:56,5.2,1,9.432000000000002,9.556741722465459,9.3875,9.45874724082182,9.43354197045251,9.400884614957567
008,2014-10-04 00:41:56,5.3,1,7.350499999999999,6.550052617042956,7.504,7.134850872347651,7.285040568947022,6.9029615435524345
008,2014-10-04 00:46:56,5.4,1,7.874000000000003,7.673761923645301,7.9275,7.825087307881769,7.863979063926255,7.763264475068499
008,2014-10-04 00:51:56,5.4,1,8.176500000000003,6.7540810814421555,8.503,7.811193693814052,8.082783897688717,7.385550142479106
008,2014-10-04 00:56:56,5.4,1,8.209499999999997,8.025623295608213,7.7829999999999995,8.006041098536071,8.000158707276054,7.849474203919003
008,2014-10-04 01:01:56,5.4,1,9.029999999999996,7.253578613941727,9.046000000000001,8.443192871313906,8.748113385395929,8.010562050121521
008,2014-10-04 01:06:56,5.3,1,9.114000000000003,7.67895585968168,8.9955,8.596151953227228,8.830981631175531,8.248493769474093
008,2014-10-04 01:11:56,5.1,1,8.210999999999995,6.488585452998985,8.431999999999999,7.710528484332992,8.024149704642277,7.2391518449910714
008,2014-10-04 01:16:56,4.9,1,8.020000000000003,6.626916579640499,7.731999999999998,7.459638859880166,7.672475382745093,7.120057394578434
008,2014-10-04 01:21:56,4.6,1,7.761999999999996,6.879725688262212,7.6665,7.436075229420736,7.578469548861369,7.22205927740898
008,2014-10-04 01:26:56,4.4,1,8.243499999999997,5.846652320618939,8.2245,7.438217440206313,7.846083701874104,6.8597105400174385
008,2014-10-04 01:31:56,4.3,1,7.903000000000003,7.9164501637098486,8.0605,7.959983387903283,7.971459515467211,7.917528184036804
008,2014-10-04 01:36:56,4.2,1,7.6564999999999985,6.116529618370193,7.6110000000000015,7.128009872790064,7.387151608078423,6.755918157953448
008,2014-10-04 01:41:56,4.1,1,8.479499999999996,7.417273891346524,8.5615,8.152757963782173,8.341422382628599,7.8757687700927566
008,2014-10-04 01:46:56,4.1,1,7.691499999999998,6.5174526382078755,7.941500000000001,7.383484212735958,7.605947047640977,7.037085453128953
008,2014-10-04 01:51:56,4.2,1,7.3445,6.558244958446163,7.312,7.0715816528153885,7.203079713427945,6.88149269031001
008,2014-10-04 01:56:56,4.2,1,8.150000000000004,7.1840821143505424,7.980500000000001,7.771527371450183,7.92174141505544,7.536437420894607
008,2014-10-04 02:01:56,4.2,1,7.649500000000004,7.575625358388234,7.602,7.609041786129413,7.617509950227419,7.590644724832579
008,2014-10-04 02:06:56,4.2,1,8.077999999999998,6.536013789178064,7.9185,7.51083792972602,7.760354168016193,7.136883141331662
008,2014-10-04 02:11:56,4.2,1,8.310499999999996,6.3675161788655155,8.251500000000002,7.643172059621837,7.969992446234034,7.173683939558345
008,2014-10-04 02:16:56,4.3,1,7.218500000000003,6.01460992977784,7.0280000000000005,6.753703309925949,6.942740966406645,6.4609451957392565
008,2014-10-04 02:21:56,4.3,1,7.8344999999999985,6.450810976725246,7.826999999999999,7.370770325575081,7.606532971488868,7.036842870099572
008,2014-10-04 02:26:56,4.4,1,7.685500000000001,6.8408729083042505,7.872999999999999,7.466457636101417,7.627169410220279,7.215322043503697
008,2014-10-04 02:31:56,4.6,1,8.714000000000004,8.570969362384034,8.579500000000001,8.621489787461348,8.634165391800952,8.585357090427756
008,2014-10-04 02:36:56,4.7,1,7.2975,6.27823479490891,7.315500000000001,6.963744931636303,7.139471855167582,6.713284895418834
008,2014-10-04 02:41:56,4.8,1,6.9155000000000015,6.350171642659523,6.9365000000000006,6.734057214219842,6.832486376885204,6.592358933680044
008,2014-10-04 02:46:56,4.9,1,7.637500000000002,6.945109375792832,7.494000000000001,7.358869791930945,7.464622522183325,7.190086612743608
008,2014-10-04 02:51:56,5.0,1,7.1925,6.315707808691172,7.0889999999999995,6.86573593623039,7.006493931040158,6.652946020427767
008,2014-10-04 02:56:56,5.1,1,7.420999999999999,6.017637131469188,7.2405,6.893045710489729,7.117040053814396,6.55228239108354
008,2014-10-04 03:01:56,5.0,1,7.8379999999999965,7.2758258306541395,8.0645,7.726108610218046,7.8419709442959595,7.533269221932578
008,2014-10-04 03:06:56,4.9,1,7.757,7.0920606042513485,7.627499999999999,7.492186868083782,7.594473629161276,7.33019580356127
008,2014-10-04 03:11:56,4.8,1,7.886000000000007,6.274779406474663,7.771,7.310593135491557,7.575830601694049,6.9204718612160185
008,2014-10-04 03:16:56,4.7,1,7.837000000000004,6.1441005787349114,7.625000000000001,7.202033526244972,7.4727435421814805,6.791034519668971
008,2014-10-04 03:21:56,4.6,1,8.160499999999999,6.236151544883695,8.132,7.509550514961231,7.835854235199582,7.0449268057059555
008,2014-10-04 03:26:56,4.5,1,8.4015,6.035489928545065,8.415000000000001,7.617329976181689,8.022769594530352,7.0430829635234335
008,2014-10-04 03:31:56,4.4,1,8.704,7.115796356018542,8.507,8.108932118672847,8.363065536043742,7.723373773515743
008,2014-10-04 03:36:56,4.2,1,8.170999999999998,6.459171971515364,7.948999999999999,7.526390657171787,7.799460280137805,7.11070405928878
008,2014-10-04 03:41:56,4.1,1,8.210000000000003,6.144648120205628,8.1165,7.490382706735211,7.83509381481296,6.990954715539568
008,2014-10-04 03:46:56,4.0,1,7.890500000000002,6.6954947751027305,7.8845,7.490164925034244,7.6938200418972125,7.201778537684575
008,2014-10-04 03:51:56,3.9,1,8.62,6.115653695854452,8.445500000000003,7.727051231951485,8.139685495977771,7.120730688483997
008,2014-10-04 03:56:56,3.8,1,8.460000000000006,6.28783108804215,8.222000000000001,7.656610362680719,8.006935025669252,7.129666014890348
008,2014-10-04 04:01:56,3.7,1,7.979000000000001,6.590435834854192,8.0695,7.546311944951398,7.791478198891434,7.1884417265611535
008,2014-10-04 04:06:56,3.5,1,8.440500000000005,6.025106197913118,8.328499999999998,7.598035399304375,8.000937112202129,7.013930837403164
008,2014-10-04 04:11:56,3.3,1,8.223999999999997,6.490112317307682,8.305,7.67303743910256,7.976375205503682,7.234251822807051
008,2014-10-04 04:16:56,3.2,1,7.396000000000003,6.688361192337153,7.320499999999998,7.134953730779052,7.249258753723606,6.963312889049328
008,2014-10-04 04:21:56,3.1,1,8.214500000000001,6.714073311214981,8.141,7.689857770404994,7.939794275551892,7.326968455015571
008,2014-10-04 04:26:56,3.0,1,8.502500000000003,6.892205713456794,8.2105,7.868401904485599,8.118001482535329,7.476366573056245
008,2014-10-04 04:31:56,3.0,1,7.748000000000002,6.340244753622843,7.900500000000001,7.329581584540949,7.583449086008422,6.951422184589427
008,2014-10-04 04:36:56,3.0,1,7.459500000000003,6.8996214656172485,7.4510000000000005,7.270040488539084,7.364958552326931,7.134858278472988
008,2014-10-04 04:41:56,3.2,1,8.309999999999997,6.421318671065071,8.263,7.664772890355022,7.983364561684104,7.208531024375139
008,2014-10-04 04:46:56,3.3,1,8.741500000000002,7.44396473140326,8.601500000000001,8.26232157713442,8.471776051995482,7.947579940443598
008,2014-10-04 04:51:56,3.6,1,8.535000000000002,8.344539011829282,8.320500000000001,8.400013003943094,8.413796170187762,8.340864088089688
008,2014-10-04 04:56:56,3.8,1,7.380499999999997,6.502936389955668,7.452499999999999,7.111978796651887,7.268217032039177,6.882068003989154
008,2014-10-04 05:01:56,4.1,1,8.849500000000003,8.350913539810332,9.224,8.808137846603445,8.926078927518757,8.593260381205722
008,2014-10-04 05:06:56,4.2,1,7.738499999999996,6.638006982693336,7.638500000000001,7.338335660897777,7.517621508285157,7.071616647293816
008,2014-10-04 05:11:56,4.3,1,7.825999999999997,7.365813227050812,8.105,7.7656044090169365,7.868632481498984,7.584111432644727
008,2014-10-04 05:16:56,4.3,1,6.739500000000003,5.69349470576134,6.7915,6.408164901920448,6.59143415122406,6.142666186207879
008,2014-10-04 05:21:56,4.2,1,6.844999999999996,6.104696312210877,6.985999999999999,6.645232104070291,6.784052392263753,6.431010456230256
008,2014-10-04 05:26:56,4.2,1,6.5729999999999995,6.652136929943629,6.467000000000001,6.564045643314543,6.541253944298131,6.492083938354462
008,2014-10-04 05:31:56,4.1,1,8.0605,8.853192063055651,8.072,8.328564021018549,8.194129559250374,8.087336046103347
008,2014-10-04 05:36:56,3.9,1,6.454499999999999,5.9326177760625685,6.24,6.209039258687523,6.279449405879827,6.080536497675051
008,2014-10-04 05:41:56,3.8,1,10.283500000000005,7.4420075799367655,10.035,9.25350252664559,9.717270225809616,8.564946483257636
008,2014-10-04 05:46:56,3.8,1,7.050500000000004,7.708052329557369,7.032,7.2635174431857905,7.14954943429942,7.056453397370461
008,2014-10-04 05:51:56,3.7,1,7.843,7.896378789987317,7.672000000000001,7.8037929299957725,7.779717688250756,7.710148949112186
008,2014-10-04 05:56:56,3.7,1,8.456500000000002,7.922759129071618,8.368999999999998,8.24941970969054,8.332962882598535,8.119589579925574
008,2014-10-04 06:01:56,3.7,1,8.341500000000002,7.667608015095197,8.446,8.1517026716984,8.27598366179048,7.962722520672151
008,2014-10-04 06:06:56,3.8,1,8.006500000000003,6.791173779156654,7.98,7.5925579263855525,7.797892272834899,7.2990212084854535
008,2014-10-04 06:11:56,3.8,1,6.498500000000002,5.805578239847099,6.3725,6.2255260799490335,6.332900031390321,6.056826094841027
008,2014-10-04 06:16:56,3.8,1,7.223499999999998,6.9969625681112095,6.9205,7.046987522703735,7.059194938885253,6.954934885969493
008,2014-10-04 06:21:56,3.8,1,8.392000000000001,9.423274463409316,8.534999999999998,8.783424821136437,8.619726313928421,8.450464927776478
008,2014-10-04 06:26:56,3.8,1,7.116499999999993,7.627817711894144,7.3309999999999995,7.358439237298046,7.28983415374571,7.171901610475999
008,2014-10-04 06:31:56,3.8,1,9.514,8.662876557025236,9.497,9.224625519008411,9.368562622719942,9.01907321375128
008,2014-10-04 06:36:56,3.8,1,6.632999999999994,7.096153102704654,6.544999999999999,6.758051034234882,6.671220126492187,6.5782193212810585
008,2014-10-04 06:41:56,3.9,1,8.601000000000003,9.062111840558467,8.7465,8.803203946852824,8.737142663786631,8.64214383297664
008,2014-10-04 06:46:56,4.0,1,7.9285000000000005,8.333381390207663,7.968,8.076627130069221,8.01090316096954,7.948392282112657
008,2014-10-04 06:51:56,4.1,1,6.580500000000001,5.456123974381701,6.6575000000000015,6.231374658127234,6.430220799803481,5.940653638046712
008,2014-10-04 06:56:56,4.2,1,7.260000000000004,6.883544131347419,7.23,7.124514710449141,7.1862126920111375,7.033326477096523
008,2014-10-04 07:01:56,4.2,1,6.521999999999999,7.285902921377949,6.563,6.790300973792649,6.663365391447884,6.553364554505569
008,2014-10-04 07:06:56,4.3,1,7.754999999999999,7.860995167584802,7.73,7.781998389194935,7.761701556595597,7.73863950012582
008,2014-10-04 07:11:56,4.3,1,6.791999999999998,7.00162117331883,6.822,6.8718737244396095,6.838681294406964,6.8040554858113
008,2014-10-04 07:16:56,4.3,1,8.0835,8.109263665624193,8.0245,8.07242122187473,8.062859342077585,8.037891606642606
008,2014-10-04 07:21:56,4.4,1,8.187500000000002,6.337388944327466,8.2045,7.576462981442489,7.894061645456087,7.125800795907635
008,2014-10-04 07:26:56,4.4,1,8.980000000000008,7.40792927337823,8.867,8.418309757792747,8.677032947498418,8.037658161709231
008,2014-10-04 07:31:56,4.4,1,9.019999999999998,8.52916936483595,9.039,8.862723121611984,8.948248614164045,8.73950372587772
008,2014-10-04 07:36:56,4.6,1,10.009000000000002,9.382817391890116,9.957,9.782939130630039,9.885381665208053,9.63123468468154
008,2014-10-04 07:41:56,4.7,1,7.797500000000002,6.314656489933287,7.841000000000001,7.317718829977764,7.574883344821338,6.948972781669152
008,2014-10-04 07:46:56,5.0,1,6.6495000000000015,5.859729670807994,6.580500000000001,6.363243223602666,6.4921497852670305,6.171865349461838
008,2014-10-04 07:51:56,5.4,1,8.537500000000005,7.968905403664713,8.645,8.383801801221573,8.490353935158899,8.21946861714574
008,2014-10-04 07:56:56,5.8,1,7.714000000000001,6.450428570501872,7.5325,7.232309523500624,7.432331499041915,6.9252610252383935
008,2014-10-04 08:01:56,6.2,1,9.673000000000007,9.349580468864428,9.423,9.481860156288144,9.515256089815281,9.40081094538647
007,2014-10-01 09:00:00,5.4,2,7.3565,6.77655691954692,7.0955,7.0761856398489735,7.1310480927146855,6.967574761315721
007,2014-10-01 11:49:59,3.8,2,6.170500000000004,4.98498390468123,6.0775000000000015,5.744327968227078,5.881882429122275,5.531610912708025
007,2014-10-01 11:54:59,4.0,2,6.5005,7.235459767387781,6.661999999999999,6.799319922462594,6.720031712651034,6.594223859405707
007,2014-10-01 11:59:59,4.2,2,7.489000000000005,6.684037874811614,7.2855,7.1528459582705395,7.238151091722332,7.005447235288415
007,2014-10-01 12:00:00,5.4,2,6.529500000000001,7.055647877691573,6.5775,6.720882625897192,6.66022196018799,6.579571769651936
007,2014-10-01 12:04:59,4.5,2,6.860000000000001,5.7864456007896585,6.731000000000002,6.459148533596554,6.5811295997097865,6.2655748825731745
007,2014-10-01 12:09:59,4.9,2,6.966500000000004,5.548221141406615,6.921,6.478573713802207,6.646927699482471,6.225480977168399
007,2014-10-01 12:14:59,5.4,2,7.308000000000005,5.624374640865272,7.304499999999999,6.745624880288425,6.948389284288065,6.446247786238565
007,2014-10-01 12:19:59,6.0,2,7.064000000000001,6.059101656994711,7.0355,6.719533885664904,6.8390339363189785,6.540288114039763
007,2014-10-01 12:24:59,6.5,2,7.9430000000000085,6.944054082229681,7.958999999999999,7.6153513607432295,7.736700076460833,7.4345550992999065
007,2014-10-01 12:29:59,7.2,2,6.7930000000000055,6.191348282410798,6.933499999999999,6.6392827608036,6.719916160517748,6.504132008186897
007,2014-10-01 12:34:59,7.7,2,8.100999999999997,7.9637218607606135,7.8740000000000006,7.979573953586869,7.98303250788541,7.921824252819252
007,2014-10-01 12:39:59,8.2,2,7.393000000000004,6.9451303429724565,7.428499999999999,7.2555434476574865,7.3115827516928515,7.16880072877586
007,2014-10-01 12:44:59,8.5,2,8.080500000000004,6.644647730468099,7.9319999999999995,7.552382576822701,7.716915235844384,7.293990273959958
007,2014-10-01 12:49:59,8.7,2,6.082499999999998,5.360791948892455,6.1345,5.859263982964151,5.949266882548625,5.720529227074341
007,2014-10-01 12:54:59,8.8,2,6.931500000000001,5.433758696014487,7.145499999999999,6.503586232004829,6.696484637458387,6.194386112367498
007,2014-10-01 12:59:59,8.8,2,7.951000000000002,7.573524210583637,8.147,7.890508070194547,7.947316970344496,7.784072891701053
007,2014-10-01 13:04:59,8.6,2,6.6010000000000035,6.626349771598881,6.531499999999999,6.586283257199628,6.579219302956757,6.556079666721182
007,2014-10-01 13:09:59,8.4,2,6.453499999999999,5.4521450103084055,6.3309999999999995,6.078881670102802,6.192533719379784,5.898280414436627
007,2014-10-01 13:14:59,8.1,2,7.997500000000006,6.653282166141417,8.051,7.56726072204714,7.732395603843971,7.317559524055205
007,2014-10-01 13:19:59,7.8,2,7.759500000000006,9.088165164845142,7.7275,8.191721721615048,8.02970163495586,7.833900995176332
007,2014-10-01 13:24:59,7.5,2,7.923000000000005,5.961895264462389,7.989000000000001,7.291298421487465,7.531521783315044,6.929423072708239
007,2014-10-01 13:29:59,7.1,2,9.16300000000001,9.053928971280492,9.265999999999998,9.160976323760167,9.18006502927506,9.120918033544978
007,2014-10-01 13:34:59,6.8,2,7.162000000000005,8.040411056350898,7.164,7.4554703521169685,7.349690519738687,7.2259227059360365
007,2014-10-01 13:39:59,6.4,2,6.7639999999999985,6.118080832988943,6.684,6.522026944329647,6.595281017305931,6.4055102420968755
007,2014-10-01 13:44:59,6.1,2,8.752000000000004,7.156527925409471,9.002000000000002,8.303509308469826,8.51026552662592,7.969711386205853
007,2014-10-01 13:49:59,5.9,2,6.623999999999999,7.84150391004879,6.626,7.030501303349596,6.883842778793018,6.7124043912814475
007,2014-10-01 13:54:59,5.7,2,6.332500000000001,6.909200061760147,6.382000000000001,6.54123335392005,6.474564968838543,6.386599176640362
007,2014-10-01 13:59:59,5.5,2,7.226500000000001,7.1192876326510905,7.002999999999999,7.11626254421703,7.116298416490561,7.055478027612253
007,2014-10-01 14:04:59,5.3,2,6.519500000000001,5.659491944094944,6.526,6.234997314698314,6.33904879072648,6.080806766049708
007,2014-10-01 14:09:59,5.2,2,6.508500000000002,5.816448617240695,6.322499999999999,6.215816205746898,6.288518798798582,6.088859588497131
007,2014-10-01 14:14:59,5.1,2,6.565500000000002,6.36890729736556,6.4689999999999985,6.467802432455187,6.485937280300707,6.430815353632467
007,2014-10-01 14:19:59,5.1,2,6.590000000000001,6.532420376995624,6.608499999999999,6.576973458998541,6.584981727905015,6.563025069248873
007,2014-10-01 14:24:59,5.0,2,6.471000000000003,6.383140974315043,6.420999999999999,6.4250469914383475,6.432755243599786,6.408371964784681
007,2014-10-01 14:29:59,5.0,2,6.908499999999999,5.877659355007795,6.636,6.474053118335931,6.582609479262969,6.285041922414169
007,2014-10-01 14:34:59,5.1,2,6.7304999999999975,5.760910974699602,6.744,6.411803658233199,6.5294691385208905,6.236727920594762
007,2014-10-01 14:39:59,5.1,2,6.176,5.998734102880669,6.4095,6.194744700960224,6.229580248253297,6.116376535990451
007,2014-10-01 14:44:59,5.2,2,6.1065,5.414991232704047,5.9825,5.834663744234682,5.910876370430993,5.709113106329506
007,2014-10-01 14:49:59,5.3,2,8.183000000000003,7.151609965107172,8.0395,7.791369988369058,7.907431816690669,7.604985765856447
007,2014-10-01 14:54:59,5.5,2,7.549000000000003,7.691655260713008,7.761,7.6672184202376705,7.6622466097881565,7.604416196718559
007,2014-10-01 14:59:59,5.7,2,6.576000000000004,6.541459239927973,6.6695,6.5956530799759925,6.605209080348201,6.570750570004549
007,2014-10-01 15:04:59,5.9,2,6.763499999999998,7.3915895962627856,6.493499999999999,6.882863198754261,6.791574560011313,6.627225805540652
007,2014-10-01 15:09:59,6.1,2,7.865000000000002,7.724028901725189,7.6815,7.756842967241731,7.76325529900464,7.714373032748997
007,2014-10-01 15:14:59,6.2,2,8.418500000000005,8.392601505652971,8.714500000000001,8.50853383521766,8.528725855361497,8.444533203913604
007,2014-10-01 15:19:59,6.2,2,7.294500000000004,7.977850623139304,7.1835,7.485283541046435,7.39650230641503,7.269169958088402
007,2014-10-01 15:24:59,6.3,2,7.761000000000006,8.118648039310267,7.700500000000001,7.860049346436758,7.8134448248858845,7.746124824258815
007,2014-10-01 15:29:59,6.3,2,7.923000000000001,7.721495513843876,7.8065,7.816998504614626,7.83457211311599,7.7787158183632386
007,2014-10-01 15:34:59,6.4,2,7.978999999999997,8.43732307584809,7.9305,8.115607691949362,8.057558505422865,7.979465352025758
007,2014-10-01 15:39:59,6.5,2,7.355500000000003,8.87752581051176,7.435499999999999,7.88950860350392,7.710637165241214,7.485528527456941
007,2014-10-01 15:44:59,6.7,2,8.147500000000003,8.286576354603728,8.376,8.270025451534577,8.266436619565603,8.204420584800417
007,2014-10-01 15:49:59,6.9,2,7.2855,6.589562707956792,7.2595,7.044854235985597,7.127252247720296,6.920586207484563
007,2014-10-01 15:54:59,7.0,2,7.825000000000002,7.548552883170194,7.885499999999999,7.7530176277233975,7.789833126950523,7.6917326091804
007,2014-10-01 15:59:59,7.2,2,6.329500000000003,7.359818418434427,6.2945,6.661272806144811,6.535046336915012,6.380343072102731
007,2014-10-01 16:04:59,7.3,2,7.6854999999999976,7.76081164218797,7.9575,7.80127054739599,7.8078773285368905,7.735993340627368
007,2014-10-01 16:09:59,7.4,2,7.270500000000003,6.87520421230947,7.2855,7.14373473743649,7.192253894646809,7.070451848570172
007,2014-10-01 16:14:59,7.5,2,8.239000000000006,8.460657493300674,8.206,8.301885831100227,8.27326127423155,8.232805044570865
007,2014-10-01 16:19:59,7.7,2,7.816000000000002,8.062026652483189,8.0605,7.9795088841610635,7.963949559062645,7.895321330322021
007,2014-10-01 16:20:00,7.2,2,7.713000000000002,8.472798311679167,7.901500000000001,8.02909943722639,7.948373913636681,7.815315046629898
007,2014-10-01 16:24:59,7.8,2,6.719499999999999,6.907338866979793,6.628000000000001,6.7516129556599305,6.723691731420157,6.671512259577566
007,2014-10-01 16:29:59,7.9,2,8.240500000000008,9.038822009641235,8.2135,8.49760733654708,8.399810099875202,8.279974846973271
007,2014-10-01 16:34:59,8.0,2,9.07900000000001,9.304211333135889,9.087499999999999,9.156903777711966,9.130244037288875,9.097399795493528
007,2014-10-01 16:39:59,8.0,2,7.119000000000002,7.117671166817986,6.97,7.068890388939329,7.060457977108208,7.018515933878537
007,2014-10-01 16:44:59,8.2,2,7.309000000000003,7.677136817467152,7.309000000000001,7.431712272489052,7.387332240658169,7.33557858940703
007,2014-10-01 16:49:59,8.2,2,9.315500000000007,8.517184023801617,9.5805,9.137728007933875,9.249249620703944,8.942632973383674
007,2014-10-01 16:54:59,8.1,2,9.923000000000002,8.648846489568076,9.909500000000001,9.49378216318936,9.646606784492752,9.266986905108098
007,2014-10-01 16:59:59,8.0,2,10.478500000000004,8.990896548273891,10.983500000000003,10.150965516091299,10.359423306151303,9.785174375993083
007,2014-10-01 17:04:59,7.9,2,8.832500000000008,9.57026685104787,8.940000000000001,9.11425561701596,9.031514905486368,8.912830715477684
007,2014-10-01 17:09:59,7.8,2,8.334500000000002,9.295013493269826,8.4955,8.708337831089942,8.601829587833917,8.444382406730348
007,2014-10-01 17:14:59,7.9,2,10.380000000000011,12.288895425026475,10.4525,11.040465141675496,10.814522861201393,10.53607127283438
007,2014-10-01 17:19:59,8.2,2,11.820500000000003,9.682391243896232,11.706,11.069630414632078,11.320782993944418,10.687113975424943
007,2014-10-01 17:24:59,8.4,2,7.761,8.718809192209658,7.842,8.107269730736553,7.996474019185826,7.850545224069646
007,2014-10-01 17:29:59,8.9,2,8.466500000000007,8.198226483219955,8.4755,8.380075494406654,8.412935713023408,8.330577723311942
007,2014-10-01 17:34:59,9.3,2,7.877000000000006,7.612500331430517,7.9265,7.8053334438101745,7.840074287680593,7.748379664512989
007,2014-10-01 17:39:59,9.7,2,7.9255,9.260973733408386,7.9205,8.368991244469463,8.207707413364933,8.018554632075906
007,2014-10-01 17:44:59,10.0,2,8.096500000000006,7.8244055475045755,7.948999999999999,7.956635182501526,7.9809309061904035,7.905148746063324
007,2014-10-01 17:49:59,10.3,2,7.0955,6.914195204089917,6.9445000000000014,6.98473173469664,6.997880644755092,6.949311325623299
007,2014-10-01 17:54:59,10.5,2,8.61800000000001,8.841704830590501,8.8155,8.758401610196836,8.742822830170612,8.683876359715427
007,2014-10-01 17:59:59,10.7,2,7.493999999999996,7.662843654075998,7.365000000000001,7.507281218025333,7.479487356624298,7.419415747334336
007,2014-10-01 18:04:59,10.7,2,9.450500000000003,9.005902285630544,9.315000000000003,9.257134095210183,9.30291764261728,9.17523468732415
007,2014-10-01 18:09:59,10.7,2,10.381999999999998,8.598152263718271,10.478499999999999,9.819550754572754,10.040164126269584,9.483066662930867
007,2014-10-01 18:14:59,10.7,2,9.331499999999998,8.690108222550247,9.923,9.314869407516747,9.426302088695273,9.082154429018859
007,2014-10-01 18:15:00,11.0,2,8.3215,8.133147364111606,8.468,8.307549121370537,8.33870404964472,8.244667811231515
007,2014-10-01 18:19:59,10.7,2,9.187500000000005,8.415593390106167,9.116,8.906364463368725,8.995296894474274,8.767630123103732
007,2014-10-01 18:24:59,10.6,2,9.738000000000007,9.275312511049034,9.4365,9.483270837016347,9.521662191380221,9.394649429181065
007,2014-10-01 18:29:59,10.5,2,10.674500000000009,9.776982964299659,10.5055,10.318994321433223,10.417446798893847,10.155870515035996
007,2014-10-01 18:34:59,10.4,2,8.647500000000003,9.122007715220793,8.736500000000001,8.835335905073599,8.783265029227797,8.70416621815921
007,2014-10-01 18:39:59,10.2,2,7.863500000000001,7.348588328164126,7.915,7.709029442721376,7.774073565003485,7.607157836378606
007,2014-10-01 18:44:59,10.0,2,7.582500000000007,8.150355815233441,7.679000000000001,7.803951938411149,7.741060174188347,7.647794032353134
007,2014-10-01 18:49:59,9.9,2,7.8365000000000045,8.500248570585619,7.804999999999998,8.04724952352854,7.96541602285278,7.8632319571339835
007,2014-10-01 18:54:59,9.8,2,7.837999999999997,8.002283769939156,8.074499999999999,7.971594589979717,7.965428274151684,7.900804182630644
007,2014-10-01 18:59:59,9.6,2,6.056500000000001,5.837938994333154,6.038,5.977479664777718,6.0027610026390406,5.938234671126848
007,2014-10-01 19:04:59,9.5,2,6.466500000000002,6.5683881330340785,6.365000000000002,6.466629377678028,6.448493095204377,6.405580129773784
007,2014-10-01 19:09:59,9.4,2,6.5280000000000005,7.1119183361859815,6.417000000000001,6.685639445395328,6.608845080456463,6.495491187035517
007,2014-10-01 19:14:59,9.3,2,6.820999999999998,7.5280013615366475,7.065500000000002,7.1381671205122155,7.067035868645428,6.9336025913576655
007,2014-10-01 19:19:59,9.2,2,6.900999999999999,7.506907653250089,6.8255,7.077802551083363,7.000404537786017,6.893958527504532
007,2014-10-01 19:24:59,9.1,2,6.3625000000000025,6.879981243409731,6.3985,6.546993747803245,6.486685849636199,6.40892476878315
007,2014-10-01 19:29:59,9.0,2,7.176000000000004,6.82241279788802,6.961,6.986470932629341,7.0166982354285485,6.919071599958751
007,2014-10-01 19:34:59,9.0,2,6.5009999999999994,7.6131258357394955,6.7685,6.960875278579832,6.842231394019454,6.648642407642388
007,2014-10-01 19:39:59,9.0,2,6.26,6.3814232306113094,6.3469999999999995,6.32947441020377,6.319853623908847,6.29067082237645
007,2014-10-01 19:44:59,8.9,2,7.515500000000002,6.11692883208895,7.505000000000001,7.045809610696317,7.213806170883548,6.79695961325301
007,2014-10-01 19:49:59,8.8,2,6.009000000000003,6.121485542944903,6.046,6.0588285143149685,6.04740176881437,6.026436831247399
007,2014-10-01 19:54:59,8.7,2,7.160500000000006,6.511382984184166,7.0445,6.905460994728057,6.977024512199474,6.787615436563554
007,2014-10-01 19:59:59,8.6,2,6.9415,6.216291600346251,6.935,6.697597200115417,6.7846484701819625,6.568537422530742
007,2014-10-01 20:04:59,8.5,2,6.976000000000002,6.523960960812513,6.8115000000000006,6.770486986937506,6.815495222509523,6.686652196249083
007,2014-10-01 20:09:59,8.5,2,7.298500000000003,5.7618595706055435,7.087999999999998,6.716119856868516,6.8892273931382615,6.438500621190286
007,2014-10-01 20:14:59,8.4,2,7.352500000000003,6.3505731942195665,7.3485000000000005,7.017191064739857,7.137745765687975,6.838991022679139
007,2014-10-01 20:19:59,8.4,2,6.680500000000002,7.075089923054077,6.81,6.855196641018026,6.815095676494795,6.741593202958177
007,2014-10-01 20:24:59,8.4,2,6.983,7.224841145621934,7.1025,7.1034470485406445,7.081183736502786,7.030547367686157
007,2014-10-01 20:29:59,8.4,2,8.057000000000006,7.897079677870977,8.0325,7.995526559290329,8.013392570390026,7.966579569776112
007,2014-10-01 20:34:59,8.3,2,8.238,7.732113453885318,8.6565,8.208871151295106,8.293991606952195,8.034960239085295
007,2014-10-01 20:39:59,8.3,2,8.7825,8.884113883102309,8.8335,8.833371294367437,8.8240625201085,8.802676762919171
007,2014-10-01 20:44:59,8.2,2,7.303999999999997,7.485772971032765,7.321500000000001,7.370424323677587,7.349520228658728,7.321529618723933
007,2014-10-01 20:49:59,8.0,2,8.3725,9.186981085674004,8.2815,8.613660361891334,8.510224314510218,8.37009064954502
007,2014-10-01 20:54:59,8.0,2,7.0995000000000035,6.70263546477853,7.1350000000000025,6.979045154926179,7.028935633791419,6.90136977073689
007,2014-10-01 20:59:59,7.9,2,7.1519999999999975,7.2490010429715594,7.3065,7.2358336809905195,7.2330496888198175,7.191053946073099
007,2014-10-01 21:00:00,8.7,2,7.166999999999998,7.113304591635641,7.161999999999999,7.147434863878547,7.153619668903724,7.13778366260607
007,2014-10-01 21:04:59,7.9,2,7.231,6.36053651703065,7.307500000000002,6.966345505676884,7.075694210903563,6.796249776189098
007,2014-10-01 21:09:59,7.9,2,6.431500000000003,6.517113990622522,6.432500000000001,6.460371330207509,6.45010796737344,6.437932897653284
007,2014-10-01 21:14:59,7.9,2,7.980000000000007,6.870646939115889,8.254,7.701548979705298,7.851086091452053,7.449353965319199
007,2014-10-01 21:19:59,8.0,2,7.601000000000004,7.094066513138119,7.6594999999999995,7.451522171046041,7.516008177969707,7.3496642219679
007,2014-10-01 21:24:59,8.1,2,8.830500000000011,9.644631704788575,8.882,9.119043901596195,9.023867734679763,8.902244716488347
007,2014-10-01 21:29:59,8.2,2,6.696500000000001,6.644913091671391,6.7425,6.694637697223797,6.703509409645086,6.676236387349692
007,2014-10-01 21:34:59,8.3,2,6.886000000000005,7.1710154417319405,7.037999999999999,7.031671813910648,7.006077933268854,6.944847110204997
007,2014-10-01 21:39:59,8.4,2,7.243499999999998,6.479204746828386,7.164499999999999,6.9624015822761285,7.0499839270261075,6.824861926595963
007,2014-10-01 21:44:59,8.6,2,7.228,7.070779333696072,7.143,7.14725977789869,7.161311392775845,7.117514879270017
007,2014-10-01 21:49:59,8.8,2,6.555000000000007,5.8152508514847785,6.6695,6.3465836171615955,6.442365708199491,6.192100133737314
007,2014-10-01 21:54:59,9.2,2,6.988000000000003,4.884537064991204,7.068500000000003,6.313679021663737,6.571900297966167,5.923586595765087
007,2014-10-01 21:59:59,9.5,2,5.902000000000003,6.9510532904310125,5.949000000000001,6.267351096810338,6.1435948979771196,5.989572503737648
007,2014-10-01 22:04:59,9.8,2,6.646499999999998,6.540781738229667,6.7915,6.6595939127432215,6.680700508912884,6.611703761266153
007,2014-10-01 22:09:59,10.1,2,7.507500000000005,6.500607243678381,7.554000000000001,7.187369081226129,7.311434702214628,6.999039830800541
007,2014-10-01 22:14:59,10.3,2,7.370000000000005,7.311540636592088,7.594499999999999,7.425346878864031,7.445340914584897,7.369905287569027
007,2014-10-01 22:19:59,10.5,2,7.468500000000006,6.818459476427871,7.5945,7.29381982547596,7.379450452119319,7.152976478189444
007,2014-10-01 22:24:59,10.6,2,7.585500000000004,6.82134590374514,7.6685,7.358448634581715,7.455356259734046,7.2059475294048205
007,2014-10-01 22:29:59,10.7,2,7.195000000000009,7.734282726307567,7.440500000000001,7.4565942421025255,7.405739658894442,7.2957454850601415
007,2014-10-01 22:34:59,10.6,2,7.3090000000000055,7.226836817800683,7.273000000000001,7.26961227260023,7.277441232241111,7.2542455106381425
007,2014-10-01 22:39:59,10.6,2,7.806500000000004,6.282182708838754,7.754000000000001,7.280894236279586,7.46162780342294,7.008802878244917
007,2014-10-01 22:44:59,10.6,2,6.683500000000006,5.729216819064177,6.694500000000001,6.369072273021395,6.484748415181983,6.19721916188973
007,2014-10-01 22:49:59,10.6,2,6.317000000000006,7.96215717834201,6.374,6.884385726114005,6.689344045124881,6.450127507568247
007,2014-10-01 22:54:59,10.6,2,6.158000000000005,5.717279405756803,6.025,5.966759801918935,6.012220121759294,5.885602444501267
007,2014-10-01 22:59:59,10.7,2,6.096000000000003,5.89900492143436,6.2095,6.068168307144788,6.098462048048817,6.010372519598908
007,2014-10-01 23:04:59,10.7,2,6.230000000000003,5.454764161411956,6.107,5.930588053803986,6.016951905877439,5.790174122568821
007,2014-10-01 23:09:59,10.8,2,6.337500000000008,6.874674463697195,6.636500000000001,6.616224821232401,6.568709660452718,6.451563195064172
007,2014-10-01 23:14:59,10.9,2,6.368000000000006,6.260483533933729,6.547999999999999,6.392161177977911,6.415502950802442,6.336928110305607
007,2014-10-01 23:19:59,11.0,2,6.532000000000004,6.7477963558126355,6.522000000000003,6.60059878527088,6.574007182195638,6.540853281551247
007,2014-10-01 23:24:59,11.1,2,6.462,5.939379728079852,6.403499999999999,6.268293242693285,6.327923125347625,6.17414986445976
007,2014-10-01 23:29:59,11.2,2,6.388500000000005,5.91639673412247,6.491999999999999,6.265632244707493,6.328514443361722,6.1609362841866115
007,2014-10-01 23:34:59,11.3,2,7.899000000000002,7.588776463324126,8.0315,7.839758821108042,7.884798304338863,7.758021450111992
007,2014-10-01 23:39:59,11.4,2,6.9035000000000055,5.742819217611929,6.8275000000000015,6.491273072537312,6.6268139241860435,6.283330126775399
007,2014-10-01 23:40:00,11.2,2,6.119500000000005,5.6894609203540085,5.895999999999999,5.9016536401180035,5.940607270919945,5.820483695513527
007,2014-10-01 23:44:59,11.4,2,6.488999999999999,6.100602547964158,6.424000000000001,6.337867515988052,6.3809415773509635,6.267448046134284
007,2014-10-02 07:54:59,8.5,2,7.987499999999995,7.400068699376526,7.888000000000001,7.758522899792173,7.823601543811457,7.651991898173325
007,2014-10-02 07:59:59,8.5,2,6.202999999999996,6.293952700252972,5.9225,6.139817566750989,6.112676922680354,6.020882789444361
007,2014-10-02 08:04:59,8.5,2,7.374000000000002,7.1631236898018,7.394999999999999,7.310707896600601,7.3373407264822115,7.26900583106703
007,2014-10-02 08:09:59,8.7,2,5.8629999999999995,6.5791573211744545,5.884499999999999,6.1088857737248174,6.023790666688214,5.920117975541654
007,2014-10-02 08:14:59,8.8,2,6.848500000000005,7.107587514256886,6.935,6.96369583808563,6.937450362411227,6.888983964168205
007,2014-10-02 08:19:59,9.0,2,7.308000000000005,6.8857290651097305,7.201500000000001,7.1317430217032465,7.176507393351854,7.054425228893555
007,2014-10-02 08:24:59,9.4,2,7.565499999999998,7.4845716692843025,7.53,7.5266905564281,7.5343994851547205,7.511553878367815
007,2014-10-02 08:29:59,9.9,2,6.942000000000002,6.599942015725675,6.8585,6.800147338575226,6.836568166507045,6.737575033028103
007,2014-10-02 08:34:59,10.5,2,8.121000000000002,7.7150768592852765,8.179,8.00502561976176,8.057305682825882,7.921224917330127
007,2014-10-02 08:39:59,11.2,2,7.658000000000003,6.096260439630617,7.4655,7.073253479876873,7.250424827040128,6.79155247815166
007,2014-10-02 08:44:59,11.9,2,8.513500000000006,8.64229454803058,8.4775,8.544431516010194,8.526828868872412,8.49858255582814
007,2014-10-02 08:49:59,12.5,2,9.799500000000009,10.179664132516313,10.018999999999998,9.999388044172107,9.966216318480384,9.88221137669535
007,2014-10-02 08:54:59,13.0,2,8.133000000000003,10.463546779109292,8.258500000000002,8.9516822597031,8.677965035112026,8.332857516939615
007,2014-10-02 08:59:59,13.4,2,9.825000000000001,9.410078999534727,9.7965,9.67719299984491,9.72556945731542,9.602829283909127
007,2014-10-02 09:04:59,13.5,2,9.291499999999992,9.796818887290028,9.685500000000001,9.591272962430008,9.553076597580468,9.427181851509136
007,2014-10-02 09:09:59,13.4,2,8.4115,8.03883602488512,8.527500000000002,8.325945341628374,8.377560682532737,8.23641870301012
007,2014-10-02 09:14:59,13.1,2,9.643999999999997,9.548808324773116,9.6325,9.608436108257704,9.619248571320613,9.591270702113857
007,2014-10-02 09:19:59,12.7,2,9.447,8.970943972109339,9.919,9.445647990703113,9.53025754998642,9.266304609809769
007,2014-10-02 09:24:59,12.2,2,9.464000000000002,8.18874913819691,9.347500000000002,9.000083046065638,9.1471001007764,8.770917220671983
007,2014-10-02 09:29:59,11.8,2,8.027000000000003,6.9731637508963455,8.101,7.700387916965449,7.831698604986203,7.498195116789091
007,2014-10-02 09:34:59,11.3,2,9.685000000000004,8.595251214020118,9.677499999999998,9.319250404673374,9.45019047717269,9.125364059361942
007,2014-10-02 09:39:59,10.9,2,9.662999999999997,10.242775153532968,10.179,10.02825838451099,9.98812164373523,9.834773870614084
007,2014-10-02 09:44:59,10.5,2,9.471499999999999,9.536509453514775,9.914499999999999,9.640836484504923,9.658546540172674,9.542708941703616
007,2014-10-02 09:49:59,10.2,2,8.495999999999997,7.618534311408319,8.6865,8.267011437136105,8.38377848912007,8.0727951954186
007,2014-10-02 09:54:59,9.9,2,9.899999999999997,9.423489524505909,9.885,9.736163174835303,9.79274295876512,9.651135648494162
007,2014-10-02 09:59:59,9.5,2,9.678500000000001,9.449466948712727,9.776999999999997,9.634988982904241,9.668279972970959,9.574507669802985
007,2014-10-02 10:04:59,9.3,2,9.8185,9.975924798628421,9.822999999999999,9.87247493287614,9.853756394814317,9.830998674430386
007,2014-10-02 10:09:59,9.0,2,9.5365,9.848113627935241,9.6355,9.673371209311748,9.641514404466808,9.583923400673513
007,2014-10-02 10:14:59,8.7,2,10.237000000000005,9.016035174064516,10.458,9.90367839135484,10.063614215944774,9.64227701412156
007,2014-10-02 10:19:59,8.4,2,9.592500000000001,9.344074691899216,9.760000000000002,9.56552489729974,9.605132810527039,9.487750340232438
007,2014-10-02 10:24:59,8.2,2,9.263000000000003,8.774140730275786,9.3825,9.139880243425262,9.205705126192305,9.028994891626887
007,2014-10-02 10:29:59,7.9,2,9.844999999999994,9.513425412431102,10.0425,9.800308470810366,9.851670341878204,9.701732291558343
007,2014-10-02 10:34:59,7.5,2,9.596999999999998,9.601203608601658,9.806000000000001,9.668067869533886,9.679613828410792,9.625532028142711
007,2014-10-02 10:39:59,7.3,2,9.962499999999997,8.629925306265935,10.3095,9.633975102088643,9.814632072639295,9.327448822925703
007,2014-10-02 10:44:59,6.9,2,9.448499999999997,7.645024206471522,9.395999999999999,8.829841402157173,9.04422839007533,8.508123193258394
007,2014-10-02 10:49:59,6.7,2,10.563500000000007,10.088133535470451,10.647999999999998,10.433211178490152,10.495391064297726,10.331747727441648
007,2014-10-02 10:54:59,6.4,2,9.613500000000002,8.95427146213813,9.6705,9.412757154046044,9.495516297596525,9.28412624953317
007,2014-10-02 10:59:59,6.1,2,9.204499999999996,7.882440048031901,9.2985,8.7951466826773,8.95994593761395,8.541257661725243
007,2014-10-02 11:00:00,4.4,2,9.163,8.940058950615159,9.420500000000002,9.174519650205054,9.216245522402103,9.083215736610493
007,2014-10-02 11:04:59,5.8,2,8.991000000000003,7.714502162877731,9.2525,8.652667387625911,8.821633462779884,8.373266842510004
007,2014-10-02 11:09:59,5.6,2,9.001999999999999,8.918951264690742,9.3645,9.09515042156358,9.12606703537125,9.007645855593086
007,2014-10-02 11:14:59,5.4,2,9.185499999999998,8.283534351478318,9.265,8.911344783826104,9.024664178038108,8.735046826795518
007,2014-10-02 11:19:59,5.3,2,9.235,8.831141139243211,9.232000000000001,9.099380379747737,9.147893808864099,9.02752180547903
007,2014-10-02 11:24:59,5.2,2,8.979999999999999,8.129498224384264,9.101,8.73683274146142,8.84634124946768,8.56135611197201
007,2014-10-02 11:29:59,5.1,2,8.4035,7.265287894887677,8.415,8.027929298295891,8.165807475328144,7.8232782542379455
007,2014-10-02 11:34:59,5.0,2,9.625500000000004,8.301125713242168,9.748,9.22487523774739,9.391597045203858,8.964855863261384
007,2014-10-02 11:39:59,5.0,2,10.819000000000003,9.560959059013648,10.349,10.24298635300455,10.36754288312216,10.009413628502049
007,2014-10-02 11:44:59,5.1,2,9.568499999999998,7.44376665685971,9.371999999999998,8.794755552286569,9.039566867047407,8.412884958898928
007,2014-10-02 11:49:59,5.2,2,8.327500000000004,8.033711920591612,8.597999999999999,8.319737306863871,8.370753698153445,8.213230069092045
007,2014-10-02 11:50:00,6.7,2,8.772500000000004,8.224916535189264,8.69,8.56247217839642,8.623727407108683,8.463384108110425
007,2014-10-02 11:54:59,5.2,2,10.182500000000003,10.562617310726392,10.441499999999998,10.395539103575464,10.364650928219731,10.275153078485229
007,2014-10-02 11:59:59,5.3,2,10.664000000000001,9.637946615938011,10.581,10.294315538646005,10.413222961570023,10.110157863775894
007,2014-10-02 12:04:59,5.4,2,11.694500000000003,9.851461786800739,11.615499999999999,11.053820595600248,11.271448740258952,10.724509542867747
007,2014-10-02 12:09:59,5.5,2,8.617000000000012,8.477200144639305,8.701,8.598400048213106,8.62009750727454,8.556691619753853
007,2014-10-02 12:14:59,5.5,2,9.528499999999996,9.383166016769385,9.910000000000002,9.607222005589795,9.646743000191048,9.50483218464612
007,2014-10-02 12:19:59,5.4,2,10.124,9.688850471740679,10.389500000000004,10.067450157246896,10.1352197658548,9.93681598794489
007,2014-10-02 12:24:59,5.3,2,10.117999999999997,9.750964760159347,10.445,10.104654920053115,10.167759753410484,9.973788790717139
007,2014-10-02 12:29:59,5.2,2,10.342000000000008,9.701519369912186,10.613999999999999,10.219173123304065,10.312070876498403,10.050732306573085
007,2014-10-02 12:34:59,5.1,2,10.193000000000001,9.602846341434478,10.2025,9.99944878047816,10.071141479871766,9.892629071475234
007,2014-10-02 12:39:59,5.1,2,9.693499999999998,8.398610890186426,10.020499999999998,9.370870296728809,9.545830783555232,9.0750567800184
007,2014-10-02 12:44:59,5.1,2,10.060499999999998,10.881670140169188,10.3345,10.42555671338973,10.342363282990561,10.188772641409027
007,2014-10-02 12:49:59,5.2,2,9.689999999999996,10.184662876534919,9.86,9.911554292178304,9.861724797957638,9.768515085030781
007,2014-10-02 12:54:59,5.4,2,9.515000000000004,9.660774377885359,9.800999999999998,9.658924792628452,9.657844432097168,9.580830414189451
007,2014-10-02 12:59:59,5.7,2,9.009500000000003,8.280321214597322,9.1055,8.798440404865774,8.891881338656116,8.64954833295084
007,2014-10-02 13:04:59,5.9,2,9.034499999999998,7.821552643000528,9.1405,8.665517547666841,8.81785496386538,8.428617833205463
007,2014-10-02 13:09:59,6.2,2,9.058,8.63576680050313,9.2545,8.98275560016771,9.044988978768785,8.868263429525333
007,2014-10-02 13:14:59,6.3,2,10.1855,9.248729697107969,10.382999999999997,9.939076565702655,10.063396651856795,9.732912914626361
007,2014-10-02 13:19:59,6.4,2,9.786500000000004,10.134795520741223,9.89,9.937098506913742,9.901079094708562,9.83770472882013
007,2014-10-02 13:24:59,6.4,2,9.993000000000004,9.976175718535952,9.954,9.974391906178653,9.97417105376577,9.963520631263796
007,2014-10-02 13:29:59,6.4,2,9.427999999999995,8.239076281127135,9.642499999999998,9.103192093709042,9.258890418491283,8.848791077678229
007,2014-10-02 13:34:59,6.3,2,8.649499999999998,7.935382018944091,8.6305,8.40512733964803,8.49012076918127,8.277775123789127
007,2014-10-02 13:39:59,6.3,2,8.3975,7.961652473908144,8.474,8.277717491302715,8.334671898851862,8.184884754316403
007,2014-10-02 13:44:59,6.2,2,8.242000000000004,8.876347448133581,8.396999999999998,8.505115816044528,8.437581887206457,8.326823360354142
007,2014-10-02 13:49:59,6.1,2,7.644000000000002,7.276473519197162,7.7360000000000015,7.552157839732388,7.60176979576421,7.468360447738885
007,2014-10-02 13:54:59,6.0,2,7.146500000000003,7.9081615184697585,7.155,7.403220506156587,7.311890036887081,7.203630203691789
007,2014-10-02 13:59:59,5.9,2,6.574999999999994,6.67073884588134,6.4220000000000015,6.555912948627111,6.535548053889739,6.478993690294859
007,2014-10-02 14:00:00,4.3,2,7.542999999999999,6.047880277177998,7.398000000000001,6.996293425725999,7.168172799286557,6.727438892870051
007,2014-10-02 14:04:59,5.8,2,7.617500000000002,7.98860288722407,7.544999999999999,7.717034295741357,7.668115728641942,7.5955241985988655
007,2014-10-02 14:09:59,5.7,2,6.826000000000002,6.383188511479073,6.708000000000001,6.639062837159692,6.685640248299706,6.557850593763225
007,2014-10-02 14:14:59,5.7,2,6.750499999999999,7.247196283683331,6.858,6.951898761227777,6.898219852119189,6.81342600254463
007,2014-10-02 14:19:59,5.6,2,9.30700000000001,8.281539556478803,9.162,8.91684651882627,9.032107013817589,8.73148473583522
007,2014-10-02 14:24:59,5.6,2,7.631000000000006,7.229336691023872,7.766500000000001,7.54227889700796,7.598514733078217,7.443684008925684
007,2014-10-02 14:29:59,5.6,2,7.266999999999995,6.514060401161499,7.49,7.090353467053831,7.193982740124867,6.911753021057907
007,2014-10-02 14:34:59,5.6,2,7.553000000000002,7.257822307867492,7.6964999999999995,7.502440769289165,7.546300782950828,7.421170838309943
007,2014-10-02 14:39:59,5.6,2,6.9495,6.941412532378563,7.0539999999999985,6.981637510792853,6.988638838472472,6.959230377337509
007,2014-10-02 14:40:00,11.7,2,7.007000000000001,6.132655009821721,7.184000000000001,6.774551669940574,6.8901639873044225,6.58359916974966
007,2014-10-02 14:44:59,5.5,2,7.387000000000003,6.314977520150737,7.470500000000002,7.0574925067169145,7.191543451863959,6.850160376243084
007,2014-10-02 14:49:59,5.5,2,7.596000000000001,7.576998096802444,7.672999999999999,7.615332698934147,7.622063911774205,7.596503536400384
007,2014-10-02 14:54:59,5.6,2,7.389499999999998,6.74758465709242,7.282,7.139694885697473,7.210880401494207,7.023309121246638
007,2014-10-02 14:59:59,5.7,2,7.205500000000002,6.825135213450442,7.195,7.075211737816815,7.12046036986653,7.007371366833819
007,2014-10-02 15:04:59,5.9,2,7.357999999999997,6.855088717775481,7.461,7.224696239258492,7.2912636053080515,7.114623776595618
007,2014-10-02 15:09:59,6.2,2,7.153999999999996,6.648639412460669,6.9765,6.926379804153555,6.977066426754988,6.832791304487801
007,2014-10-02 15:14:59,6.6,2,6.709999999999997,6.721283660285289,6.685000000000002,6.705427886761764,6.702625894071875,6.693997917207921
007,2014-10-02 15:19:59,6.9,2,7.640500000000002,6.539664228382048,7.4575,7.212554742794016,7.334710563618535,7.012990652702062
007,2014-10-02 15:24:59,7.3,2,6.5639999999999965,5.673321304918335,6.476,6.23777376830611,6.340073011309776,6.077576454928839
007,2014-10-02 15:29:59,7.7,2,7.905500000000003,6.8620767305232775,7.910500000000001,7.559358910174427,7.6854351546683946,7.372863080714231
007,2014-10-02 15:34:59,8.1,2,8.489000000000004,7.733842052045197,8.3795,8.200780684015067,8.285502609056033,8.06422119684936
007,2014-10-02 15:39:59,8.4,2,7.142500000000002,6.06755683661183,7.007000000000001,6.7390189455372775,6.860792586204739,6.545061121640073
007,2014-10-02 15:44:59,8.8,2,7.235999999999999,6.29009629185445,7.231,6.919032097284816,7.0327753720563715,6.750770329407723
007,2014-10-02 15:49:59,9.1,2,7.258500000000005,7.001556533450754,7.2275,7.162518844483586,7.1917064504307975,7.116186469216391
007,2014-10-02 15:54:59,9.3,2,7.448000000000002,7.331792264055795,7.307500000000001,7.362430754685266,7.368337532118046,7.331074460417655
007,2014-10-02 15:59:59,9.5,2,7.505000000000007,6.173338063265873,7.448499999999998,7.04227935442196,7.199557048783333,6.804352436177677
007,2014-10-02 16:04:59,9.5,2,6.459,6.80835001278307,6.453,6.573450004261023,6.530988768822824,6.480186210869659
007,2014-10-02 16:09:59,9.4,2,6.850000000000002,7.531953216910062,6.922500000000001,7.101484405636689,7.023453802743487,6.917489007686207
007,2014-10-02 16:14:59,9.3,2,6.848500000000002,6.7465120488923205,6.8625000000000025,6.819170682964109,6.8322730049003795,6.798230678992715
007,2014-10-02 16:19:59,9.1,2,8.810000000000004,7.290291935091147,8.677499999999998,8.259263978363716,8.434828408877317,7.986302317119028
007,2014-10-02 16:24:59,8.9,2,9.278500000000003,9.090076400310872,9.6695,9.346025466770291,9.391288898660743,9.234069165367838
007,2014-10-02 16:29:59,8.7,2,8.927,8.936150339178639,9.1085,8.990550113059546,8.999913844465528,8.952829947021502
007,2014-10-02 16:34:59,8.5,2,7.247500000000002,6.688158035055702,7.433000000000001,7.122886011685235,7.201013922457365,6.98622690657977
007,2014-10-02 16:39:59,8.3,2,7.9465000000000074,7.794180212881788,7.859000000000001,7.866560070960599,7.879876698440943,7.837633613337207
007,2014-10-02 16:44:59,8.2,2,7.798000000000003,6.867429873445402,8.0205,7.561976624481801,7.686990972751146,7.351898594652221
007,2014-10-02 16:49:59,8.0,2,7.871000000000002,8.974422205903325,7.938500000000001,8.261307401967775,8.132179066523856,7.967659179948629
007,2014-10-02 16:54:59,7.8,2,11.562000000000003,12.108345766418816,11.578,11.749448588806274,11.684507613087533,11.605473232991784
007,2014-10-02 16:59:59,7.5,2,8.515500000000008,9.611693036449473,8.675,8.934064345483161,8.811113010946867,8.634800480819171
007,2014-10-02 17:04:59,7.2,2,9.766000000000002,9.938564395492207,9.7525,9.81902146516407,9.797439768846294,9.769377695378479
007,2014-10-02 17:09:59,6.9,2,8.695500000000004,8.038493273618707,9.157,8.630331091206237,8.736149297523712,8.420926530821337
007,2014-10-02 17:10:00,3.5,2,8.687500000000002,8.14996679333445,9.354500000000002,8.730655597778151,8.833921778952012,8.501253730785026
007,2014-10-02 17:14:59,6.7,2,8.439,7.922438909217984,8.519499999999999,8.293646303072661,8.36056165446429,8.185662215238622
007,2014-10-02 17:19:59,6.4,2,9.893499999999998,10.583336489222855,9.754999999999999,10.077278829740951,9.986129820093433,9.85013981255636
007,2014-10-02 17:24:59,6.2,2,9.050500000000001,6.970545594615455,9.539999999999997,8.520348531538486,8.799322199163711,8.052363665490208
007,2014-10-02 17:29:59,5.9,2,8.959000000000001,7.589963645771732,9.266999999999998,8.605321215257243,8.788124680166872,8.300138936920968
007,2014-10-02 17:34:59,5.7,2,7.933499999999999,6.842103147343956,8.098999999999998,7.624867715781318,7.765983118641116,7.397636887156518
007,2014-10-02 17:39:59,5.6,2,6.973,8.239926771101006,6.771500000000002,7.32814225703367,7.163790113600694,6.928926163334236
007,2014-10-02 17:44:59,5.4,2,7.687500000000004,7.641062435050397,7.684,7.670854145016801,7.6762504973258405,7.662524874370455
007,2014-10-02 17:49:59,5.3,2,7.155000000000004,6.222863680979548,7.1265,6.8347878936598505,6.945516257301624,6.668477246998648
007,2014-10-02 17:50:00,5.4,2,6.9129999999999985,5.779638800828229,7.056,6.582879600276076,6.727756393593217,6.352703585472211
007,2014-10-02 17:54:59,5.1,2,6.973499999999999,7.346039825518215,6.674000000000001,6.99784660850607,6.935664064123819,6.798931980811731
007,2014-10-02 17:59:59,5.0,2,6.962000000000001,6.992381100175068,6.844000000000001,6.932793700058357,6.922326281254568,6.884818449002504
007,2014-10-02 18:04:59,4.9,2,6.186999999999999,6.4481000510386615,6.016000000000002,6.21703335034622,6.175695617903763,6.090824320274301
007,2014-10-02 18:09:59,4.9,2,7.374500000000005,6.269318761568086,7.125000000000003,6.922939587189365,7.04178431210164,6.721198427786848
007,2014-10-02 18:14:59,4.8,2,7.352000000000003,7.185063326061451,7.3365,7.291187775353818,7.3104186458796,7.261183558938585
007,2014-10-02 18:19:59,4.8,2,7.525500000000006,7.027422319560715,7.299000000000001,7.28397410652024,7.3309569955556215,7.190645370447981
007,2014-10-02 18:24:59,4.8,2,6.752999999999998,6.365982149839477,7.010000000000002,6.7096607166131585,6.771137720310134,6.58928870619616
007,2014-10-02 18:29:59,4.8,2,7.5880000000000045,7.355323138655431,7.774,7.572441046218479,7.611217302771152,7.493753852034165
007,2014-10-02 18:34:59,4.8,2,7.751500000000008,7.409291104778344,7.4464999999999995,7.535763701592784,7.559429149138708,7.468486213228333
007,2014-10-02 18:39:59,4.7,2,7.5729999999999995,6.958194693230783,7.401000000000002,7.310731564410261,7.3749292631395855,7.197802912981292
007,2014-10-02 18:44:59,4.7,2,7.93,7.901291296930057,7.9265,7.919263765643353,7.922522848825229,7.9140862083678405
007,2014-10-02 18:45:00,4.3,2,8.460500000000003,7.9421236628826355,8.2925,8.231707887627547,8.284511449860496,8.13600619060383
007,2014-10-03 06:50:00,8.4,2,6.503000000000004,6.624515858498523,6.352500000000001,6.493338619499508,6.470010397428886,6.41053640195307
007,2014-10-03 06:55:00,8.5,2,7.657000000000007,6.8489211091812745,7.601999999999999,7.36930703639376,7.463551678110844,7.224490740879186
007,2014-10-03 07:00:00,8.6,2,6.6305000000000005,6.214080331926469,6.683000000000001,6.50919344397549,6.562421719113496,6.424630394769873
007,2014-10-03 07:05:00,8.8,2,6.5365000000000055,6.6542679882879,6.5525,6.581089329429301,6.567814730266763,6.549030952150957
007,2014-10-03 07:10:00,9.0,2,6.5480000000000045,6.584260721134801,6.5015,6.544586907044935,6.537533979636073,6.519338807890868
007,2014-10-03 07:15:00,9.3,2,6.867999999999996,7.157179628340013,6.77,6.9317265427800026,6.891213531093618,6.822956466561198
007,2014-10-03 07:20:00,9.5,2,8.20100000000001,8.166659443910685,8.012500000000001,8.1267198146369,8.119989162268572,8.067577810597411
007,2014-10-03 07:25:00,9.8,2,9.275000000000004,8.637311910628945,9.2725,9.061603970209651,9.138335070217337,8.948187427723227
007,2014-10-03 07:30:00,9.9,2,6.892,7.145105456380355,6.569000000000001,6.868701818793451,6.8195622471744555,6.693001376044743
007,2014-10-03 07:35:00,10.0,2,8.284000000000006,7.934995616517491,8.189,8.135998538839166,8.172593588906023,8.071948456632182
007,2014-10-03 07:40:00,10.1,2,7.362500000000007,7.239734170681693,7.676500000000001,7.4262447235605675,7.459152433537153,7.341411739240312
007,2014-10-03 07:45:00,10.2,2,7.789000000000001,7.072520607142048,7.511999999999998,7.457840202380681,7.528239833923405,7.324618910981972
007,2014-10-03 07:50:00,10.1,2,7.9354999999999976,7.20698284559124,8.042,7.728160948530412,7.822127639928086,7.577279523562913
007,2014-10-03 07:55:00,9.9,2,7.610500000000005,6.606122909695526,7.422999999999999,7.213207636565176,7.323475556794613,7.030696252260327
007,2014-10-03 08:00:00,9.6,2,8.094500000000005,8.201873689973606,7.989999999999998,8.095457896657871,8.076487307825094,8.031958165442092
007,2014-10-03 08:05:00,9.1,2,8.781000000000004,7.751736124996699,8.7545,8.429078708332234,8.551631436224309,8.245543644908983
007,2014-10-03 08:10:00,8.5,2,8.653000000000006,7.546924168768054,8.679,8.292974722922686,8.42781496603262,8.091127011771153
007,2014-10-03 08:15:00,7.9,2,7.014500000000006,6.421458490937395,7.046000000000001,6.8273194969791335,6.9006290427224615,6.715571795560651
007,2014-10-03 08:20:00,7.2,2,7.357000000000003,7.5794482662305205,7.506,7.4808160887435085,7.4625918690955055,7.410574588493862
007,2014-10-03 08:25:00,6.6,2,7.261,6.493357585005567,7.389500000000001,7.04795252833519,7.14790459793513,6.885701077014716
007,2014-10-03 08:30:00,6.1,2,8.149000000000006,7.756033451990778,8.187499999999998,8.030844483996928,8.080438053954623,7.95326006443673
007,2014-10-03 08:35:00,5.7,2,8.810500000000005,8.763512750771403,8.800000000000002,8.79133758359047,8.796396522526088,8.782762745219866
007,2014-10-03 08:40:00,5.4,2,8.061000000000002,7.372309485065841,7.995,7.809436495021948,7.888654145289699,7.685611898347336
007,2014-10-03 08:45:00,5.4,2,8.559500000000002,7.6558197793771345,8.538,8.251106593125712,8.35880816561665,8.090002521787934
007,2014-10-03 08:50:00,5.4,2,7.324000000000003,7.1481339501072005,7.412500000000001,7.2948779833690685,7.321182841976698,7.245854969967547
007,2014-10-03 08:55:00,5.6,2,8.403999999999998,6.596899744414593,8.259499999999997,7.753466581471529,7.962985007326192,7.429160886807285
007,2014-10-03 09:00:00,5.7,2,7.468499999999997,6.107967081695231,7.2655,6.947322360565075,7.099632105514035,6.701168698816488
007,2014-10-03 09:05:00,5.8,2,8.719500000000004,7.347111305510819,8.854,8.306870435170273,8.480072549988801,8.035907424908837
007,2014-10-03 09:10:00,5.7,2,8.3325,6.774597644302453,8.413,7.840032548100818,8.03248480938842,7.546926075620133
007,2014-10-03 09:15:00,5.7,2,8.689000000000002,7.922176589180449,8.707500000000001,8.439558863060151,8.533068663966755,8.299526061101183
007,2014-10-03 09:20:00,5.7,2,9.0815,8.047244835845573,8.994499999999999,8.70774827861519,8.827413777486315,8.522048063539273
007,2014-10-03 09:25:00,5.8,2,9.088000000000001,7.42810086327511,9.0875,8.534533621091704,8.734610761110721,8.239437773047742
007,2014-10-03 09:30:00,6.0,2,7.9985,6.0370265513992205,8.165,7.400175517133074,7.646239012900023,7.018067877685214
007,2014-10-03 09:35:00,6.4,2,9.188000000000006,7.728599728242413,8.857499999999998,8.591366576080805,8.748242352251527,8.32494400778132
007,2014-10-03 09:40:00,6.9,2,8.283999999999999,8.975468064966508,8.341500000000002,8.533656021655503,8.453613346875597,8.348399343246136
007,2014-10-03 09:45:00,7.4,2,8.747000000000002,7.731381341207903,8.905499999999998,8.461293780402634,8.59287020813033,8.248938919175401
007,2014-10-03 09:50:00,7.9,2,7.961,6.780268715921158,8.045500000000002,7.595589571973721,7.74280336816103,7.368731284630693
007,2014-10-03 09:55:00,8.3,2,7.619500000000006,7.01873087918723,7.535,7.391076959729079,7.458628546748452,7.282491672112588
007,2014-10-03 10:00:00,8.5,2,9.082000000000008,7.145613756775765,9.05,8.425871252258592,8.657463210209743,8.080958136372338
007,2014-10-03 10:05:00,8.8,2,9.168500000000009,7.871322986955553,9.3975,8.812440995651855,8.982025783103612,8.535885834616119
007,2014-10-03 10:10:00,8.8,2,8.670000000000003,8.169277006937124,8.6725,8.503925668979042,8.56443354556341,8.41440896852842
007,2014-10-03 10:15:00,8.9,2,7.894500000000004,6.827352737659677,7.8465,7.52278424588656,7.648664060488258,7.332060431489204
007,2014-10-03 10:20:00,8.8,2,6.977000000000001,7.15499435157867,7.001,7.044331450526223,7.024257725030409,6.9958933440378726
007,2014-10-03 10:25:00,8.7,2,7.379500000000003,5.433708122080931,7.347000000000003,6.72006937402698,6.952766376077141,6.37347362940713
007,2014-10-03 10:30:00,8.7,2,8.040500000000003,6.595481673387239,7.714999999999999,7.450327224462414,7.605757555178315,7.18656698423397
007,2014-10-03 10:35:00,8.6,2,7.141499999999999,6.636201064121329,7.164499999999999,6.980733688040442,7.042975412971256,6.886289894070288
007,2014-10-03 10:40:00,8.5,2,8.276,5.704941331625298,8.318999999999999,7.433313777208433,7.745742596415362,6.967620348509806
007,2014-10-03 10:45:00,8.5,2,7.759000000000003,6.103838923479456,7.755,7.205946307826486,7.4052504202785405,6.911618834724102
007,2014-10-03 10:50:00,8.5,2,7.398,6.515372425137485,7.2885,7.067290808379162,7.167379591151329,6.9080706602964135
007,2014-10-03 10:55:00,8.5,2,7.4605000000000015,7.031517472769322,7.4319999999999995,7.3080058242564405,7.358077442264636,7.231142348199469
007,2014-10-03 11:00:00,8.5,2,8.991000000000005,8.054298326302238,8.899000000000001,8.648099442100749,8.755716223497872,8.479635999722344
007,2014-10-03 11:05:00,8.5,2,8.108999999999998,6.831266552719087,8.1575,7.699255517573029,7.856087158451541,7.462376770534608
007,2014-10-03 11:10:00,8.5,2,6.709500000000002,5.846832345277472,6.645000000000001,6.400444115092493,6.500721750349311,6.24572275820525
007,2014-10-03 11:15:00,8.5,2,7.575000000000001,6.653204487370261,7.533500000000001,7.253901495790088,7.362633552717405,7.089154589405922
007,2014-10-03 11:20:00,8.5,2,8.921,7.482693425796766,8.8415,8.41506447526559,8.58387213493548,8.157693228883662
007,2014-10-03 11:25:00,8.5,2,8.071000000000002,7.102714995727197,8.012000000000002,7.728571665242401,7.841898975375864,7.5551905596700575
007,2014-10-03 11:30:00,8.5,2,8.939999999999998,6.867997116204533,9.028500000000001,8.278832372068178,8.533722389919813,7.892727381667626
007,2014-10-03 11:35:00,8.5,2,8.616500000000002,6.647334992970652,8.539499999999999,7.934444997656885,8.16739345437026,7.5827542459853134
007,2014-10-03 11:40:00,8.5,2,8.829500000000005,7.525274217253997,8.942999999999998,8.432591405751333,8.596365232221759,8.177959868756421
007,2014-10-03 11:45:00,8.7,2,8.642000000000007,7.89644818126488,8.737,8.425149393754962,8.520506478846235,8.273547302322472
007,2014-10-03 11:50:00,8.9,2,8.825000000000003,7.584450179699287,8.987999999999998,8.46581672656643,8.624768809685593,8.212572184277272
007,2014-10-03 11:55:00,9.5,2,8.124500000000001,6.897456619221305,7.9025,7.641485539740436,7.776607006580419,7.418661413035274
007,2014-10-03 12:00:00,10.5,2,6.663,5.084900344790606,6.557500000000001,6.101800114930202,6.285960881784901,5.819028277671502
007,2014-10-03 12:05:00,11.7,2,6.494,5.720114795361116,6.292000000000001,6.1687049317870395,6.250350149112171,6.026862528778542
007,2014-10-03 12:10:00,13.2,2,6.427500000000004,6.36672821134651,6.5139999999999985,6.436076070448838,6.448390622924385,6.407915040026179
007,2014-10-03 12:15:00,14.5,2,7.251999999999999,6.148087467107905,7.24,6.880029155702634,7.012417203435978,6.683529832700181
007,2014-10-03 12:20:00,15.8,2,8.841000000000001,8.272671623759484,8.8275,8.64705720791983,8.714792426489826,8.545738617658554
007,2014-10-03 12:25:00,16.9,2,6.311000000000003,6.021552822661259,6.2284999999999995,6.187017607553753,6.217153708509293,6.1338192054396234
007,2014-10-03 12:30:00,17.7,2,9.346499999999999,8.187030979265094,9.315999999999999,8.94984365975503,9.087862346624746,8.74307714899919
007,2014-10-03 12:35:00,18.3,2,8.820499999999996,7.461675461705097,8.94,8.407391820568364,8.578093706881443,8.141850113064514
007,2014-10-03 12:40:00,18.7,2,7.894000000000003,7.094588201662174,7.991500000000001,7.660029400554059,7.76202364400637,7.498350797444068
007,2014-10-03 12:45:00,18.9,2,6.649500000000004,6.7550361087130675,6.664000000000001,6.689512036237691,6.6776255252328935,6.6607701786280415
007,2014-10-03 12:50:00,19.0,2,7.076500000000001,6.767663388681273,6.9675,6.937221129560425,6.968166471445315,6.880016096261919
007,2014-10-03 12:55:00,19.0,2,7.759000000000004,7.257003085782784,7.279,7.43166769526093,7.4645040948211205,7.332287990512224
007,2014-10-03 13:00:00,19.0,2,6.284500000000005,6.7718523541290425,6.265,6.440450784709682,6.380574415466264,6.306568609383954
007,2014-10-03 13:05:00,19.0,2,7.592000000000002,6.991002375874893,7.542000000000001,7.375000791958299,7.444569489073631,7.267103565438017
007,2014-10-03 13:10:00,18.9,2,6.943500000000004,6.9631902646044255,7.073500000000001,6.993396754868144,6.99851993782167,6.964513797343106
007,2014-10-03 13:15:00,18.8,2,6.958500000000004,7.858654321003146,7.0375,7.284884773667717,7.18092419813832,7.043379133101711
007,2014-10-03 13:20:00,18.6,2,7.952999999999998,8.14315471025655,7.7885,7.961551570085516,7.929141363139315,7.856074589270977
007,2014-10-03 13:25:00,18.4,2,6.253499999999997,5.428450559813917,6.287999999999999,5.989983519937971,6.091435344782346,5.83638907490064
007,2014-10-03 13:30:00,18.2,2,7.002000000000007,6.861950644888018,6.8315,6.898483548296009,6.905534451594585,6.86029553179581
007,2014-10-03 13:35:00,17.9,2,8.071000000000003,6.743583571577018,7.8825,7.565694523859007,7.714848166815301,7.3257343386252565
007,2014-10-03 13:40:00,17.7,2,6.238500000000004,7.404703340197195,6.2410000000000005,6.6280677800657335,6.4876225321058,6.323326501112695
007,2014-10-03 13:45:00,17.4,2,7.161000000000004,7.921275325275766,7.1575,7.41325844175859,7.321403060342898,7.213535699892971
007,2014-10-03 13:50:00,17.1,2,9.068500000000004,8.846226961098674,9.019499999999999,8.97807565369956,9.002045599339523,8.93752656282301
007,2014-10-03 13:55:00,16.9,2,6.654000000000002,7.822508663360346,6.6019999999999985,7.026169554453449,6.882303459304171,6.703384693786766
007,2014-10-03 14:00:00,16.7,2,6.258999999999999,6.571158292996888,6.1114999999999995,6.313886097665628,6.2677483460487,6.182318333743373
007,2014-10-03 14:05:00,16.5,2,6.962999999999997,5.695574268666713,6.7835,6.480691422888903,6.6231320183031555,6.251586056399772
007,2014-10-03 14:10:00,16.3,2,6.464000000000003,6.290695331441542,6.252999999999999,6.335898443813849,6.344622803666151,6.288637752537809
007,2014-10-03 14:15:00,16.1,2,7.396000000000006,7.455703567797636,7.47,7.440567855932547,7.437637875337087,7.4172389699517325
007,2014-10-03 14:20:00,15.8,2,7.102000000000004,7.623000743848434,7.0825,7.269166914616146,7.205234127932389,7.126497941882433
007,2014-10-03 14:25:00,15.5,2,6.360000000000003,5.643515724185262,6.1885,6.064005241395088,6.140489488542111,5.933011372883186
007,2014-10-03 14:30:00,15.2,2,6.580000000000001,6.411065492565401,6.484500000000001,6.491855164188467,6.506713399569901,6.459806087578542
007,2014-10-03 14:35:00,14.8,2,8.284500000000003,7.970404100252142,8.403499999999998,8.21946803341738,8.264195817216612,8.139751226267586
007,2014-10-03 14:40:00,14.5,2,9.079000000000002,7.517513751574951,9.142500000000002,8.579671250524985,8.771575196632263,8.2893389485339
007,2014-10-03 20:20:00,5.2,2,8.658000000000001,6.591626580960008,9.052000000000001,8.100542193653338,8.372371289444793,7.654135083466933
007,2014-10-03 20:25:00,5.0,2,7.851499999999999,6.670675344071253,7.8715,7.464558448023751,7.608063882104809,7.250626397022152
007,2014-10-03 20:30:00,4.8,2,6.977499999999996,6.810695611978746,6.864,6.884065203992914,6.897628613857634,6.852014622809175
007,2014-10-03 20:35:00,4.6,2,7.233500000000004,7.059060986172269,7.1875,7.160020328724091,7.178396740217489,7.128038200811048
007,2014-10-03 20:40:00,4.4,2,7.173500000000001,6.84064781981678,7.340000000000001,7.11804927327226,7.167777438522386,7.025466560045544
007,2014-10-03 20:45:00,4.4,2,6.360000000000001,5.718355807411688,6.285500000000001,6.121285269137229,6.1943411574865985,6.005644708857377
007,2014-10-03 20:50:00,4.5,2,6.7675,6.262030672964663,6.957000000000001,6.662176890988221,6.734040962663594,6.534292231126193
007,2014-10-03 20:55:00,4.7,2,8.046000000000005,6.996768524075409,8.2605,7.7677561746918045,7.90661416757998,7.538188670980626
007,2014-10-03 21:00:00,5.0,2,8.722000000000007,7.36620543351827,8.8335,8.307235144506093,8.477110410331653,8.043837397161171
007,2014-10-03 21:05:00,5.2,2,7.995999999999999,7.249693701681559,8.049000000000001,7.76489790056052,7.857923863419708,7.62158957578958
007,2014-10-03 21:10:00,5.4,2,7.456000000000007,6.243142647629785,7.33,7.009714215876596,7.148661689301655,6.7914396214796415
007,2014-10-03 21:15:00,5.6,2,6.995999999999997,6.560789843404852,6.984500000000001,6.847096614468284,6.8988993569877115,6.769485095013129
007,2014-10-03 21:20:00,5.7,2,6.819500000000006,6.408132864575298,6.9625,6.730044288191768,6.787882464314197,6.628219340693796
007,2014-10-03 21:25:00,5.8,2,6.634000000000002,6.883016308648773,6.7585000000000015,6.758505436216258,6.735665478595313,6.683324268299116
007,2014-10-03 21:30:00,5.9,2,6.590000000000001,5.913158068895285,6.6475,6.383552689631762,6.4684640164590865,6.251690266899804
007,2014-10-03 21:35:00,6.1,2,6.528000000000004,6.1501061675360225,6.5924999999999985,6.423535389178674,6.472811277713096,6.343413224868158
007,2014-10-03 21:40:00,6.3,2,6.334499999999999,6.549420789268216,6.406499999999999,6.430140263089405,6.408383029423318,6.368144506877396
007,2014-10-03 21:45:00,6.5,2,7.360500000000002,6.808569616167864,7.308499999999999,7.159189872055954,7.222728024606814,7.059973234690832
007,2014-10-03 21:50:00,6.7,2,7.2485000000000035,6.262444411356484,7.175999999999999,6.895648137118829,7.010339221379349,6.7188227642863225
007,2014-10-03 21:55:00,6.9,2,7.295500000000003,7.361819273575121,7.188,7.281773091191709,7.267578733713365,7.2279761273995575
007,2014-10-03 22:00:00,7.1,2,7.291500000000005,7.075538504630589,7.099000000000001,7.155346168210198,7.170279807738214,7.112888201397414
007,2014-10-03 22:05:00,7.3,2,7.813500000000002,7.59868513301837,8.023000000000001,7.81172837767279,7.849706525359995,7.731500957549988
007,2014-10-03 22:10:00,7.5,2,7.187500000000001,6.407435070463463,7.480999999999999,7.025311690154488,7.136276635110705,6.827742272100288
007,2014-10-03 22:15:00,7.8,2,7.435,7.288084375012637,7.5565,7.426528125004212,7.451245980920734,7.376029800401442
007,2014-10-03 22:20:00,7.9,2,8.067,7.6552954456259785,8.0,7.90743181520866,7.953200282833284,7.832826728832318
007,2014-10-03 22:25:00,8.1,2,7.586500000000005,7.5589356364627145,7.637,7.594145212154239,7.60038044076825,7.579111474176109
007,2014-10-03 22:30:00,8.2,2,6.623000000000001,5.844969313983803,6.606,6.357989771327934,6.450803412101785,6.219317843182011
007,2014-10-03 22:35:00,8.3,2,7.218500000000009,6.271958260186719,7.166500000000001,6.885652753395576,6.996762525269281,6.716284862364537
007,2014-10-03 22:40:00,8.3,2,8.496500000000005,7.205180371253947,8.693999999999999,8.13189345708465,8.298955560935578,7.862700500545964
007,2014-10-03 22:45:00,8.4,2,8.410000000000002,7.846102187526918,8.6045,8.286867395842307,8.36606354464022,8.147592406925458
007,2014-10-03 22:50:00,8.4,2,6.4895000000000005,5.86096665956011,6.645999999999999,6.332155553186703,6.416952311698677,6.189015347392338
007,2014-10-03 22:55:00,8.5,2,7.026000000000002,6.664274725765036,6.992999999999999,6.894424908588346,6.936128948492336,6.829422912130289
007,2014-10-03 23:00:00,8.6,2,7.4155000000000015,6.509544169780796,7.246999999999999,7.057348056593599,7.156846691081893,6.892734620804806
007,2014-10-03 23:05:00,8.7,2,7.634500000000003,7.4774896344353925,7.8445,7.652163211478466,7.683201682006896,7.582111540259136
007,2014-10-03 23:10:00,8.8,2,8.179,8.543261024453352,8.090499999999999,8.27092034148445,8.221903886070772,8.14576752169952
007,2014-10-03 23:15:00,8.9,2,7.131,6.015127304257515,7.211000000000001,6.785709101419172,6.924844485944976,6.571283909904622
007,2014-10-03 23:20:00,9.0,2,6.970500000000003,7.170951410804127,7.0795,7.073650470268043,7.055771299492931,7.012415499313708
007,2014-10-03 23:25:00,9.1,2,7.5055000000000005,7.0706393896725945,7.4849999999999985,7.353713129890864,7.404954717009767,7.27597365916176
007,2014-10-03 23:30:00,9.2,2,7.306499999999999,7.279439921831796,7.612,7.399313307277265,7.420193210710909,7.333199868625132
007,2014-10-03 23:35:00,9.2,2,6.959500000000003,6.9593205011460455,7.027500000000001,6.982106833715349,6.9860499309854145,6.96842976392585
007,2014-10-03 23:40:00,9.2,2,7.269500000000005,7.383989723954509,7.3025,7.3186632413181725,7.30676421159128,7.286074431344819
007,2014-10-03 23:45:00,9.2,2,7.277500000000003,6.6443193888610965,7.189000000000001,7.036939796287033,7.108168014692167,6.922508135090352
007,2014-10-03 23:50:00,9.2,2,8.306000000000001,7.078106623377704,8.21,7.864702207792568,8.00719237549754,7.644388251145793
007,2014-10-03 23:55:00,9.2,2,10.267500000000007,8.994170956414257,10.203999999999999,9.821890318804755,9.971732122985928,9.594185566627962
007,2014-10-04 00:00:00,9.2,2,7.620500000000004,7.622736096176211,7.976,7.739745365392071,7.759976949502517,7.668091678569356
007,2014-10-04 00:05:00,9.2,2,7.547500000000001,7.621089607979794,7.791000000000001,7.653196535993266,7.658367361379764,7.593882838249506
007,2014-10-04 00:10:00,9.2,2,7.399999999999999,7.668846290887252,7.4225,7.49711543029575,7.4660027197983805,7.425074973357086
007,2014-10-04 00:15:00,9.2,2,7.685500000000002,7.0411261273600765,7.5035,7.410042042453359,7.477227638222124,7.291645685271724
007,2014-10-04 00:20:00,9.3,2,7.4685000000000095,7.009545439851248,7.2325,7.23684847995042,7.278567105076279,7.15027412745046
007,2014-10-04 00:25:00,9.4,2,7.460000000000005,6.892608569349153,7.312000000000001,7.221536189783053,7.281402043161263,7.117543356232545
007,2014-10-04 00:30:00,9.5,2,7.503000000000002,7.008379763960186,7.423000000000001,7.311459921320064,7.366474440266733,7.221840087423875
007,2014-10-04 00:35:00,9.6,2,7.251000000000008,6.985465719580026,7.3125,7.182988573193345,7.218546164744547,7.123442898454752
007,2014-10-04 00:40:00,9.8,2,8.206500000000002,6.183402941435254,8.0855,7.491800980478419,7.7287136987096,7.129593230356347
007,2014-10-04 00:45:00,10.0,2,7.6925000000000034,6.7222363475922275,7.798000000000001,7.404245449197411,7.527297760042545,7.2105886825928724
007,2014-10-04 00:50:00,10.3,2,7.151000000000005,6.611926157519688,7.182000000000001,6.981642052506565,7.048416794894204,6.879588678377964
007,2014-10-04 00:55:00,10.5,2,6.889000000000006,6.398067440757463,6.9615,6.74952248025249,6.81288688489419,6.64769976685554
007,2014-10-04 01:00:00,10.8,2,7.096000000000004,7.509683967196967,7.1545000000000005,7.253394655732325,7.206897381504428,7.140595776290626
007,2014-10-04 01:05:00,11.2,2,6.097500000000002,6.197862546810477,6.0905000000000005,6.128620848936826,6.116118154028432,6.100037247538465
007,2014-10-04 01:10:00,11.5,2,7.384500000000002,6.8863055461991545,7.2799999999999985,7.183601848733051,7.23763437238814,7.092829144931617
007,2014-10-04 01:15:00,11.9,2,7.674500000000006,6.933910841037351,7.8515,7.486636947012452,7.586124585275315,7.319462625281642
007,2014-10-04 01:20:00,12.3,2,6.695500000000003,5.978004889198775,6.698,6.457168296399593,6.543808722158113,6.329115361274853
007,2014-10-04 01:25:00,12.6,2,7.911500000000002,7.6483489088417205,8.046500000000002,7.868782969613908,7.908291895217928,7.794912149273486
007,2014-10-04 01:30:00,12.9,2,7.546000000000003,7.545017920195462,7.729,7.606672640065155,7.617344368667498,7.569776519951587
007,2014-10-04 01:35:00,13.0,2,7.523,7.627491933695207,7.644499999999999,7.59833064456507,7.592740541789432,7.559108888693155
007,2014-10-04 01:40:00,13.2,2,7.013499999999999,7.136289341290105,7.052500000000001,7.067429780430035,7.054876217177575,7.032184289077194
007,2014-10-04 01:45:00,13.3,2,7.365000000000001,7.3015841733799,7.48,7.382194724459967,7.396471576192928,7.347844728172908
007,2014-10-04 01:50:00,13.3,2,7.892000000000003,7.375464473646052,8.054,7.773821491215351,7.845433743639661,7.649487822775619
007,2014-10-04 01:55:00,13.2,2,7.481000000000003,7.933733545571337,7.4885,7.634411181857113,7.580265266596938,7.515574575678105
007,2014-10-04 02:00:00,13.1,2,8.527500000000002,7.809572970942539,8.2485,8.19519099031418,8.265649801873888,8.061670105769702
007,2014-10-04 02:05:00,13.0,2,7.823000000000004,7.382920768390604,7.923999999999999,7.709973589463536,7.7688510204957835,7.611472298607799
007,2014-10-04 02:10:00,12.9,2,8.710499999999996,9.226923112866261,8.443999999999999,8.793807704288751,8.716182645211155,8.568518098057364
007,2014-10-04 02:15:00,12.8,2,7.557499999999997,7.963456654773415,7.492000000000001,7.670985551591137,7.618268934539467,7.54274924249658
007,2014-10-04 02:20:00,12.7,2,9.494500000000006,8.271375801074573,9.481,9.082291933691527,9.2289648136816,8.864568310578774
007,2014-10-04 02:25:00,12.6,2,7.5815000000000055,7.009563741086877,7.6339999999999995,7.408354580362293,7.480330861470411,7.29614487667528
007,2014-10-04 02:30:00,12.5,2,11.004500000000005,10.604738385979529,10.905000000000003,10.83807946199318,10.880533944912694,10.764911067888642
007,2014-10-04 02:35:00,12.4,2,6.636499999999997,6.749793161946063,6.578499999999999,6.654931053982019,6.637928439834244,6.605664665655477
007,2014-10-04 02:40:00,12.3,2,7.401500000000003,7.467350437740936,7.417000000000002,7.428616812580313,7.421572200443412,7.41015674323244
007,2014-10-04 08:30:00,8.0,2,7.556,7.025917568520723,7.5775,7.386472522840241,7.4516154720573295,7.287923888107108
007,2014-10-04 08:35:00,8.2,2,6.6025000000000045,7.3897440157424885,6.5375,6.843248005247498,6.744594851927883,6.615613604110763
007,2014-10-04 08:40:00,8.5,2,7.539000000000005,7.2515397578822585,7.403,7.397846585960754,7.424657890879893,7.343871420924096
007,2014-10-04 08:45:00,8.9,2,7.545500000000003,8.322027371150094,7.5625,7.810009123716699,7.71737671219905,7.605843563345731
007,2014-10-04 08:50:00,9.3,2,6.207500000000005,6.194966939287884,6.2515,6.21798897976263,6.222037293073613,6.206931718666906
007,2014-10-04 08:55:00,9.6,2,9.890500000000001,10.531990726977455,9.919499999999998,10.113996908992485,10.038335604561386,9.944115534461275
007,2014-10-04 09:00:00,9.9,2,6.413500000000002,6.577505118721899,6.463000000000001,6.484668372907301,6.467751639492953,6.437803598146372
007,2014-10-04 09:05:00,10.1,2,6.576499999999999,6.578852512121105,6.617999999999999,6.591117504040368,6.593227144257068,6.582455814295834
007,2014-10-04 09:10:00,10.2,2,7.094000000000002,6.3941860247478655,6.7829999999999995,6.75706200824929,6.823491843096771,6.626085256317831
007,2014-10-04 09:15:00,10.1,2,6.5045,6.863289047603053,6.4990000000000006,6.622263015867685,6.578692709842096,6.5267040211108895
007,2014-10-04 09:20:00,9.9,2,6.7835,7.178322004452909,6.9165,6.959440668150969,6.919513565253977,6.845491168490927
007,2014-10-04 09:25:00,9.6,2,7.076500000000006,6.969805545533448,7.037000000000001,7.027768515177819,7.038352955798353,7.007966830442421
007,2014-10-04 09:30:00,10.9,2,6.408,6.337937852774881,6.5169999999999995,6.420979284258294,6.435711359483032,6.386651736147956
007,2014-10-04 09:30:01,9.3,2,7.51,6.238926376812306,7.4585,7.0691421256041025,7.219404053903875,6.84209178122382
007,2014-10-04 09:35:01,9.0,2,7.374999999999999,6.836308311099219,7.309000000000001,7.17343610369974,7.234570931608789,7.0762772517766805
007,2014-10-04 09:40:01,8.7,2,7.652,7.261468152180979,7.531000000000001,7.481489384060327,7.521591317330144,7.409507686709643
007,2014-10-04 09:45:01,8.5,2,7.034999999999999,6.2752700138115065,6.755,6.688423337937169,6.763863956755294,6.547449894091665
007,2014-10-04 09:50:01,8.4,2,6.0814999999999975,6.671008547186511,6.171,6.307836182395502,6.241930434860196,6.146594887690527
007,2014-10-04 09:55:01,8.5,2,6.112500000000003,6.4708826512869315,6.1034999999999995,6.228960883762312,6.185237730312843,6.132320337262989
007,2014-10-04 10:00:01,8.6,2,6.9145,6.036018772327249,6.909,6.61983959077575,6.725426042767296,6.463553160450388
007,2014-10-04 10:05:01,8.7,2,7.191999999999996,5.53804963068443,7.198999999999999,6.643016543561475,6.842809055036508,6.347584137707315
007,2014-10-04 10:10:01,8.9,2,6.8534999999999995,6.712198904294231,6.8535,6.806399634764744,6.8234339188341995,6.781280111826836
007,2014-10-04 10:15:01,9.0,2,6.320000000000001,6.118229940343425,6.257,6.231743313447808,6.252434202506747,6.194543401795702
007,2014-10-04 10:20:01,9.0,2,6.811000000000002,5.787706700104658,6.697000000000002,6.431902233368221,6.548689196051821,6.2475804685275005
007,2014-10-04 10:25:01,8.9,2,6.932500000000001,6.299357884431634,6.9145,6.715452628143879,6.790741835171753,6.60251685792454
007,2014-10-04 10:30:01,8.7,2,6.7425000000000015,6.4673703717444555,6.6225,6.610790123914819,6.637037631229849,6.559344949238911
007,2014-10-04 10:35:01,8.3,2,7.256500000000001,6.081692361308367,7.0465,6.7948974537694555,6.924413762381282,6.581612887738355
007,2014-10-04 10:40:01,7.8,2,7.192000000000005,5.8389467757114,7.1975,6.742815591903802,6.906247519250515,6.501175577306096
007,2014-10-04 10:45:01,7.3,2,6.502499999999995,6.997506141749684,6.620000000000001,6.70666871391656,6.6537702416637785,6.567821720709291
007,2014-10-04 10:50:01,6.8,2,6.5445,6.715613480263535,6.4925,6.584204493421178,6.560577472098728,6.521875169636299
007,2014-10-04 10:55:01,6.3,2,6.821999999999999,6.921513194667134,7.0954999999999995,6.946337731555711,6.95011344345332,6.877322164351489
007,2014-10-04 11:00:01,5.9,2,7.149,7.899161457772845,7.160999999999999,7.4030538192576145,7.313311557626343,7.206181136890816
007,2014-10-04 11:05:01,5.6,2,7.417999999999999,6.899929039333869,7.293499999999999,7.203809679777955,7.259085007767266,7.109081044440588
007,2014-10-04 11:10:01,5.4,2,7.156499999999998,6.968037918768055,7.207999999999999,7.110845972922683,7.136535587492524,7.067008297161184
007,2014-10-04 11:15:01,5.2,2,6.8300000000000045,6.420446799215388,6.943500000000001,6.731315599738465,6.78723387962475,6.6357327122408885
007,2014-10-04 11:20:01,5.1,2,6.5889999999999995,6.767840170427457,6.549000000000001,6.635280056809154,6.611413581114796,6.5750050512056415
007,2014-10-04 11:25:01,5.0,2,7.124999999999999,7.11081464412402,6.817000000000002,7.017604881374673,7.001553071314328,6.91508158013009
007,2014-10-04 11:30:01,4.9,2,6.922500000000005,7.42975081119101,6.930499999999999,7.094250270397005,7.033560964419402,6.961136477748229
007,2014-10-04 11:35:01,4.8,2,6.5325000000000015,6.6621410039096665,6.448500000000001,6.54771366796989,6.527240889867736,6.48535553512095
007,2014-10-04 11:40:01,4.7,2,7.0945,6.670337014802337,7.1745,6.979779004934112,7.035526644699915,6.888321139706862
007,2014-10-04 11:45:01,4.6,2,7.6525000000000025,7.95221994074224,7.6705,7.758406646914081,7.7233125141895975,7.678670992287325
007,2014-10-04 11:50:01,4.5,2,7.204500000000003,6.856724199320626,6.928500000000001,6.996574733106876,7.022583674876353,6.928920115124715
007,2014-10-04 11:55:01,4.5,2,7.725000000000005,7.083968396876112,7.667000000000002,7.491989465625373,7.565923034701422,7.376806307705991
007,2014-10-04 12:00:01,4.6,2,7.2650000000000015,6.841139230255514,7.420500000000001,7.175546410085172,7.235611588735714,7.068992130023835
007,2014-10-04 12:05:01,4.6,2,7.100000000000005,6.918803066106723,6.8175,6.945434355368909,6.950986854329925,6.875019537204325
007,2014-10-04 12:10:01,4.8,2,6.087999999999997,6.085276428113032,6.0985000000000005,6.090592142704343,6.091525996987908,6.088000991902149
007,2014-10-04 12:15:01,4.9,2,7.195000000000006,6.867464962308846,7.3275000000000015,7.129988320769617,7.177114758984688,7.0451734319052814
007,2014-10-04 12:20:01,5.2,2,7.317000000000002,6.844904851242056,7.2330000000000005,7.13163495041402,7.1837033264211385,7.045934984412709
007,2014-10-04 12:25:01,5.4,2,7.086000000000004,7.446173365687023,7.196000000000001,7.242724455229009,7.205647977344909,7.139698813063427
007,2014-10-04 12:30:00,4.4,2,7.434000000000005,7.206567925419196,7.3294999999999995,7.323355975139734,7.344747256630926,7.280717518008988
007,2014-10-04 12:30:01,5.8,2,7.208000000000001,6.941948646799075,7.168000000000001,7.105982882266358,7.135749455599162,7.057841279285238
007,2014-10-04 12:35:01,6.1,2,7.719000000000001,6.9267196771652655,7.4674999999999985,7.371073225721755,7.452081440590149,7.224915165504445
007,2014-10-04 12:40:00,6.3,2,7.344999999999998,7.2756500229390415,7.3675000000000015,7.329383340979679,7.339041236475737,7.312539843352466
007,2014-10-04 12:40:01,6.5,2,7.543999999999998,6.98461307638696,7.474499999999999,7.3343710254623184,7.397798888160593,7.233459194758469
007,2014-10-04 12:45:01,7.0,2,7.7740000000000045,7.511980660864731,7.859500000000001,7.7151602202882446,7.751678118842624,7.651423468557315
007,2014-10-04 12:50:01,7.4,2,6.879499999999997,6.577632644137621,6.821999999999999,6.759710881379206,6.7927859858130155,6.704832537612209
007,2014-10-04 12:55:01,7.9,2,7.409500000000003,7.760923953120886,7.2275,7.465974651040296,7.413113739349011,7.312446124168766
007,2014-10-04 13:00:01,8.2,2,7.288499999999996,6.935491105113251,7.2605,7.16149703503775,7.202438630964805,7.098150181892022
007,2014-10-04 13:05:01,8.5,2,7.313500000000004,6.9812718102792255,7.605499999999999,7.300090603426409,7.3569809416829965,7.182435472593786
007,2014-10-04 13:10:01,8.7,2,8.002499999999996,8.442114068462764,7.914000000000001,8.11953802282092,8.061437524918093,7.97470782954777
007,2014-10-04 13:15:01,8.8,2,7.3755000000000015,7.353092026469678,7.455500000000001,7.394697342156561,7.402012172814362,7.374660679861886
007,2014-10-04 13:20:01,8.8,2,7.1285000000000025,7.198241912754973,7.012,7.112913970918325,7.0977879871851774,7.055169208788989
007,2014-10-04 13:25:01,8.9,2,7.646500000000002,8.335618719186945,7.668000000000001,7.88337290639565,7.801537386447142,7.701665853759026
007,2014-10-04 13:30:01,8.9,2,7.961500000000002,7.393357214282536,8.111,7.821952404760846,7.899065215626426,7.690952659236908
007,2014-10-04 13:35:01,8.9,2,7.363500000000004,6.621440655923548,7.3535,7.112813551974518,7.201694415747184,6.980684206715144
007,2014-10-04 13:40:01,8.9,2,7.048000000000002,7.054693391332919,6.969000000000001,7.0238977971109735,7.018535076437243,6.9953423614968475
007,2014-10-04 13:45:01,8.9,2,7.5710000000000015,6.94243143961412,7.548499999999999,7.35397714653804,7.428455489086193,7.241759385464061
007,2014-10-04 13:50:01,8.8,2,6.230500000000001,6.4809151643565714,6.082999999999999,6.264805054785524,6.226110628270519,6.149360628925564
007,2014-10-04 13:55:01,8.7,2,7.734000000000005,6.650973635078857,7.566,7.316991211692954,7.437865080991773,7.120909972285206
007,2014-10-04 14:00:01,8.5,2,8.285500000000006,7.322423392899061,8.261000000000001,7.956307797633023,8.070996782695135,7.784581287391757
007,2014-10-04 14:05:01,8.4,2,7.3645000000000005,7.0407385773988755,7.299000000000001,7.234746192466292,7.2699993463391035,7.175806704339752
007,2014-10-04 14:10:01,8.2,2,6.901500000000002,6.851838778179929,6.9675,6.906946259393311,6.916739194388374,6.884874002356015
007,2014-10-04 14:15:01,8.0,2,6.8380000000000045,7.372393164442196,6.906000000000001,7.038797721480734,6.97829643099238,6.893702544111585
007,2014-10-04 14:20:01,7.8,2,7.944500000000008,7.752622221753043,7.861500000000001,7.852874073917685,7.871219047822541,7.817010318212548
007,2014-10-04 14:25:01,7.6,2,7.624500000000005,6.601897880602445,7.524,7.250132626867483,7.367614790379992,7.066218872029268
007,2014-10-04 14:30:01,7.4,2,8.256,7.923194484413162,8.2825,8.153898161471055,8.195547110896017,8.08941671987695
007,2014-10-04 14:35:01,7.3,2,8.107000000000005,7.426827592295627,7.736999999999999,7.756942530765211,7.817602072290929,7.628211366443534
007,2014-10-04 14:40:01,7.2,2,6.576500000000003,7.371885285101804,6.616999999999999,6.855128428367268,6.761577846797782,6.644121753682697
007,2014-10-04 14:45:01,7.0,2,6.3090000000000055,6.617826144277001,6.521000000000002,6.482608714759003,6.457604490402412,6.384672639431171
007,2014-10-04 14:50:01,6.9,2,8.134000000000004,8.134857773272836,8.407,8.22528592442428,8.240926018217847,8.170382791200467
007,2014-10-04 14:55:01,6.8,2,6.582000000000005,6.262360948841973,6.826499999999999,6.556953649613992,6.609587074444685,6.451068073404279
007,2014-10-04 15:00:00,6.7,2,7.431500000000004,7.0681764036439185,7.514499999999999,7.338058801214641,7.386645070011778,7.256814545718419
007,2014-10-04 15:00:01,6.7,2,7.639000000000002,7.532508661037591,7.7385,7.636669553679198,7.655245429859432,7.597772187108706
007,2014-10-04 15:05:01,6.7,2,6.597000000000001,6.119172921512437,6.6354999999999995,6.4505576405041465,6.510381409847293,6.357887307906781
007,2014-10-04 15:10:01,6.8,2,9.029500000000002,8.526478553253444,9.029499999999999,8.861826184417815,8.922466975447149,8.772402541191997
007,2014-10-04 15:15:01,6.9,2,7.287500000000002,6.318164465124666,7.4585,7.0213881550415564,7.148105865321296,6.814752883245257
007,2014-10-04 15:20:01,7.0,2,6.755999999999998,7.0974127613106495,6.923500000000001,6.925637587103549,6.894138696953644,6.82282136112933
007,2014-10-04 15:25:01,7.4,2,7.342500000000002,6.885674005885086,7.120500000000001,7.116224668628362,7.158494047562501,7.030324415123474
007,2014-10-04 15:30:01,7.7,2,7.1080000000000005,6.518934723972658,6.834499999999999,6.82047824132422,6.875719546803797,6.709981666992476
007,2014-10-04 15:35:01,8.0,2,6.730000000000001,6.158521035531692,6.768000000000001,6.552173678510564,6.623258638081831,6.442954899088914
007,2014-10-04 15:40:00,6.7,2,6.5104999999999995,6.389300886629471,6.470999999999999,6.456933628876491,6.469266650984428,6.434553407080039
007,2014-10-04 15:40:01,8.3,2,7.158999999999999,5.624814107369369,7.056499999999999,6.613438035789788,6.792477868265322,6.338536244579904
007,2014-10-04 15:45:01,8.5,2,7.215000000000004,6.469516315708584,7.233499999999999,6.972672105236196,7.063609336115448,6.8364329309722915
007,2014-10-04 15:50:01,8.7,2,6.945,6.570603280784682,7.129000000000002,6.881534426928227,6.937280113620624,6.778054593417535
007,2014-10-04 15:55:01,8.8,2,7.612999999999994,6.4825288871434825,7.3275000000000015,7.141009629047826,7.260827060464621,6.934012247534781
007,2014-10-04 16:00:01,8.9,2,7.023499999999999,6.772233913832612,7.3175,7.037744637944204,7.084990081241029,6.934081056781807
007,2014-10-04 16:05:01,8.9,2,7.136999999999997,6.485282649842814,7.06,6.8940942166142705,6.968220284005701,6.776610117559209
007,2014-10-04 16:10:01,9.0,2,7.921,6.7395076456927665,7.9275,7.52933588189759,7.672143284307638,7.317994097672534
007,2014-10-04 16:15:01,9.1,2,7.046500000000002,6.385426380265268,6.871,6.7676421267550895,6.83721577394335,6.646414293116637
007,2014-10-04 16:20:01,9.2,2,7.292499999999999,6.9115987713898175,7.412000000000001,7.205366257129938,7.258176464173957,7.113672932658389
007,2014-10-04 16:25:01,9.2,2,7.4025,6.1203253997892855,7.3685,6.963775133263095,7.1163845174564,6.735120956359793
007,2014-10-04 16:30:01,9.3,2,7.403499999999999,6.7692291022220825,7.304000000000002,7.158909700740694,7.229635003051214,7.0440518823392395
007,2014-10-04 16:35:01,9.3,2,6.894500000000005,6.158859570083061,6.8454999999999995,6.632953190027689,6.718811162274074,6.501141226136744
007,2014-10-04 16:40:01,9.3,2,8.643000000000004,7.867383309893858,8.434,8.314794436631287,8.396244710371032,8.172496373528702
007,2014-10-04 16:45:01,9.3,2,7.253000000000001,7.405595187203247,7.212000000000001,7.290198395734415,7.269438165430041,7.236437557348765
007,2014-10-04 16:50:01,9.2,2,7.019999999999999,6.505544833964759,6.963499999999999,6.829681611321586,6.888442502214189,6.7370320111267645
007,2014-10-04 16:55:01,9.0,2,7.814500000000002,6.818632020937031,7.8465,7.493210673645677,7.6151110303635425,7.30975096085085
007,2014-10-04 17:00:01,8.9,2,8.540000000000008,8.087629422540706,8.396,8.341209807513572,8.387440215338179,8.257749063708577
007,2014-10-04 17:05:01,8.7,2,7.948000000000002,6.9864368990557875,7.740999999999999,7.55847896635193,7.662460991972415,7.383166890159604
007,2014-10-04 17:10:01,8.5,2,9.981000000000005,9.663525350260828,9.809000000000003,9.81784178342028,9.846195351931717,9.75777050172439
007,2014-10-04 17:15:01,8.3,2,7.068000000000001,6.834897017336641,6.882999999999999,6.928632339112213,6.946064951708722,6.883285487593211
007,2014-10-04 17:20:01,8.0,2,6.841,7.720832247632921,6.876999999999998,7.14627741587764,7.042286983559245,6.913585636442987
007,2014-10-04 17:25:01,7.8,2,7.082500000000006,7.374658466452666,7.138,7.198386155484225,7.166366150690311,7.1175666058434635
007,2014-10-04 17:30:01,7.6,2,7.456999999999999,7.109423847969917,7.4639999999999995,7.3434746159899715,7.385779675530512,7.280280303921906
007,2014-10-04 17:35:01,7.4,2,7.530000000000004,7.190390567650591,7.499,7.406463522550198,7.445616766324084,7.345435368642861
007,2014-10-04 17:40:01,7.3,2,7.392000000000007,6.555451278589022,7.235,7.060817092863009,7.152611673510486,6.908785262898878
007,2014-10-04 17:45:01,7.2,2,6.750000000000004,6.443095600607763,6.929499999999999,6.707531866869256,6.7548816374244485,6.616953335595225
007,2014-10-04 17:50:01,7.1,2,7.684500000000003,7.133976004466014,7.8025,7.540325334822005,7.613497588234456,7.418778654474128
007,2014-10-04 17:55:01,7.0,2,9.667000000000009,8.001083998446646,9.817,9.161694666148884,9.371176267364026,8.835440125412092
007,2014-10-04 18:00:01,6.9,2,8.994000000000002,7.874750211266016,8.959,8.609250070422005,8.742160696235143,8.40953840853669
007,2014-10-04 18:05:01,6.8,2,8.215499999999999,8.480489387773124,8.344999999999999,8.346996462591042,8.322519243393366,8.26723635721299
007,2014-10-04 18:10:01,6.7,2,8.2335,7.44659069527776,8.256,7.97869689842592,8.074858789966862,7.834290709933024
007,2014-10-04 18:15:01,6.7,2,7.806000000000007,8.227710574003716,7.689500000000001,7.907736858001241,7.850179963670334,7.758080496352768
007,2014-10-04 18:20:01,6.5,2,7.719000000000003,6.708236711640651,7.874499999999999,7.43391223721355,7.564730329514403,7.223022522207247
007,2014-10-04 18:25:01,6.5,2,7.837,6.8627660049995765,7.9544999999999995,7.551422001666526,7.675644971612334,7.354651445891808
007,2014-10-04 18:30:01,6.4,2,7.464500000000007,6.577604752339667,7.449,7.163701584113224,7.269725687216297,7.005708155607193
007,2014-10-04 18:35:01,6.3,2,8.2245,6.796496401559149,8.098,7.70633213385305,7.871187318343668,7.44979978028278
007,2014-10-04 18:40:01,6.3,2,7.875500000000003,8.637214339292298,7.9255,8.146071446430767,8.057127852275936,7.943082647904051
007,2014-10-04 18:45:01,6.2,2,7.6259999999999994,8.160642258892812,7.477000000000001,7.754547419630938,7.681502035127402,7.564372134775787
007,2014-10-04 18:50:01,6.1,2,9.291500000000008,9.762083643310024,9.252999999999998,9.435527881103345,9.376577330271608,9.299577229723864
007,2014-10-04 18:55:01,6.1,2,8.198500000000001,9.058691472601318,8.3275,8.528230490867108,8.431970985394257,8.29308262359004
007,2014-10-04 19:00:01,6.0,2,7.530500000000003,8.098040415895701,7.780499999999998,7.803013471965234,7.749011845147176,7.634418606073466
007,2014-10-04 19:05:01,6.0,2,9.4345,9.405714735799641,9.520999999999999,9.453738245266548,9.462196723299021,9.43126355599143
007,2014-10-04 19:10:01,6.0,2,7.682000000000009,7.4065623612541795,7.573499999999999,7.5540207870847285,7.58096861378857,7.502763750726448
007,2014-10-04 19:15:01,6.1,2,7.318000000000004,6.718966428198768,7.404,7.14698880939959,7.224163650189549,7.023239686674149
007,2014-10-04 19:20:01,6.2,2,7.133500000000001,7.254669534041036,7.333000000000001,7.2403898446803465,7.237287348753489,7.1831475561151015
007,2014-10-04 19:25:01,6.3,2,7.249999999999999,6.770694924111207,7.190500000000001,7.07039830803707,7.124748741353102,6.9839340819030244
007,2014-10-04 19:30:01,6.5,2,8.192,8.349710436735041,8.3825,8.308070145578347,8.300043514309836,8.247443902802644
007,2014-10-04 19:35:01,6.7,2,9.312500000000009,9.50613919932121,8.919,9.245879733107072,9.199843373296709,9.061784860840206
007,2014-10-04 19:40:01,6.8,2,8.713000000000006,7.2660674073414615,8.816,8.265022469113823,8.445394523578804,7.98712848431145
007,2014-10-04 19:45:01,6.9,2,8.616000000000009,8.657206096811418,8.723999999999998,8.665735365603808,8.666996041404332,8.638211109138348
007,2014-10-04 19:50:01,7.0,2,9.131000000000006,9.763261300650678,8.9975,9.297253766883562,9.213333966782567,9.08684637011295
007,2014-10-04 19:55:01,7.1,2,7.263500000000004,7.121954327577571,7.288500000000002,7.224651442525858,7.243156923621975,7.1944718376017
007,2014-10-04 20:00:01,7.2,2,8.7725,8.912833931597424,8.962,8.882444643865808,8.876455135527637,8.824487062984645
007,2014-10-04 20:05:01,7.2,2,8.663000000000006,9.199298342951924,8.861,8.90776611431731,8.854532053912646,8.75157074371183
007,2014-10-04 20:10:01,7.2,2,9.706000000000005,8.808364850600878,9.568999999999999,9.361121616866962,9.461433725359534,9.198652692758296
007,2014-10-04 20:15:01,7.2,2,9.281000000000004,10.410306318809013,9.354000000000003,9.68176877293634,9.549837204393826,9.38091270868932
007,2014-10-04 20:20:01,7.3,2,7.625,6.233795032261565,7.6770000000000005,7.178598344087188,7.349311167430942,6.920845097433604
007,2014-10-04 20:25:01,7.3,2,7.646500000000004,7.2632286299012545,7.970999999999999,7.62690954330042,7.691827521116901,7.493658728290915
007,2014-10-04 20:30:01,7.4,2,7.586499999999997,7.829527037062646,7.6549999999999985,7.690342345687547,7.664994977172989,7.621292500293524
007,2014-10-04 20:35:01,7.5,2,8.532000000000007,8.4821760941885,8.557500000000001,8.52389203139617,8.531369004123208,8.50991775014116
007,2014-10-04 20:40:01,7.5,2,6.596000000000001,6.370782841153089,6.562999999999999,6.5099276137176965,6.5351751781521115,6.469193077597251
007,2014-10-04 20:45:01,7.6,2,7.056000000000001,7.206452193911245,7.059,7.107150731303748,7.089186259550955,7.067617607854421
007,2014-10-04 20:50:01,7.7,2,7.101500000000007,6.272688821667325,7.043000000000001,6.805729607222443,6.902271750558585,6.657153745938511
007,2014-10-04 20:55:01,7.7,2,7.393999999999998,7.159241835415635,7.531000000000001,7.361413945138544,7.397615352641016,7.292189292959684
007,2014-10-04 21:00:01,7.8,2,6.8845,6.293291008613668,7.0185,6.732097002871222,6.8110966543846105,6.6001070019994765
007,2014-10-04 21:05:01,7.9,2,6.796500000000001,5.867462764530678,6.8195,6.494487588176892,6.6078122755595,6.324714555724388
007,2014-10-04 21:10:01,8.0,2,7.659500000000004,6.5685726687291535,7.5455000000000005,7.257857556243053,7.382798010571275,7.061512285186515
007,2014-10-04 21:15:01,8.0,2,6.282500000000002,6.435914209591113,6.349499999999999,6.355971403197039,6.341340635414398,6.310445009157788
007,2014-10-04 21:20:01,8.2,2,6.9639999999999995,6.381361394352752,7.069499999999998,6.804953798117583,6.881276710821997,6.680206307869145
007,2014-10-04 21:25:01,8.2,2,7.925,7.121942990898599,8.253999999999998,7.7669809969662,7.882764940035229,7.55820063138408
007,2014-10-04 21:30:01,8.2,2,6.201999999999997,6.198297659997991,6.134499999999999,6.178265886665996,6.174819591325779,6.155880663371891
007,2014-10-04 21:35:01,8.2,2,6.6244999999999985,6.332416258127346,6.564000000000001,6.506972086042449,6.538694740047732,6.4537696411867955
007,2014-10-04 21:40:01,8.2,2,6.859,6.486479558411305,6.8925,6.745993186137102,6.792833572225571,6.673046853292811
007,2014-10-04 21:45:01,8.0,2,7.266499999999997,6.753731481884145,7.166,7.062077160628047,7.118097306815015,6.9687980663205575
007,2014-10-04 21:50:01,7.9,2,6.782,6.65921493177634,6.741999999999999,6.727738310592113,6.740233690211315,6.705065588186477
007,2014-10-04 21:55:01,7.6,2,7.401999999999995,6.620730770616389,7.397500000000001,7.140076923538795,7.234001837004526,7.001093285263092
007,2014-10-04 22:00:01,7.3,2,7.316999999999997,6.4428973152148,7.435,7.064965771738265,7.17714643682648,6.885895529621346
007,2014-10-04 22:05:01,6.9,2,6.3329999999999975,7.46877494446067,6.456500000000001,6.752758314820223,6.622959192795928,6.446094326618685
005,2014-10-01 11:30:12,9.4,3,9.5835,10.06078089924514,9.437500000000002,9.693926966415047,9.628290731460837,9.522354295270476
005,2014-10-01 11:35:12,9.2,3,11.383500000000003,11.865547071694134,11.060500000000001,11.436515690564713,11.359547223634284,11.204716161551765
005,2014-10-01 11:40:00,8.3,3,8.659500000000003,9.314081653549238,8.670499999999999,8.881360551183079,8.804189473313517,8.711982503120662
005,2014-10-01 11:40:12,9.0,3,8.467000000000008,8.875539394818402,8.821,8.721179798272802,8.694128916189245,8.589771427405612
005,2014-10-01 11:45:12,8.7,3,11.255000000000006,9.82590793214026,11.163499999999999,10.748135977380088,10.912512445585586,10.502999644265994
005,2014-10-01 11:50:12,8.5,3,9.699500000000008,8.190648521342995,9.5265,9.138882840447666,9.30778698810673,8.878156158939177
005,2014-10-01 11:55:12,8.3,3,7.9885,7.870182933546083,8.348500000000001,8.069060977848695,8.105026597565514,7.97913037915121
005,2014-10-01 12:00:12,8.0,3,9.223500000000003,6.581537086002505,9.2315,8.345512362000836,8.660170137194283,7.895004118988621
005,2014-10-01 12:05:12,7.8,3,7.048000000000003,8.01630227949486,6.892499999999999,7.3189340931649545,7.194329838350228,7.017750004002451
005,2014-10-01 12:10:12,7.5,3,9.298500000000004,8.534156046484114,9.3375,9.056718682161373,9.149983324550204,8.919267115012051
005,2014-10-01 12:15:12,7.3,3,9.42100000000001,8.36300451158603,9.5085,9.097501503862013,9.228635818237501,8.90074193227051
005,2014-10-01 12:20:12,7.0,3,9.391000000000007,9.885808753293814,9.345999999999998,9.54093625109794,9.479358678736462,9.398516298685122
005,2014-10-01 12:25:12,6.7,3,9.742500000000001,8.11411174814096,9.844500000000002,9.23370391604699,9.433548872836004,8.937203431524576
005,2014-10-01 12:30:12,6.4,3,7.935500000000002,6.309670356268131,8.279,7.508056785422711,7.722285947975743,7.165150404077998
005,2014-10-01 12:35:12,6.1,3,9.762500000000006,12.685563630513894,10.0075,10.8185212101713,10.485824026696246,10.047656580486272
005,2014-10-01 12:40:12,5.8,3,9.461500000000006,9.403026195691519,9.374,9.412842065230508,9.414473618416203,9.391768925314155
005,2014-10-01 12:45:12,5.5,3,9.539000000000001,8.32051065970721,9.530499999999998,9.130003553235737,9.274384233666543,8.922729644299594
005,2014-10-01 12:50:12,5.2,3,10.529500000000002,9.634401094896342,10.276499999999999,10.146800364965449,10.237853874682846,9.98837136439089
005,2014-10-01 12:55:12,5.0,3,7.887000000000009,8.236978691191219,7.774,7.965992897063742,7.917502028673416,7.838202207651773
005,2014-10-01 13:00:12,4.8,3,10.089000000000008,9.784354075616319,10.185499999999998,10.01961802520544,10.061714550505597,9.949131761042636
005,2014-10-01 13:05:12,4.6,3,9.168000000000005,7.957106425208424,9.2855,8.803535475069475,8.954676445607694,8.574974759620165
005,2014-10-01 13:10:12,4.5,3,10.580000000000005,9.835251964375026,10.481999999999998,10.29908398812501,10.381685779127007,10.170077835868355
005,2014-10-01 13:15:12,4.4,3,8.43050000000001,7.3177239215598835,8.464500000000001,8.070907973853297,8.205302600998104,7.875216090027304
005,2014-10-01 13:20:12,4.4,3,8.906999999999995,9.21571244957628,8.765,8.962570816525426,8.917223325113588,8.83574016832003
005,2014-10-01 13:25:12,4.4,3,10.367000000000004,9.6178433594365,10.2975,10.094114453145501,10.178973918350216,9.965071317271732
005,2014-10-01 13:30:12,4.4,3,8.342500000000006,8.845317301948047,8.3165,8.50143910064935,8.440064799318643,8.363290116450003
005,2014-10-01 13:35:12,4.5,3,9.613000000000001,9.426040050514525,9.290500000000002,9.443180016838175,9.44579748297978,9.361557799045478
005,2014-10-01 13:40:12,4.6,3,8.137000000000006,7.2028652556551975,8.354500000000002,7.898121751885069,8.022433897668787,7.697195754067671
005,2014-10-01 13:45:12,4.7,3,6.2335,6.743343928044649,6.049999999999999,6.342281309348216,6.270491997434804,6.149823314503211
005,2014-10-01 13:50:12,4.8,3,7.7160000000000055,7.683135231898058,7.993,7.797378410632689,7.818134190331131,7.738067430291277
005,2014-10-01 13:55:12,4.9,3,8.297000000000004,6.461936749404915,8.183,7.647312249801639,7.858596625815296,7.332625780672977
005,2014-10-01 14:00:00,9.8,3,12.080499999999995,11.51129812191803,11.8005,11.797432707306008,11.84808971442851,11.693709653649531
005,2014-10-01 14:00:12,5.2,3,11.366000000000001,11.525181760110126,11.5555,11.482227253370043,11.474823754114317,11.423572334102715
005,2014-10-01 14:05:12,5.4,3,8.455000000000002,8.462737448274451,8.17,8.362579149424818,8.344324831303588,8.26558745047187
005,2014-10-01 14:10:12,5.8,3,9.996000000000004,8.977528810015292,10.046,9.673176270005099,9.797329702297011,9.490406578396893
005,2014-10-01 14:15:12,6.2,3,8.774999999999999,8.81079767235247,8.448500000000001,8.67809922411749,8.653983996576446,8.560048413691355
005,2014-10-01 14:20:12,6.5,3,9.723000000000008,10.265530572607089,9.6715,9.886676857535699,9.819029063935776,9.729801230020575
005,2014-10-01 14:25:12,6.9,3,8.880500000000007,9.062749476634085,9.284500000000001,9.075916492211364,9.078816152558023,8.97248410633762
005,2014-10-01 14:30:12,7.2,3,9.068000000000001,9.422290393892306,9.089,9.193096797964103,9.152243321122013,9.100307669643593
005,2014-10-01 14:35:12,7.5,3,11.5255,13.229709000954438,11.48,12.078403000318147,11.87297818827674,11.624379137689381
005,2014-10-01 14:40:12,7.8,3,8.150500000000001,7.891122087308761,7.9385,7.993374029102921,8.011323946046481,7.94399952498717
005,2014-10-01 14:45:12,8.0,3,8.650000000000007,9.307144113221323,8.282,8.746381371073777,8.64585411390051,8.45449206519141
005,2014-10-01 14:50:12,8.2,3,8.583000000000006,8.35428204109598,8.534500000000001,8.490594013698662,8.514842341270255,8.450515331681233
005,2014-10-01 14:55:12,8.3,3,9.858500000000006,10.569093440086098,9.906,10.111197813362034,10.02958604336943,9.924694149158004
005,2014-10-01 15:00:12,8.4,3,9.368500000000006,8.8858628916239,9.480999999999998,9.245120963874635,9.309356606550534,9.14128481368234
005,2014-10-01 15:05:12,8.4,3,8.227500000000003,8.527267790680256,8.130500000000001,8.295089263560087,8.253542414655923,8.18556186196724
005,2014-10-01 15:10:12,8.5,3,9.255000000000008,9.08900370918372,9.039000000000001,9.127667903061242,9.134269980154363,9.078643834146671
005,2014-10-01 15:15:12,8.5,3,8.517500000000002,8.311150303954703,8.673,8.500550101318234,8.534546135699518,8.43532412555341
005,2014-10-01 15:20:12,8.6,3,7.506500000000001,6.498932934202884,7.1885,7.064644311400961,7.165118648270279,6.885478984532492
005,2014-10-01 15:25:12,8.7,3,9.133500000000005,8.43267821279242,9.191500000000001,8.919226070930808,9.00609253668199,8.788883824924287
005,2014-10-01 15:30:12,8.8,3,6.587500000000006,5.661274599826326,6.497000000000001,6.2485915332754445,6.353230018389625,6.088933811606221
005,2014-10-01 15:35:12,8.9,3,8.183500000000002,7.229700765813356,8.474,7.9624002552711195,8.093490811515515,7.74397372931938
005,2014-10-01 15:40:12,9.0,3,9.02450000000001,8.96401327242806,9.121,9.036504424142692,9.049566557006752,9.00750885559699
005,2014-10-01 15:45:12,9.1,3,9.657500000000006,9.222757308654295,9.486,9.455419102884767,9.49668595015152,9.37725639292054
005,2014-10-01 15:50:12,9.3,3,8.37000000000001,7.602849716987586,8.3795,8.117449905662532,8.20925402193248,7.985243191067628
005,2014-10-01 15:55:12,9.4,3,9.478499999999999,9.83623966079308,9.626999999999999,9.647246553597693,9.613737683867296,9.544131367118005
005,2014-10-01 16:00:12,9.7,3,9.15000000000001,10.71595027723107,9.135,9.666983425743693,9.47985482887069,9.258729672445291
005,2014-10-01 16:05:12,10.0,3,9.118,8.380445491537325,8.978,8.825481830512443,8.90467368168316,8.696648561792182
005,2014-10-01 16:10:12,10.4,3,8.860500000000007,8.390766902845819,9.185500000000001,8.812255634281943,8.88788141836559,8.669396374050482
005,2014-10-01 16:15:12,10.9,3,8.966000000000006,7.821496135640947,9.078999999999999,8.622165378546983,8.765137863764949,8.405759271129519
005,2014-10-01 16:20:12,11.4,3,9.086000000000006,7.917702289239983,9.052000000000001,8.68523409641333,8.822095241879834,8.485852182795481
005,2014-10-01 16:25:12,11.9,3,10.203000000000005,8.844866511975326,10.461500000000001,9.836455503991777,10.013681504190844,9.555525894173005
005,2014-10-01 16:30:12,12.4,3,10.412,9.653765646133722,10.476500000000003,10.180755215377909,10.274844285587582,10.039395959369074
005,2014-10-01 16:35:12,12.8,3,10.58900000000001,7.182935700261467,10.5495,9.440478566753825,9.843111053466888,8.860688908503214
005,2014-10-01 16:40:12,13.1,3,8.8665,8.550087241201563,8.773,8.729862413733853,8.76180205981326,8.6737569940335
005,2014-10-01 16:45:12,13.4,3,10.952500000000011,10.382549177801158,10.649499999999998,10.661516392600388,10.710863559624926,10.557091323927033
005,2014-10-01 16:50:12,13.6,3,8.847000000000003,7.822871275348225,8.4735,8.38112375844941,8.480191928738519,8.19775717582023
005,2014-10-01 16:55:12,13.8,3,8.598000000000008,6.800973281660089,8.608500000000001,8.002491093886698,8.216824638400757,7.695080468403654
005,2014-10-01 17:00:12,13.8,3,7.837500000000009,6.41333657459185,7.713500000000002,7.321445524863954,7.483259190975572,7.076334591277895
005,2014-10-01 17:05:12,13.8,3,8.074500000000008,7.996835213007343,8.3045,8.125278404335784,8.148502990649922,8.067470417309927
005,2014-10-01 17:10:12,13.7,3,8.045000000000009,7.6598642636012535,8.252,7.98562142120042,8.044010267866799,7.880025002852515
005,2014-10-01 17:15:12,13.5,3,8.815000000000005,8.216069636643404,9.478000000000002,8.836356545547803,8.947903697677086,8.605984842710438
005,2014-10-01 17:20:12,13.3,3,8.6335,8.224782387302481,8.6265,8.49492746243416,8.543104702132329,8.425297945406477
005,2014-10-01 17:25:12,13.0,3,9.399500000000007,11.61854344012316,9.454,10.157347813374388,9.896783219041934,9.581879313142295
005,2014-10-01 17:30:12,12.8,3,7.6980000000000075,8.76059846734232,7.7655,8.074699489114108,7.952445186739202,7.796069232172094
005,2014-10-01 17:35:12,12.5,3,9.405500000000002,8.742814881069048,9.1285,9.092271627023017,9.154227736299886,8.972737656015326
005,2014-10-01 17:40:12,12.3,3,6.797000000000002,7.835094796735346,6.702500000000002,7.111531598911784,6.982338039112992,6.8127081358715325
005,2014-10-01 17:45:12,12.0,3,8.843000000000007,9.381372851679002,8.541,8.92179095055967,8.839401714812187,8.682486697303746
005,2014-10-01 17:50:12,11.7,3,7.785,9.144776303322214,7.9895000000000005,8.306425434440738,8.157164571022415,7.9411267509797625
005,2014-10-01 17:55:12,11.3,3,7.185,5.822822869530018,6.8125,6.606774289843339,6.746102587160963,6.365987129072071
005,2014-10-01 18:00:12,10.9,3,10.401000000000005,8.817569884820214,10.0875,9.76868996160674,9.93791722645489,9.491778970861354
005,2014-10-01 18:05:12,10.5,3,9.750500000000006,10.149189325665004,9.6785,9.859396441888336,9.807606802000612,9.732728643714921
005,2014-10-01 18:10:12,10.2,3,9.058000000000009,8.730882277876525,9.282499999999999,9.02379409262551,9.076348060736402,8.924662594514345
005,2014-10-01 18:15:12,9.8,3,10.306500000000003,10.033438987978702,9.976999999999999,10.105646329326234,10.118076821791746,10.033607930589024
005,2014-10-01 18:20:12,9.3,3,7.746500000000002,8.230025490767222,8.020000000000001,7.998841830255742,7.957977759752801,7.854082288624525
005,2014-10-01 18:25:12,8.8,3,8.639000000000008,10.338165881762372,8.684999999999999,9.22072196058746,9.021462049951054,8.77975829056212
005,2014-10-01 18:30:00,6.3,3,8.466000000000003,8.503716229071339,8.312499999999998,8.427405409690445,8.413584206837532,8.366526725074474
005,2014-10-01 18:30:12,8.3,3,9.053,8.944842235484444,9.257,9.084947411828148,9.110216728928977,9.027000552677421
005,2014-10-01 18:35:12,7.7,3,8.566500000000003,8.184897063389597,8.487,8.412799021129866,8.453342316220189,8.34596548600788
005,2014-10-01 18:40:12,7.2,3,10.039000000000003,11.341644937938424,10.25,10.543548312646143,10.401476614404581,10.192480599794004
005,2014-10-01 18:45:12,6.6,3,10.253000000000004,9.061604637446706,10.008,9.77420154581557,9.900975967757843,9.565621921679565
005,2014-10-01 18:50:12,6.2,3,8.837000000000003,7.553053300548957,8.7085,8.36618443351632,8.51105041381425,8.144788493498671
005,2014-10-01 18:55:12,5.9,3,10.251500000000007,10.563532704290171,10.9145,10.57651090143006,10.579730128393212,10.404988173892407
005,2014-10-01 19:00:12,5.7,3,9.89750000000001,8.255217044097884,10.009500000000001,9.387405681365964,9.589511156358537,9.08660445559325
005,2014-10-01 19:05:12,5.7,3,9.034500000000001,9.191232657333545,8.855500000000001,9.027077552444515,8.997552456873262,8.927050567606496
005,2014-10-01 19:10:12,5.7,3,10.322500000000007,8.280338803470483,10.63,9.744279601156832,10.005827589172764,9.337607228603908
005,2014-10-01 19:15:12,5.7,3,10.329500000000007,9.401308526190265,10.468,10.066269508730091,10.185069983371987,9.881676095420337
005,2014-10-01 19:20:12,5.7,3,9.428500000000007,9.03548731979939,9.624500000000001,9.362829106599799,9.42148560673779,9.258027666190099
005,2014-10-01 19:25:12,5.6,3,8.837000000000003,8.845221858745997,8.701500000000001,8.794573952915334,8.785354889861098,8.74729042490161
005,2014-10-01 19:30:12,5.6,3,10.616000000000001,10.386736568674852,10.659499999999998,10.554078856224951,10.583987654723211,10.506682299482868
005,2014-10-01 19:35:12,5.5,3,9.640000000000013,7.457863543413613,9.732500000000002,8.94345451447121,9.20857108902806,8.554696551461673
005,2014-10-01 19:40:00,4.8,3,10.255500000000001,8.339465428852145,10.597999999999999,9.730988476284049,9.979666775537305,9.338960669216736
005,2014-10-01 19:40:12,5.5,3,10.155000000000006,8.5799582547773,10.199,9.644652751592433,9.834626300093827,9.36846712055324
005,2014-10-01 19:45:12,5.5,3,9.032000000000002,9.177148778859925,9.059,9.08938292628664,9.073764628038756,9.050006515603183
005,2014-10-01 19:50:12,5.6,3,8.084500000000006,7.057110040630344,8.1905,7.77737001354345,7.9059900494732585,7.582223120062977
005,2014-10-01 19:55:12,5.6,3,8.306500000000009,8.331251361154111,8.235,8.290917120384707,8.28362503312323,8.260710171037559
005,2014-10-01 20:00:12,5.8,3,9.347500000000004,8.9249249673246,9.432,9.234808322441536,9.290198623398632,9.146609503187108
005,2014-10-01 20:05:12,5.9,3,8.7475,9.511745403564072,8.861500000000001,9.04024846785469,8.95630128005371,8.835006209941078
005,2014-10-01 20:10:12,6.1,3,8.94300000000001,9.03385898556334,8.618500000000001,8.86511966185445,8.83457841640173,8.733556464867013
005,2014-10-01 20:15:12,6.2,3,8.972000000000005,9.239617996512163,8.9535,9.055039332170722,9.022090113898896,8.979957392139266
005,2014-10-01 20:20:12,6.3,3,8.852500000000003,6.034681026157878,8.951,7.946060342052626,8.287134558690273,7.448115221906983
005,2014-10-01 20:25:12,6.5,3,7.802500000000002,5.925801933938141,7.619000000000001,7.115767311312715,7.327775610658381,6.792268986028087
005,2014-10-01 20:30:12,6.8,3,9.921000000000005,7.967032099438424,10.233999999999998,9.374010699812809,9.625405629138786,8.981258510142943
005,2014-10-01 20:35:12,7.0,3,8.215000000000007,9.219185617024893,8.281500000000001,8.571895205674968,8.456526293813628,8.308381085526271
005,2014-10-01 20:40:12,7.4,3,8.809000000000003,8.718228131500814,8.720999999999998,8.74940937716694,8.754851270416976,8.731785221354794
005,2014-10-01 20:45:12,7.7,3,9.776000000000016,9.43717706029225,9.832,9.68172568676409,9.72542311714345,9.613286891913075
005,2014-10-01 20:50:12,8.1,3,9.73,9.3726002920948,9.788,9.630200097364932,9.676228243069653,9.558216582655824
005,2014-10-01 20:55:12,8.5,3,10.776000000000009,9.815652776908744,10.54,10.377217592302918,10.477064130218974,10.20812556307763
005,2014-10-01 21:00:12,8.9,3,9.730500000000005,8.820808746299832,10.006,9.51910291543328,9.644036007764285,9.311081148817522
005,2014-10-01 21:05:12,9.2,3,10.200000000000006,9.387574363967309,9.96,9.849191454655772,9.93120448774022,9.705136223321453
005,2014-10-01 21:10:12,9.5,3,8.532000000000004,8.10316272178567,8.638499999999999,8.424554240595226,8.482027301255513,8.331024198738351
005,2014-10-01 21:15:12,9.7,3,8.240499999999999,7.674870328926656,8.173000000000002,8.029456776308885,8.092613624040329,7.931650899847268
005,2014-10-01 21:20:12,9.9,3,9.265500000000003,8.936012174206665,9.114500000000001,9.105337391402223,9.135334616351814,9.045573225022526
005,2014-10-01 21:25:12,10.2,3,9.7215,8.819725271284991,9.574000000000002,9.371741757094998,9.47000582781474,9.214814643099498
005,2014-10-01 21:30:12,10.5,3,6.952000000000009,5.330573788068238,6.995500000000001,6.426024596022749,6.621483580771923,6.142053693796774
005,2014-10-01 21:35:12,10.8,3,9.314500000000004,9.482197338388815,9.339999999999998,9.37889911279627,9.360508201278362,9.333827170250991
005,2014-10-01 21:40:12,11.2,3,9.381000000000007,9.414315053247401,9.821,9.538771684415801,9.56157158947025,9.448847031309054
005,2014-10-01 21:45:12,11.5,3,9.272000000000002,9.577971636109313,9.368499999999997,9.406157212036439,9.375641646081256,9.320222157840423
005,2014-10-01 21:50:12,11.9,3,9.280000000000003,9.847078374043313,9.632,9.586359458014437,9.540334138745934,9.414273157582315
005,2014-10-01 21:55:12,12.2,3,10.074500000000008,9.682450532304044,10.3915,10.049483510768018,10.115384907526735,9.921376918246402
005,2014-10-01 22:00:00,13.2,3,11.423500000000006,9.729341784664634,11.382500000000002,10.845113928221545,11.044082457072358,10.556196058932388
005,2014-10-01 22:00:12,12.5,3,8.774500000000003,6.920277598170206,9.303,8.332592532723403,8.58523324168521,7.914992592339084
005,2014-10-01 22:05:12,12.8,3,9.397500000000003,9.218476298510065,9.4075,9.341158766170023,9.363055735414772,9.30879716520159
005,2014-10-01 22:10:12,13.0,3,10.675500000000008,8.556697279164348,10.781,10.004399093054786,10.262774967547756,9.623882174443352
005,2014-10-01 22:15:12,13.2,3,9.593000000000005,11.729869901256412,9.638,10.320289967085472,10.068919299857109,9.766685496968273
005,2014-10-01 22:20:12,13.2,3,8.050000000000006,7.415967291202187,7.616500000000001,7.694155763734066,7.743186036268245,7.575580018644793
005,2014-10-01 22:25:12,13.1,3,9.323000000000002,8.52634252517339,9.358,9.069114175057797,9.165978119306265,8.926947304717928
005,2014-10-02 09:25:12,9.6,3,8.447500000000003,6.483611069849631,8.6115,7.847537023283212,8.091049271794338,7.481998561816063
005,2014-10-02 09:30:12,9.3,3,10.673000000000002,10.991649810911635,10.989,10.884549936970545,10.865877120549152,10.77910221556977
005,2014-10-02 09:35:12,8.9,3,9.077000000000005,7.5608357213096,9.174999999999999,8.604278573769868,8.790535036950473,8.327624470675023
005,2014-10-02 09:40:12,8.6,3,10.270000000000008,9.44513007502277,10.315500000000002,10.010210025007593,10.111067504957061,9.861212377754622
005,2014-10-02 09:45:12,8.3,3,9.085000000000004,9.824849294347509,9.126000000000001,9.345283098115837,9.259797002362117,9.15172679190215
005,2014-10-02 09:50:12,8.1,3,9.671000000000006,9.757193885867755,9.655,9.694397961955922,9.683174996063013,9.666868559096375
005,2014-10-02 09:55:12,7.9,3,10.440500000000002,11.727605351185106,10.375,10.847701783728368,10.690660760502674,10.494421253522361
005,2014-10-02 10:00:12,7.8,3,9.589500000000005,8.823889720571493,9.544999999999998,9.3194632401905,9.407799848449276,9.188248811248286
005,2014-10-02 10:05:12,7.6,3,11.282000000000005,14.563679268022735,11.803000000000003,12.549559756007582,12.19100431484036,11.66591653939956
005,2014-10-02 10:10:12,7.5,3,12.642999999999997,14.624328503424952,12.978499999999997,13.415276167808315,13.200070567272567,12.880222317902488
005,2014-10-02 10:15:12,7.4,3,11.776000000000009,9.688981404359573,11.7115,11.058827134786528,11.30308366775161,10.70256209807846
005,2014-10-02 10:20:12,7.2,3,8.682000000000004,7.878560865497527,9.0185,8.526353621832511,8.642361785516231,8.324556197111116
005,2014-10-02 10:25:12,7.1,3,11.425500000000007,9.467545444747067,11.435999999999996,10.776348481582355,11.009818892664773,10.441590912036315
005,2014-10-02 10:30:12,7.0,3,9.277500000000005,8.780157748219562,9.2275,9.095052582739855,9.151153357141007,9.00928829550349
005,2014-10-02 10:35:12,6.9,3,12.571000000000003,11.060032353956387,12.696499999999997,12.109177451318795,12.296488552145524,11.828072601571002
005,2014-10-02 10:40:12,6.9,3,9.389500000000007,11.274746633239488,9.260500000000002,9.974915544413165,9.742883872565335,9.446438895688024
005,2014-10-02 10:45:12,6.8,3,9.631000000000007,9.526843970605398,9.338500000000003,9.498781323535136,9.49337674717424,9.415698241804606
005,2014-10-02 10:50:12,6.8,3,8.068000000000007,8.773636143884882,8.2105,8.35071204796163,8.275467849963118,8.15845285148244
005,2014-10-02 10:55:12,6.7,3,9.504000000000007,7.763210899132046,9.699000000000002,8.98873696637735,9.207604590334006,8.65509784342245
005,2014-10-02 11:00:12,6.5,3,9.821000000000002,9.288615920592932,9.7855,9.631705306864312,9.692855025227518,9.540348597116015
005,2014-10-02 11:05:12,6.3,3,9.446000000000005,9.421723483768805,9.518,9.461907827922937,9.46917385950856,9.443817521784505
005,2014-10-02 11:10:12,6.1,3,9.268000000000006,9.246576998511006,9.493,9.335858999503671,9.3520914384672,9.28857813221556
005,2014-10-02 11:15:12,5.9,3,8.937000000000006,8.338155046730481,9.3,8.85838501557683,8.951675471018676,8.686215017636698
005,2014-10-02 11:20:12,5.6,3,8.750500000000004,8.905321892199602,8.735999999999999,8.797273964066534,8.77798127485038,8.752571898780563
005,2014-10-02 11:25:12,5.3,3,9.99750000000001,8.821590212755398,9.458,9.425696737585135,9.532717659381602,9.212389391773653
005,2014-10-02 11:30:12,5.1,3,8.989000000000008,10.005787615078223,8.9555,9.316762538359411,9.193812869471456,9.043759130439952
005,2014-10-02 11:35:12,4.9,3,9.190000000000014,9.542076380371888,8.945500000000001,9.2258587934573,9.169120409892965,9.053694956260406
005,2014-10-02 11:40:12,4.7,3,9.270500000000006,9.936109364800961,8.9905,9.399036454933656,9.302854863803365,9.134300316108543
005,2014-10-02 11:45:12,4.7,3,8.6795,8.105423164398708,8.517499999999998,8.43414105479957,8.492554743949697,8.33253827549536
005,2014-10-02 11:50:12,4.8,3,9.55600000000001,10.233025214155568,9.7805,9.856508404718527,9.789653886667262,9.66554710082437
005,2014-10-02 11:55:00,4.4,3,10.257500000000002,9.599316416334954,10.2515,10.036105472111652,10.114008985475513,9.924108452514723
005,2014-10-02 11:55:12,5.0,3,7.970000000000004,8.997173163105051,7.823499999999999,8.263557721035019,8.132500182701657,7.950213542055244
005,2014-10-02 12:00:12,5.3,3,9.889000000000008,9.863064703517653,10.0865,9.946188234505888,9.96128465724633,9.903474405395471
005,2014-10-02 12:05:12,5.6,3,9.16300000000001,9.661653858485536,9.026,9.283551286161849,9.215920864319022,9.109474757931736
005,2014-10-02 12:10:12,6.1,3,8.969000000000008,10.572498033229794,9.167000000000002,9.569499344409934,9.390860768591887,9.141920097846109
005,2014-10-02 12:15:12,6.5,3,9.891500000000008,9.293082525006179,9.746000000000002,9.643527508335396,9.705839244415673,9.538200768939447
005,2014-10-02 12:20:12,7.0,3,9.105000000000008,10.732342642282212,8.990499999999999,9.60928088076074,9.408799990994492,9.152051359556562
005,2014-10-02 12:25:12,7.5,3,7.971500000000003,8.732115671197976,7.733,8.145538557065994,8.040583317295775,7.870170200667847
005,2014-10-02 12:30:12,7.9,3,9.091500000000012,9.323878684405242,9.454500000000001,9.28995956146842,9.284404371882136,9.187582716702767
005,2014-10-02 12:35:12,8.4,3,9.479500000000003,8.689664923811689,9.336500000000003,9.168554974603898,9.25378134724123,9.030762547429667
005,2014-10-02 12:40:12,8.8,3,8.890000000000002,7.0448829802291275,8.903000000000002,8.279294326743043,8.499498623649725,7.963226680616439
005,2014-10-02 12:45:12,9.2,3,11.045499999999999,10.099139178825409,11.218,10.7875463929418,10.910575431732587,10.593270860306124
005,2014-10-02 12:50:12,9.5,3,11.5225,11.615387585593734,10.976500000000001,11.371462528531245,11.327208021674924,11.165544228020607
005,2014-10-02 12:55:12,9.7,3,9.607000000000006,9.644585794696685,9.749,9.666861931565563,9.671029081399263,9.634148991953115
005,2014-10-02 13:00:12,9.8,3,9.815000000000008,10.106492359296578,9.885500000000002,9.935664119765528,9.905289002158186,9.855382255007799
005,2014-10-02 13:05:12,9.9,3,8.875999999999998,8.627978008452638,8.88,8.794659336150879,8.824396363212617,8.751736395169008
005,2014-10-02 13:10:12,9.9,3,8.368500000000004,8.518017634265934,8.305,8.397172544755312,8.375530347537387,8.337503203379407
005,2014-10-02 13:15:12,10.0,3,9.16500000000001,9.066065939832368,8.960500000000001,9.06385531327746,9.063182080557755,9.009382551881393
005,2014-10-02 13:20:12,10.0,3,8.551500000000004,7.831026686125887,8.921500000000002,8.434675562041965,8.542855306988017,8.240479195348417
005,2014-10-02 13:25:12,10.1,3,9.884000000000006,10.154118822649956,9.998999999999999,10.01237294088332,9.987246045140958,9.93430107086007
005,2014-10-02 13:30:12,10.2,3,8.70850000000001,8.741245652060805,8.684,8.711248550686937,8.70586444033518,8.694649495787992
005,2014-10-02 13:35:12,10.3,3,8.900500000000005,8.49852427971048,9.049,8.816008093236828,8.872841405173652,8.718896508766285
005,2014-10-02 13:40:12,10.3,3,10.750000000000005,10.39985451398323,10.713000000000001,10.620951504661079,10.660338937557558,10.560525655603852
005,2014-10-02 13:45:12,10.4,3,11.010000000000014,9.897421939060722,10.741,10.549473979686912,10.665416053939957,10.353688279478915
005,2014-10-02 13:50:12,10.4,3,10.51250000000001,10.399209340669659,10.170000000000002,10.360569780223223,10.353210365908804,10.262084484192119
005,2014-10-02 13:55:12,10.4,3,10.378000000000007,9.73764485964325,10.6385,10.251381619881085,10.343374058959904,10.09203829643875
005,2014-10-02 14:00:12,10.5,3,11.058000000000003,8.996781568990032,11.194000000000003,10.41626052299668,10.669643779038427,10.039613375602038
005,2014-10-02 14:05:12,10.5,3,9.537500000000005,8.44228482495289,9.414499999999999,9.131428274984296,9.254185610166047,8.942241480967105
005,2014-10-02 14:10:12,10.7,3,9.875500000000004,9.959167640433755,10.357999999999999,10.064222546811251,10.083619658906477,9.959127267773301
005,2014-10-02 14:15:12,10.8,3,9.46300000000001,8.026347680298889,9.523,9.004115893432965,9.178605897965571,8.748343870592276
005,2014-10-02 14:20:12,10.9,3,9.64750000000001,9.640866657149303,9.503,9.597122219049771,9.589122278353706,9.549874070449757
005,2014-10-02 14:25:12,10.9,3,7.802500000000006,6.364771246508689,8.002000000000002,7.389757082169567,7.572859732850441,7.10674509397378
005,2014-10-02 14:30:12,11.0,3,8.742500000000007,9.205185558720814,8.6285,8.858728519573608,8.796774199194083,8.701580926690186
005,2014-10-02 14:35:12,11.2,3,10.03900000000001,9.981562528210395,9.830000000000002,9.950187509403468,9.944305977521264,9.888471273442466
005,2014-10-02 14:40:12,11.2,3,10.397000000000013,9.76442931062442,10.421999999999999,10.19447643687481,10.271219647579342,10.082132893111414
005,2014-10-02 14:45:12,11.3,3,7.9985,8.828322740458653,8.032,8.28627424681955,8.189632720948813,8.0701037033728
005,2014-10-02 14:50:12,11.4,3,9.739500000000007,9.545832652518138,9.848,9.711110884172713,9.740740161993648,9.65715605071203
005,2014-10-02 14:55:12,11.5,3,9.019500000000004,9.639156244545319,9.3265,9.32838541484844,9.273370773696026,9.146090584390576
005,2014-10-02 15:00:12,11.5,3,9.4665,9.837653218055806,9.459499999999998,9.5878844060186,9.543322662114141,9.489974019409262
005,2014-10-02 15:05:12,11.4,3,7.81450000000001,6.493401734449355,7.553000000000003,7.286967244816457,7.428161834830914,7.055934505271702
005,2014-10-02 15:10:12,11.3,3,7.858500000000005,7.927450692342101,7.808999999999998,7.864983564114034,7.853773556504515,7.830727948872312
005,2014-10-02 15:15:12,11.2,3,10.41100000000001,10.819279163092041,10.264000000000001,10.498093054364018,10.440601396023382,10.343955951491608
005,2014-10-02 15:20:12,11.2,3,5.978500000000005,6.180778058934788,5.9445,6.034592686311598,6.008470682749297,5.971170058316124
005,2014-10-02 15:25:12,11.2,3,7.468500000000006,7.353885188413938,7.2315,7.351295062804648,7.350509811075648,7.2881594111806365
005,2014-10-02 15:30:12,11.2,3,7.4965000000000055,7.168126118582203,7.7989999999999995,7.487875372860736,7.54532281861091,7.373401742243299
005,2014-10-02 15:35:12,11.3,3,9.44850000000001,9.490746107779504,9.5185,9.485915369259837,9.485149164497981,9.46652619592138
005,2014-10-02 15:40:12,11.3,3,9.939000000000002,10.629170437522607,10.333499999999999,10.300556812507537,10.24247882541184,10.093626666476185
005,2014-10-02 15:45:12,11.2,3,10.72200000000001,8.558761490562926,10.705499999999999,9.995420496854313,10.251660230198357,9.627402651650069
005,2014-10-02 15:50:12,11.2,3,7.630500000000001,6.151025534755575,7.7840000000000025,7.188508511585193,7.373777585227497,6.907324586861977
005,2014-10-02 15:55:12,11.1,3,10.14800000000001,8.216317729197318,9.6745,9.346272576399109,9.547181045765718,9.00618384100865
005,2014-10-02 16:00:12,11.0,3,9.072500000000005,7.343486085827961,8.707500000000001,8.374495361942657,8.557902521710584,8.071557956549032
005,2014-10-02 16:05:12,11.1,3,11.050500000000005,9.167326709567842,10.929499999999997,10.382442236522614,10.59902190503533,10.059405363494708
005,2014-10-02 16:10:12,11.2,3,11.214999999999998,10.766682815862513,11.383000000000003,11.121560938620838,11.185091009089815,11.012792244506551
005,2014-10-02 16:15:12,11.4,3,10.418500000000005,10.528748498505056,10.1675,10.37158283283502,10.343206269764009,10.259526362330481
005,2014-10-02 16:20:12,11.6,3,7.809000000000003,8.192498376047366,7.7405,7.913999458682457,7.864229139409147,7.792410196396905
005,2014-10-02 16:25:12,11.9,3,10.606000000000005,9.15473530876817,10.698,10.152911769589393,10.331085713952868,9.888449989469592
005,2014-10-02 16:30:12,12.1,3,11.03600000000001,11.065735562415785,10.679500000000003,10.927078520805267,10.90185952006382,10.800588871586324
005,2014-10-02 16:35:12,12.3,3,9.634500000000006,9.066559552381644,9.741999999999999,9.481019850793883,9.555095301470246,9.363657637974692
005,2014-10-02 16:40:12,12.4,3,9.865500000000008,8.412168155164467,9.636,9.304556051721493,9.46342160458023,9.051852113150982
005,2014-10-02 16:45:12,12.5,3,7.166500000000001,5.261488947838962,7.012,6.4799963159463205,6.697135309613011,6.152411359189585
005,2014-10-02 16:50:12,12.6,3,10.500000000000007,10.53339246356817,10.85,10.627797487856059,10.645114225575384,10.555318342014957
005,2014-10-02 16:55:12,12.7,3,8.929000000000011,7.461869519809941,8.752500000000003,8.381123173269986,8.544853157655833,8.127398803472524
005,2014-10-02 17:00:12,12.8,3,9.115500000000004,8.984260550520016,9.185500000000001,9.09508685017334,9.114950823660923,9.059207930524515
005,2014-10-02 17:05:12,12.8,3,13.852999999999987,14.407858178276628,13.623,13.961286059425538,13.88131562707582,13.741736404907586
005,2014-10-02 17:10:12,12.8,3,10.966000000000008,9.604548188570478,10.821500000000004,10.46401606285683,10.61712547872011,10.229049627140752
005,2014-10-02 17:15:12,12.8,3,11.386500000000005,11.673916793582082,12.129000000000001,11.729805597860695,11.740787379285765,11.54624988829249
005,2014-10-02 17:20:12,12.8,3,7.215500000000007,7.396612058649875,7.395000000000001,7.3357040195499605,7.3250844427379285,7.275778190129202
005,2014-10-02 17:25:12,12.7,3,5.758500000000003,6.456528094550517,5.588000000000001,5.934342698183507,5.8409659941721035,5.697757981661073
005,2014-10-02 17:30:12,12.5,3,6.694000000000001,6.5118652472102125,6.5680000000000005,6.591288415736738,6.605283573380257,6.557189116101235
005,2014-10-02 17:35:12,12.3,3,5.7235000000000005,5.55186811606715,5.758000000000001,5.677789372022384,5.700297471286817,5.6419319305849545
005,2014-10-02 17:40:12,12.0,3,8.003000000000007,8.499636322783521,8.241,8.247878774261176,8.203296444437314,8.102370798938399
005,2014-10-02 17:45:12,11.8,3,11.143500000000003,13.320989474918852,10.844000000000003,11.76949649163962,11.492342404090994,11.108930425976789
005,2014-10-02 17:50:12,11.4,3,7.140999999999995,5.63732365702036,7.187,6.655107885673452,6.8367166020572885,6.3906616742458935
005,2014-10-02 17:55:12,11.0,3,10.138500000000008,10.562908961251132,10.159,10.286802987083712,10.237580892022923,10.175994371603235
005,2014-10-02 18:00:12,10.5,3,10.013500000000008,9.032001838143364,9.767,9.604167279381125,9.705890369737354,9.43121862501226
005,2014-10-02 18:05:12,9.9,3,9.835500000000005,9.200302365876132,10.079999999999998,9.705267455292045,9.795673436455713,9.549903879011012
005,2014-10-02 18:10:12,9.3,3,6.152500000000001,5.40721856607393,6.3054999999999986,5.955072855357976,6.053004347723199,5.79874950608872
005,2014-10-02 18:15:12,8.8,3,5.7760000000000025,5.280206728699291,5.663000000000002,5.573068909566433,5.625153712259142,5.48599354440487
005,2014-10-02 18:20:12,8.3,3,8.5205,8.514953297260787,8.3925,8.475984432420262,8.46885883272255,8.4340858370618
005,2014-10-02 18:25:12,7.8,3,10.411000000000012,8.545359477459046,10.128,9.694786492486353,9.899428105791161,9.37068081267377
005,2014-10-02 18:30:00,7.7,3,9.29450000000001,9.473044844551678,9.557500000000001,9.441681614850562,9.436445940743459,9.36610688695363
005,2014-10-02 18:30:12,7.5,3,7.429000000000007,6.96888145532366,7.67,7.355960485107889,7.425333915525665,7.231027467715636
005,2014-10-02 18:35:12,7.2,3,9.350500000000004,9.756888713263942,9.213500000000002,9.44029623775465,9.383637601818387,9.289979257026431
005,2014-10-02 18:40:12,7.0,3,8.190500000000002,7.338210443173904,8.286,7.938236814391303,8.045396012509025,7.774881802718347
005,2014-10-02 18:45:12,6.9,3,10.155500000000007,10.275741384162131,10.127,10.186080461387379,10.170048436626265,10.145616726553783
005,2014-10-02 18:50:12,6.8,3,8.398500000000002,8.085580843330025,8.658999999999999,8.381026947776675,8.43408206656528,8.27732579104621
005,2014-10-02 18:55:12,6.8,3,8.469000000000005,9.13249964865782,8.608,8.736499882885942,8.666053504699072,8.555350492645104
005,2014-10-02 19:00:12,6.7,3,9.725999999999999,8.269282727046548,9.549,9.181427575682182,9.343888854033523,8.929460258588236
005,2014-10-02 19:05:12,6.7,3,7.950000000000002,7.055623623933538,8.004000000000001,7.669874541311181,7.779514423569902,7.50741681984136
005,2014-10-02 19:10:12,6.8,3,10.866,11.680377229570176,11.054,11.200125743190059,11.114717901135862,10.976496209380274
005,2014-10-02 19:15:12,6.9,3,10.266999999999998,11.281874730364306,10.033000000000001,10.527291576788102,10.39237460921386,10.187947993032816
005,2014-10-02 19:20:12,7.0,3,11.159000000000002,11.074998559820045,11.4255,11.219832853273351,11.2460309636413,11.153868618439038
005,2014-10-02 19:25:12,7.3,3,6.262000000000003,6.550418665697915,6.3629999999999995,6.391806221899306,6.363651680011273,6.310058200008064
005,2014-10-02 19:30:12,7.4,3,10.104000000000003,9.576384161713033,9.988,9.889461387237679,9.945147931351519,9.796903352293045
005,2014-10-02 19:35:12,7.6,3,7.1679999999999975,9.178220659944564,7.4245,7.9235735533148555,7.700127295916707,7.386927324591098
005,2014-10-02 19:40:12,7.8,3,8.936500000000008,8.372736322702336,8.632500000000002,8.647245440900782,8.69579603668181,8.543846783188364
005,2014-10-02 19:45:12,8.0,3,8.702000000000004,11.008202710796958,8.964500000000001,9.558234236932321,9.299955960432913,8.944924414741395
005,2014-10-02 19:50:12,8.3,3,11.35400000000001,11.103011278695778,11.055000000000001,11.17067042623193,11.182331238934475,11.105743612282879
005,2014-10-02 19:55:12,8.7,3,9.247000000000005,12.116540749345369,9.344,10.235846916448459,9.900512824131635,9.489720445371013
005,2014-10-02 20:00:12,8.9,3,9.12500000000001,8.560790220070093,9.066500000000001,8.917430073356702,8.980965469763031,8.820090383312953
005,2014-10-02 20:05:12,9.0,3,10.232000000000015,11.430443351523184,10.4425,10.701647783841068,10.571936892363714,10.37745042781268
005,2014-10-02 20:10:12,9.1,3,6.6635000000000115,6.06705335765276,6.645000000000001,6.458517785884258,6.528319527405848,6.3566995463531475
005,2014-10-02 20:15:12,9.0,3,7.3685,5.344022107546365,7.4335,6.715340702515455,6.960036579268307,6.35870795219364
005,2014-10-02 20:20:12,8.8,3,8.540500000000002,7.738421633258847,8.622999999999998,8.300640544419615,8.40103815401701,8.148339513963943
005,2014-10-02 20:25:12,8.5,3,9.585999999999999,8.776286332932365,9.402499999999998,9.25492877764412,9.340055746414821,9.11274627213999
005,2014-10-02 20:30:12,8.3,3,12.249500000000012,12.926844821181348,12.1545,12.443614940393786,12.357289850827831,12.23752290659844
005,2014-10-02 20:35:12,8.1,3,9.621500000000005,8.265064417674452,9.6535,9.180021472558153,9.343269427141728,8.943311722020379
005,2014-10-02 20:40:12,7.9,3,10.544000000000008,11.372158741413283,10.334000000000001,10.750052913804431,10.638799155391728,10.466791205138547
005,2014-10-02 20:45:12,7.8,3,10.003500000000004,9.748932447093544,9.7505,9.83431081569785,9.849195010926328,9.78472920532714
005,2014-10-02 20:50:12,7.8,3,9.79250000000001,10.799539279743804,9.6495,10.080513093247939,9.952062668575383,9.77352032377258
005,2014-10-02 20:55:12,7.8,3,10.82900000000001,10.40559990068305,10.673499999999999,10.636033300227686,10.676924482604393,10.56019789294544
005,2014-10-02 21:00:12,7.8,3,9.288000000000006,9.98746802292073,9.295499999999999,9.523656007640243,9.440934353803419,9.342978177881164
005,2014-10-02 21:05:12,7.9,3,10.088,8.988582975153719,10.25,9.775527658384574,9.916118873076316,9.557279383323486
005,2014-10-02 21:10:12,7.9,3,9.113500000000007,8.568535419784594,8.914000000000001,8.8653451399282,8.918016103688135,8.767752408634744
005,2014-10-02 21:15:12,8.0,3,11.553999999999998,13.84365771869196,11.755500000000001,12.384385906230653,12.124364961309341,11.779851998971651
005,2014-10-02 21:20:12,8.2,3,8.793000000000005,8.55402011794463,8.738,8.695006705981545,8.72007999691398,8.65302175710595
005,2014-10-02 21:25:12,8.3,3,9.267,8.509725091648212,9.293,9.02324169721607,9.114875034860583,8.88951283879234
005,2014-10-02 21:30:12,8.5,3,8.0525,7.382243002795135,8.1465,7.8604143342650445,7.945835747591764,7.728283590660556
005,2014-10-02 21:35:12,8.7,3,9.192000000000002,8.16521767465061,9.533,8.963405891550204,9.106246793238773,8.722782288907506
005,2014-10-02 21:40:12,8.8,3,8.589500000000005,8.218836771882607,8.649,8.48577892396087,8.533475544820705,8.4112505640154
005,2014-10-02 21:45:12,8.9,3,8.696,8.171139327779493,8.677999999999999,8.515046442593162,8.576365890284857,8.425405513484165
005,2014-10-02 21:50:12,8.9,3,8.755,8.370704814204409,8.791500000000001,8.63906827140147,8.686987046355584,8.566684410473737
005,2014-10-02 21:55:12,9.0,3,12.175999999999995,10.454367001836498,12.027999999999999,11.552789000612165,11.74851678331546,11.256528447671542
005,2014-10-02 22:00:12,9.0,3,9.685500000000012,10.716785157706015,9.948000000000002,10.116761719235342,10.010091315973858,9.831760751822811
005,2014-10-02 22:05:12,9.0,3,11.064000000000007,11.671005460532188,11.3005,11.345168486844065,11.287370287197513,11.171349969464169
005,2014-10-02 22:10:12,9.0,3,10.106500000000006,10.226503040570064,10.307499999999997,10.213501013523356,10.211455934745706,10.158005740290152
005,2014-10-02 22:15:12,9.0,3,13.376499999999998,13.401351880162565,13.046000000000001,13.274617293387521,13.251560406559195,13.158051853329468
005,2014-10-02 22:20:12,9.0,3,7.641500000000001,6.274277694657019,7.417999999999999,7.1112592315523395,7.260249928242608,6.873338075527071
005,2014-10-02 22:25:12,9.0,3,8.994000000000007,9.865200501355545,8.8265,9.228566833785184,9.114779655469894,8.94838782552594
005,2014-10-02 22:30:12,9.0,3,8.632000000000009,9.455658848500285,8.7025,8.930052949500098,8.836394814539153,8.712730873633562
005,2014-10-02 22:35:12,9.0,3,11.180500000000002,9.061030483823199,11.7225,10.654676827941067,10.939680710763655,10.189384236050675
005,2014-10-02 22:40:12,9.0,3,8.590000000000009,8.553965518755934,8.9085,8.684155172918647,8.707811986382477,8.616256325757341
005,2014-10-02 22:45:13,9.0,3,9.022000000000004,8.61825445249628,9.130999999999998,8.923751484165429,8.978392795456314,8.834000461182967
005,2014-10-02 22:50:13,8.9,3,8.230500000000001,8.651656379787216,8.2855,8.389218793262406,8.342481833720107,8.276693998133839
005,2014-10-02 22:55:13,8.9,3,7.597000000000001,9.331283731245849,7.633500000000001,8.187261243748617,7.983247457949569,7.737957453545258
005,2014-10-02 23:00:00,9.4,3,7.205500000000003,6.152544174310981,7.057,6.805014724770328,6.921195798632643,6.622371970202575
005,2014-10-02 23:00:13,8.8,3,8.525500000000006,7.875303515454477,8.418000000000001,8.272934505151495,8.343714813304551,8.159758383511406
005,2014-10-03 08:45:13,8.3,3,9.015500000000005,9.885767584589047,9.585500000000001,9.495589194863017,9.426769032802998,9.229290661749522
005,2014-10-03 08:50:13,8.2,3,11.043000000000001,10.308347306203226,10.676000000000002,10.675782435401075,10.740822666227595,10.541769800102514
005,2014-10-03 08:55:13,8.0,3,5.554500000000001,6.3919718821762945,5.682,5.876157294058765,5.784323413410449,5.651058908844766
005,2014-10-03 09:00:13,7.8,3,9.819000000000008,9.638848953651445,9.781,9.746282984550485,9.765394566527464,9.714719805320499
005,2014-10-03 09:05:13,7.5,3,9.727000000000002,10.468211248308512,9.936,10.043737082769505,9.96830709157905,9.837394333120205
005,2014-10-03 09:10:13,7.4,3,9.327000000000009,7.0590483438335845,9.197000000000001,8.527682781277866,8.789471290574363,8.139034480574804
005,2014-10-03 09:15:13,7.3,3,10.624500000000006,12.147288136552506,10.672500000000003,11.148096045517505,10.969931883648597,10.752404033347196
005,2014-10-03 09:20:13,7.2,3,9.573500000000006,8.035187957321433,9.579500000000001,9.062729319107147,9.246023896301384,8.800155652745229
005,2014-10-03 09:25:13,7.2,3,10.486500000000005,9.816463256392193,10.275,10.192654418797398,10.259468580507985,10.073507937449252
005,2014-10-03 09:30:13,7.3,3,8.427,8.973095966403946,8.5185,8.639531988801314,8.580157730891326,8.492131718293763
005,2014-10-03 09:35:13,7.3,3,11.147000000000006,10.261867323108733,10.814,10.74095577436958,10.825958397811853,10.582221252394445
005,2014-10-03 09:40:13,7.4,3,9.930000000000001,11.01812498941523,9.947000000000001,10.298374996471745,10.170013685740175,10.016909426677016
005,2014-10-03 09:45:13,7.5,3,9.670500000000002,9.589735827830275,9.6085,9.622911942610093,9.628745129196636,9.607638135709838
005,2014-10-03 09:50:13,7.7,3,12.332499999999992,11.301242981282563,12.1895,11.94108099376085,12.055016255981727,11.762263020698668
005,2014-10-03 09:55:13,7.8,3,11.390000000000008,10.517327376822289,11.216499999999998,11.041275792274098,11.134497795284199,10.888644373857716
005,2014-10-03 10:00:13,8.0,3,7.9525000000000095,6.493552859557058,7.8694999999999995,7.438517619852355,7.606961313960856,7.1885203314698565
005,2014-10-03 10:05:13,8.1,3,8.875500000000006,8.021644841713242,8.6885,8.528548280571082,8.618711494906897,8.378777219544588
005,2014-10-03 10:10:13,8.2,3,10.044500000000005,9.938823377158148,10.351499999999998,10.11160779238605,10.142846707902873,10.034104958778343
005,2014-10-03 10:15:13,8.3,3,10.504500000000007,8.700678505231732,10.436,9.880392835077247,10.090729463819072,9.57215236506582
005,2014-10-03 10:20:13,8.3,3,9.187499999999998,7.887906621110238,9.143,8.739468873703412,8.891304523024134,8.517513114785793
005,2014-10-03 10:25:13,8.3,3,8.480000000000006,8.141457557584989,8.5695,8.396985852528331,8.442687457649116,8.322097153761819
005,2014-10-03 10:30:13,8.3,3,8.855000000000002,8.785175707329971,8.731,8.790391902443325,8.791153212612775,8.758723204294808
005,2014-10-03 10:35:13,8.3,3,7.732500000000008,7.309625497555077,7.613,7.551708499185028,7.594726764585003,7.476862008574489
005,2014-10-03 10:40:13,8.3,3,7.160000000000008,7.8368767120734635,7.2315,7.409458904024491,7.333316309781927,7.229861230692801
005,2014-10-03 10:45:13,8.4,3,8.285500000000003,7.822845227615233,8.4985,8.202281742538412,8.270253760160593,8.082348540943045
005,2014-10-03 10:50:13,8.4,3,9.939500000000004,8.317633557463767,9.9425,9.399877852487924,9.592925904712509,9.123687411343777
005,2014-10-03 10:55:13,8.4,3,9.309500000000009,10.080313986494758,9.588000000000001,9.659271328831588,9.584548218711113,9.44016092623933
005,2014-10-03 11:00:13,8.4,3,11.320500000000015,8.938637703983918,11.259499999999997,10.506212567994643,10.785743559276789,10.099931328983615
005,2014-10-03 11:05:13,8.4,3,6.219000000000006,5.504633932589713,6.305499999999999,6.009711310863239,6.099921827182446,5.871539662061711
005,2014-10-03 11:10:13,8.4,3,8.617999999999997,9.490304312109602,8.387,8.831768104036533,8.71398748083808,8.53013836101821
005,2014-10-03 11:15:13,8.3,3,10.231000000000005,11.114770531846677,10.119,10.488256843948895,10.376350499995649,10.223340723534783
005,2014-10-03 11:20:13,8.3,3,9.367000000000008,9.870010584557736,9.062999999999999,9.433336861519248,9.355031115356637,9.20247221874885
005,2014-10-03 11:25:13,8.2,3,7.066000000000003,8.217131903521324,7.075,7.452710634507109,7.316370230171966,7.155612092494206
005,2014-10-03 11:30:13,8.2,3,9.120000000000008,9.814305985377189,9.046,9.326768661792398,9.239703879190433,9.123308835273416
005,2014-10-03 11:35:13,8.2,3,9.54250000000001,9.42635202497399,9.3625,9.443784008324666,9.446647916606237,9.399860399658543
005,2014-10-03 11:40:13,8.2,3,9.927000000000005,8.745965075204408,10.2205,9.631155025068137,9.789449966439362,9.373531793133843
005,2014-10-03 11:45:13,8.2,3,8.496000000000008,7.440208357729818,8.247000000000002,8.061069452576609,8.171475158982965,7.875433414739684
005,2014-10-03 11:50:13,8.3,3,9.965500000000002,8.087956261784344,9.687499999999998,9.246985420594783,9.453346623618623,8.920981936585541
005,2014-10-03 11:55:13,8.3,3,12.110999999999999,11.984263825531702,12.726500000000001,12.273921275177235,12.326428030038432,12.133003901590492
005,2014-10-03 12:00:13,8.4,3,9.484000000000007,8.48085056327339,9.555,9.173283521091133,9.29689221225199,8.989044397040027
005,2014-10-03 12:05:13,8.4,3,8.979500000000009,7.928675767883129,9.0105,8.63955858929438,8.766403696093214,8.454976238150765
005,2014-10-03 12:10:13,8.5,3,7.559999999999999,8.665606760832391,7.797500000000001,8.007702253610796,7.89067329055657,7.705413002075463
005,2014-10-03 12:15:13,8.5,3,5.837500000000002,5.343612208320081,5.8580000000000005,5.679704069440028,5.739681990784717,5.59180012918312
005,2014-10-03 12:20:13,8.7,3,6.833000000000001,5.936518780183348,6.692499999999999,6.4873395933944495,6.585399934735669,6.33148694335509
005,2014-10-03 12:25:13,8.7,3,9.503000000000004,11.101564735315748,9.922000000000002,10.175521578438584,10.010911267670599,9.732853828580668
005,2014-10-03 12:30:00,8.5,3,8.761499999999998,8.828520524579343,8.551499999999999,8.713840174859781,8.693097795802185,8.626582055360098
005,2014-10-03 12:30:13,8.8,3,9.375500000000004,7.489128505850902,8.739499999999998,8.534709501950301,8.720346260366854,8.198259864643846
005,2014-10-03 12:35:13,8.8,3,7.256499999999999,8.352518503979798,7.3325,7.647172834659933,7.521461346343051,7.359307269032858
005,2014-10-03 12:40:13,8.7,3,9.680500000000011,8.88351666788154,9.133000000000001,9.232338889293851,9.293812884482772,9.08322372733401
005,2014-10-03 12:45:13,8.5,3,13.260499999999995,15.702426361665564,13.3035,14.088808787221852,13.801040435587051,13.456796115228393
005,2014-10-03 12:50:13,8.3,3,8.540000000000003,8.891150748791324,8.523500000000002,8.65155024959711,8.608789308734346,8.555624134739503
005,2014-10-03 12:55:13,8.0,3,5.411500000000003,4.468250694531891,5.619999999999999,5.166583564843964,5.291432179985207,4.96585431838094
005,2014-10-03 13:00:13,7.8,3,8.4755,6.319133415429949,8.847000000000001,7.8805444718099835,8.159565883034713,7.442051571948904
005,2014-10-03 13:05:13,7.5,3,7.5310000000000015,6.8480615151629065,7.4725,7.2838538383876354,7.361507956745539,7.166338227794335
005,2014-10-03 13:10:13,7.4,3,6.921500000000006,8.336589324234234,7.1160000000000005,7.458029774744747,7.3015830997826265,7.079227446988089
005,2014-10-03 13:15:13,7.4,3,9.46450000000001,7.105217101696652,9.3685,8.64607236723222,8.920789547787718,8.24275350062711
005,2014-10-03 13:20:13,7.4,3,6.287500000000006,5.468200660103484,6.392500000000001,6.049400220034497,6.153214166375872,5.889808739276615
005,2014-10-03 13:25:13,7.5,3,10.534500000000005,10.012282835730476,10.1295,10.225427611910161,10.262894667973123,10.126565197227794
005,2014-10-03 13:30:13,7.6,3,5.741999999999998,5.136873359496652,5.629000000000001,5.5026244531655495,5.567710723708917,5.396969744683668
005,2014-10-03 13:35:13,7.7,3,6.011500000000001,5.276266730161566,5.9765,5.754755576720522,5.840057684910865,5.628940597567592
005,2014-10-03 13:40:13,7.8,3,6.020500000000003,6.210233893905518,5.820000000000001,6.016911297968508,5.982154164403136,5.901219433266236
005,2014-10-03 13:45:13,7.9,3,6.3679999999999986,5.815114706332564,6.341000000000001,6.174704902110855,6.238809524593231,6.080076765949039
005,2014-10-03 13:50:13,7.9,3,6.139500000000005,5.151065003197895,6.276,5.855521667732634,5.981364407040157,5.661078808700028
005,2014-10-03 13:55:13,7.9,3,9.001500000000005,8.132869657848433,8.920000000000002,8.68478988594948,8.783126803397995,8.535144363220445
005,2014-10-03 14:00:13,7.9,3,7.4695,6.909107025409538,7.164999999999999,7.1812023418031785,7.229321696789222,7.078363983136714
005,2014-10-03 14:05:13,7.8,3,5.456000000000004,4.551564211631567,5.5045,5.170688070543857,5.281189656218856,5.007587688507975
005,2014-10-03 14:10:13,7.9,3,9.490000000000004,7.16156318941683,9.4245,8.692021063138945,8.964925220618305,8.29470612508166
005,2014-10-03 14:15:13,7.9,3,8.597000000000007,9.440782976442856,8.76,8.932594325480954,8.842169129757325,8.703242960055276
005,2014-10-03 14:20:13,8.1,3,7.727500000000007,4.753024871042273,7.901500000000001,6.794008290347428,7.158303448905563,6.254798349302607
005,2014-10-03 14:25:13,8.2,3,8.292500000000008,5.950978974532778,8.537,7.593492991510928,7.886807827282888,7.148168826486805
005,2014-10-03 14:30:13,8.4,3,9.936000000000007,10.434560817827856,10.050499999999998,10.140353605942622,10.088030930870477,10.003491782350924
005,2014-10-03 14:35:13,8.5,3,8.426000000000009,8.13593617376388,8.2865,8.282812057921296,8.30882059612296,8.230034700939132
005,2014-10-03 14:40:13,8.6,3,8.508000000000004,6.116236239395277,8.6625,7.762245413131761,8.056060943203772,7.325839508557909
005,2014-10-03 14:45:13,8.7,3,9.910000000000007,9.707722507376308,9.382000000000001,9.666574169125438,9.658514253601217,9.518572609305489
005,2014-10-03 14:50:13,8.8,3,9.474500000000004,6.86136686666477,9.4095,8.581788955554925,8.888578422164068,8.136107222431901
005,2014-10-03 14:55:13,8.9,3,8.860000000000012,9.594308312105,8.8295,9.094602770701671,9.005426826707042,8.895341671088621
005,2014-10-03 15:00:13,9.1,3,7.300499999999999,10.194918893921677,7.101500000000001,8.198972964640559,7.842677214349759,7.387287402670144
005,2014-10-03 15:05:13,9.3,3,8.873000000000005,8.703114167864928,9.115000000000002,8.897038055954978,8.931959045581419,8.821231185893975
005,2014-10-03 15:10:13,9.5,3,9.931000000000001,9.289530468796045,9.642,9.620843489598682,9.679546868145009,9.504614879450257
005,2014-10-03 15:15:13,9.7,3,9.665,9.416600801402426,9.468,9.516533600467474,9.534090301565758,9.469399575277176
005,2014-10-03 15:20:13,9.9,3,10.289000000000003,7.9560233137111345,10.2865,9.510507771237046,9.78778356519955,9.113995659418912
005,2014-10-03 15:25:13,10.2,3,8.912500000000009,9.231257601063355,8.956000000000001,9.033252533687788,8.997992958742104,8.947948091206419
005,2014-10-03 15:30:13,10.3,3,13.080000000000002,12.985540093356123,12.955,13.006846697785376,13.010476750526346,12.978254451440652
005,2014-10-03 15:35:13,10.4,3,9.956500000000007,9.583812507462374,9.792,9.77743750248746,9.811750757164742,9.709994938597882
005,2014-10-03 15:40:13,10.6,3,10.214500000000005,10.304924794196875,10.295500000000002,10.271641598065628,10.265815224840967,10.242360172039243
005,2014-10-03 15:45:13,10.7,3,7.933500000000005,8.273749382705791,7.913499999999999,8.040249794235265,7.998572322018473,7.945964274673026
005,2014-10-03 15:50:13,10.9,3,9.946000000000005,11.124246476953616,9.895,10.321748825651207,10.178534761418684,10.001334249639374
005,2014-10-03 15:55:13,11.0,3,9.329500000000003,8.998169000899383,9.3605,9.229389666966462,9.270675642037748,9.167072932352795
005,2014-10-03 16:00:13,11.2,3,10.682000000000002,10.113784885126448,10.784500000000001,10.526761628375484,10.600565632333955,10.41032252705107
005,2014-10-03 16:05:13,11.4,3,8.141500000000002,6.046963999285041,8.105500000000001,7.431321333095016,7.678205225797224,7.07449102515314
005,2014-10-03 16:10:13,11.4,3,9.504000000000005,9.400466124963483,9.5855,9.49665537498783,9.513924167923149,9.463254036695009
005,2014-10-03 16:15:13,11.5,3,9.209000000000005,10.135168312692556,9.210500000000001,9.518222770897522,9.408177934165609,9.279610622570287
005,2014-10-03 16:20:13,11.4,3,7.474000000000009,7.824761611681001,7.425500000000002,7.574753870560337,7.530092906650119,7.468261387112456
005,2014-10-03 16:25:13,11.3,3,6.380000000000004,5.738846544090442,6.243499999999999,6.120782181363481,6.188723298094114,6.008418090238007
005,2014-10-03 16:30:13,11.2,3,6.971500000000007,7.808484289815491,6.8235,7.201161429938499,7.092629125768077,6.936293513308142
005,2014-10-03 16:35:13,10.9,3,8.299500000000005,6.94546819138969,8.126999999999999,7.790656063796565,7.9411801134924405,7.556250841911032
005,2014-10-03 16:40:13,10.7,3,8.429500000000008,8.84232168161844,8.4,8.557273893872816,8.506388619721815,8.441133366378752
005,2014-10-03 16:45:13,10.5,3,7.443500000000004,7.917407830190911,7.741499999999999,7.700802610063637,7.662572365713506,7.5567062059670835
005,2014-10-03 16:50:13,10.4,3,5.6985,6.280408238894824,5.766,5.914969412964941,5.849876785903463,5.760123519978185
005,2014-10-03 16:55:13,10.3,3,5.242000000000006,6.085735615048813,5.293000000000001,5.540245205016274,5.44301359968338,5.319196516806352
005,2014-10-03 17:00:13,10.3,3,9.051500000000003,8.910021781613862,9.176000000000002,9.045840593871288,9.070236907129075,8.997651096875698
005,2014-10-03 17:05:13,10.4,3,6.426500000000005,5.428397350110413,6.164000000000001,6.006299116703473,6.10902359465665,5.83012899007667
005,2014-10-03 17:10:13,10.4,3,7.250500000000004,8.241518707891675,7.248499999999999,7.580172902630559,7.462203451320296,7.324305255242142
005,2014-10-03 17:15:13,10.5,3,9.348500000000008,7.494660953348456,9.363999999999999,8.735720317782821,8.957113856216466,8.41768561853248
005,2014-10-03 17:20:13,10.5,3,8.89650000000001,8.239708030016699,8.6055,8.580569343338903,8.640973158740453,8.46168696797503
005,2014-10-03 17:25:13,10.7,3,7.282000000000003,6.686271742729004,7.319500000000001,7.095923914243002,7.169046249224508,6.987416647822178
005,2014-10-03 17:30:13,10.7,3,9.199500000000004,7.718887555583946,9.0165,8.644962518527983,8.80990038011713,8.388784690753418
005,2014-10-03 17:35:13,10.8,3,6.97400000000001,8.220487754991456,6.751999999999999,7.315495918330488,7.153766358345088,6.920508752396178
005,2014-10-03 17:40:13,10.9,3,7.008500000000006,6.637892868424172,7.015,6.887130956141392,6.931597350821178,6.822891865907847
005,2014-10-03 17:45:13,11.0,3,9.346000000000009,9.960998774591657,9.8195,9.70883292486389,9.664498960338054,9.515412768881703
005,2014-10-03 17:50:13,11.0,3,8.352500000000006,7.518272162364924,8.283000000000001,8.051257387454976,8.146233164283574,7.907757851045941
005,2014-10-03 17:55:13,11.1,3,6.521000000000006,6.016049735052376,6.241500000000001,6.2595165783507944,6.302563462759478,6.166724486105238
005,2014-10-03 18:00:13,11.0,3,7.289500000000005,8.107102632219004,7.510000000000002,7.63553421073967,7.551719525775279,7.408668371325977
005,2014-10-03 18:05:13,11.0,3,10.131500000000006,8.624656401370576,10.187500000000002,9.647885467123528,9.830479038329996,9.38096146153038
005,2014-10-03 18:10:13,10.9,3,6.520000000000005,6.887513977525197,6.487000000000002,6.631504659175068,6.585794311755782,6.525864833577812
005,2014-10-03 18:15:13,10.8,3,6.878000000000002,6.404503776603068,6.950000000000001,6.744167925534357,6.804853289417072,6.649740383778339
005,2014-10-03 18:20:13,10.8,3,8.039500000000007,8.060594477438974,8.179,8.09303149247966,8.099007666417588,8.063072299153388
005,2014-10-03 18:25:13,10.7,3,9.39550000000001,9.442993710206215,9.230500000000001,9.356331236735409,9.34064788593935,9.289101414842634
005,2014-10-03 18:30:13,10.5,3,7.291500000000005,7.734563292020409,7.604499999999999,7.543521097340137,7.509871083711756,7.406257254982
005,2014-10-03 18:35:00,11.1,3,9.813000000000011,6.724431452482285,9.739,8.758810484160765,9.121589349305006,8.23211170255523
005,2014-10-03 18:35:13,10.4,3,8.288499999999999,5.39151393974248,7.995500000000001,7.225171313247493,7.551848014516911,6.7255561419181085
005,2014-10-03 18:40:13,10.2,3,8.362000000000002,8.896207943436114,7.975,8.411069314478704,8.324005499211296,8.144504488013531
005,2014-10-03 18:45:13,10.0,3,7.885000000000009,7.418336444671306,7.814000000000001,7.705778814890439,7.756954148973195,7.624703082503117
005,2014-10-03 18:50:13,9.9,3,8.057000000000007,5.8958999966349515,8.0525,7.335133332211652,7.5918486249439185,6.967778756492124
005,2014-10-03 18:55:13,9.8,3,10.823000000000004,10.902828038763673,10.508000000000003,10.744609346254558,10.715957662048709,10.619053410193862
005,2014-10-03 19:00:13,9.8,3,8.988500000000005,8.948553059756662,8.621000000000002,8.852684353252224,8.835082665032823,8.735714388218812
005,2014-10-03 19:05:13,9.7,3,9.997000000000007,9.611587938320595,10.027999999999999,9.878862646106867,9.926579715377256,9.807355756318188
005,2014-10-03 19:10:13,9.7,3,8.019000000000007,8.491667791133473,8.433500000000002,8.314722597044494,8.283725552692177,8.162321939422297
005,2014-10-03 19:15:13,9.8,3,7.312000000000007,6.396418497545805,7.303000000000001,7.003806165848604,7.112135899799968,6.8479937886870665
005,2014-10-03 19:20:13,9.8,3,9.424000000000014,8.226335052614099,9.387,9.012445017538036,9.152615926789053,8.807997675698982
005,2014-10-03 19:25:13,9.9,3,6.470500000000003,6.029699523049724,6.6579999999999995,6.386066507683242,6.449888747817169,6.274792982479921
005,2014-10-03 19:30:13,10.0,3,10.549500000000005,10.0455344363715,10.226499999999998,10.273844812123835,10.314128851651226,10.180133035894379
005,2014-10-03 19:35:13,10.3,3,11.372499999999997,10.697409168980817,11.060499999999998,11.043469722993605,11.10477230475513,10.92095300104265
005,2014-10-03 19:40:13,10.6,3,10.276500000000004,10.393544205041465,10.343,10.33768140168049,10.327807643137902,10.302618431403118
005,2014-10-03 19:45:13,11.0,3,5.834500000000004,7.586525383298536,6.2425,6.5545084610995135,6.370980210895978,6.073136721382972
005,2014-10-03 19:50:13,11.5,3,9.444500000000003,11.738834082597364,9.22,10.134444694199123,9.847957568695254,9.468789319718272
005,2014-10-03 19:55:13,12.0,3,7.7865000000000055,10.891031458705513,7.556000000000001,8.744510486235173,8.361313140152484,7.86821812926196
005,2014-10-03 20:00:13,12.4,3,9.605000000000011,8.86018930174481,9.528,9.331063100581607,9.414949600967354,9.20257106680085
005,2014-10-03 20:05:13,12.9,3,7.066000000000006,8.225175843517953,6.621499999999998,7.304225281172652,7.1393456386572085,6.8575560951715815
005,2014-10-03 20:10:13,13.2,3,5.880000000000003,6.874629886606684,5.7655,6.173376628868895,6.048135298732141,5.8790793692183385
005,2014-10-03 20:15:13,13.4,3,8.431000000000004,9.26220032058417,8.439000000000002,8.710733440194725,8.612377142339708,8.49609571573612
005,2014-10-03 20:20:13,13.5,3,9.7775,9.324119285814733,9.786999999999999,9.629539761938245,9.684031710922289,9.550652839692408
005,2014-10-03 20:25:13,13.5,3,8.464000000000013,7.781866373782974,8.3855,8.210455457927663,8.286797429853275,8.092576841322776
005,2014-10-03 20:30:00,13.5,3,7.654000000000007,9.09998279278776,7.889999999999999,8.214660930929256,8.05706463836289,7.824831189607981
005,2014-10-03 20:30:13,13.5,3,6.725000000000007,7.283027466596476,7.075000000000001,7.027675822198828,6.982605155460148,6.858068299576498
005,2014-10-03 20:35:13,13.4,3,8.733500000000008,10.512052787186056,8.623999999999999,9.289850929062021,9.071692869095665,8.795349362532406
005,2014-10-03 20:40:13,13.4,3,8.804000000000007,10.240100333183022,8.5945,9.212866777727678,9.029349553989436,8.773218389142947
005,2014-10-03 20:45:13,13.4,3,10.276000000000009,8.651055825548855,10.301000000000002,9.742685275182955,9.937437398044397,9.461704765270365
005,2014-10-03 20:50:13,13.5,3,9.342500000000001,8.436595750270158,9.111500000000001,8.96353191675672,9.057208432555484,8.803816487783173
005,2014-10-03 20:55:13,13.7,3,10.418500000000005,9.469860929386732,10.426499999999999,10.10495364312891,10.218248415690427,9.94219693716493
005,2014-10-03 21:00:13,13.9,3,10.845500000000007,9.561923295009024,10.640999999999996,10.349474431669677,10.489673956951604,10.126242209426056
005,2014-10-03 21:05:13,14.1,3,10.06200000000001,9.215979831270383,10.2105,9.829493277090132,9.939130501160642,9.656923904048558
005,2014-10-03 21:10:13,14.2,3,9.309500000000012,9.516020965625179,9.294,9.373173655208397,9.34767230619931,9.314825034909417
005,2014-10-03 21:15:13,14.2,3,8.515000000000004,9.96572602943937,8.4525,8.977742009813126,8.801426363968867,8.58332688971852
005,2014-10-03 21:20:13,14.2,3,10.126500000000004,10.019205141465623,10.4875,10.211068380488543,10.24578410705231,10.122816860932243
005,2014-10-03 21:25:13,14.1,3,11.684499999999996,11.038660277972895,11.157,11.293386759324298,11.33810382335908,11.170455656799852
005,2014-10-03 21:30:13,14.0,3,10.21950000000001,11.072016394778705,10.6355,10.642338798259573,10.566262976349774,10.392010852743148
005,2014-10-03 21:35:13,13.9,3,11.505999999999997,10.678186213967795,11.508500000000002,11.23089540465593,11.329487618861878,11.08973766240309
005,2014-10-03 21:40:13,13.7,3,11.332499999999998,11.034506888681648,11.531,11.299335629560547,11.346844853729298,11.210196252721623
005,2014-10-03 21:45:13,13.6,3,8.083500000000004,10.014714334327662,8.2125,8.770238111442554,8.54843217694038,8.263374925651132
005,2014-10-03 21:50:13,13.4,3,8.212500000000006,6.978123083598777,8.316,7.8355410278662605,7.988623034153326,7.605705120852004
005,2014-10-03 21:55:13,13.2,3,10.443999999999999,10.128935072587858,10.440999999999999,10.337978357529286,10.375262098049845,10.284363474355285
005,2014-10-03 22:00:13,12.9,3,11.3725,9.867907190674126,11.117500000000001,10.785969063558042,10.94937940041728,10.523916980457958
005,2014-10-03 22:05:13,12.5,3,11.391499999999999,10.214751214785963,11.443499999999998,11.016583738261987,11.159680525045246,10.806529551405179
005,2014-10-03 22:10:13,12.2,3,8.885999999999997,8.140945273920664,8.992999999999999,8.673315091306886,8.768421821709655,8.525952303112874
005,2014-10-03 22:15:13,11.8,3,8.885000000000009,8.901953021009193,8.961500000000001,8.916151007003068,8.91878789223496,8.898980899717882
005,2014-10-03 22:20:13,11.4,3,10.183500000000004,9.867063226009787,10.459000000000001,10.169854408669933,10.224240154829696,10.062646133262158
005,2014-10-03 22:25:13,11.0,3,10.113000000000007,10.29956381211706,10.575,10.329187937372355,10.335102219368457,10.213912467507338
005,2014-10-03 22:30:13,10.5,3,11.024000000000003,10.076167842607024,11.4035,10.834555947535677,10.970350064140154,10.599881224651085
005,2014-10-03 22:35:13,10.1,3,10.390500000000001,9.994634273890417,10.4255,10.270211424630139,10.319414887236496,10.196152283464553
005,2014-10-03 22:40:13,9.6,3,10.417000000000012,10.109708960650641,10.478,10.33490298688355,10.375154884304282,10.270852714756138
005,2014-10-03 22:45:00,8.3,3,11.123500000000014,9.429819138832084,10.9725,10.508606379610699,10.70082774546862,10.21702084941261
005,2014-10-03 22:45:13,9.1,3,10.17000000000001,9.678545880711495,10.145,9.997848626903835,10.054769754175574,9.913709649991493
005,2014-10-04 08:05:13,3.9,3,11.036999999999999,10.40624170223392,11.130999999999998,10.858080567411307,10.938804960289088,10.732661954814315
005,2014-10-04 08:10:13,4.1,3,6.235000000000006,6.624029768966525,6.464500000000002,6.4411765896555115,6.408873396703114,6.324007974441472
005,2014-10-04 08:15:13,4.6,3,8.005000000000006,5.621116558261043,7.836,7.154038852753684,7.4272414358203545,6.744715353147876
005,2014-10-04 08:20:13,5.1,3,6.168000000000007,5.757627625747424,6.049000000000001,5.99154254191581,6.03310451732173,5.918833069436122
005,2014-10-04 08:25:13,5.7,3,10.21450000000001,8.625199949195636,10.075,9.63823331639855,9.818741602731306,9.364672898887884
005,2014-10-04 08:30:13,6.3,3,8.691500000000001,6.826999543746233,8.868500000000001,8.128999847915411,8.361483917413771,7.777829319308889
005,2014-10-04 08:35:13,7.0,3,9.788500000000006,8.148749798159955,9.696500000000002,9.211249932719987,9.400646575920574,8.930303344389532
005,2014-10-04 08:40:13,7.8,3,5.7620000000000005,6.871879614940085,5.758500000000001,6.130793204980029,5.998598078091057,5.843817238799856
005,2014-10-04 08:45:00,11.1,3,7.335000000000001,6.899947496763973,7.330500000000001,7.188482498921324,7.239943428367301,7.114440288181995
005,2014-10-04 08:45:13,8.5,3,10.517500000000007,8.519978063686288,10.7095,9.915659354562097,10.164874110171468,9.538974732237657
005,2014-10-04 08:50:13,9.3,3,7.685499999999999,7.92848406492867,8.0145,7.876161354976223,7.8672770766018605,7.778919984666073
005,2014-10-04 08:55:13,9.9,3,5.541000000000004,6.556586197894537,5.468000000000001,5.85519539929818,5.729986136816299,5.569334817182116
005,2014-10-04 09:00:13,10.4,3,9.509500000000012,10.658355439633858,9.631499999999999,9.933118479877956,9.803921646553942,9.628241655559846
005,2014-10-04 09:05:13,10.8,3,5.959000000000003,5.682147592559523,5.929500000000001,5.856882530853176,5.888010420311088,5.809099008521498
005,2014-10-04 09:10:13,11.0,3,7.791500000000011,8.337034251061343,7.619000000000001,7.915844750353784,7.840480334020188,7.717862640820066
005,2014-10-04 09:15:13,11.1,3,6.984000000000001,6.455136387565455,6.8504999999999985,6.763212129188484,6.817982671890631,6.670004750517949
005,2014-10-04 09:20:13,11.1,3,6.707500000000001,6.720844420984793,6.496,6.641448140328265,6.626997466737496,6.567512362069504
005,2014-10-04 09:25:13,11.0,3,8.644500000000004,8.243320173638898,8.505,8.464273391212968,8.503495380292934,8.392613763156941
005,2014-10-04 09:30:13,10.9,3,9.15200000000001,8.563118374246955,9.184,8.966372791415653,9.03834643365708,8.860095758537945
005,2014-10-04 09:35:13,10.8,3,5.839500000000002,5.614797119941744,5.7595,5.737932373313915,5.7597873577621925,5.697748835155684
005,2014-10-04 09:40:13,10.7,3,7.549000000000009,7.319797949466843,7.548500000000001,7.472432649822284,7.499657989961789,7.433471171931165
005,2014-10-04 09:45:13,10.5,3,7.612500000000004,7.060389191240466,7.320000000000001,7.330963063746824,7.378827399749421,7.229831984868023
005,2014-10-04 09:50:13,10.3,3,10.069500000000003,10.080236725261573,10.437000000000001,10.195578908420526,10.216654153466774,10.122822455479998
005,2014-10-04 09:55:13,10.0,3,7.577500000000007,8.003331702222663,7.577500000000002,7.719443900740892,7.6688057723578105,7.609786363948721
005,2014-10-04 10:00:13,9.7,3,12.85249999999999,14.95545881951289,13.233500000000001,13.680486273170962,13.453584295106463,13.110742931325513
005,2014-10-04 10:05:13,9.3,3,5.573500000000003,4.73253237289392,5.669,5.325010790964641,5.430823632463743,5.163579748349356
005,2014-10-04 10:10:13,8.9,3,13.741499999999997,14.137409279469926,13.486999999999998,13.788636426489973,13.7260773995439,13.601851707952319
005,2014-10-04 10:15:13,8.5,3,8.056500000000003,6.593720782394865,7.834499999999999,7.494906927464956,7.655352085957069,7.240784985610551
005,2014-10-04 10:20:13,8.2,3,7.495500000000002,6.432480547246375,7.369000000000001,7.098993515748792,7.217709393736368,6.915190375044574
005,2014-10-04 10:25:13,7.9,3,6.059000000000003,6.728835129164923,5.8675000000000015,6.218445043054975,6.1271436709896285,5.9821204629820635
005,2014-10-04 10:30:13,7.7,3,7.645500000000001,8.753432040990022,7.9315,8.11014401366334,7.995788395312065,7.803665896051836
005,2014-10-04 10:35:13,7.5,3,9.000000000000002,7.1989320987176795,8.600499999999998,8.266477366239227,8.456354533254324,7.950433496274936
005,2014-10-04 10:40:13,7.3,3,9.714000000000004,8.245430263942671,9.663,9.207476754647558,9.379011025264903,8.956643914920063
005,2014-10-04 10:45:13,7.0,3,5.903499999999997,6.0029782388839115,5.9105,5.938992746294637,5.927588962002774,5.912857572622226
005,2014-10-04 10:50:13,6.8,3,6.058000000000004,5.761532022913992,6.201000000000001,6.006844007637999,6.05079625929641,5.928728431695272
005,2014-10-04 10:55:13,6.5,3,6.369499999999999,6.63251611116627,6.168499999999998,6.390172037055422,6.346670077231749,6.255442325369572
005,2014-10-04 11:00:13,6.2,3,5.9895,6.129612620103079,5.877999999999999,5.999037540034359,5.97559430142698,5.92579025438287
005,2014-10-04 11:05:13,5.9,3,6.446500000000001,5.636854843944802,6.5345,6.205951614648268,6.307583555144538,6.0512979721017786
005,2014-10-04 11:10:14,5.6,3,5.828,5.072384899717401,5.765,5.5551282999058005,5.641151119880962,5.425150086696172
005,2014-10-04 11:15:14,5.3,3,5.551000000000007,4.213140109481301,5.5455,5.1032133698271025,5.26197156317615,4.8757294363681565
005,2014-10-04 11:20:14,5.1,3,5.748500000000002,5.476841939999497,5.919,5.7147806466665,5.757455206061736,5.635547267598344
005,2014-10-04 11:25:00,3.6,3,5.320000000000004,4.882281264656548,5.2655,5.15592708821885,5.204663984844051,5.080182351705939
005,2014-10-04 11:25:14,4.8,3,5.986500000000003,5.344883366764397,6.0985000000000005,5.8099611222548,5.893071535462807,5.679206089090002
005,2014-10-04 11:30:14,4.7,3,7.141000000000004,5.514644833937735,7.150500000000002,6.602048277979247,6.796025452168914,6.323834332279146
005,2014-10-04 11:35:14,4.6,3,5.319500000000004,4.831286056975107,5.3675,5.172762018991704,5.2337378294469685,5.080488426811841
005,2014-10-04 11:40:14,4.6,3,5.696500000000001,5.389028254665385,5.754,5.613176084888463,5.653236594809706,5.549773955418242
005,2014-10-04 11:45:14,4.6,3,7.291000000000002,6.650005464214947,7.204000000000002,7.048335154738318,7.11926805246377,6.937235019982916
005,2014-10-04 11:50:14,4.7,3,7.483000000000003,8.45671523261097,7.417500000000001,7.785738410870324,7.66596443229047,7.513160158767316
005,2014-10-04 11:55:14,4.9,3,7.068,8.297349658787962,7.217,7.527449886262654,7.390323205028869,7.199846092161598
005,2014-10-04 12:00:14,5.2,3,11.308000000000003,10.047447410676472,11.669500000000001,11.008315803558824,11.180202536064527,10.723990802720479
005,2014-10-04 12:05:14,5.4,3,9.973000000000008,10.219127004476645,10.158,10.116709001492218,10.098692638630407,10.039633804939019
005,2014-10-04 12:10:14,5.7,3,10.543000000000008,9.689135136296063,10.528999999999998,10.25371171209869,10.354398252006272,10.108262081685485
005,2014-10-04 12:15:14,5.8,3,7.5205000000000055,9.153061108657845,7.431,8.03485370288595,7.835272799889301,7.584613617708575
005,2014-10-04 12:20:14,5.9,3,8.736000000000011,9.555618237051752,8.657,8.982872745683922,8.880602244230714,8.745476633315446
005,2014-10-04 12:25:14,6.0,3,8.672000000000004,8.707701903690916,8.745499999999998,8.70840063456364,8.708625515533942,8.68923295337428
005,2014-10-04 12:30:14,5.9,3,7.690500000000004,5.025697041961614,7.759500000000002,6.82523234732054,7.146316295020527,6.359011432477928
005,2014-10-04 12:35:14,5.9,3,9.699500000000006,7.709353045216155,9.237,8.881951015072055,9.0904809003982,8.532202080647208
005,2014-10-04 12:40:14,5.7,3,7.069000000000002,5.607004642077047,7.103000000000001,6.593001547359017,6.768923873395185,6.337965796835186
005,2014-10-04 12:45:14,5.5,3,8.730000000000006,8.226450456083143,8.801,8.585816818694383,8.650015176194724,8.486476184454784
005,2014-10-04 12:50:14,5.2,3,8.722000000000007,6.391751178654188,8.6015,7.905083726218064,8.17485816143902,7.506086478245576
005,2014-10-04 12:55:14,4.9,3,7.4840000000000035,5.011504534542144,7.570999999999999,6.688834844847382,6.988145180726782,6.251802080460683
005,2014-10-04 13:00:14,4.7,3,8.435000000000004,7.788222993814256,8.168,8.130407664604753,8.191080265525331,8.013826895333029
005,2014-10-04 13:05:14,4.4,3,10.082000000000008,8.047748880132401,9.7415,9.29041629337747,9.5116111215325,8.936221253454198
005,2014-10-04 13:10:14,4.2,3,7.654000000000001,8.777540737518496,7.988999999999999,8.140180245839497,8.026948774668439,7.826055588143096
005,2014-10-04 13:15:14,4.0,3,9.71350000000001,9.589682967373427,9.9505,9.751227655791146,9.780366227094135,9.684219179821042
005,2014-10-04 13:20:14,3.9,3,8.025499999999997,7.590938622251956,8.1635,7.926646207417318,7.986715840806782,7.826033797324123
005,2014-10-04 13:25:14,3.9,3,8.910500000000006,8.968958396773164,8.671999999999999,8.850486132257723,8.82902850438876,8.755932958835007
005,2014-10-04 13:30:14,3.9,3,8.357499999999996,10.68142617055395,8.2315,9.090142056851315,8.806126911105665,8.449699368160065
005,2014-10-04 13:35:14,4.1,3,8.756500000000006,8.507962950893496,9.0355,8.7666543169645,8.81317858759111,8.670305592393348
005,2014-10-04 13:40:14,4.2,3,7.752000000000005,6.9768488716146,8.099,7.609282957204869,7.722565858192821,7.410256045482212
005,2014-10-04 13:45:14,4.4,3,5.203500000000004,5.229426225123316,5.1995000000000005,5.2108087417077735,5.2074824160447735,5.20279905904429
005,2014-10-04 13:50:14,4.6,3,5.631000000000005,5.217267923244182,5.684000000000001,5.510755974414729,5.563178821260989,5.430169519901648
005,2014-10-04 13:55:14,4.9,3,6.636000000000004,5.780796125186321,6.769000000000001,6.395265375062109,6.505051949218575,6.224141725836565
005,2014-10-04 14:00:14,5.2,3,9.901000000000005,7.71152759475813,9.840500000000002,9.151009198252712,9.407692397760592,8.777433837771769
005,2014-10-04 14:05:14,5.6,3,10.359000000000005,10.969797395169387,10.483500000000001,10.604099131723132,10.539037969410519,10.437594619875778
005,2014-10-04 14:10:14,6.0,3,9.80600000000001,9.405093886368832,9.619000000000002,9.610031295456281,9.646331700248924,9.537231207414901
005,2014-10-04 14:15:14,6.4,3,11.884999999999998,10.36441180736689,12.191499999999998,11.480303935788962,11.67976781770101,11.162457966211186
005,2014-10-04 14:20:14,6.8,3,11.174500000000002,12.156357405176774,11.2305,11.520452468392259,11.407100105371535,11.26346540336015
005,2014-10-04 14:25:14,7.1,3,10.553000000000013,9.479589515808936,10.3005,10.111029838602983,10.223317827839375,9.92231231761026
005,2014-10-04 14:30:14,7.4,3,9.496000000000002,9.145927831308335,9.71,9.450642610436113,9.5052875966063,9.349646946900611
005,2014-10-04 14:35:14,7.5,3,10.395000000000007,10.716936897189388,10.830500000000002,10.647478965729798,10.635683467860725,10.518718919224323
005,2014-10-04 14:40:14,7.7,3,12.601999999999999,10.680783060812235,12.277000000000001,11.853261020270745,12.061957033427332,11.518661541491934
005,2014-10-04 14:45:14,7.8,3,9.155000000000006,9.240783772771199,8.8635,9.086427924257068,9.05849732133139,8.967171571853083
005,2014-10-04 14:50:00,6.7,3,7.400500000000002,5.681952809985914,7.367499999999999,6.816650936661972,7.01900627497122,6.523788487863681
005,2014-10-04 14:50:14,7.8,3,9.135500000000002,9.229994501575227,9.040499999999998,9.135331500525075,9.11831653784324,9.079331463246035
005,2014-10-04 14:55:14,7.9,3,9.969500000000007,9.603674449686912,9.6655,9.746224816562306,9.771237436580058,9.67646237114489
005,2014-10-04 15:00:14,8.0,3,8.955000000000007,7.905000878243513,8.868,8.57600029274784,8.695570308437,8.39539679705361
005,2014-10-04 15:05:14,8.3,3,7.645000000000009,6.584685161837667,7.571500000000001,7.267061720612559,7.388679532536923,7.085042594834292
005,2014-10-04 15:10:14,8.4,3,7.615500000000005,7.778671789898125,7.948499999999999,7.78089059663271,7.781740548027633,7.693853861502317
004,2014-10-01 08:24:56,11.8,4,9.669500000000006,9.932868412542101,9.613500000000002,9.738622804180702,9.70397070653376,9.654792887482165
004,2014-10-01 08:29:56,12.7,4,8.972500000000004,7.8797999294415515,8.495000000000001,8.44909997648052,8.549209212681047,8.268887574480143
004,2014-10-01 08:30:00,13.0,4,8.554499999999997,7.736587454009967,8.053999999999998,8.115029151336655,8.181162924455785,7.975449361193169
004,2014-10-01 08:34:56,13.3,4,7.204500000000007,7.273157646653659,7.08,7.185885882217889,7.1700926911068255,7.129138079837279
004,2014-10-01 08:39:56,13.8,4,7.446000000000007,7.268446259597961,7.45,7.388148753199322,7.409433915900573,7.360680739670414
004,2014-10-01 08:44:56,14.2,4,8.330500000000002,7.972810683568819,8.169500000000003,8.157603561189608,8.190085110958547,8.098458314338751
004,2014-10-01 08:49:56,14.7,4,7.178500000000001,7.095540013798466,7.0745,7.116180004599489,7.119613559227804,7.094287775111037
004,2014-10-01 08:54:56,15.1,4,9.171,7.15399171005615,8.789000000000001,8.371330570018717,8.586839140048571,8.055035425111015
004,2014-10-01 08:59:56,15.5,4,9.641000000000002,8.836345712084311,9.495500000000002,9.324281904028105,9.410679686342759,9.198326616917928
004,2014-10-01 09:04:56,15.8,4,8.811500000000008,7.776969737910818,8.618500000000001,8.402323245970276,8.513038467299706,8.24019035265811
004,2014-10-01 09:09:56,15.9,4,9.161000000000007,7.153551518406301,9.186,8.50018383946877,8.739593036438851,8.193299825989033
004,2014-10-01 09:14:56,15.7,4,8.446500000000002,8.62907378336773,8.369000000000002,8.48152459445591,8.455123808748251,8.411130672987854
004,2014-10-01 09:19:56,15.5,4,7.897999999999999,7.458893813089993,7.8424999999999985,7.733131271029997,7.7817492733056035,7.6651793147836065
004,2014-10-01 09:24:56,15.2,4,9.630000000000006,10.699777534923756,9.735,10.021592511641254,9.901288054392543,9.746623959883989
004,2014-10-01 09:29:56,14.8,4,7.860500000000001,7.7698597553398585,7.9545,7.86161991844662,7.878141957411623,7.830895480044376
004,2014-10-01 09:34:56,14.4,4,9.35050000000001,9.434035583195818,9.185500000000001,9.323345194398609,9.30329801057944,9.250007260084491
004,2014-10-01 09:39:56,14.2,4,11.001500000000005,10.68249394195608,11.2575,10.980497980652027,11.03404426148706,10.885955440960958
004,2014-10-01 09:44:56,14.0,4,10.359500000000004,9.913817837085995,10.156,10.143105945695332,10.183400106044722,10.069315986093732
004,2014-10-01 09:49:56,13.8,4,8.416500000000006,9.698578784055888,8.5725,8.895859594685298,8.75353548096095,8.56440334003371
004,2014-10-01 09:54:56,13.7,4,10.031000000000004,9.723425949636109,10.0865,9.946975316545371,9.98683478367392,9.89057099893735
004,2014-10-01 09:59:56,13.5,4,9.536000000000003,8.703456173936885,9.442499999999999,9.22731872464563,9.320219634596336,9.098866180979009
004,2014-10-01 10:04:56,13.4,4,10.238500000000005,10.659375012453857,10.454500000000001,10.450791670817955,10.41420585970816,10.331497403200466
004,2014-10-01 10:09:56,13.2,4,10.023000000000003,8.262253204546099,9.973500000000001,9.419584401515367,9.625178533207386,9.152775693191142
004,2014-10-01 10:14:56,12.9,4,8.181500000000007,7.164632364421114,7.959,7.76837745480704,7.875185291784372,7.607938500080024
004,2014-10-01 10:19:56,12.5,4,9.5325,9.639770489624858,9.369,9.513756829874952,9.490989451931602,9.434942718421807
004,2014-10-01 10:24:56,12.3,4,7.153499999999999,7.532609389685734,7.125499999999999,7.270536463228577,7.223891901603272,7.166570198560137
004,2014-10-01 10:29:56,12.0,4,10.936500000000008,10.569810757885774,10.909500000000001,10.805270252628594,10.847060202198291,10.749158555105176
004,2014-10-01 10:30:00,15.5,4,10.078500000000004,10.232308456786779,9.834999999999999,10.048602818928927,10.01540037759419,9.932717197362797
004,2014-10-01 10:34:56,11.7,4,8.976,9.239860067051625,8.895,9.036953355683876,9.000705320879518,8.945062531921579
004,2014-10-01 10:39:56,11.3,4,9.101500000000009,7.956731379507406,8.604999999999999,8.554410459835806,8.659520894691404,8.365733648929536
004,2014-10-01 10:44:56,11.0,4,6.525,7.6105310955278815,6.43,6.855177031842627,6.720704434395974,6.552775783955051
004,2014-10-01 10:49:56,10.7,4,8.293,9.635216830639035,8.46,8.796072276879679,8.647298716651687,8.448834196584361
004,2014-10-01 10:54:56,10.3,4,10.378000000000002,12.134841310295084,10.722999999999997,11.078613770098363,10.891657780440308,10.616066872178763
004,2014-10-01 10:59:56,10.0,4,9.743500000000004,10.503888392332232,10.047499999999998,10.098296130777412,10.026892495470575,9.888256602468074
004,2014-10-01 11:04:56,9.9,4,10.48650000000001,9.271073873903998,10.6355,10.13102462463467,10.284210449477186,9.920905800387454
004,2014-10-01 11:09:56,9.8,4,9.728500000000007,8.552290381209758,10.042000000000002,9.440930127069922,9.59958693982323,9.206839903759871
004,2014-10-01 11:14:56,9.7,4,8.047000000000002,8.153226872032535,7.8,8.000075624010845,7.9722960616981675,7.89501163567219
004,2014-10-01 11:19:56,9.7,4,8.045499999999999,8.04391783050265,7.7505000000000015,7.946639276834216,7.9286821450364,7.853187758237347
004,2014-10-01 11:24:56,9.7,4,8.479,8.704306135467714,8.534499999999998,8.572602045155904,8.549318163921393,8.512566541631537
004,2014-10-01 11:29:56,9.5,4,8.623000000000001,8.978700250454414,8.705,8.768900083484803,8.73179516192782,8.674477119480919
004,2014-10-01 11:34:56,9.3,4,8.677000000000001,8.774918578352006,8.542,8.664639526117336,8.644733251682306,8.597219634043569
004,2014-10-01 11:39:56,9.1,4,8.023000000000001,7.6068300451047195,7.7574999999999985,7.795776681701573,7.828760365500051,7.724400830260757
004,2014-10-01 11:44:56,8.9,4,9.060500000000005,8.517371765031614,9.078,8.885290588343873,8.950724648902796,8.800311148338718
004,2014-10-01 11:49:56,8.7,4,9.816000000000006,9.40524702346147,9.775,9.665415674487159,9.711565832207883,9.602208949237973
004,2014-10-01 11:54:56,8.4,4,9.018500000000003,8.867482645479663,9.074000000000002,8.986660881826555,9.007969248262945,8.95383568473735
004,2014-10-01 11:59:56,8.3,4,9.572500000000003,8.659819332649086,9.618500000000001,9.283606444216364,9.394583373509104,9.137792035696382
004,2014-10-01 12:00:00,10.0,4,10.805500000000004,9.78797992756705,10.407,10.333493309189018,10.429553197401999,10.167191387991707
004,2014-10-01 12:04:56,8.3,4,7.581500000000002,7.939282002877559,7.485,7.668594000959186,7.620263376481298,7.548227352111623
004,2014-10-01 12:09:56,8.2,4,7.705500000000006,8.143293889438876,7.7410000000000005,7.863264629812961,7.813571984455309,7.75121228747429
004,2014-10-01 12:14:56,8.0,4,8.196000000000003,9.276577903394296,7.9064999999999985,8.459692634464766,8.313843821586925,8.096779014346376
004,2014-10-01 12:19:56,7.8,4,9.385000000000002,8.897475748556372,9.26,9.18082524951879,9.23090577694065,9.103304610129515
004,2014-10-01 12:24:56,7.7,4,7.830499999999996,8.330385832145113,7.9315,8.030795277381703,7.977773799494454,7.899003331555404
004,2014-10-01 12:29:56,7.4,4,8.978000000000009,7.875442845919472,9.232,8.695147615306494,8.841417343634742,8.482957117929104
004,2014-10-01 12:34:56,7.3,4,8.139000000000003,8.031473555518719,7.9825,8.050991185172906,8.054106603411274,8.015725315691096
004,2014-10-01 12:39:56,7.1,4,9.792500000000008,10.902068879056175,9.658500000000002,10.117689626352062,9.977969905830202,9.796877321721684
004,2014-10-01 12:44:56,7.0,4,9.917500000000008,9.58426082904069,9.987,9.829586943013567,9.873348684816559,9.766774388746452
004,2014-10-01 12:49:56,7.1,4,8.439000000000005,8.709961995980512,8.327000000000002,8.491987331993506,8.45299103623503,8.38847279718896
004,2014-10-01 12:54:56,7.2,4,7.609499999999998,8.067229873291451,7.904,7.86024329109715,7.824118694762691,7.726711408276531
004,2014-10-01 12:59:56,7.4,4,7.934000000000001,8.013154179144243,7.88,7.942384726381415,7.929684008631967,7.905388566672897
004,2014-10-01 13:04:56,7.8,4,9.345500000000008,8.790985166564523,9.43,9.188828388854844,9.259732677464408,9.089964920458069
004,2014-10-01 13:09:56,8.1,4,9.457500000000007,9.139349328204629,9.4005,9.332449776068211,9.366642959507773,9.282665889018704
004,2014-10-01 13:14:56,8.5,4,10.042000000000009,9.493805194359132,10.02,9.85193506478638,9.915539953346281,9.768650449164282
004,2014-10-01 13:19:56,9.0,4,9.6475,10.171098335077646,9.793,9.870532778359214,9.817438568613822,9.7299625406794
004,2014-10-01 13:24:56,9.5,4,9.318000000000001,9.070251435153693,9.6585,9.348917145051232,9.399217162332038,9.24975917297051
004,2014-10-01 13:29:56,9.9,4,9.845499999999998,10.337497126174394,9.915,10.032665708724798,9.978641523452204,9.904856460814365
004,2014-10-01 13:30:00,4.5,4,11.403000000000006,13.097522801607889,12.137999999999998,12.212840933869296,12.05725713171219,11.741107589313145
004,2014-10-01 13:34:56,10.4,4,9.997000000000003,9.797094738099624,10.5185,10.104198246033208,10.159961891781508,9.979371298955018
004,2014-10-01 13:39:56,10.7,4,9.799,9.93328709067077,10.211500000000001,9.981262363556924,9.990721788223908,9.888508950204677
004,2014-10-01 13:44:56,10.9,4,9.571000000000003,10.669795551115152,10.398999999999996,10.21326518370505,10.133991923945738,9.88501571120279
004,2014-10-01 13:49:56,11.0,4,9.650000000000004,9.076691812125112,9.573,9.433230604041706,9.49642839578642,9.34436217370235
004,2014-10-01 13:54:56,10.8,4,10.021500000000009,10.377985838854158,9.997,10.132161946284723,10.088413425069975,10.034980665117525
004,2014-10-01 13:59:56,10.4,4,10.105000000000004,10.5003024813941,10.231000000000002,10.278767493798036,10.239676242111468,10.171613096648628
004,2014-10-01 14:04:56,9.8,4,10.078000000000005,9.61896184523231,10.2225,9.973153948410772,10.036435208983715,9.87777260622145
004,2014-10-01 14:09:56,9.2,4,9.484500000000011,9.305009841305262,9.2135,9.334336613768425,9.338936764249116,9.272369685862298
004,2014-10-01 14:14:56,8.5,4,10.862000000000013,11.07312280341413,10.889499999999998,10.941540934471382,10.918215499187623,10.886844046122286
004,2014-10-01 14:19:56,7.9,4,9.737000000000004,10.925829534465386,10.407,10.356609844821795,10.256949926914956,10.015834249035604
004,2014-10-01 14:24:56,7.4,4,8.205000000000002,8.922268920594655,7.9175,8.348256306864887,8.245580608999019,8.077091286283729
004,2014-10-01 14:29:56,7.0,4,7.804000000000005,9.262128577807944,7.974499999999999,8.346876192602648,8.18458300784813,7.970346118161164
004,2014-10-01 14:34:56,6.7,4,7.463000000000005,7.586874903942293,7.4384999999999994,7.496124967980767,7.4799395532329545,7.457279755018937
004,2014-10-01 14:39:56,6.4,4,9.816500000000007,9.617463968695807,9.818999999999999,9.750987989565271,9.7747264239366,9.720556954396084
004,2014-10-01 14:44:56,6.2,4,11.156500000000005,11.121072712193385,11.300500000000001,11.192690904064463,11.205745871324075,11.161200723992192
004,2014-10-01 14:49:56,6.0,4,7.311999999999999,7.89120173157042,7.403499999999999,7.535567243856806,7.472562953568459,7.384488282202957
004,2014-10-01 14:54:56,5.8,4,8.468000000000007,9.399578104460286,8.514999999999999,8.794192701486764,8.686696695863867,8.557573394776401
004,2014-10-01 14:59:56,5.6,4,7.973500000000004,8.231082001720349,8.099,8.101194000573452,8.078391108792179,8.02861008336983
004,2014-10-01 15:04:56,5.3,4,9.276,11.373747091714026,9.034500000000001,9.894749030571342,9.631323650202004,9.291981625386182
004,2014-10-01 15:09:56,5.1,4,8.656,8.193012427117637,8.3535,8.40083747570588,8.437093023075969,8.321198490285562
004,2014-10-01 15:14:56,4.9,4,7.479500000000001,7.857958493208277,7.5905,7.642652831069426,7.604634891325803,7.540677137125215
004,2014-10-01 15:19:56,4.7,4,7.52000000000001,7.4254137265115325,7.621000000000001,7.522137908837181,7.539558080416713,7.4895477592260935
004,2014-10-01 15:24:56,4.6,4,10.697000000000001,9.984528251603423,10.7445,10.475342750534475,10.562688293382154,10.359409514169231
004,2014-10-01 15:29:56,4.4,4,9.866000000000003,8.563737270050748,9.555,9.328245756683584,9.46342794741661,9.121924506083694
004,2014-10-01 15:34:56,4.4,4,8.076999999999998,8.311231294821065,7.9879999999999995,8.12541043160702,8.09218118486167,8.038410119196508
004,2014-10-01 15:39:56,4.3,4,8.0015,8.079951293903145,8.088000000000001,8.05648376463438,8.052508089876337,8.030355484263278
004,2014-10-01 15:44:56,4.3,4,7.916500000000003,8.015507584648258,7.7635000000000005,7.8985025282160874,7.877360083818421,7.825094449985101
004,2014-10-01 15:49:56,4.2,4,7.532500000000002,7.875702443626772,7.468,7.625400814542258,7.580766015917417,7.518850682118856
004,2014-10-01 15:54:56,4.2,4,8.680000000000001,7.932377419222636,8.754,8.45545913974088,8.548599800943583,8.329418665050287
004,2014-10-01 15:59:56,4.1,4,8.951000000000002,8.503831591092878,8.873000000000001,8.775943863697627,8.824133283651596,8.706040685389457
004,2014-10-01 16:04:56,4.1,4,7.896999999999996,8.155245088850531,7.9595,8.003915029616842,7.97715861505159,7.935173425744399
004,2014-10-01 16:09:56,4.1,4,9.026500000000004,8.53462368400034,8.9615,8.840874561333449,8.895161213458138,8.764663693739633
004,2014-10-01 16:14:56,4.1,4,7.431500000000007,7.399194060207998,7.499499999999999,7.443398020069335,7.451408581267798,7.426181685981973
004,2014-10-01 16:19:56,4.1,4,7.9925000000000015,7.446609883669847,8.022,7.820369961223283,7.886869375250098,7.732795014720006
004,2014-10-01 16:24:56,4.2,4,9.665500000000003,10.234018414098038,9.574,9.82450613803268,9.751511952663416,9.652876813699276
004,2014-10-01 16:29:56,4.4,4,8.098000000000003,7.950601063828024,8.096000000000002,8.048200354609342,8.065543297234363,8.025934983110083
004,2014-10-01 16:34:56,4.5,4,8.3265,8.590725446517046,8.4905,8.469241815505681,8.448019737727112,8.392542096284792
004,2014-10-01 16:39:56,4.6,4,9.029000000000007,9.153034390937869,8.821,9.001011463645959,8.973520588011006,8.903864225676383
004,2014-10-01 16:44:56,4.6,4,9.917000000000007,10.465226064147215,10.158000000000001,10.180075354715742,10.129936828687194,10.027252233902018
004,2014-10-01 16:49:56,4.6,4,7.949000000000001,8.94553199629627,7.681,8.191843998765423,8.057276563815455,7.856834438090421
004,2014-10-01 16:54:56,4.4,4,8.245499999999998,9.621491566420572,8.157,8.674663855473524,8.506173098689693,8.301482338277069
004,2014-10-01 16:59:56,4.3,4,10.759000000000004,9.10817997560427,10.917,10.261393325201425,10.466724478059586,9.984064848659271
004,2014-10-01 17:04:56,4.1,4,9.066500000000001,9.484350175251874,9.083499999999997,9.21145005841729,9.16298275031726,9.105576494291622
004,2014-10-01 17:09:56,3.9,4,9.026499999999999,9.212236482838833,9.0265,9.088412160946277,9.066403417233431,9.041831650295665
004,2014-10-01 17:14:56,3.8,4,9.959500000000007,9.72142308754838,10.373500000000002,10.018141029182795,10.071815785003206,9.907090044743722
004,2014-10-01 17:19:56,3.6,4,8.228500000000002,7.520019880559914,8.435,8.061173293519973,8.157825487776632,7.9169623676213945
004,2014-10-01 17:24:56,3.4,4,8.577000000000004,9.908676805471263,8.407499999999999,8.964392268490421,8.796170485863307,8.576606525396262
004,2014-10-01 17:29:56,3.3,4,8.44650000000001,8.903888594390338,8.5585,8.636296198130117,8.588986986044548,8.514462140700978
004,2014-10-01 17:34:56,3.3,4,8.855000000000006,8.25167457380696,8.747,8.617891524602323,8.682739470966895,8.52348680192127
004,2014-10-01 17:39:56,3.2,4,7.455500000000002,7.234372693608353,7.365,7.351624231202784,7.372260194001812,7.315355846742698
004,2014-10-01 17:44:56,3.2,4,10.204499999999996,10.387964166378607,10.215,10.269154722126201,10.248061060424591,10.22247598024938
004,2014-10-01 17:49:56,3.1,4,11.033,9.470847749245896,11.1995,10.567782583081966,10.763129907032825,10.302264586886498
004,2014-10-01 17:54:56,3.0,4,10.8135,11.307529482328347,11.020999999999999,11.047343160776116,11.001566139668236,10.910243462212772
004,2014-10-01 17:59:56,2.9,4,10.958000000000002,9.623645233988448,10.7195,10.43371507799615,10.577159265709474,10.224935086321848
004,2014-10-01 18:04:56,2.8,4,10.318499999999998,9.867427508562065,10.565,10.250309169520689,10.318920272739872,10.137601473151111
004,2014-10-01 18:09:56,2.7,4,10.135499999999997,11.096956496286126,10.6475,10.626652165428707,10.544216562096173,10.352952369044731
004,2014-10-01 18:14:56,2.6,4,8.479500000000002,9.521829393067323,8.476,8.825776464355775,8.70205093368437,8.563261329627482
004,2014-10-01 18:19:56,2.4,4,8.811000000000002,8.666131585749559,9.174500000000002,8.883877195249854,8.92340114944835,8.796036632389738
004,2014-10-01 18:24:56,2.4,4,9.717500000000008,8.959979760275038,9.4515,9.37632658675835,9.449727633690113,9.253523337785438
004,2014-10-01 18:29:56,2.3,4,7.889999999999998,7.905445115638373,7.841000000000001,7.878815038546125,7.873971027459003,7.859383878793411
004,2014-10-01 18:34:56,2.3,4,9.754000000000008,7.449003378371211,9.3175,8.840167792790409,9.08644924402342,8.478713418311619
004,2014-10-01 19:34:56,5.7,4,9.29000000000001,9.169900137817205,9.204999999999998,9.221633379272404,9.230636439250539,9.200760960352603
004,2014-10-01 19:39:56,6.1,4,9.05200000000001,8.344596997553673,8.950500000000002,8.782365665851229,8.85994602461276,8.672498642867504
004,2014-10-01 19:44:56,6.4,4,6.980500000000004,6.544088374320445,7.0985000000000005,6.8743627914401495,6.93333299417831,6.787202392932818
004,2014-10-01 19:49:56,6.6,4,10.118500000000006,8.671594207304144,9.834499999999998,9.541531402434716,9.695513687502055,9.314309710231827
004,2014-10-01 19:54:56,6.8,4,10.529499999999999,8.668553185848909,10.357000000000001,9.851684395282968,10.061586293990052,9.565755746612268
004,2014-10-02 07:24:56,10.3,4,10.094000000000007,10.871391491357164,9.6755,10.213630497119057,10.095773170832825,9.885794392586813
004,2014-10-02 07:29:56,10.1,4,6.963500000000003,7.4529745543141175,7.036500000000001,7.150991518104707,7.097481518650646,7.023592200918323
004,2014-10-02 07:34:56,9.9,4,8.285000000000005,8.201900863802713,8.584,8.356966954600905,8.385204380362167,8.290144522704797
004,2014-10-02 07:39:56,9.7,4,9.644500000000003,9.366007223780459,9.751,9.587169074593488,9.626719436727443,9.52588167500318
004,2014-10-02 07:44:56,9.5,4,8.9835,8.891162026869443,9.165000000000001,9.013220675623147,9.03532576188284,8.966348080207542
004,2014-10-02 07:49:56,9.3,4,8.330000000000009,8.129395923787015,8.3395,8.26629864126234,8.29065343033447,8.234360044812863
004,2014-10-02 07:54:56,9.0,4,12.051000000000005,11.7287930071076,12.0205,11.933431002369202,11.969734776927886,11.883904170548929
004,2014-10-02 07:59:56,8.7,4,9.493500000000008,9.198552230643061,9.4155,9.369184076881025,9.399336194779625,9.32220696242509
004,2014-10-02 08:00:00,8.8,4,10.206000000000007,8.782394401825949,10.117,9.701798133941987,9.865013369928072,9.484472729688008
004,2014-10-02 08:04:56,8.4,4,9.882000000000009,11.06351195680964,9.8675,10.271003985603215,10.130109513909792,9.97009096529279
004,2014-10-02 08:09:56,8.0,4,9.521000000000004,12.102394440692368,9.5315,10.384964813564125,10.079729705647873,9.736913552002937
004,2014-10-02 08:14:56,7.6,4,11.71700000000001,10.026146756759347,11.654000000000002,11.132382252253121,11.328864038850602,10.875658084981445
004,2014-10-02 08:19:56,7.3,4,9.43900000000001,9.686433412294049,9.4235,9.516311137431353,9.486038288682552,9.449336451727413
004,2014-10-02 08:24:56,7.1,4,11.108500000000006,9.89407542794964,11.025500000000001,10.676025142649882,10.814822629410271,10.490401172425319
004,2014-10-02 08:29:56,7.1,4,9.872,9.667955944993949,9.991,9.84365198166465,9.875149422402124,9.791307007851959
004,2014-10-02 08:34:56,7.3,4,8.474500000000004,8.65129669766182,8.6405,8.588765565887275,8.578026324552244,8.53386468427554
004,2014-10-02 08:39:56,7.8,4,8.267500000000005,9.636206572003573,8.210500000000001,8.704735524001194,8.539045473993593,8.343382380622476
004,2014-10-02 08:44:56,8.5,4,12.808000000000007,10.742928507879707,12.609000000000002,12.05330950262657,12.285769104694452,11.735769503464713
004,2014-10-02 08:49:56,9.3,4,9.66150000000001,10.641138734685779,9.745,10.015879578228597,9.904933665397165,9.764884787191182
004,2014-10-02 08:54:56,10.2,4,9.777500000000007,9.756495329681643,9.71,9.747998443227218,9.746335647412277,9.729384463211492
004,2014-10-02 08:59:56,11.1,4,8.885999999999994,8.033283310451187,8.8585,8.59259443681706,8.691945191369514,8.463265406588224
004,2014-10-02 09:04:56,12.0,4,9.142000000000003,9.132610907096597,9.064,9.112870302365534,9.109185299904215,9.089364420092675
004,2014-10-02 09:09:56,12.8,4,7.691999999999998,7.414396817000989,7.812,7.639465605666996,7.679740902499692,7.575860208697711
004,2014-10-02 09:14:56,13.5,4,11.299999999999997,10.073835119521387,11.1525,10.842111706507128,10.978333143378054,10.652606887250151
004,2014-10-02 09:19:56,14.2,4,7.916000000000009,7.700523360187148,7.978000000000001,7.864841120062386,7.894187351013868,7.821127079217703
004,2014-10-02 09:24:56,14.8,4,8.169999999999998,7.778941084974561,8.424000000000001,8.124313694991521,8.18627482569712,8.019282477114817
004,2014-10-02 09:29:56,15.3,4,11.124000000000008,11.05585884785289,10.9795,11.053119615950967,11.052306181188376,11.016380673835256
004,2014-10-02 09:34:56,15.8,4,12.078000000000001,11.844716038202558,12.365,12.09590534606752,12.141200755380087,12.00864300326385
004,2014-10-02 09:39:56,16.4,4,9.313500000000007,9.566961021661314,9.3815,9.420653673887108,9.394802434107664,9.35276189960126
004,2014-10-02 09:44:56,16.9,4,9.2245,8.918555406626147,9.101999999999999,9.081685135542047,9.11040324782799,9.031594228620555
004,2014-10-02 09:49:56,17.4,4,8.123500000000002,8.27786370232403,8.037500000000001,8.146287900774679,8.122707042507463,8.080269947588315
004,2014-10-02 09:54:56,18.0,4,8.869500000000007,8.558924315407394,9.023000000000001,8.817141438469134,8.863384283603157,8.74248548632699
004,2014-10-02 09:59:56,18.6,4,8.989499999999998,7.97020343104429,8.8835,8.614401143681429,8.728662379116816,8.457412205477388
004,2014-10-02 10:04:56,19.1,4,7.723000000000004,8.372943815353274,7.650000000000001,7.915314605117761,7.833809843355101,7.729138582672646
004,2014-10-02 10:09:56,19.5,4,8.238000000000001,8.426380507154501,8.055,8.239793502384835,8.206215647460217,8.13444662630388
004,2014-10-02 10:14:56,19.8,4,9.019,7.6355091676438995,8.9345,8.529669722547967,8.688408363321653,8.318533426000501
004,2014-10-02 10:19:56,19.8,4,7.770000000000002,8.434237897134812,7.555500000000002,7.919912632378272,7.828010839014773,7.6852249738858465
004,2014-10-02 10:24:56,19.6,4,7.158500000000004,6.798456067096367,7.2855,7.080818689032124,7.1312933078449205,7.003525432472696
004,2014-10-02 10:29:56,19.2,4,7.128000000000003,6.964375526843985,7.009499999999999,7.033958508947996,7.0460585044543835,7.005433557256298
004,2014-10-02 10:34:56,18.6,4,6.988000000000002,6.84151925731458,6.984000000000001,6.937839752438195,6.954950879918583,6.915647162760935
004,2014-10-02 10:39:56,17.8,4,8.135,8.615701194399461,8.195,8.315233731466487,8.261963733545116,8.19086184208826
004,2014-10-02 10:44:56,16.9,4,7.5535000000000005,8.44688173535404,7.38,7.793460578451346,7.676928303631526,7.514324032283536
004,2014-10-02 10:49:56,15.9,4,8.762999999999998,8.832301040818557,8.5315,8.708933680272851,8.686482985156234,8.618051568855147
004,2014-10-02 10:54:56,15.0,4,7.977500000000004,8.144006489041448,7.944000000000001,8.021835496347151,8.000044910687869,7.969441248492862
004,2014-10-02 10:59:56,14.2,4,7.123999999999999,7.829044421896975,7.158499999999999,7.370514807298991,7.289092948013239,7.191502824540738
004,2014-10-02 11:04:56,13.5,4,8.741000000000012,9.060211455757461,8.742,8.847737151919159,8.80997387089589,8.7676190698002
004,2014-10-02 11:09:56,12.9,4,8.285999999999998,8.040558237598628,8.3055,8.210686079199542,8.240968957087123,8.170178164209531
004,2014-10-02 11:14:56,12.3,4,7.496500000000002,7.639499370049063,7.5809999999999995,7.572333123349689,7.560585845040746,7.531093949894028
004,2014-10-02 11:19:56,11.8,4,7.161000000000002,8.293647011988075,7.003000000000001,7.485882337329358,7.341951814302707,7.151662208523419
004,2014-10-02 11:24:56,11.4,4,8.1625,7.861360449351945,8.161999999999999,8.061953483117314,8.097606097130866,8.016582254197555
004,2014-10-02 11:29:56,11.0,4,7.118499999999999,6.912444042176962,6.970999999999998,7.000648014058986,7.015992197873517,6.9647825591230905
004,2014-10-02 11:34:56,10.7,4,8.311000000000005,8.323427152094048,8.3825,8.338975717364685,8.341900930157292,8.324339120751253
004,2014-10-02 11:39:56,10.3,4,7.553999999999998,8.278332126515496,7.517500000000001,7.783277375505165,7.695203022272515,7.59003455009246
004,2014-10-02 11:44:56,10.0,4,8.069000000000003,8.393624272435812,8.1325,8.198374757478605,8.163814284739171,8.112922411643169
004,2014-10-02 11:49:56,9.7,4,7.511500000000001,7.968626591730422,7.5409999999999995,7.67370886391014,7.62135635757103,7.557189880913953
004,2014-10-02 11:54:56,9.4,4,8.091999999999999,8.666732684021122,8.185,8.314577561340373,8.252195089144891,8.16452394085411
004,2014-10-02 11:59:56,9.2,4,8.520000000000005,8.36631996209995,8.411999999999999,8.432773320699985,8.444340780854475,8.406090024714626
004,2014-10-02 12:04:56,8.9,4,8.820000000000004,9.23272859522491,8.851500000000001,8.968076198408305,8.921107622870931,8.862564449845127
004,2014-10-02 12:09:56,8.6,4,7.782,8.89355430627731,7.823,8.166184768759104,8.036993537878692,7.8848113338377335
004,2014-10-02 12:14:56,8.3,4,7.1525000000000025,8.219188796302904,7.349000000000001,7.573562932100969,7.459252377751366,7.2935469739014955
004,2014-10-02 12:19:56,7.9,4,7.306500000000001,8.50488331560712,7.3660000000000005,7.725794438535707,7.587452333656281,7.421468185346573
004,2014-10-02 12:24:56,7.5,4,6.484500000000002,7.311355382700614,6.459,6.751618460900205,6.652072248759589,6.536156563391938
004,2014-10-02 12:29:56,7.2,4,6.843000000000003,7.247939211212579,6.863,6.9846464037375275,6.93789349477181,6.881819870435905
004,2014-10-02 12:34:56,6.9,4,7.326000000000001,6.844728598310038,7.1975,7.122742866103347,7.17186719045256,7.0460493341011965
004,2014-10-02 12:39:56,6.5,4,8.097500000000004,8.557500618884108,8.0475,8.234166872961369,8.176583991677033,8.102928952594574
004,2014-10-02 12:44:56,6.2,4,7.559499999999999,8.203785718054656,7.548000000000001,7.770428572684885,7.69337695399534,7.605198044644926
004,2014-10-02 12:49:56,5.9,4,7.1880000000000015,6.728705858425757,7.093500000000001,7.003401952808585,7.052013336849575,6.931132068019149
004,2014-10-02 12:54:56,5.8,4,8.106000000000005,7.182146470656916,7.962,7.750048823552308,7.850663316005775,7.606189980932841
004,2014-10-02 12:59:56,5.7,4,7.137000000000001,5.8224793331295315,7.283000000000002,6.747493111043178,6.912236568245664,6.5229944686056704
004,2014-10-02 13:04:56,5.7,4,7.421500000000001,6.555152041321695,7.406499999999999,7.1277173471072315,7.229452170907477,6.9967447261775355
004,2014-10-02 13:09:56,5.9,4,7.264000000000002,5.74845580307596,7.256500000000001,6.7563186010253204,6.9354408843279245,6.527815706256013
004,2014-10-02 13:14:56,6.1,4,7.147000000000003,7.32291225703146,6.917500000000001,7.129137419010488,7.094176900005086,7.012153485390114
004,2014-10-02 13:19:56,6.3,4,7.612000000000006,6.829545321138538,7.5235,7.321681773712849,7.408954933119833,7.200936963754604
004,2014-10-02 13:24:56,6.4,4,7.160500000000001,6.425528116319462,7.351499999999999,6.979176038773154,7.078013999382901,6.833790404463534
004,2014-10-02 13:29:56,6.4,4,7.258500000000003,6.780451883668455,7.2335,7.090817294556153,7.1459256677844625,7.0179992620618314
004,2014-10-02 13:34:56,6.4,4,8.4695,8.268546300203202,8.601999999999999,8.446682100067733,8.478643697406708,8.392350587277672
004,2014-10-02 13:39:56,6.3,4,10.359000000000012,9.927633921751445,10.1485,10.14504464058382,10.183211874181318,10.073181559212982
004,2014-10-02 13:40:00,5.6,4,8.927500000000009,8.305129473430862,8.947000000000001,8.72654315781029,8.801490005004142,8.629265721022245
004,2014-10-02 13:44:56,6.2,4,9.995000000000003,9.029157311551785,9.9485,9.657552437183929,9.769139359663498,9.51056309020274
004,2014-10-02 13:49:56,6.1,4,8.291500000000003,8.167638201761806,8.1415,8.200212733920603,8.205663597529295,8.169201858192405
004,2014-10-02 13:54:56,6.0,4,6.715500000000002,7.7973494348983605,6.619999999999999,7.04428314496612,6.910216050320826,6.742646461852393
004,2014-10-02 13:59:56,6.1,4,7.656000000000002,8.561115777348519,7.607,7.94137192578284,7.831106872565793,7.698821898374558
004,2014-10-02 14:04:56,6.2,4,7.488000000000003,8.322595916057361,7.494999999999999,7.7685319720191215,7.670067532050239,7.558779797591986
004,2014-10-02 14:09:56,6.4,4,8.200999999999995,8.269292148381787,7.9914999999999985,8.15393071612726,8.132952726536695,8.070286716208905
004,2014-10-02 14:14:56,6.7,4,8.187500000000002,8.3078145099812,8.125000000000002,8.206771503327069,8.18867070371779,8.156754033993092
004,2014-10-02 14:19:56,6.9,4,9.148500000000006,10.18756377812179,9.203000000000001,9.513021259373934,9.393250100842652,9.24896860320602
004,2014-10-02 14:24:56,7.2,4,7.992000000000002,8.195132950384215,7.916,8.034377650128073,8.005632977814074,7.959303989362757
004,2014-10-02 14:29:56,7.3,4,8.602500000000006,9.220398271114485,8.9465,8.923132757038163,8.871073697415891,8.746282916184626
004,2014-10-02 14:34:56,7.4,4,7.714500000000002,8.387176060618774,7.925999999999999,8.009225353539591,7.942525731721511,7.8270686936604825
004,2014-10-02 14:39:56,7.4,4,9.476500000000001,9.389876637600047,9.519499999999999,9.461958879200017,9.474868075082739,9.44110246075801
004,2014-10-02 14:44:56,7.4,4,8.822500000000005,8.615178091000711,8.5875,8.675059363666906,8.68517167979774,8.628255925419452
004,2014-10-02 14:49:56,7.4,4,8.231500000000008,8.564575951574131,8.261000000000001,8.352358650524714,8.314705457453979,8.266950099236388
004,2014-10-02 14:54:56,7.3,4,10.678000000000003,9.734304150065569,10.589,10.333768050021858,10.44011664089403,10.188722210247214
004,2014-10-02 14:59:56,7.1,4,8.442500000000006,8.149050738114067,8.752,8.447850246038024,8.501658820866624,8.347439729800723
004,2014-10-02 15:04:56,7.0,4,8.773000000000003,8.681640886509971,8.441500000000001,8.632046962169992,8.62248288953618,8.539049173427488
004,2014-10-02 15:09:56,6.9,4,8.604499999999998,8.742218108205467,8.5435,8.630072702735156,8.610001933930672,8.576166873392944
004,2014-10-02 15:14:56,6.8,4,9.9425,9.177503573229801,10.103,9.7410011910766,9.841520925457605,9.596633195765754
004,2014-10-02 15:19:56,6.6,4,8.23,8.397547700856096,8.3155,8.3143492336187,8.299754621328987,8.266890000771287
004,2014-10-02 15:24:56,6.5,4,8.615500000000004,8.262888518391097,8.754,8.544129506130368,8.59443075292013,8.465866933166062
004,2014-10-02 15:29:56,6.3,4,8.180499999999997,8.202396881893614,8.2545,8.21246562729787,8.214422497480538,8.196117486986946
004,2014-10-02 15:34:56,6.2,4,9.041,8.5574459100384,9.045,8.881148636679468,8.93869314469922,8.807593682683482
004,2014-10-02 15:39:56,6.1,4,8.2985,8.075329032842829,8.4505,8.274776344280943,8.310569954137934,8.213556923891566
004,2014-10-02 15:44:56,5.9,4,8.165499999999998,8.626193754845835,8.27,8.353897918281943,8.305735759355347,8.23171218095209
004,2014-10-02 15:49:56,5.8,4,10.994500000000002,10.09747134873252,10.585,10.558990449577507,10.64009619356222,10.410475537124462
004,2014-10-02 15:54:56,5.6,4,7.353000000000006,8.382625954049661,7.3455,7.69370865134989,7.571242379177515,7.433109371760444
004,2014-10-02 15:59:56,5.4,4,9.094000000000014,9.344295401344548,8.889,9.109098467114853,9.066830883047317,8.981238975463011
004,2014-10-02 16:04:56,5.3,4,10.107000000000006,9.365313952277663,9.9345,9.80227131742589,9.879547019170099,9.684915366086354
004,2014-10-02 16:09:56,5.2,4,8.613000000000007,7.883478355469627,8.600500000000002,8.365659451823213,8.45133488368263,8.255376228913978
004,2014-10-02 16:14:56,5.1,4,9.152500000000002,10.006018340082326,9.176,9.44483944669411,9.345147672385128,9.229291878922163
004,2014-10-02 16:19:56,5.1,4,8.536500000000006,7.888578054670048,8.687,8.370692684890017,8.456724670613644,8.245773645633506
004,2014-10-02 16:24:56,5.2,4,7.753999999999996,8.641647166587479,7.9725,8.122715722195824,8.0309737659367,7.886201453483691
004,2014-10-02 16:29:56,5.4,4,8.799000000000008,8.622080368547733,8.418999999999999,8.613360122849246,8.610951400430586,8.516440423826575
004,2014-10-02 16:34:56,5.8,4,11.210000000000004,10.523759079796164,11.132999999999997,10.955586359932056,11.032166054492148,10.849709046697239
004,2014-10-02 16:39:56,6.3,4,8.271500000000003,8.425924094557777,8.318500000000002,8.338641364852593,8.323233801779764,8.29692308179757
004,2014-10-02 16:44:56,6.8,4,10.619500000000016,10.219056606521741,10.633,10.490518868840585,10.538799537947355,10.427755811539022
004,2014-10-02 16:49:56,7.4,4,7.979500000000004,9.435007308267203,8.103499999999999,8.50600243608907,8.34115977463478,8.133088479289201
004,2014-10-02 16:54:56,7.9,4,9.419,8.98972009977749,9.087,9.165240033259163,9.195686947243203,9.089711542770257
004,2014-10-02 16:59:56,8.4,4,8.483999999999996,8.008647473151099,8.701,8.397882491050366,8.467556182874569,8.286875990133721
004,2014-10-02 17:00:00,6.6,4,8.866000000000005,8.620639402726608,8.8855,8.790713134242205,8.820986394512005,8.750217443592547
004,2014-10-02 17:04:56,8.8,4,8.310500000000003,8.097698542154363,8.529499999999999,8.312566180718122,8.351252040444134,8.240739435527273
004,2014-10-02 17:09:56,9.3,4,11.337500000000002,10.008179477048254,11.173,10.839559825682754,10.986959012814008,10.633961840460413
004,2014-10-02 17:14:56,9.7,4,10.783000000000007,9.821858078839806,10.837,10.48061935961327,10.59783073609391,10.326053140583928
004,2014-10-02 17:19:56,10.2,4,9.633000000000006,9.200402224194663,9.5275,9.453634074731557,9.49840550871983,9.385024655561878
004,2014-10-02 17:24:56,10.7,4,9.892500000000007,9.363326369576585,10.077500000000002,9.777775456525532,9.851858421909048,9.66447501910254
004,2014-10-02 17:29:56,11.1,4,8.432999999999998,9.294638787655767,8.387,8.704879595885254,8.599950846420532,8.474185595407118
004,2014-10-02 17:34:56,11.5,4,7.120999999999999,7.629035200839676,7.016499999999999,7.255511733613225,7.188884880779564,7.094923327917103
004,2014-10-02 17:39:56,11.9,4,7.636499999999996,7.913318615948964,7.768000000000001,7.772606205316321,7.747892924291577,7.694816200873706
004,2014-10-02 17:44:56,12.3,4,8.859000000000002,8.280154712465299,8.571,8.570051570821766,8.620927468917357,8.473438101614535
004,2014-10-02 17:49:56,12.7,4,7.617500000000004,8.11041035011787,7.439,7.722303450039291,7.652917278865242,7.542012864250255
004,2014-10-02 17:54:56,13.0,4,8.374,8.936741480674462,8.595,8.635247160224822,8.58215849473556,8.480056318701578
004,2014-10-02 17:59:56,13.4,4,7.370000000000005,8.414101186088729,7.4849999999999985,7.756367062029578,7.639720181327757,7.487201547593237
004,2014-10-02 18:04:56,13.8,4,7.811999999999997,7.903310390306162,7.788499999999999,7.834603463435386,7.822338270207204,7.804242549145042
004,2014-10-02 18:09:56,14.2,4,6.694500000000004,5.937226455327001,6.6579999999999995,6.429908818442335,6.517396524974659,6.314659765399732
004,2014-10-02 18:14:56,14.4,4,5.859500000000002,6.174266746842482,5.933,5.988922248947495,5.956144909881672,5.905305766869514
004,2014-10-02 18:19:56,14.4,4,7.1805000000000065,7.512878226763876,7.101499999999999,7.264959408921293,7.220715366280593,7.156520050479182
004,2014-10-02 18:24:56,14.3,4,7.3000000000000025,6.257514804231058,7.190499999999999,6.916004934743687,7.032798618890854,6.755408901221598
004,2014-10-02 18:29:56,14.0,4,7.608,8.105228434192888,7.6705000000000005,7.794576144730963,7.739501528383875,7.665900347570826
004,2014-10-02 18:34:56,13.5,4,6.112000000000002,6.050136026572656,6.026000000000002,6.062712008857552,6.064752931656183,6.043705047003434
004,2014-10-02 18:39:56,13.0,4,8.998000000000006,6.887726651932771,8.6575,8.181075550644259,8.410188059956958,7.852092976535174
004,2014-10-02 18:44:56,12.3,4,9.070000000000004,8.602793878826978,8.983500000000001,8.885431292942327,8.935472259934526,8.812231810945434
004,2014-10-02 18:49:56,11.7,4,6.831000000000004,6.593072726137602,6.689,6.704357575379202,6.723816622828588,6.663872104758333
004,2014-10-02 18:54:56,11.1,4,8.397,8.877880936544976,8.141,8.471960312181658,8.399232755487272,8.270079982484027
004,2014-10-02 18:59:56,10.7,4,6.173500000000005,6.484453070374509,6.078500000000002,6.245484356791505,6.20279496198036,6.1373381060855845
004,2014-10-02 19:00:00,11.5,4,6.0725000000000025,6.399954943686257,6.1415,6.20465164789542,6.170094045643805,6.118139445409554
004,2014-10-02 19:04:56,10.4,4,9.685500000000008,9.751093375021386,9.752500000000003,9.7296977916738,9.726046319552053,9.708818646433913
004,2014-10-02 19:09:56,10.3,4,9.185499999999998,8.465897586895842,9.2795,8.976965862298613,9.068016432001285,8.851512963439234
004,2014-10-02 19:14:56,10.3,4,7.477999999999997,6.906706562537666,7.403,7.262568854179221,7.325650923473298,7.174069374882113
004,2014-10-02 19:19:56,10.3,4,9.064500000000004,9.174632249636362,9.256499999999999,9.165210749878788,9.163970062101972,9.115713828552837
004,2014-10-02 19:24:56,10.3,4,6.312000000000004,6.749418232208053,6.303999999999999,6.455139410736019,6.402815717525679,6.3429000635264785
004,2014-10-02 19:29:56,10.3,4,6.826000000000005,6.734026920635779,6.908000000000002,6.822675640211929,6.838617526866577,6.793930000072579
004,2014-10-02 19:34:56,10.2,4,8.003499999999999,6.987400861086941,7.991499999999999,7.66080028702898,7.78046431710226,7.507371791326997
004,2014-10-03 08:09:57,8.0,4,8.571000000000005,7.901141487510407,8.424999999999999,8.29904716250347,8.369441639002144,8.193377190491184
004,2014-10-03 08:14:57,7.7,4,7.851499999999999,7.780058499077909,7.843,7.824852833025969,7.832795444098104,7.813814566457172
004,2014-10-03 08:19:57,7.2,4,8.537999999999998,7.564289301705631,8.558,8.220096433901876,8.336705897606938,8.06981257821241
004,2014-10-03 08:24:57,6.8,4,7.9365000000000006,8.041778918069468,7.944,7.9740929726898235,7.962079308087448,7.9472130514052814
004,2014-10-03 08:29:57,6.4,4,8.251999999999999,7.973269524425391,8.308499999999999,8.177923174808463,8.2144263453521,8.125681381349583
004,2014-10-03 08:34:57,5.9,4,9.685,8.647352890569353,9.6355,9.322617630189784,9.44252845709814,9.1647155039315
004,2014-10-03 08:39:57,5.3,4,8.503000000000007,8.148765385336606,8.522,8.391255128445538,8.434398602730704,8.334452655041206
004,2014-10-03 08:44:57,4.8,4,13.097999999999995,11.419273386978892,13.132500000000002,12.549924462326295,12.750966257868887,12.290824027028986
004,2014-10-03 08:45:00,4.1,4,9.650000000000011,6.412731636863968,10.0245,8.69574387895466,9.102376665167617,8.140156748108527
004,2014-10-03 08:49:57,4.2,4,10.652500000000002,10.089688762452331,10.8105,10.517562920817445,10.593971063069004,10.404100257694441
004,2014-10-03 08:54:57,3.8,4,8.899500000000002,7.918038489386237,8.743,8.52017949646208,8.626851375973963,8.367234848002465
004,2014-10-03 08:59:57,3.4,4,9.087000000000002,8.701190596731642,8.949499999999999,8.912563532243881,8.94982257453229,8.849952816974534
004,2014-10-03 09:04:57,3.4,4,12.007500000000002,12.711270825275118,11.878499999999999,12.199090275091706,12.107762910442705,11.981634838613525
004,2014-10-03 09:09:57,3.6,4,9.893000000000004,8.432670502142765,9.979499999999998,9.43505683404759,9.613418153930988,9.19940468840706
004,2014-10-03 09:14:57,4.1,4,7.554000000000003,7.66817581468564,7.692,7.638058604895214,7.633017390814726,7.597832662409373
004,2014-10-03 09:19:57,4.9,4,7.421000000000003,7.641441445797082,7.474,7.512147148599028,7.48928593824408,7.453490723378245
004,2014-10-03 09:24:57,5.9,4,8.809500000000005,8.930195186773638,8.531500000000001,8.757065062257881,8.725664363102872,8.638529960538252
004,2014-10-03 09:29:57,7.1,4,8.292500000000004,8.544159035288304,8.095000000000002,8.310553011762769,8.268585148278229,8.18473281864447
004,2014-10-03 09:34:57,8.3,4,9.855000000000013,9.375039120084223,9.8055,9.67851304002808,9.732341139892299,9.604604451999254
004,2014-10-03 09:39:57,9.6,4,10.5935,10.234262003212445,10.741000000000001,10.522920667737482,10.574560684222693,10.442025417271134
004,2014-10-03 09:44:57,10.8,4,7.713500000000002,8.311116557354858,7.6690000000000005,7.897872185784954,7.824320867913058,7.733868090820867
004,2014-10-03 09:49:57,11.9,4,8.455500000000006,7.538595213346027,8.3835,8.125865071115344,8.23008469108654,7.98541107117976
004,2014-10-03 09:54:57,12.9,4,9.286500000000004,8.883712844530583,9.2415,9.13723761484353,9.182197838308952,9.075099611870957
004,2014-10-03 09:59:57,13.8,4,8.87050000000001,9.539686624034626,9.2425,9.217562208011545,9.161147963132217,9.026068252097907
004,2014-10-03 10:04:57,14.7,4,9.34050000000001,9.39542399180571,9.031499999999998,9.255807997268573,9.230294098418739,9.14392490111302
004,2014-10-03 10:09:57,15.5,4,9.894500000000003,12.952889646095572,9.745000000000001,10.86412988203186,10.49253234170465,10.04965508870246
004,2014-10-03 10:14:57,16.4,4,8.182500000000003,8.815576499461157,7.983,8.327025499820387,8.239738766653165,8.104915314453098
004,2014-10-03 10:19:57,17.2,4,9.629000000000008,9.50354152705961,9.45,9.527513842353207,9.531370195629137,9.487509520889931
004,2014-10-03 10:24:57,18.0,4,9.014000000000003,9.239841200741406,9.04,9.097947066913802,9.072785322398774,9.039654421832026
004,2014-10-03 10:29:57,18.7,4,9.310000000000008,9.469944191011775,9.656,9.478648063670596,9.480977038490142,9.394565946823054
004,2014-10-03 10:34:57,19.4,4,9.94100000000001,9.516872212442395,10.260000000000002,9.905957404147468,9.975834977893662,9.784139830687893
004,2014-10-03 10:39:57,20.0,4,9.507000000000012,10.22656687528113,9.627500000000001,9.787022291760382,9.709169217395681,9.59889618195135
004,2014-10-03 10:44:57,20.3,4,9.83050000000001,10.568890125521728,9.78,10.059796708507244,9.969195460172307,9.858583244076774
004,2014-10-03 10:49:57,20.3,4,8.158500000000005,7.68258645945527,8.107000000000001,7.982695486485092,8.035920984761654,7.909330963269607
004,2014-10-03 10:54:57,19.8,4,11.015500000000005,10.564482014685762,11.286000000000001,10.95532733822859,11.02540815444449,10.838268776086917
004,2014-10-03 10:59:57,19.0,4,8.793000000000008,9.039552198195056,8.666,8.832850732731687,8.795824255417807,8.730695322622672
004,2014-10-03 11:04:57,18.0,4,10.383500000000005,11.260813790319828,10.8205,10.821604596773279,10.744526401240476,10.573778946801138
004,2014-10-03 11:09:57,16.8,4,9.695000000000013,11.66367784766719,9.402999999999999,10.253892615889066,10.002655114309093,9.667460284856588
004,2014-10-03 11:14:57,15.6,4,10.045500000000006,9.375928234016385,10.093,9.83814274467213,9.920404877390677,9.728670706597512
004,2014-10-03 11:19:57,14.3,4,10.409500000000003,9.897068678691541,10.160500000000003,10.155689559563848,10.201094549746337,10.070356152916682
004,2014-10-03 11:24:57,13.2,4,11.619499999999993,11.590858767564388,11.463500000000002,11.55795292252146,11.551751633955266,11.512264182134366
004,2014-10-03 11:29:57,12.3,4,10.498000000000008,9.684070066858151,10.370999999999999,10.18435668895272,10.272991466142614,10.057610338848402
004,2014-10-03 11:34:57,11.5,4,8.471500000000004,7.531384390359277,8.439,8.147294796786428,8.256694303168812,8.00463878017676
004,2014-10-03 11:39:57,10.9,4,9.880999999999998,10.205733991716986,9.7825,9.956411330572328,9.911873697931995,9.843697723138327
004,2014-10-03 11:44:57,10.5,4,8.656500000000001,8.257486804821957,8.714999999999998,8.542995601607318,8.593874622024574,8.472274681949107
004,2014-10-03 11:49:57,10.2,4,6.982000000000004,11.330243224448214,7.023499999999999,8.445247741482738,7.932557567753745,7.35211923611922
004,2014-10-03 11:54:57,10.1,4,9.624500000000005,9.616772216860854,9.405,9.548757405620286,9.536172285021019,9.48010182649564
004,2014-10-03 11:59:57,10.0,4,8.913500000000003,7.874399211892811,9.2255,8.671133070630939,8.813450986188233,8.457965352575023
004,2014-10-03 12:04:57,10.0,4,10.736500000000005,9.355966642275627,10.546,10.212822214091878,10.364690652304146,9.998659421922062
004,2014-10-03 12:09:57,10.0,4,10.596000000000009,9.900080732916617,10.602,10.366026910972208,10.448858529685182,10.260124223293868
004,2014-10-03 12:14:57,9.9,4,7.515000000000006,8.419367664498054,7.3805000000000005,7.771622554832686,7.656187287266476,7.502113532973868
004,2014-10-03 12:19:57,9.6,4,6.2985000000000015,8.294448402371822,6.449000000000001,7.013982800790608,6.786730804804225,6.503846456381542
004,2014-10-03 12:24:57,9.2,4,5.902499999999998,6.654375899688599,6.0625,6.206458633229533,6.127206651096226,6.007716469240478
004,2014-10-03 12:29:57,8.7,4,9.756500000000006,9.034859674564814,9.828,9.539786558188274,9.629694698265528,9.418113360629194
004,2014-10-03 12:34:57,8.2,4,7.848500000000007,7.726899780898366,7.7604999999999995,7.778633260299458,7.787629582797487,7.757436609533162
004,2014-10-03 12:39:57,7.8,4,8.796,8.156494160803058,8.693000000000001,8.548498053601019,8.617940714129741,8.448807941937353
004,2014-10-03 12:44:57,7.3,4,6.247000000000003,6.674354625802318,6.181500000000001,6.367618208600774,6.312950335675449,6.23964620106903
004,2014-10-03 12:49:57,6.8,4,10.748999999999997,10.864950153999935,10.708499999999999,10.77415005133331,10.757919561081382,10.73221220402469
004,2014-10-03 12:54:57,6.3,4,10.203000000000001,12.650949698731681,10.465500000000002,11.106483232910563,10.83256038979441,10.47586390162915
004,2014-10-03 12:59:57,5.8,4,8.094500000000004,9.984988856688066,8.259,8.77949628556269,8.565601761337728,8.294917144780655
004,2014-10-03 13:04:57,5.5,4,6.1635,6.474781101839107,6.1375,6.258593700613036,6.220109429443543,6.172272975878548
004,2014-10-03 13:09:57,5.3,4,9.201500000000006,10.925085727303939,9.501,9.875861909101316,9.690047946239867,9.424550223211584
004,2014-10-03 13:14:57,5.2,4,7.683000000000001,7.228203167091898,7.5385,7.483234389030632,7.52823750927608,7.4100041476823595
004,2014-10-03 13:19:57,5.2,4,7.920999999999996,8.603519049678473,8.0555,8.193339683226156,8.120737670986992,8.013613927688766
004,2014-10-03 13:24:57,5.1,4,9.734500000000011,10.35523036344574,9.2265,9.772076787815251,9.667278046655372,9.455112809944904
004,2014-10-03 13:29:57,4.9,4,10.717000000000008,10.234457397845793,10.704,10.551819132615266,10.608198163336573,10.478717230160688
004,2014-10-03 13:30:00,4.1,4,11.920500000000002,12.108886478532169,11.973500000000001,12.000962159510726,11.981899285101813,11.950344740527525
004,2014-10-03 13:34:57,4.7,4,8.797000000000006,8.012466929447209,9.043500000000002,8.617655643149073,8.725779976682002,8.454725200694718
004,2014-10-03 13:39:57,4.3,4,7.751000000000005,9.280353707615662,7.886000000000001,8.305784569205223,8.13286809742751,7.91365089420424
004,2014-10-03 13:44:57,3.9,4,9.410000000000007,10.527868884389123,9.5265,9.821456294796377,9.69616061145629,9.533695272044415
004,2014-10-03 13:49:57,3.5,4,10.624000000000013,10.117395177541033,10.3685,10.369965059180347,10.414279845050368,10.285296284919287
004,2014-10-03 13:54:57,3.2,4,7.3405000000000005,6.362240438882054,7.3415,7.014746812960685,7.1307266557912,6.867228784013832
004,2014-10-03 13:59:57,3.1,4,7.604999999999999,7.019924537237771,7.5035,7.37614151241259,7.439226735760869,7.284698331254603
004,2014-10-03 14:04:57,3.1,4,7.398999999999993,6.447192303613092,7.496999999999999,7.114397434537694,7.233209071849414,6.953245412587596
004,2014-10-03 14:09:57,3.3,4,7.291,6.5147243592415895,7.332000000000001,7.045908119747197,7.14041427369235,6.921545914457861
004,2014-10-03 14:14:57,3.7,4,7.527499999999998,6.720730468837913,7.4725,7.240243489612637,7.332458313867508,7.116933860355551
004,2014-10-03 14:19:57,4.2,4,7.568500000000005,7.596107098244367,7.5089999999999995,7.5578690327481235,7.550938069028113,7.532053997271509
004,2014-10-03 14:24:57,4.8,4,7.396500000000002,6.8426043724671946,7.468500000000001,7.235868124155732,7.305930200886381,7.139368266373028
004,2014-10-03 14:29:57,5.3,4,13.41750000000001,14.470357935684836,13.269,13.718952645228283,13.58506100344003,13.407758962257686
004,2014-10-03 14:30:00,11.0,4,9.836000000000006,9.14994732739529,9.729,9.571649109131764,9.646361282806962,9.464817528268807
004,2014-10-03 14:34:57,5.7,4,7.194999999999998,7.483763502524725,7.2555000000000005,7.31142116750824,7.280925475774762,7.235153164233251
004,2014-10-03 14:39:57,6.1,4,7.444500000000004,7.347199105153941,7.360000000000001,7.383899701717982,7.390231964013708,7.36647742923845
004,2014-10-03 14:44:57,6.4,4,7.368000000000003,7.803898633394767,7.4449999999999985,7.53896621113159,7.492050689956591,7.424748585760064
004,2014-10-03 14:49:57,6.7,4,8.791000000000002,9.190839738626797,8.750499999999999,8.910779912875599,8.860910080393742,8.797645919186925
004,2014-10-03 14:54:57,7.1,4,7.916500000000002,8.20586958335977,7.928000000000002,8.016789861119923,7.983208501673446,7.9434876659617135
004,2014-10-03 14:59:57,7.4,4,6.839000000000004,7.30439267092915,6.884499999999999,7.009297556976384,6.956949680516438,6.889687480086568
004,2014-10-03 15:04:57,7.7,4,7.081500000000002,7.463857618837376,7.100499999999999,7.215285872945793,7.171147250357948,7.1181861643247295
004,2014-10-03 15:09:57,8.0,4,7.817500000000001,7.610596931652687,7.865500000000001,7.764532310550895,7.792001520664477,7.724652335426049
004,2014-10-03 15:14:57,8.3,4,7.2304999999999975,7.677146981226466,7.104000000000001,7.337215660408821,7.276509813971184,7.185037600091549
004,2014-10-03 15:19:57,8.5,4,8.002000000000002,8.54846298728055,8.0655,8.205320995760184,8.144473864923313,8.064234126961855
004,2014-10-03 15:24:57,8.7,4,7.446999999999999,6.9041810770979835,7.406999999999999,7.252727025699328,7.314587773199522,7.1696625039354025
004,2014-10-03 15:29:57,8.8,4,9.625000000000007,9.918351836975525,9.540500000000002,9.694617278991844,9.65465935788378,9.594219003704303
004,2014-10-03 15:34:57,8.9,4,7.103500000000005,7.714338929563969,7.111500000000001,7.309779643187992,7.23789067302721,7.1560794428454395
004,2014-10-03 15:39:57,9.0,4,7.875500000000006,7.163039161646724,7.914999999999999,7.65117972054891,7.738031913393511,7.536701152346732
004,2014-10-03 15:44:57,9.1,4,8.470500000000005,8.1146758348066,8.3305,8.30522527826887,8.3387774681658,8.247048777051994
004,2014-10-03 15:49:57,9.2,4,7.362999999999996,6.7827902721641955,7.307000000000001,7.150930090721398,7.216237326908974,7.061710048127711
004,2014-10-03 15:54:57,9.0,4,7.754499999999999,7.910136252399133,7.809499999999999,7.8247120841330435,7.809652944298203,7.7821807766909
004,2014-10-03 15:59:57,8.9,4,8.179500000000006,7.4400723455549835,8.078500000000002,7.89935744851833,7.980763304611349,7.784683545850107
004,2014-10-03 16:04:57,8.5,4,7.576999999999999,7.273814141182866,7.468,7.439604713727622,7.4688262778242756,7.390371480754256
004,2014-10-04 06:34:57,7.1,4,8.772000000000002,8.775367450809515,8.794,8.780455816936506,8.781409950045148,8.776012838690834
004,2014-10-04 06:39:57,8.0,4,7.952500000000002,8.372429060978385,7.996,8.106976353659462,8.059892648676302,7.998895269213778
004,2014-10-04 06:44:57,8.9,4,8.322000000000001,8.212377256609113,8.282499999999999,8.272292418869704,8.282852573801957,8.25448827321591
004,2014-10-04 06:49:57,9.7,4,7.846500000000001,8.032748783017253,7.763,7.8807495943390835,7.853544298625247,7.807529001049174
004,2014-10-04 06:54:57,10.4,4,9.003500000000008,9.029927973711095,9.169999999999998,9.067809324570367,9.074918697133464,9.034058904849292
004,2014-10-04 06:59:57,11.0,4,10.452500000000008,10.687495919999908,10.263499999999999,10.467831973333304,10.428361407449701,10.348889478244455
004,2014-10-04 07:04:57,11.8,4,11.310500000000005,11.214746811834438,11.575000000000003,11.366748937278148,11.394363801282545,11.304286839477747
004,2014-10-04 07:09:57,12.9,4,7.6025000000000045,7.988536219378813,7.5975,7.729512073126273,7.683461385093825,7.631111239048696
004,2014-10-04 07:14:57,14.3,4,10.352000000000002,8.196107883022616,10.160499999999999,9.569535961007539,9.813218607365728,9.238563054854012
004,2014-10-04 07:19:57,15.7,4,7.9615,6.963409460435884,8.0705,7.665136486811961,7.790108963184996,7.495015862027148
004,2014-10-04 07:24:57,17.2,4,8.386499999999998,7.306701891688349,8.543,8.078733963896115,8.216309924039585,7.887679965452394
004,2014-10-04 07:29:57,18.7,4,8.407500000000006,7.803976634494285,8.396,8.202492211498097,8.273299052831574,8.111218437190884
004,2014-10-04 07:34:57,20.0,4,6.175499999999996,6.761916010234093,6.241499999999999,6.392972003411362,6.327544428689157,6.241706317791653
004,2014-10-04 07:39:57,21.3,4,6.275000000000001,6.841636322083373,6.432500000000001,6.516378774027792,6.458922887209086,6.364251574475855
004,2014-10-04 07:44:57,22.2,4,8.222000000000008,8.10777206655774,8.251999999999999,8.193924022185916,8.209304613741978,8.171271224361535
004,2014-10-04 07:49:57,22.2,4,8.033499999999997,8.43402424863052,7.9305,8.132674749543506,8.07887960936236,7.999525074015233
004,2014-10-04 07:54:57,22.2,4,8.263000000000005,7.825074673673378,8.268000000000002,8.118691557891127,8.170890817485006,8.051827157833053
004,2014-10-04 07:59:57,22.2,4,7.8110000000000035,7.652333697226098,7.629499999999999,7.6976112324087005,7.70524876157262,7.661267632093633
004,2014-10-04 08:04:57,22.2,4,8.105500000000005,8.859616320588234,8.328000000000001,8.431038773529414,8.355365510995707,8.22775794512188
004,2014-10-04 08:09:57,22.2,4,8.443000000000003,10.189598672418631,8.302499999999998,8.978366224139544,8.76276220755053,8.495730612653821
004,2014-10-04 08:14:57,22.2,4,9.157500000000004,7.767117458641958,8.902499999999998,8.609039152880653,8.75810745339746,8.391280335391693
004,2014-10-04 08:19:57,22.2,4,9.943000000000005,9.495601125226164,10.108000000000002,9.848867041742059,9.912030008785154,9.751515323632766
004,2014-10-04 08:24:57,22.2,4,9.299500000000002,10.000910891934012,9.210500000000001,9.503636963978005,9.415049524466339,9.299473540333434
004,2014-10-04 08:29:58,22.2,4,8.003500000000003,7.197134673791784,8.1525,7.784378224597262,7.889092612002718,7.635868351970453
004,2014-10-04 08:34:58,22.2,4,8.753500000000003,7.894603715341704,9.058000000000002,8.568701238447234,8.689204615539682,8.38403646575081
004,2014-10-04 08:39:58,22.2,4,8.511000000000001,7.935576104374052,8.3895,8.27869203479135,8.339403457872315,8.188047403519302
004,2014-10-04 08:44:58,22.2,4,8.460500000000001,7.237549706221908,8.413,8.037016568740636,8.179007810198158,7.851271299910572
004,2014-10-04 08:49:58,22.2,4,7.442000000000005,7.60348978090508,7.759000000000002,7.601496593635029,7.60185871718425,7.522476455470299
004,2014-10-04 08:54:58,22.2,4,7.482,6.89643891963848,7.405499999999998,7.261312973212827,7.325993418378116,7.170615502609328
004,2014-10-04 08:59:58,22.2,4,9.59750000000001,9.515474049913612,9.469,9.527324683304542,9.529140634583683,9.497528308861561
004,2014-10-04 09:04:58,22.2,4,7.700000000000006,7.468567855756371,7.940499999999999,7.703022618585458,7.7452385151710645,7.6244848871759485
004,2014-10-04 09:09:58,22.2,4,7.199,6.775138103496442,7.3175,7.097212701165481,7.154726584133616,7.011851612650645
004,2014-10-04 09:14:58,22.2,4,10.580500000000004,9.271454717272654,10.4155,10.08915157242422,10.23411750239439,9.886590879231516
004,2014-10-04 09:19:58,22.2,4,7.367000000000005,6.421571477758501,7.432,7.0735238259195015,7.18954983040699,6.919326304234248
004,2014-10-04 09:24:58,22.2,4,9.604999999999995,8.085866396714781,9.685,9.125288798904926,9.310218282847046,8.881960705972798
004,2014-10-04 09:29:58,22.2,4,8.16000000000001,7.51581869734594,8.021499999999998,7.899106232448649,7.966919405552874,7.797549179061398
004,2014-10-04 09:34:58,22.2,4,8.361499999999998,10.182550230031316,8.216999999999999,8.920350076677105,8.695677934570725,8.417772879149345
004,2014-10-04 09:39:58,22.2,4,8.106000000000002,8.256203570149175,7.84,8.067401190049726,8.033241996859449,7.945275786027153
004,2014-10-04 09:44:58,22.2,4,8.598000000000008,8.800166038389872,8.899999999999999,8.76605534612996,8.760674951334423,8.684358281282863
004,2014-10-04 09:49:58,22.2,4,9.517500000000005,10.789454557399466,9.448,9.918318185799825,9.763323873832391,9.57726049910749
004,2014-10-04 09:54:58,22.2,4,8.644000000000009,8.76005859547948,8.740499999999999,8.714852865159829,8.707036005144698,8.679606574639351
004,2014-10-04 09:59:58,22.2,4,9.494000000000009,8.477417352733802,9.1975,9.056305784244602,9.158528322369895,8.893485956462849
004,2014-10-04 10:04:58,22.2,4,7.619000000000002,7.314516029574949,7.686999999999999,7.540172009858317,7.580434159053458,7.481962739938411
004,2014-10-04 10:09:58,22.2,4,7.925500000000004,7.603163524322617,7.685000000000001,7.737887841440874,7.761290456877131,7.681463169947568
004,2014-10-04 10:14:58,22.2,4,7.041000000000008,7.983348893919791,7.235000000000001,7.419782964639933,7.3200522316469385,7.171109053425146
004,2014-10-04 10:19:58,22.2,4,8.163500000000004,8.045619274329347,8.0845,8.097873091443118,8.106982238962397,8.077531422273417
004,2014-10-04 10:24:58,22.2,4,9.700000000000006,9.907910004835502,9.5405,9.716136668278503,9.681690094220937,9.613353374999825
004,2014-10-04 10:29:58,22.2,4,10.0345,9.652453238767535,9.6565,9.78115107958918,9.80317179937294,9.71122972372894
004,2014-10-04 10:34:58,22.2,4,7.784500000000005,8.288297693371284,7.542000000000002,7.8715992311237635,7.796986512333397,7.6682579573684855
004,2014-10-04 10:39:58,22.2,4,7.612500000000003,8.429896800928649,7.732499999999999,7.924965600309551,7.8354894684326455,7.712336717867571
004,2014-10-04 10:44:58,22.2,4,7.030499999999996,7.861697919197163,6.6995000000000005,7.197232639732387,7.078381425867507,6.883684140972324
004,2014-10-04 10:49:58,22.2,4,8.377000000000008,8.695956230299096,8.503,8.525318743433035,8.495274099327837,8.437311082067092
004,2014-10-04 10:54:58,22.2,4,8.338500000000003,8.754967506185478,8.372999999999998,8.488822502061828,8.44159540775851,8.38218219281849
004,2014-10-04 10:59:58,22.2,4,9.381000000000007,9.19762587280196,9.1175,9.232041957600655,9.237563640467814,9.172977305073912
004,2014-10-04 11:04:58,22.2,4,7.988500000000004,7.94744407744564,7.9495000000000005,7.961814692481881,7.964280812774891,7.95435382375852
004,2014-10-04 11:09:58,22.2,4,9.571500000000013,9.417485258067833,9.125,9.37132841935595,9.362115368817125,9.250222238084636
004,2014-10-04 11:14:58,22.2,4,8.086500000000008,8.127204811627848,7.9205000000000005,8.044734937209286,8.029701455264812,7.981820949021788
004,2014-10-04 11:19:58,22.2,4,9.228499999999999,8.904269480200227,9.066999999999998,9.066589826733408,9.095075940981086,9.01246745715792
004,2014-10-04 11:24:58,22.2,4,9.611000000000004,9.72402061009442,9.568000000000001,9.63434020336481,9.618303079945436,9.592343290386484
004,2014-10-04 11:29:58,22.2,4,8.675999999999997,7.981703121303263,8.677999999999999,8.445234373767754,8.527627719837803,8.34030254770887
004,2014-10-04 11:34:58,22.2,4,7.5015000000000045,6.493458773177114,7.6085,7.201152924392372,7.327181487744867,7.029896875439475
004,2014-10-04 11:39:58,22.2,4,8.413000000000006,8.055545978371983,8.469,8.312515326123995,8.358316046948197,8.248507734845731
004,2014-10-04 11:44:58,22.2,4,8.899500000000002,8.604534428505957,8.659500000000001,8.72117814283532,8.74136821141426,8.668892200594595
004,2014-10-04 11:49:58,21.8,4,8.790000000000004,9.117409774205775,8.707499999999998,8.871636591401925,8.827766007814885,8.763331997200751
004,2014-10-04 11:54:58,20.6,4,8.873000000000005,7.430553187238312,8.861,8.388184395746105,8.558368262002807,8.170543359466244
004,2014-10-04 11:59:58,19.5,4,7.465999999999996,7.907016748911965,7.894499999999998,7.755838916303986,7.729936691062955,7.617972242165733
004,2014-10-04 12:04:58,18.6,4,7.634500000000004,7.407200010071303,7.5585,7.533400003357102,7.555659248658655,7.496676879307828
004,2014-10-04 12:09:58,18.0,4,10.592000000000002,10.60453559181189,10.908,10.701511863937299,10.719462726115145,10.642452791393122
004,2014-10-04 12:14:58,17.6,4,8.32950000000001,7.4554577497372945,8.504,8.096319249912435,8.21062141009711,7.932984988201509
004,2014-10-04 12:19:58,17.4,4,7.327500000000007,7.3444554837233795,7.4365,7.369485161241129,7.374180310070156,7.3474361985685075
004,2014-10-04 12:24:58,17.5,4,10.128000000000007,8.617692245219418,10.104500000000002,9.616730748406475,9.794248427892889,9.388492454226064
004,2014-10-04 12:29:58,17.9,4,8.490000000000002,8.185407320609183,8.5575,8.410969106869729,8.451213383898294,8.352834278273637
004,2014-10-04 12:34:58,18.7,4,9.489500000000005,9.594575145380505,9.443,9.509025048460169,9.493714143533884,9.467909499121628
004,2014-10-04 12:39:58,19.8,4,11.985500000000016,9.638898966327714,11.978000000000002,11.200799655442578,11.478397567502899,10.847130671761605
004,2014-10-04 12:44:58,21.4,4,10.075000000000005,8.823164614072722,10.0075,9.635221538024242,9.77940535973808,9.444470784134253
004,2014-10-04 12:49:58,22.2,4,10.790500000000003,9.98644525899207,10.780000000000003,10.518981752997357,10.613611957971818,10.397538552919718
004,2014-10-04 12:54:58,22.2,4,8.215500000000002,8.441748095547817,7.976999999999999,8.211416031849273,8.169937430605737,8.078950927802966
004,2014-10-04 12:59:58,22.2,4,8.872500000000004,8.331027298710262,9.091999999999999,8.765175766236755,8.84283810012241,8.64375678631012
004,2014-10-04 13:04:58,22.2,4,7.4770000000000065,8.269945592227078,7.296999999999997,7.6813151974090275,7.576284252356443,7.425303069162793
004,2014-10-04 13:09:58,22.2,4,7.537500000000001,7.684519885332338,7.4635,7.561839961777447,7.539867390953433,7.501473801785306
004,2014-10-04 13:14:58,22.2,4,7.295000000000005,7.155167997987042,7.263000000000001,7.237722665995683,7.252323754277179,7.215614336344563
004,2014-10-04 13:19:58,22.2,4,8.089000000000004,8.273085126581309,7.705500000000001,8.022528375527104,7.97712731522996,7.854599130440696
004,2014-10-04 13:24:58,22.2,4,8.917500000000004,9.055319994455093,8.988999999999999,8.987273331485033,8.975340187487584,8.948160257125107
004,2014-10-04 13:29:58,20.8,4,7.540500000000001,7.28418163749299,7.4535,7.426060545830997,7.451081728757314,7.3846066491789015
004,2014-10-04 13:34:58,19.2,4,7.876000000000006,7.781384487402424,8.216999999999999,7.958128162467477,7.990313515421939,7.881942859332737
004,2014-10-04 13:39:58,17.8,4,8.700500000000002,8.94474354745296,8.966000000000001,8.870414515817655,8.857803158344273,8.789759458541202
004,2014-10-04 13:44:58,16.4,4,9.041500000000001,9.044267653266692,8.940500000000002,9.00875588442223,9.002215710405062,8.975993861779298
004,2014-10-04 13:49:58,15.3,4,9.291000000000004,8.46168917475841,9.301000000000002,9.01789639158614,9.116780199187415,8.89117698952576
004,2014-10-04 13:54:58,14.4,4,8.5035,8.2948633388166,8.483999999999998,8.427454446272199,8.450977344705269,8.39539282056909
004,2014-10-04 13:59:58,13.8,4,8.048000000000002,7.9514157569520885,7.8085,7.9359719189840305,7.932685653310203,7.872885416354174
004,2014-10-04 14:04:58,13.6,4,7.568999999999996,7.081618716271802,7.6035,7.418039572090599,7.477913549522541,7.338368543805008
004,2014-10-04 14:09:58,13.6,4,8.005000000000004,7.024752985311757,8.048499999999999,7.69275099510392,7.811580394165835,7.537214439018145
004,2014-10-04 14:14:58,13.8,4,8.394499999999999,7.402270014288912,8.3035,8.033423338096304,8.145399940736263,7.88100222801564
004,2014-10-04 14:19:58,13.8,4,8.041500000000008,8.144216863452002,8.215,8.133572287817335,8.132072399872074,8.088420166497272
004,2014-10-04 14:24:58,13.7,4,9.908500000000005,7.487400169751114,10.1585,9.184800056583706,9.487063754983868,8.774749377578821
004,2014-10-04 14:29:58,13.2,4,9.755000000000006,9.52632312611836,9.625000000000002,9.635441042039455,9.654542054199537,9.59674182894237
004,2014-10-04 14:34:58,12.6,4,7.075000000000002,8.512889445851316,7.428999999999999,7.672296481950439,7.523688084713123,7.289166276780475
004,2014-10-04 14:39:58,12.0,4,10.085000000000013,9.91579185542714,10.0005,10.000430618475718,10.015283491295259,9.97217834157926
004,2014-10-04 14:44:58,11.4,4,9.042499999999997,7.279922097084958,8.9,8.40747403236165,8.607564974916075,8.137343418387916
004,2014-10-04 14:49:58,10.9,4,7.645999999999998,8.115178903579942,7.582000000000002,7.781059634526646,7.721528077238433,7.643074849712022
004,2014-10-04 14:54:58,10.5,4,7.4339999999999975,7.61146540585374,7.613500000000001,7.5529884686179125,7.543000335633188,7.496820814588897
004,2014-10-04 14:59:58,10.2,4,7.415500000000003,8.049206197944093,7.660500000000001,7.708402065981365,7.6483806465104385,7.533887024977248
004,2014-10-04 15:04:58,10.0,4,6.996000000000006,7.347223207183518,7.0175,7.1202410690611755,7.079945469564247,7.030790430495047
004,2014-10-04 15:09:58,9.8,4,9.47550000000001,7.793643211261978,9.210500000000001,8.82654773708733,9.009539048800633,8.564562226282302
004,2014-10-04 15:14:58,9.7,4,10.19650000000001,9.89471754990425,10.11,10.067072516634752,10.097511695517628,10.018787616898162
004,2014-10-04 15:19:58,9.6,4,7.273500000000006,7.8027734114417,7.0335,7.369924470480568,7.292446788188449,7.16098794887636
004,2014-10-04 15:24:58,9.5,4,8.562500000000002,9.679147353558093,8.555500000000002,8.932382451186031,8.799635379092168,8.650117987110686
004,2014-10-04 15:29:58,9.4,4,7.6885,7.891752142127181,7.747000000000001,7.7757507140423945,7.755264630236245,7.721055204831183
004,2014-10-04 15:34:58,9.3,4,7.896500000000003,7.978005867399418,7.7925,7.889001955799807,7.872947218380734,7.835540808653889
004,2014-10-04 15:39:58,9.4,4,8.312500000000004,10.179728829348651,8.515499999999998,9.00257627644955,8.79380596192591,8.521380770384683
004,2014-10-04 15:44:58,9.5,4,7.869000000000003,7.861835378105817,8.0125,7.914445126035273,7.9241203704626155,7.887302421179955
004,2014-10-04 15:49:58,9.7,4,6.226500000000002,7.134409146637203,6.2395000000000005,6.533469715545735,6.426687107032614,6.3049496788023704
004,2014-10-04 15:54:58,10.0,4,12.255500000000014,11.020869750384852,12.213500000000002,11.829956583461623,11.973670124287064,11.642632334739293
004,2014-10-04 15:59:58,10.3,4,9.233000000000002,9.17977094623634,9.110500000000002,9.174423648745448,9.173196370343872,9.1426694984076
004,2014-10-04 16:04:58,10.8,4,10.554500000000004,8.97149740516212,10.666000000000002,10.063999135054042,10.258434215798157,9.805330399841944
004,2014-10-04 16:09:58,11.3,4,9.081000000000001,8.337553416340487,8.9825,8.800351138780163,8.882386983591223,8.685153827169085
004,2014-10-04 16:14:58,11.8,4,10.4935,10.217259616635298,10.4145,10.375086538878433,10.402960428075666,10.330894203763297
004,2014-10-04 16:19:58,12.5,4,11.527500000000007,11.513693629991195,11.483500000000001,11.508231209997069,11.507160873588107,11.496113003144
004,2014-10-04 16:24:58,13.2,4,8.9405,9.617577058565121,9.047000000000002,9.20169235285504,9.128012986116875,9.025112987688491
004,2014-10-04 16:29:58,13.9,4,9.068000000000005,11.15361772910937,8.8715,9.697705909703124,9.438485613453318,9.11226809572109
004,2014-10-04 16:34:58,14.5,4,7.285500000000002,7.275149867667891,6.908,7.156216622555964,7.134224105638334,7.037747134540256
004,2014-10-04 16:39:58,15.2,4,7.613499999999999,7.329889236440744,7.5775000000000015,7.506963078813581,7.538355124787069,7.463069106876215
004,2014-10-04 16:44:58,15.7,4,6.824499999999997,7.498667699496252,7.183000000000001,7.16872256649875,7.110887745221894,6.976838403209777
004,2014-10-04 16:49:58,16.3,4,9.911500000000004,10.912410603458142,10.411000000000001,10.411636867819382,10.323757332062314,10.128837807196923
004,2014-10-04 16:54:58,16.9,4,7.660500000000002,7.313692264842297,7.5575,7.510564088280766,7.5453236458532125,7.454957455982722
004,2014-10-04 16:59:58,17.5,4,8.805500000000002,10.691038245517689,8.776,9.424179415172564,9.198939123263044,8.941942374240202
004,2014-10-04 17:04:58,18.0,4,9.765500000000005,10.714865857278038,9.8665,10.115621952426016,10.009339582946573,9.871105738443367
006,2014-10-01 21:50:06,8.3,5,9.729500000000009,9.007968094606625,9.629,9.455489364868876,9.523734603257138,9.308946661781434
006,2014-10-01 21:55:06,8.2,5,9.626,8.945943237399199,9.728000000000002,9.4333144124664,9.507825198701715,9.274564478297393
006,2014-10-01 22:00:00,6.9,5,8.7455,9.17383836629393,8.667499999999999,8.862279455431308,8.814635970347627,8.726106835299841
006,2014-10-01 22:00:06,8.2,5,8.917000000000003,9.815588883073671,8.9395,9.224029627691225,9.133720742198747,8.991716127459442
006,2014-10-01 22:05:06,8.0,5,9.684500000000007,9.535082705936498,9.727999999999998,9.649194235312168,9.666657450217958,9.609978617760673
006,2014-10-01 22:10:06,7.8,5,10.169500000000005,9.248967679918321,10.276499999999999,9.898322559972774,9.997572130206846,9.689824905298789
006,2014-10-01 22:15:06,7.7,5,9.072,9.40800105470449,8.725000000000001,9.068333684901496,9.016158216137946,8.86520522059793
006,2014-10-01 22:20:06,7.7,5,9.27400000000001,9.239764996090997,8.96,9.157921665363668,9.145144425618192,9.056590104941101
006,2014-10-01 22:25:06,7.7,5,9.015,9.173282866650203,9.0485,9.078927622216735,9.06454979749627,9.035665880217802
006,2014-10-01 22:30:06,7.9,5,9.642999999999997,9.73798360878489,9.750499999999999,9.71049453626163,9.706392934928598,9.676026253270672
006,2014-10-01 22:35:06,8.3,5,9.871000000000002,9.567641600871585,10.0565,9.831713866957196,9.872202193929992,9.732113390058698
006,2014-10-01 22:40:06,8.8,5,8.983500000000003,9.087117108583934,8.999000000000002,9.023205702861313,9.01346048754342,8.995394721686084
006,2014-10-01 22:45:06,9.5,5,9.2255,9.277079554050932,9.507,9.336526518016976,9.345854926670802,9.271932215618477
006,2014-10-01 22:50:06,10.4,5,10.496000000000004,12.285100654822399,10.6325,11.1378668849408,10.962810193587968,10.668061116009326
006,2014-10-01 22:55:06,11.3,5,9.402999999999995,8.201628714951806,9.429499999999997,9.011376238317267,9.135045384856866,8.76253313308661
006,2014-10-01 23:00:06,12.2,5,9.294500000000003,9.151941286503016,9.059500000000002,9.168647095501006,9.170988413007526,9.10810118243243
006,2014-10-01 23:05:06,12.9,5,9.662000000000004,9.480365599008659,9.6475,9.596621866336221,9.614360844144636,9.559770968277563
006,2014-10-01 23:10:06,13.4,5,8.676500000000004,8.893670130786678,9.171,8.913723376928894,8.917226484628118,8.78377710389092
006,2014-10-01 23:15:06,13.5,5,10.309999999999997,9.470001644009164,10.384499999999997,10.054833881336386,10.144202090876238,9.86933455147193
006,2014-10-01 23:20:06,13.4,5,8.997,9.218876366082453,9.065,9.093625455360817,9.07456074532744,9.031315020691608
006,2014-10-01 23:25:06,13.2,5,10.011499999999995,9.591663751631327,10.027499999999998,9.87688791721044,9.920454883723071,9.788540505261206
006,2014-10-01 23:30:06,13.0,5,10.24950000000001,8.39581408461501,10.346000000000002,9.66377136153834,9.857469909844895,9.268378366422542
006,2014-10-01 23:35:06,12.9,5,11.042500000000008,8.528330792825056,11.322000000000001,10.297610264275022,10.568022113652999,9.730778334727884
006,2014-10-01 23:40:06,13.0,5,8.334000000000001,8.06806509797957,8.206000000000001,8.202688365993192,8.223130686376297,8.148349155838282
006,2014-10-01 23:45:06,13.1,5,8.791500000000001,8.4079866610495,8.687499999999998,8.628995553683167,8.662650051587933,8.550921828861465
006,2014-10-01 23:50:06,13.2,5,10.477000000000002,10.085438383301865,10.464,10.342146127767288,10.38133287476476,10.262769982503716
006,2014-10-01 23:55:06,13.0,5,9.362000000000005,9.436003777452214,9.562500000000002,9.453501259150741,9.456351889211819,9.402642281478546
006,2014-10-02 00:00:06,12.8,5,9.546000000000001,9.617996310600386,9.421,9.528332103533463,9.514529215403286,9.46774049492523
006,2014-10-02 00:05:06,12.3,5,8.893000000000006,9.010763072921863,8.788,8.897254357640623,8.879828337768386,8.831660797913113
006,2014-10-02 00:10:06,11.7,5,10.419500000000005,10.024345393004227,10.395,10.27961513100141,10.318572042654726,10.199469588183373
006,2014-10-02 00:15:06,11.0,5,10.026500000000006,8.996224973167745,9.952499999999999,9.65840832438925,9.759455319865758,9.449410700727485
006,2014-10-02 00:20:06,10.3,5,10.367000000000004,9.648808325871489,10.646,10.220602775290498,10.308162557576173,10.017733585065239
006,2014-10-02 00:25:06,9.5,5,9.50700000000001,8.593271165463355,9.3525,9.15092372182112,9.235937445128027,8.965247749150066
006,2014-10-02 00:30:06,8.8,5,9.696000000000005,9.702109989563224,9.715499999999999,9.704536663187744,9.704924599705695,9.699731835593504
006,2014-10-02 00:35:06,8.3,5,9.947500000000009,10.951813667707132,9.745,10.214771222569047,10.10204690162738,9.888881066592907
006,2014-10-02 00:40:06,8.0,5,9.342000000000002,9.472940939309149,9.464500000000001,9.42648031310305,9.419495202964741,9.38318025055029
006,2014-10-02 00:45:06,7.9,5,9.656000000000004,9.298719518857194,9.3955,9.450073172952399,9.472951984495314,9.376749825673539
006,2014-10-02 00:50:06,7.9,5,10.470500000000005,10.147736814837264,10.674000000000001,10.430745604945756,10.474141524866809,10.3235127670564
006,2014-10-02 00:55:06,7.9,5,10.307500000000006,8.65023706140431,10.145,9.700912353801439,9.861201726063063,9.364569641824612
006,2014-10-02 01:00:06,7.9,5,9.048000000000004,9.951415788959249,9.275,9.424805262986418,9.344596208678112,9.175047805308044
006,2014-10-02 01:05:06,7.9,5,9.662000000000004,9.78794290673273,9.866999999999999,9.772314302244245,9.770110712647023,9.713768591724541
006,2014-10-02 01:10:06,7.8,5,9.483000000000008,9.383578001543944,9.466000000000001,9.444192667181317,9.453433144375516,9.423988752978325
006,2014-10-02 01:15:06,7.6,5,11.355500000000005,11.904672789322728,11.509,11.589724263107577,11.541769673319855,11.436671380888702
006,2014-10-02 01:20:06,7.3,5,10.030500000000009,11.458943082892922,10.045000000000002,10.511481027630978,10.3668199397117,10.143868863463517
006,2014-10-02 01:25:06,6.9,5,8.940500000000005,10.066419386467741,8.816,9.274306462155915,9.153242647729277,8.943502297052968
006,2014-10-02 01:30:06,6.6,5,9.764999999999995,10.019565847921944,9.299000000000001,9.694521949307314,9.64447329422958,9.472186121934133
006,2014-10-02 01:35:06,6.4,5,9.004500000000005,8.961669783874768,9.2635,9.076556594624925,9.094330398888912,9.014625942043729
006,2014-10-02 01:40:06,6.3,5,9.893000000000006,9.528676977926214,9.816500000000001,9.746058992642073,9.779184206976318,9.671972333863833
006,2014-10-02 01:45:06,6.4,5,10.21100000000001,10.291264391698883,10.425999999999997,10.30942146389963,10.312385743740528,10.254766107569717
006,2014-10-02 01:50:06,6.7,5,8.645000000000007,9.935190139517578,8.844000000000001,9.141396713172528,9.020364825210914,8.794632232433187
006,2014-10-02 01:55:06,6.8,5,8.990500000000008,9.373134209211347,9.123500000000002,9.162378069737118,9.130314995469565,9.053674723271518
006,2014-10-02 02:00:06,7.0,5,9.472500000000007,9.643978946110808,9.125000000000002,9.413826315370272,9.378372904238228,9.252737056957516
006,2014-10-02 02:05:06,7.2,5,8.218000000000004,8.426683803239309,8.245,8.296561267746435,8.276716109944871,8.240884398612463
006,2014-10-02 02:10:06,7.3,5,8.847000000000007,10.653812752022771,8.815000000000001,9.43860425067426,9.253017777370907,8.96428843630951
006,2014-10-02 08:05:06,12.7,5,9.903500000000012,10.272771205220009,9.722000000000001,9.966090401740006,9.919099473234885,9.81019498167406
006,2014-10-02 08:10:06,12.9,5,9.50450000000001,9.4756908790881,9.583,9.521063626362704,9.528061895334144,9.499086479496686
006,2014-10-02 08:15:06,13.1,5,9.320500000000012,8.412767845901625,9.056000000000001,8.92975594863388,9.008462247159317,8.744898236363309
006,2014-10-02 08:20:06,13.3,5,9.106000000000002,7.81518478678578,8.888,8.603061595595259,8.72317309121244,8.340760021261406
006,2014-10-02 08:25:06,13.4,5,8.846499999999997,8.398164475562753,9.166000000000002,8.803554825187584,8.865741427140277,8.647030457535818
006,2014-10-02 08:30:06,13.7,5,8.0485,9.591301811150663,8.018500000000001,8.552767270383555,8.394160054114288,8.146856668906665
006,2014-10-02 08:35:06,13.9,5,9.653500000000006,9.650960471139477,9.785,9.696486823713162,9.703555818911008,9.668934413059016
006,2014-10-02 08:40:06,14.3,5,9.13,8.896164635654843,9.089500000000001,9.038554878551615,9.060261230003517,8.991034460344807
006,2014-10-02 08:45:06,14.5,5,8.797500000000007,8.13405812873532,8.841500000000002,8.591019376245109,8.66083494599338,8.447561037460769
006,2014-10-02 08:50:06,14.8,5,8.595499999999998,7.888439903114061,8.434000000000001,8.305979967704687,8.369592778152075,8.162149251364985
006,2014-10-02 08:55:06,15.0,5,9.917000000000007,9.239372773172747,9.8935,9.683290924390919,9.7510546566701,9.545920839133764
006,2014-10-02 09:00:06,15.1,5,9.216500000000005,8.71458768161144,9.063,8.998029227203816,9.041172815285446,8.895789713835892
006,2014-10-02 09:05:06,15.2,5,8.999000000000006,7.99173979214106,8.9715,8.65407993071369,8.755192340886449,8.449912718597758
006,2014-10-02 09:10:06,15.3,5,9.139500000000007,7.957407363922688,9.3015,8.799469121307565,8.928193388086841,8.526671460205812
006,2014-10-02 09:15:06,15.3,5,9.442000000000002,9.587000853133324,9.261500000000002,9.430166951044443,9.406057992991588,9.33214443683061
006,2014-10-02 09:20:06,15.1,5,8.552000000000003,8.082503936942805,8.3115,8.315334645647603,8.350672546226782,8.219348859220112
006,2014-10-02 09:25:07,15.0,5,10.224499999999997,9.078948019653147,10.1225,9.808649339884383,9.919981110935693,9.576195968278864
006,2014-10-02 09:30:07,14.8,5,9.692999999999994,9.05978589134753,10.0325,9.595095297115842,9.677137906102633,9.397002825244849
006,2014-10-02 09:35:07,14.7,5,9.576000000000011,8.956679832867218,9.142999999999999,9.225226610955744,9.265846533071132,9.09819275025089
006,2014-10-02 09:40:07,14.6,5,8.537500000000003,8.831732309604975,8.8445,8.737910769868327,8.723858377429707,8.636484627209285
006,2014-10-02 09:45:07,14.5,5,8.235000000000007,8.58256414098904,8.1855,8.334354713663016,8.296409884476846,8.228508120244209
006,2014-10-02 09:50:07,14.4,5,9.5105,8.989008511281043,9.2315,9.243669503760348,9.28230647096918,9.13701076467455
006,2014-10-02 09:51:00,14.9,5,8.455500000000006,7.229728928058086,8.33,8.005076309352697,8.123357108533535,7.756286039380052
006,2014-10-02 09:55:07,14.3,5,10.1695,8.928059931726699,10.126999999999999,9.741519977242232,9.865694470632182,9.489854503673858
006,2014-10-02 10:00:07,14.2,5,7.996500000000001,7.665401996242637,7.78,7.813967332080879,7.836459621595637,7.746107140149
006,2014-10-02 10:05:07,14.1,5,8.728000000000002,7.593314119413778,8.7375,8.352938039804593,8.468938331425596,8.121100602733904
006,2014-10-02 10:10:07,13.9,5,7.696000000000001,9.310368040931028,7.8655,8.290622680310344,8.135062439861374,7.86302898955886
006,2014-10-02 10:15:07,13.5,5,8.439,9.295263808555188,8.5765,8.770254602851729,8.690210238356837,8.539686293646293
006,2014-10-02 10:20:07,13.1,5,9.5105,9.600111944657982,9.387,9.499203981552661,9.483685550507644,9.434598584758131
006,2014-10-02 10:25:07,12.5,5,8.279,8.64917867472899,8.3895,8.439226224909662,8.407265803153212,8.33550132657923
006,2014-10-02 10:30:07,12.0,5,9.04450000000001,9.451616290341711,8.9855,9.16053876344724,9.116039657734708,9.036213023563112
006,2014-10-02 10:35:07,11.5,5,10.026500000000004,8.990967193968554,10.0245,9.680655731322853,9.785966886548984,9.470852522009231
006,2014-10-02 10:40:07,11.1,5,9.48150000000001,9.574776066832648,9.397499999999999,9.484592022277553,9.470746325176403,9.432356890043739
006,2014-10-02 10:45:07,10.7,5,8.126000000000005,8.210450918563772,8.171999999999999,8.169483639521259,8.163269112427695,8.144172714898035
006,2014-10-02 10:50:07,10.3,5,8.901000000000002,8.552598034036713,8.661,8.704866011345572,8.727902720892493,8.633415347090136
006,2014-10-02 10:55:07,9.8,5,9.736000000000004,8.553354293798964,9.599,9.29611809793299,9.40941324604959,9.056023436294034
006,2014-10-02 11:00:07,9.4,5,9.206500000000005,9.066201813592103,9.247,9.173233937864035,9.189613477546951,9.136482659987625
006,2014-10-02 11:05:07,8.9,5,9.551000000000005,8.66539394666087,9.481499999999999,9.232631315553625,9.319184417371677,9.052959440521098
006,2014-10-02 11:10:07,8.5,5,9.436500000000008,10.064611803043272,9.7315,9.74420393434776,9.695541928086765,9.55968628193038
006,2014-10-02 11:15:07,8.2,5,9.965500000000002,9.207207714904618,9.831,9.667902571634873,9.73812904395776,9.513789719404013
006,2014-10-02 11:20:07,7.9,5,9.73750000000001,9.495403590758576,10.3805,9.871134530252862,9.929080780847375,9.689878306919875
006,2014-10-02 11:25:07,7.7,5,9.008500000000005,8.130585154550847,8.6615,8.60019505151695,8.671593287188664,8.421080753580375
006,2014-10-02 11:30:07,7.6,5,9.5155,9.533487393391747,9.333999999999998,9.460995797797247,9.449764712235334,9.39522126505557
006,2014-10-02 11:35:07,7.5,5,9.197000000000001,9.190292783920633,9.089000000000002,9.15876426130688,9.15385364388763,9.123248660510129
006,2014-10-02 11:40:07,7.5,5,10.086999999999996,9.966424897777655,10.003,10.018808299259218,10.02673213426041,9.994077230577089
006,2014-10-02 11:45:07,7.4,5,10.024000000000006,8.804346842235063,9.726500000000001,9.518282280745025,9.627032290325793,9.27011126643135
006,2014-10-02 11:50:07,7.2,5,10.379500000000002,9.843438738967947,10.3575,10.193479579655984,10.2469099248543,10.084795764778566
006,2014-10-02 11:55:07,6.9,5,10.295500000000002,9.24329207776841,10.105500000000001,9.88143069258947,9.978702682383856,9.667571241348377
006,2014-10-02 12:00:00,7.2,5,11.253499999999999,10.575622760103695,11.759499999999997,11.19620758670123,11.291419946356063,10.954832180568236
006,2014-10-02 12:00:07,6.5,5,9.899000000000006,9.760242185641042,9.991499999999997,9.883580728547015,9.902496578576798,9.836449728812099
006,2014-10-02 12:05:07,6.1,5,8.987500000000004,8.428567453937019,8.9735,8.796522484645676,8.852695396992225,8.683233859825375
006,2014-10-02 12:10:07,5.7,5,9.245000000000003,8.839949142554422,9.3695,9.151483047518141,9.199164188127927,9.043822268315624
006,2014-10-02 12:15:07,5.6,5,9.561500000000002,8.651478930692953,9.6555,9.289492976897652,9.386999248085452,9.085797820908738
006,2014-10-02 12:20:07,5.6,5,9.902499999999998,9.51689281177003,9.575000000000001,9.664797603923342,9.687090028751738,9.585493750561634
006,2014-10-02 12:25:07,5.9,5,9.032000000000004,8.846711759226174,8.729,8.869237253075392,8.872406565447232,8.791365008722005
006,2014-10-02 12:30:07,6.4,5,9.130000000000003,8.137358671024412,9.061999999999998,8.77645289034147,8.87397961055328,8.575101382145041
006,2014-10-02 12:35:07,7.0,5,9.343000000000004,9.402691592520284,9.492,9.41256386417343,9.414204218918858,9.37415705034145
006,2014-10-02 12:40:07,7.6,5,10.635500000000004,8.20172401166776,10.324000000000002,9.720408003889256,9.952027713094793,9.22620867897561
006,2014-10-02 12:45:07,8.2,5,8.363000000000007,8.431343952808888,8.4565,8.416947984269632,8.414833165696846,8.388826235642469
006,2014-10-02 15:15:07,4.7,5,9.348500000000005,9.833907809678573,9.2845,9.488969269892861,9.43624132324368,9.342873211739711
006,2014-10-02 15:20:07,4.7,5,10.294499999999998,8.985895419176465,10.270999999999999,9.850465139725488,9.982460841483125,9.58526083945564
006,2014-10-02 15:25:07,4.8,5,9.591500000000002,10.019347891010488,9.9175,9.84278263033683,9.816112518014089,9.70718553005439
006,2014-10-02 15:26:00,4.2,5,8.9395,9.942981355853867,8.982999999999999,9.288493785284622,9.188594704342181,9.027606264542017
006,2014-10-02 15:30:07,4.9,5,9.609000000000007,10.352179740572426,9.356,9.772393246857478,9.68363629805646,9.496479328831462
006,2014-10-02 15:35:07,5.1,5,8.230500000000001,9.558223392488218,8.4235,8.737407797496074,8.612244370893714,8.381489735591288
006,2014-10-02 15:40:07,5.2,5,8.730000000000004,8.665340505448176,8.531500000000001,8.642280168482728,8.638581894412573,8.583847049515185
006,2014-10-02 15:45:07,5.3,5,9.168500000000009,8.165436007830072,9.0265,8.786812002610027,8.88156721280233,8.58308205527373
006,2014-10-02 15:50:07,5.4,5,9.667499999999999,8.598945825491136,9.661,9.309148608497045,9.417588201058527,9.092639137378612
006,2014-10-02 15:55:07,5.6,5,9.179,8.009710607919384,9.213500000000002,8.800736869306462,8.921554482303378,8.55674857240482
006,2014-10-02 16:00:07,5.7,5,10.448,9.781523965110436,10.397,10.20884132170348,10.274045645295443,10.073631273681649
006,2014-10-02 16:05:07,5.8,5,8.522000000000002,8.097843701125543,8.52,8.379947900375182,8.423022404953173,8.294007830324206
006,2014-10-02 16:10:07,5.8,5,8.415000000000006,8.220921108250867,8.3935,8.343140369416957,8.361783631391269,8.303743011608091
006,2014-10-02 16:15:07,5.9,5,9.095000000000004,8.361545616537724,9.107,8.854515205512575,8.92980057731236,8.70345209843135
006,2014-10-02 16:20:07,5.9,5,8.504500000000002,8.738742362162155,8.5245,8.589247454054052,8.566437961819451,8.527568323415403
006,2014-10-02 16:25:07,5.8,5,8.109000000000005,9.091781703804811,8.2335,8.478093901268272,8.384497041723446,8.216097963676749
006,2014-10-02 16:30:07,5.7,5,8.691500000000007,8.796887314700339,8.599,8.695795771566782,8.680276957741196,8.637589293762751
006,2014-10-02 16:35:07,5.7,5,8.330000000000002,8.274844086275776,8.630500000000001,8.411781362091926,8.432959206706938,8.33882068194713
006,2014-10-02 16:40:07,5.7,5,10.470000000000002,9.58353948574564,10.3,10.117846495248548,10.199281613582707,9.937639115023615
006,2014-10-02 16:45:07,5.8,5,9.550999999999998,8.448604021637154,9.406,9.135201340545718,9.239912934727831,8.911336197959189
006,2014-10-02 16:50:07,5.9,5,10.481000000000009,9.048115462830848,10.585000000000003,10.038038487610287,10.189288903012978,9.726356567272443
006,2014-10-02 16:55:07,6.0,5,9.672000000000004,9.468470274123344,9.878,9.672823424707783,9.704211143431774,9.589232917420258
006,2014-10-02 17:00:07,6.1,5,8.997,8.365623652027994,9.0045,8.789041217342664,8.853702233707585,8.659584081202766
006,2014-10-02 17:05:07,6.2,5,8.969000000000007,8.371167325512033,9.1175,8.819222441837347,8.887771282287394,8.66756994004031
006,2014-10-02 17:10:07,6.2,5,9.061000000000002,7.702221797899279,9.1445,8.635907265966427,8.778552126195578,8.343454113368505
006,2014-10-02 17:15:07,6.2,5,9.472000000000005,8.983277415366397,9.683,9.379425805122134,9.440104421026964,9.237027979437713
006,2014-10-02 17:20:07,6.1,5,8.281000000000008,8.60463480729445,8.051499999999999,8.312378269098152,8.26754706190184,8.152016216836522
006,2014-10-02 17:25:07,6.1,5,8.918500000000009,9.168403726244312,9.011999999999999,9.032967908748107,9.012370744094342,8.961446381892022
006,2014-10-02 17:30:07,6.0,5,8.332500000000005,8.400551008395967,8.282,8.33835033613199,8.328807477520526,8.303875092160965
006,2014-10-02 17:35:07,5.9,5,8.223999999999997,7.081788191226239,8.1495,7.818429397075412,7.9308453910361445,7.586751897213128
006,2014-10-02 17:40:07,5.9,5,8.358500000000003,7.398800712960287,8.040999999999999,7.932766904320097,8.014018424167261,7.737189685736771
006,2014-10-02 17:45:07,5.8,5,8.851000000000006,7.111412924776407,8.5385,8.166970974925471,8.32787214002399,7.813408740976946
006,2014-10-02 17:50:07,5.8,5,8.650500000000005,8.272207239809031,8.791000000000002,8.571235746603014,8.617021628820455,8.465706298056338
006,2014-10-02 17:55:07,5.8,5,8.536000000000001,7.576418011843345,8.3185,8.143639337281115,8.230057986574282,7.9484464740073335
006,2014-10-02 18:00:07,5.8,5,8.987500000000008,7.08711447519362,8.4585,8.177704825064543,8.343762196700107,7.790784603878234
006,2014-10-02 18:05:07,5.7,5,9.13400000000001,9.2705311468557,9.061000000000002,9.155177048951904,9.137497786978603,9.095551607573439
006,2014-10-02 18:10:07,5.6,5,8.460500000000003,8.22783895414649,8.454,8.380779651382165,8.404127343914286,8.333619747660082
006,2014-10-02 18:15:07,5.5,5,8.351500000000003,8.491691079818079,8.464000000000002,8.435730359939361,8.427285700837217,8.390849650756051
006,2014-10-02 18:20:07,5.4,5,8.901500000000002,7.826631720097487,8.662000000000003,8.463377240032498,8.560392359721165,8.244748372369294
006,2014-10-02 18:25:07,5.3,5,8.765500000000003,8.169813154282021,8.593,8.509437718094008,8.56114330305608,8.388131240272601
006,2014-10-02 18:30:07,5.2,5,8.584000000000001,8.74259596575348,8.2175,8.514698655251161,8.479572677043704,8.350512074166359
006,2014-10-02 18:35:07,5.2,5,9.567,9.706655160139936,9.599499999999999,9.62438505337998,9.611851693454662,9.585981442930976
006,2014-10-02 18:40:07,5.1,5,9.056500000000003,9.432960231032808,9.255999999999998,9.248486743677603,9.220496247140808,9.136097513349094
006,2014-10-02 18:45:07,5.0,5,9.624000000000002,8.587527678333103,9.816499999999998,9.3426758927777,9.458155979941742,9.09310934260089
006,2014-10-02 18:50:07,4.9,5,9.685000000000004,8.570204269074685,9.5185,9.257901423024895,9.36276178195539,9.031446598840091
006,2014-10-02 18:55:07,4.9,5,10.093500000000004,9.264806321322352,9.9365,9.764935440440786,9.8411633136681,9.5964783334101
006,2014-10-02 19:00:07,4.8,5,9.139500000000002,8.349656364874008,9.097500000000002,8.862218788291337,8.940447751708035,8.702047268969833
006,2014-10-02 19:05:07,4.8,5,10.145500000000006,9.041673303768802,10.2475,9.811557767922936,9.929207309092071,9.566953252018902
006,2014-10-02 19:10:07,4.8,5,8.236000000000002,7.645481633636079,8.276999999999997,8.052827211212026,8.115063972321797,7.9247598012815
006,2014-10-02 19:15:07,4.8,5,7.975000000000002,9.005612383359077,7.949999999999999,8.31020412778636,8.203995510743976,8.037379149188087
006,2014-10-02 19:20:07,4.8,5,9.566500000000005,10.3518457970519,9.564999999999998,9.827781932350634,9.747757942445876,9.625798193118474
006,2014-10-02 19:25:07,4.8,5,8.685500000000008,9.454463521794667,8.802500000000002,8.98082117393156,8.908602058223485,8.77427403615861
006,2014-10-02 19:30:07,4.8,5,9.499,8.410452366775894,9.162500000000001,9.023984122258632,9.117368068967467,8.802234083405562
006,2014-10-02 19:35:07,4.7,5,7.481500000000003,8.563679653271413,7.76,7.935059884423805,7.839320321972392,7.635359929362474
006,2014-10-02 19:40:07,4.7,5,9.278000000000002,9.193442841456184,9.181000000000001,9.217480947152064,9.221064963422526,9.195852147407818
006,2014-10-02 19:45:07,4.7,5,8.113000000000001,7.792957208727784,8.284000000000002,8.063319069575929,8.10475486216314,7.963319748772191
006,2014-10-02 19:50:07,4.7,5,10.737000000000002,9.127368189840139,10.544499999999998,10.13628939661338,10.290176314074543,9.809488438346033
006,2014-10-02 19:55:07,4.7,5,9.040500000000002,9.48124573295373,9.050499999999998,9.190748577651243,9.146399634398009,9.07688403141153
006,2014-10-02 20:00:07,4.8,5,8.472000000000007,8.793256329137273,8.454,8.57308544304576,8.539450092625993,8.484602576796474
006,2014-10-02 20:05:07,4.8,5,9.165500000000009,9.763813023541845,9.369,9.432771007847284,9.382403596089093,9.263149078606613
006,2014-10-02 20:10:07,4.8,5,8.575500000000003,8.258968784276705,8.695,8.509822928092236,8.548234029629308,8.421124033604386
006,2014-10-02 20:15:07,4.7,5,9.071500000000004,9.675006576653644,9.169500000000001,9.305335525551216,9.248975503590618,9.142741565392758
006,2014-10-02 20:20:07,4.6,5,8.314500000000004,8.6721414247673,8.4405,8.475713808255769,8.445832404120434,8.37397700717684
006,2014-10-02 20:25:07,4.4,5,9.338000000000001,8.734854147800855,9.597999999999999,9.223618049266952,9.298482421625799,9.047963433014747
006,2014-10-02 20:30:07,4.3,5,8.9235,7.859573641794548,9.333499999999999,8.705524547264849,8.835063866648936,8.40567539103394
006,2014-10-02 20:35:07,4.3,5,8.174500000000002,7.695825815809722,8.3485,8.072941938603241,8.130681395661451,7.9401875149136165
006,2014-10-02 20:40:07,4.3,5,7.6525000000000025,7.261018637552335,7.889000000000001,7.600839545850779,7.652939903280521,7.472899422170661
006,2014-10-02 20:45:07,4.3,5,7.634000000000004,7.522791433685343,7.833999999999999,7.663597144561781,7.6852760481838756,7.599944310155093
006,2014-10-02 20:50:07,4.3,5,8.485999999999997,7.753884798627936,8.942500000000003,8.394128266209313,8.492298279498382,8.15194217169529
006,2014-10-02 20:55:07,4.3,5,8.655499999999996,7.635929324981165,8.683,8.324809774993719,8.430023849571102,8.112593344142592
006,2014-10-02 21:00:07,4.3,5,9.106000000000003,8.614654442466973,9.126,8.94888481415566,8.999938418301015,8.845227373903572
006,2014-10-02 21:05:00,4.1,5,9.729000000000005,8.023448138722255,10.061,9.271149379574085,9.4619649495273,8.85734641892503
006,2014-10-02 21:05:07,4.3,5,8.755000000000004,8.379909630540753,8.921,8.685303210180253,8.732083759659956,8.575179464190477
006,2014-10-02 21:10:07,4.3,5,8.820000000000002,8.911820083646841,9.04,8.923940027882281,8.925986919723998,8.866752284096133
006,2014-10-02 21:15:07,4.3,5,8.716500000000003,8.917495996252827,8.841499999999998,8.825165332084275,8.811178263236451,8.763694726219693
006,2014-10-02 21:20:07,4.4,5,8.925000000000004,8.108266156475116,9.23,8.754422052158374,8.85335974734781,8.526242600618842
006,2014-10-02 21:25:07,4.7,5,8.301000000000005,7.625375286971147,8.6125,8.179625095657052,8.264534862004284,7.978697477497162
006,2014-10-02 21:30:07,5.2,5,8.306500000000005,7.975466552388135,8.559000000000001,8.28032218412938,8.327097741169899,8.161338852204675
006,2014-10-03 09:00:07,8.5,5,10.317499999999994,8.992883701975682,10.328500000000002,9.879627900658559,10.015040335739856,9.60900268468486
006,2014-10-03 09:05:07,8.7,5,9.035000000000007,8.609197285675842,9.102000000000002,8.915399095225284,8.962214759346695,8.815356708893798
006,2014-10-03 09:10:07,8.9,5,8.619,7.7245388971569415,8.724499999999999,8.35601296571898,8.452530863003018,8.153105682628324
006,2014-10-03 09:15:07,9.3,5,8.392000000000001,8.298748054842068,8.3915,8.360749351614023,8.37021627887748,8.341854970134891
006,2014-10-03 09:20:07,9.8,5,9.52000000000001,9.71360682400862,9.4715,9.56836894133621,9.546148385584692,9.502356639689182
006,2014-10-03 09:25:07,10.3,5,10.700500000000003,9.717930384552748,10.386499999999998,10.268310128184249,10.352071059639204,10.068112066877173
006,2014-10-03 09:30:07,10.8,5,11.239000000000015,9.319668487978687,11.118999999999998,10.559222829326233,10.748391253737312,10.169939021824462
006,2014-10-03 09:35:07,11.3,5,8.517000000000007,7.606395905511655,8.595,8.239465301837221,8.336202272349022,8.038941810252746
006,2014-10-03 09:40:07,11.8,5,9.431000000000001,7.7720923045307515,9.304,8.835697434843583,8.997992809296349,8.499149509574048
006,2014-10-03 09:45:07,12.4,5,8.627000000000008,7.665940863860811,8.2695,8.187480287953607,8.266798609076648,7.991483331459373
006,2014-10-03 09:50:07,12.9,5,8.823000000000006,7.398042909917885,8.960500000000001,8.393847636639299,8.546026045603487,8.07688380999694
006,2014-10-03 09:55:07,13.4,5,8.624500000000005,7.79871358993423,8.434500000000002,8.285904529978078,8.360127357125675,8.117917432295135
006,2014-10-03 10:00:07,13.9,5,8.801500000000004,7.974515072766044,8.735999999999999,8.504005024255349,8.584797799938706,8.336224046065189
006,2014-10-03 10:05:07,14.3,5,9.566499999999998,8.642956667532147,9.48,9.229818889177382,9.319353472379065,9.042399728980461
006,2014-10-03 10:10:07,14.5,5,8.76850000000001,8.212879458458207,8.717500000000003,8.566293152819407,8.620212655141422,8.453542112053865
006,2014-10-03 10:15:07,14.7,5,9.386500000000007,8.443650193181146,9.574000000000002,9.134716731060385,9.240407319001848,8.905145893161478
006,2014-10-03 10:20:07,14.7,5,9.301500000000003,8.712968614279623,9.095,9.036489538093209,9.085705830659064,8.916510135187329
006,2014-10-03 10:25:07,14.6,5,8.954000000000004,8.452304270207161,9.040999999999999,8.815768090069055,8.871345293759157,8.696237765375624
006,2014-10-03 10:30:07,14.5,5,9.136500000000002,8.554384088689238,8.999500000000001,8.896794696229746,8.948957362788978,8.778365660837636
006,2014-10-03 10:35:07,14.5,5,8.9025,8.445235799468382,8.976,8.774578599822794,8.82493360675569,8.666825731376063
006,2014-10-03 10:40:07,14.5,5,8.997500000000002,8.305498180014645,8.866,8.722999393338215,8.786633028651666,8.582327618282346
006,2014-10-03 10:45:07,14.7,5,9.098,8.463040475066482,8.8705,8.810513491688829,8.863368451863792,8.681052155910255
006,2014-10-03 10:50:07,14.8,5,9.442500000000004,8.00587844457909,9.237499999999999,8.895292814859696,9.030920322804233,8.60349816763998
006,2014-10-03 10:55:07,14.7,5,8.960000000000003,8.371980474982129,9.0555,8.795826824994045,8.860631803347708,8.657059847660403
006,2014-10-03 11:00:07,14.5,5,8.892000000000003,8.34485107547262,8.607,8.614617025157541,8.655555113102821,8.5027385271912
006,2014-10-03 11:05:07,14.0,5,10.123500000000007,9.345100544545428,10.277000000000001,9.915200181515145,10.002389237322483,9.725937306725793
006,2014-10-03 11:10:07,13.3,5,9.672000000000004,8.477548475116292,9.768000000000002,9.305849491705432,9.432413677167489,9.044118312466356
006,2014-10-03 11:15:07,12.4,5,9.240000000000006,8.907639232106265,9.1285,9.09204641070209,9.120105270251866,9.024309006786673
006,2014-10-03 11:20:07,11.5,5,9.959499999999998,8.802121733705219,10.0535,9.60504057790174,9.727727213846793,9.351231558230715
006,2014-10-03 11:25:07,10.7,5,9.630500000000003,8.650400541013697,9.589,9.289966847004566,9.3875892887669,9.091251842536856
006,2014-10-03 11:30:07,9.9,5,9.205000000000004,9.252490306925248,9.296500000000002,9.251330102308417,9.251234553076705,9.226334322465163
006,2014-10-03 11:35:07,9.4,5,10.228000000000002,7.763721551819066,10.186000000000002,9.392573850606356,9.64125623065462,8.893166606640968
006,2014-10-03 11:40:07,9.2,5,8.819000000000006,9.840496606685875,9.073500000000001,9.244332202228627,9.153527050395112,8.962102197418357
006,2014-10-03 11:45:07,9.2,5,8.817500000000003,9.578495949713773,8.7275,9.041165316571258,8.959036605151555,8.815606685469659
006,2014-10-03 11:50:07,9.3,5,9.164000000000005,9.946203629993052,9.036999999999999,9.382401209997687,9.296197352017565,9.138933945517426
006,2014-10-03 11:54:00,10.4,5,8.628000000000007,9.81795410429858,8.6165,9.020818034766195,8.899087990158337,8.711663464463824
006,2014-10-03 11:55:07,9.7,5,8.936999999999996,9.665695548788507,8.993,9.198565182929501,9.127286016725117,9.007182634558138
006,2014-10-03 12:00:07,9.9,5,9.325499999999995,9.379020441641693,9.336,9.346840147213896,9.341935697990802,9.332277552581456
006,2014-10-03 12:05:07,10.2,5,11.318000000000014,10.413020035268254,11.247,10.992673345089422,11.081120978205025,10.809070961918724
006,2014-10-03 12:10:07,10.4,5,9.392000000000003,9.472902958988195,9.135,9.333300986329398,9.311755050272753,9.225944462245172
006,2014-10-03 12:15:07,10.5,5,10.092000000000008,7.8845619046054125,10.0875,9.354687301535138,9.579166105808723,8.907450403194087
006,2014-10-03 12:20:07,10.5,5,10.071000000000005,9.221463742554203,10.0205,9.770987914184737,9.854853221302331,9.598692189349162
006,2014-10-03 12:25:07,10.6,5,8.911,8.347388591722309,9.050999999999998,8.769796197240769,8.834421174542035,8.626824524083933
006,2014-10-03 12:30:07,10.5,5,10.160500000000008,9.353128467569597,9.681000000000001,9.7315428225232,9.7888976514423,9.566242615980808
006,2014-10-03 12:35:07,10.5,5,10.227000000000006,8.78076313891837,10.119,9.708921046306125,9.850551067208523,9.415528138705346
006,2014-10-03 12:40:07,10.3,5,10.465000000000002,9.1358463797196,10.369000000000002,9.989948793239869,10.120281511657522,9.72031988770076
006,2014-10-03 12:45:07,10.1,5,9.502000000000004,9.663698894865215,9.4465,9.53739963162174,9.518064691017987,9.477214435998517
006,2014-10-03 12:50:07,9.9,5,9.535500000000003,8.327047468688436,9.435500000000001,9.099349156229481,9.217187632733559,8.854159523945459
006,2014-10-03 12:55:07,9.7,5,8.391000000000007,9.0505823673323,8.333999999999998,8.591860789110768,8.521764828409326,8.403439516093403
006,2014-10-03 13:00:07,9.5,5,10.262000000000006,10.396499190101165,10.212500000000002,10.290333063367058,10.274077731174215,10.239147691972068
006,2014-10-03 13:05:07,9.4,5,9.235500000000007,8.706719292615123,9.168500000000002,9.03690643087171,9.087265051721891,8.929535369529091
006,2014-10-03 13:10:07,9.5,5,7.824999999999999,8.912530509761936,7.6960000000000015,8.144510169920645,8.027121192193007,7.822038203055323
006,2014-10-03 13:15:07,9.8,5,9.70700000000001,8.948136570391517,9.7605,9.471878856797176,9.551900122205852,9.307135072995644
006,2014-10-03 13:20:07,10.0,5,9.508000000000008,8.272826763374656,8.966000000000001,8.915608921124887,9.013276010607955,8.663411938306654
006,2014-10-03 13:25:07,10.2,5,9.814000000000004,9.452761741838827,9.639499999999998,9.635420580612942,9.663156284652183,9.561605507146478
006,2014-10-03 13:30:07,10.2,5,9.672000000000002,9.279579424894402,9.605000000000002,9.518859808298137,9.555337297283332,9.43911492142683
006,2014-10-03 13:35:07,10.0,5,8.268000000000006,8.29550350883737,8.676000000000002,8.413167836279127,8.431498651929399,8.325697922517222
006,2014-10-03 13:40:07,9.7,5,10.459500000000002,8.931519175410447,10.521499999999998,9.970839725136814,10.129595503258916,9.648527249854546
006,2014-10-03 13:45:07,9.4,5,8.382500000000007,7.8689411271649865,8.3505,8.200647042388331,8.251268791840657,8.096486088187998
006,2014-10-03 13:50:07,9.0,5,9.4705,8.545773398657992,9.493500000000001,9.169924466219332,9.265250585188985,8.977848426247114
006,2014-10-03 13:55:07,8.6,5,9.722500000000007,8.55202071093958,9.588,9.287506903646529,9.399693016660825,9.0498861382448
006,2014-10-03 14:00:07,8.3,5,10.0105,8.775333674483694,10.1165,9.634111224827898,9.7653379856,9.36207522815025
006,2014-10-03 14:05:07,8.0,5,8.736500000000001,8.796512690171607,8.745499999999998,8.759504230057203,8.753861199573583,8.7433949347645
006,2014-10-03 14:10:07,7.7,5,9.623500000000002,8.969143261362314,9.816500000000001,9.469714420454105,9.54632196024222,9.297460593465484
006,2014-10-03 14:15:07,7.5,5,9.565500000000013,9.297768040688693,9.5075,9.45692268022957,9.481173285833295,9.402471805008128
006,2014-10-03 14:20:07,7.2,5,8.791500000000006,7.380420471634361,8.775,8.315640157211455,8.458430095846161,8.029699965761587
006,2014-10-03 14:25:07,6.9,5,8.1855,7.966803820748187,8.159500000000001,8.103934606916063,8.124850791096309,8.059533630174597
006,2014-10-03 14:30:07,6.7,5,7.729000000000003,9.014177824170284,7.827499999999999,8.190225941390096,8.06449932947567,7.852711491344298
006,2014-10-03 14:35:07,6.5,5,9.125000000000005,8.388013788052039,9.212,8.908337929350681,8.987867135394973,8.741138423036453
006,2014-10-03 14:40:07,6.4,5,8.810500000000001,7.786772012105881,8.9105,8.502590670701961,8.611982775568112,8.27462514795642
006,2014-10-03 14:45:07,6.3,5,9.46550000000001,9.33894471965082,9.7515,9.51864823988361,9.546343402261659,9.434203617821833
006,2014-10-03 14:50:07,6.2,5,10.303999999999998,8.602115189882495,10.4265,9.777538396627497,9.957130517590887,9.407553974712922
006,2014-10-03 14:55:07,6.1,5,9.003500000000004,7.981338268315549,8.8195,8.601446089438518,8.695970193872274,8.393695546289663
006,2014-10-03 15:00:07,5.9,5,8.773000000000003,8.207865739850988,8.722500000000002,8.567788579950331,8.62270245118155,8.45311188984273
006,2014-10-03 15:05:07,5.7,5,8.719,9.583074226174515,8.5935,8.96519140872484,8.870731007998678,8.701225923794091
006,2014-10-03 15:10:07,5.6,5,8.320000000000002,9.276587761814922,8.398,8.66486258727164,8.571523940069275,8.413271531153885
006,2014-10-03 15:15:07,5.4,5,9.685500000000003,8.926216147884752,9.446000000000002,9.352572049294919,9.417461437045468,9.19787968797526
006,2014-10-03 15:20:07,5.2,5,8.850500000000004,8.53782537581308,8.494499999999999,8.62760845860436,8.641000489697335,8.548534675058502
006,2014-10-03 15:25:07,5.1,5,8.645000000000003,8.247597572830728,8.648000000000001,8.513532524276911,8.554142502892512,8.432403089827528
006,2014-10-03 15:30:07,5.1,5,7.9085,8.012023804968955,7.971000000000003,7.9638412683229864,7.956539714076291,7.932329703040024
006,2014-10-03 15:35:07,5.0,5,9.894000000000007,9.568249395725731,9.777,9.746416465241913,9.77351757725251,9.67999842915233
006,2014-10-03 15:40:07,5.0,5,8.27500000000001,8.69482622461914,8.524000000000001,8.49794207487305,8.468100664754132,8.370504785499731
006,2014-10-03 15:45:07,4.9,5,9.7455,8.533198451227731,9.716000000000001,9.331566150409245,9.453447692070306,9.085850934726341
006,2014-10-03 15:50:07,4.8,5,9.256000000000006,8.731522679946814,9.1715,9.053007559982275,9.102021769120928,8.946445249252072
006,2014-10-03 15:55:07,4.6,5,8.214000000000004,8.15057740929573,8.4925,8.285692469765245,8.30657244667361,8.215580436919268
006,2014-10-03 16:00:07,4.4,5,8.370500000000003,8.783263965085204,8.3875,8.513754655028402,8.472616723021648,8.40651403782544
006,2014-10-03 16:05:07,4.2,5,8.980000000000011,10.095246007224171,8.702499999999999,9.259248669074728,9.13134740146725,8.879626436243717
006,2014-10-03 16:10:07,4.2,5,8.8045,8.528456220618835,8.4325,8.588485406872946,8.59731985527624,8.499230039936112
006,2014-10-03 16:15:07,4.3,5,8.703500000000002,8.882232645805166,8.640500000000001,8.742077548601722,8.720620183061026,8.674995122141024
006,2014-10-03 16:20:07,4.6,5,8.110500000000002,8.215309285254596,8.375000000000002,8.233603095084867,8.23663240383359,8.16557469492777
006,2014-10-03 16:22:00,3.3,5,9.021000000000003,8.698301595429925,9.312999999999999,9.01076719847664,9.058740001007006,8.885350869159915
006,2014-10-03 16:25:07,5.0,5,9.049000000000005,8.619447066723879,9.4905,9.05298235557463,9.119575400777503,8.875178687103354
006,2014-10-03 16:30:07,5.7,5,8.598500000000008,9.016654234966202,8.729000000000001,8.781384744988737,8.74557634120137,8.6637669472757
006,2014-10-03 16:35:07,6.4,5,9.499000000000002,8.569396461588381,9.7475,9.271965487196129,9.379466869846924,9.0325360054039
006,2014-10-03 16:40:07,7.3,5,9.960500000000007,9.472908158885215,9.973000000000003,9.80213605296174,9.852419107584808,9.70078119105008
006,2014-10-03 16:45:07,8.2,5,9.454000000000006,8.786831136927374,9.890500000000001,9.377110378975793,9.46763319797239,9.15219445720334
006,2014-10-03 16:50:07,9.0,5,9.842500000000008,9.734118092530565,9.6465,9.741039364176858,9.741921402813396,9.689166081131468
006,2014-10-03 16:55:07,9.8,5,9.222000000000001,8.029627870406294,9.3055,8.8523759568021,8.978081081076219,8.593636200600342
006,2014-10-03 17:00:07,10.4,5,10.93950000000001,10.131949217825913,10.887,10.652816405941975,10.732304111757758,10.489019607011771
006,2014-10-03 17:05:07,10.9,5,8.564000000000005,7.6622127198458365,8.4985,8.24157090661528,8.329978381018421,8.05863518474677
006,2014-10-03 17:10:07,11.4,5,9.384500000000003,8.914971849243065,9.425500000000001,9.241657283081024,9.291577532691864,9.138102146274687
006,2014-10-03 17:15:07,11.7,5,9.266000000000002,7.682319773456299,9.113499999999998,8.687273257818767,8.84058999487183,8.36587425284269
006,2014-10-03 17:20:07,11.9,5,8.260500000000006,8.27892402747215,8.3385,8.29264134249072,8.294805495774684,8.274205191235225
006,2014-10-03 17:25:07,12.1,5,8.829500000000005,8.809439115654156,8.736,8.79164637188472,8.788846090794733,8.762763033212716
006,2014-10-03 17:30:07,12.1,5,9.342000000000004,8.90502571367551,9.382499999999999,9.209841904558504,9.256422354106313,9.112984893717723
006,2014-10-03 17:35:07,12.0,5,9.465500000000008,9.141707674373071,9.413999999999998,9.340402558124358,9.37069661307573,9.274617450744785
006,2014-10-03 17:40:07,11.9,5,8.400000000000002,9.03805689732018,8.453500000000002,8.630518965773394,8.56833711844778,8.46258762478212
006,2014-10-03 17:45:07,11.7,5,8.769500000000003,9.019559876770467,8.835,8.874686625590156,8.852623425537413,8.805343902259516
006,2014-10-03 17:50:07,11.5,5,8.753500000000008,9.183625420473922,9.0335,8.99020847349131,8.960924141887455,8.857672355109743
006,2014-10-03 17:55:07,11.3,5,9.631000000000002,8.254326018229394,9.404,9.096442006076465,9.224827600483335,8.816713236562912
006,2014-10-03 18:00:07,11.3,5,9.169999999999995,8.646345743874248,9.001499999999998,8.939281914624749,8.983861918886477,8.832583457954811
006,2014-10-03 18:05:07,11.2,5,9.232000000000003,9.715812973515353,9.532,9.493270991171785,9.45955721047621,9.345376577501018
006,2014-10-03 18:10:07,11.0,5,9.229,10.377990984395412,9.709499999999998,9.772163661465136,9.68008458877872,9.439315929444978
006,2014-10-03 18:15:07,10.9,5,9.369000000000002,9.125900734369033,9.287500000000001,9.260800244789678,9.281326220222967,9.211255144299393
006,2014-10-03 18:20:07,10.8,5,9.339500000000008,9.051673120130067,9.372499999999999,9.254557706710026,9.285566880526234,9.18945962175665
006,2014-10-03 18:25:07,10.5,5,9.3335,8.750064314440925,9.388000000000002,9.157188104813644,9.219403040612772,9.027779870892847
006,2014-10-03 18:30:07,10.4,5,9.068999999999997,8.951160500724779,9.169,9.063053500241592,9.08022834662243,9.018618405487162
006,2014-10-03 18:35:07,10.3,5,9.231000000000005,10.004775584323157,9.324000000000002,9.51992519477439,9.44597324588702,9.314045418718639
006,2014-10-03 18:40:07,10.1,5,8.186,8.927573368378225,7.9325,8.348691122792742,8.260071803447328,8.073020830476956
006,2014-10-03 18:45:07,10.0,5,11.576500000000003,12.581603898827122,11.651499999999999,11.936534632942374,11.838101788156626,11.672734631853137
006,2014-10-03 18:50:07,9.9,5,10.725000000000005,10.43936575771263,10.375,10.513121919237546,10.524072049024763,10.432533983736132
006,2014-10-03 18:55:07,9.8,5,10.192499999999999,11.539587171526458,10.29,10.674029057175487,10.541948432641654,10.320711180951829
006,2014-10-03 19:00:07,9.6,5,10.257000000000005,10.942666457516955,10.343,10.514222152505655,10.44887696484216,10.331501244359886
006,2014-10-03 19:05:07,9.5,5,9.829000000000002,9.366318135638371,9.6425,9.612606045212791,9.650046974737547,9.51819551511598
006,2014-10-03 19:10:07,9.4,5,10.06200000000001,9.060002411274189,9.880500000000001,9.667500803758067,9.760101723932838,9.463844473321124
006,2014-10-03 19:15:07,9.3,5,9.571500000000002,9.374183845365465,9.7105,9.552061281788488,9.579346496952605,9.483505595356402
006,2014-10-03 19:20:07,9.3,5,9.228500000000006,9.050803378922541,9.15,9.143101126307515,9.157124642718037,9.106817233075818
006,2014-10-03 19:25:07,9.2,5,9.565000000000003,8.704683802709113,9.5245,9.264727934236372,9.350208520192488,9.090284283376448
006,2014-10-03 19:30:07,9.2,5,8.957500000000003,9.318355566183362,8.862000000000002,9.045951855394456,9.004271618963857,8.921194798725576
006,2014-10-03 19:35:07,9.2,5,9.761500000000002,10.188133449327205,9.661500000000002,9.870377816442405,9.821768492343388,9.727229264771523
006,2014-10-03 19:40:07,9.0,5,9.329000000000004,7.328550744910981,9.261,8.639516914970327,8.839636046051206,8.233986390994128
006,2014-10-03 19:45:07,9.0,5,9.718500000000004,8.94475509876758,9.875000000000002,9.512751699589195,9.599622305133073,9.323814989796347
006,2014-10-03 19:50:07,8.9,5,9.708000000000004,9.139594551992065,9.546500000000002,9.464698183997356,9.51419628633617,9.34895850465751
006,2014-10-03 19:55:07,8.8,5,8.916500000000001,9.417649763086628,8.927499999999998,9.087216587695542,9.03677045088145,8.957776309984565
006,2014-10-03 20:00:07,8.7,5,10.392000000000005,9.621186525569764,10.398,10.137062175189923,10.215839867936898,9.979663891537562
006,2014-10-03 20:05:07,8.6,5,8.635000000000007,9.133843594228587,8.591500000000002,8.786781198076199,8.733747230424651,8.644146096071598
006,2014-10-03 20:10:07,8.5,5,8.924000000000001,9.111843049608261,8.753499999999999,8.929781016536086,8.901828733456396,8.824137148067408
006,2014-10-03 20:15:07,8.4,5,9.010000000000003,8.471825140304592,8.7675,8.749775046768198,8.79200070143535,8.639867919908536
006,2014-10-03 20:20:07,8.3,5,9.2065,9.04982646387444,9.359499999999999,9.205275487958147,9.229148452623232,9.142075319603212
006,2014-10-03 20:25:07,8.2,5,9.897500000000003,9.479529756544695,10.0065,9.794509918848233,9.84270346584663,9.687418686739061
006,2014-10-03 20:30:00,7.9,5,9.727500000000004,9.68779256825692,9.8995,9.771597522752307,9.784547644050157,9.728187735967989
006,2014-10-03 20:30:07,8.0,5,9.378500000000004,9.05403127622047,9.374,9.268843758740159,9.30164083237724,9.20309109273937
006,2014-10-03 20:35:07,7.9,5,9.011500000000005,8.669036391945253,9.1855,8.955345463981752,8.999219013628915,8.850186915114627
006,2014-10-03 20:40:07,8.0,5,8.407999999999994,9.179774719989526,8.5165,8.701424906663172,8.628479396807867,8.494830147358151
006,2014-10-03 20:45:07,8.3,5,9.436000000000007,7.9435947106695295,9.4625,8.947364903556512,9.100660608263148,8.63955913786935
006,2014-10-03 20:50:07,8.7,5,9.834000000000001,10.645202863820707,10.119499999999999,10.19956762127357,10.131775375913575,9.968831293871569
006,2014-10-03 20:55:07,9.2,5,9.920000000000005,8.351271968501571,9.9165,9.395923989500526,9.555435443820746,9.078091537085452
006,2014-10-03 21:00:07,9.8,5,8.537999999999998,9.070414677515725,8.488000000000001,8.698804892505242,8.642016830158681,8.545366922169556
006,2014-10-03 21:05:07,10.3,5,9.932500000000003,8.84090584908313,9.9625,9.57863528302771,9.691310650115664,9.351313072374538
006,2014-10-03 21:10:07,10.7,5,10.146000000000006,9.647040489815808,9.996,9.92968016327194,9.972704430072312,9.828051501118315
006,2014-10-03 21:15:07,11.0,5,9.412500000000009,9.035410872203169,9.3975,9.281803624067726,9.319413525273252,9.205352352022784
006,2014-10-03 21:20:07,11.2,5,8.885000000000003,7.809721237756545,9.033000000000001,8.575907079252183,8.693032882032451,8.327628165493081
006,2014-10-03 21:25:07,11.4,5,8.722500000000004,6.967375900042486,9.080500000000002,8.256791966680831,8.454000428957858,7.827599913223368
006,2014-10-03 21:30:07,11.5,5,9.220000000000004,7.275988179403415,8.931000000000001,8.475662726467807,8.658590918017152,8.080769360129748
006,2014-10-03 21:35:07,11.5,5,10.448500000000013,9.131726961013937,10.5175,10.032575653671316,10.170193524650234,9.751613993926508
006,2014-10-03 21:40:07,11.5,5,9.144000000000005,7.222541923690712,9.012500000000001,8.459680641230241,8.64846995167393,8.069924529907452
006,2014-10-03 21:45:07,11.4,5,9.090500000000006,8.092201852441974,8.934,8.705567284147326,8.799086377700462,8.502750597678123
006,2014-10-03 21:50:07,11.2,5,9.06300000000001,7.3516421758643276,8.818000000000001,8.410880725288113,8.572404093237253,8.063281056068975
006,2014-10-03 21:55:07,10.9,5,9.116500000000004,7.231221851788544,9.267000000000001,8.53824061726285,8.737951876410335,8.125344105940599
006,2014-10-03 22:00:07,10.6,5,9.430000000000003,7.947617743249574,9.236,8.871205914416526,9.012061448867312,8.57017994442336
006,2014-10-03 22:05:07,10.3,5,10.321000000000005,9.382350268234761,10.152499999999998,9.951950089411588,10.038775629992726,9.761174731207548
006,2014-10-03 22:10:07,10.1,5,9.5175,8.385437135641917,9.275,9.059312378547306,9.161994396580772,8.82908523322632
006,2014-10-03 22:15:07,9.9,5,8.792000000000003,7.980768441768489,8.739,8.50392281392283,8.583759318493378,8.339378497291115
006,2014-10-03 22:20:07,9.8,5,8.976500000000009,7.7178462036529725,9.222000000000001,8.638782067884327,8.77962459932791,8.333304775342329
006,2014-10-03 22:25:07,9.5,5,8.511000000000003,7.571290059415733,8.577,8.21976335313858,8.31884174000749,8.015810437757512
006,2014-10-03 22:30:07,9.4,5,9.108500000000005,7.34009299184485,9.117500000000001,8.522030997281618,8.702516672547755,8.161906270225108
006,2014-10-03 22:35:07,9.2,5,8.513,7.994071872214845,8.700000000000001,8.402357290738282,8.464867781079716,8.2587745834999
006,2014-10-03 22:40:07,8.9,5,9.797500000000012,10.168161056008593,9.532499999999999,9.832720352002868,9.781263416439304,9.648331438119977
006,2014-10-03 22:45:07,8.7,5,8.181000000000008,7.768704810447313,8.140499999999998,8.030068270149107,8.069941400445385,7.946392399575869
006,2014-10-03 22:50:07,8.5,5,8.290500000000002,7.471535692086911,8.3795,8.04717856402897,8.135156523494045,7.862959305974956
006,2014-10-04 10:35:07,10.2,5,8.774000000000006,8.204328710946019,9.094,8.690776236982009,8.765340421838529,8.509566783221803
006,2014-10-04 10:40:07,10.7,5,8.994000000000002,8.372821951461416,8.710999999999999,8.692607317153806,8.741184972388707,8.565737941301864
006,2014-10-04 10:45:07,11.1,5,8.8585,8.497392518325208,8.527000000000001,8.627630839441736,8.647222090554399,8.553276133221873
006,2014-10-04 10:50:07,11.5,5,8.785500000000003,9.462966263559451,8.935,9.061155421186484,8.999933703016747,8.875506184590419
006,2014-10-04 10:55:07,11.8,5,8.121000000000004,9.593874873606634,8.023499999999999,8.579458291202213,8.424473595774558,8.168741827917476
006,2014-10-04 11:00:07,12.0,5,10.007500000000004,9.636618689281336,10.197000000000001,9.947039563093782,9.994608722061924,9.83293669068842
006,2014-10-04 11:05:07,12.2,5,9.504499999999995,10.070258474703033,9.376,9.65025282490101,9.586004874499103,9.461808510647474
006,2014-10-04 11:10:07,12.2,5,8.559500000000005,7.761534961640364,8.527,8.282678320546788,8.362226034850066,8.120895684192943
006,2014-10-04 11:15:07,12.2,5,8.831500000000002,8.219183675392,8.653,8.567894558464,8.62098223997003,8.443197360123767
006,2014-10-04 11:20:07,12.1,5,9.624000000000004,8.09026790431356,9.474,9.062755968104522,9.211117582922485,8.751485326969323
006,2014-10-04 11:25:07,12.0,5,9.6955,8.009268908863556,9.711500000000001,9.13875630295452,9.31123920341177,8.793840902319118
006,2014-10-04 11:30:07,11.9,5,9.529499999999997,9.103868361408974,9.3995,9.34428945380299,9.380884934556406,9.257588927787888
006,2014-10-04 11:35:07,11.8,5,8.84,9.002187566146777,9.0825,8.97489585538226,8.970944798385764,8.90392135303539
006,2014-10-04 11:40:07,11.7,5,9.41450000000001,9.882463815105108,9.205000000000002,9.50065460503504,9.442166867744264,9.310004731024547
006,2014-10-04 11:45:07,11.5,5,9.232500000000005,10.913144660364779,9.5795,9.908381553454928,9.755267362932303,9.449718770116245
006,2014-10-04 11:50:07,11.3,5,9.351500000000001,9.664924230756748,9.396999999999998,9.47114141025225,9.441592058086238,9.387127640211146
006,2014-10-04 11:55:07,11.0,5,9.060500000000003,8.580702882276643,8.982500000000002,8.874567627425549,8.919370139527443,8.777080836854253
006,2014-10-04 12:00:07,10.8,5,8.851500000000001,8.298959569821793,8.7975,8.649319856607265,8.702770438931854,8.537182019905703
006,2014-10-04 12:05:07,10.5,5,8.741999999999996,8.809982665166869,9.027500000000002,8.859827555055622,8.867693329453953,8.792275435419247
006,2014-10-04 12:10:07,10.3,5,9.954500000000003,8.8942652702702,10.027500000000002,9.625421756756735,9.737131810749014,9.39561158198207
006,2014-10-04 12:15:07,10.1,5,9.5305,8.859808591089774,9.581999999999999,9.32410286369659,9.395044849118214,9.177633703146626
006,2014-10-04 12:20:07,9.9,5,8.540000000000003,8.329383605001663,8.309,8.392794535000554,8.40227112278676,8.342496141772855
006,2014-10-04 12:25:07,9.7,5,10.597500000000004,9.98097329195806,10.595999999999998,10.391491097319353,10.45417433991601,10.266579133160887
006,2014-10-04 12:30:07,9.5,5,7.948999999999995,7.850950148951197,8.136999999999999,7.97898338298373,7.998701272775517,7.920463804550682
006,2014-10-04 12:35:07,9.2,5,8.157000000000005,8.60398423429488,8.1565,8.305828078098294,8.26030026811802,8.190987028281569
006,2014-10-04 12:40:07,8.8,5,8.501499999999995,7.643060399958333,8.64,8.261520133319443,8.35608022184948,8.059125525344252
006,2014-10-04 12:45:07,8.4,5,9.374000000000004,8.091901522515727,9.345,8.93696717417191,9.065979769818098,8.677113102455165
006,2014-10-04 12:50:07,7.9,5,8.943999999999996,8.960237129083147,8.894499999999999,8.932912376361047,8.928695836124298,8.912066808614485
006,2014-10-04 12:55:07,7.4,5,8.639,8.792783880487896,8.562000000000001,8.664594626829299,8.644951915466901,8.599195167547565
006,2014-10-04 13:00:00,7.4,5,8.9245,9.021885397082261,9.1175,9.021295132360754,9.0213771397959,8.968934401114907
006,2014-10-04 13:00:07,7.0,5,9.051499999999999,8.984684632490794,9.033500000000002,9.023228210830267,9.029097621106862,9.009626701290546
006,2014-10-04 13:05:07,6.6,5,8.8885,8.861881628903284,8.888,8.879460542967761,8.882144333454228,8.874065933833322
006,2014-10-04 13:10:07,6.3,5,9.454000000000006,9.126215525314937,9.451500000000001,9.34390517510498,9.3771433655734,9.277487959231173
006,2014-10-04 13:15:07,6.2,5,8.251000000000003,8.701755845097539,8.488,8.480251948365847,8.44664048922069,8.345830692173958
006,2014-10-04 13:20:07,6.3,5,8.116499999999998,8.72071884323748,8.1025,8.313239614412494,8.251006526823883,8.1535113771766
006,2014-10-04 13:25:07,6.6,5,8.822500000000002,8.916768127181095,8.841000000000001,8.860089375727034,8.851451236223847,8.834439114416888
006,2014-10-04 13:30:07,7.1,5,9.622499999999997,9.110715412090444,9.7375,9.490238470696815,9.548292835409908,9.362907050699953
006,2014-10-04 13:35:07,7.7,5,10.080500000000006,9.042920840568824,10.1205,9.747973613522943,9.855668292058134,9.529538571541412
006,2014-10-04 13:40:07,8.2,5,11.736999999999998,12.17894678457767,11.629999999999997,11.848648928192555,11.798118208666247,11.699212998175701
006,2014-10-04 13:45:07,8.6,5,10.171500000000005,9.704337783402885,10.3105,10.06211259446763,10.116867486484782,9.93888686435366
006,2014-10-04 13:50:07,8.8,5,11.953000000000005,10.584016020588471,11.960999999999999,11.499338673529492,11.639112259227604,11.220341526091298
006,2014-10-04 13:55:07,8.8,5,10.64900000000001,8.789870965290516,10.633,10.023956988430175,10.212383179164833,9.647245045911722
006,2014-10-04 14:00:07,8.5,5,9.344,9.495099878465094,9.515,9.45136662615503,9.444841233779107,9.396536749338354
006,2014-10-04 14:05:07,8.3,5,8.854000000000003,9.096369917455906,9.0245,8.991623305818637,8.975780948734641,8.915932682053754
006,2014-10-04 14:10:07,8.0,5,10.642000000000005,9.883627242056678,10.693999999999999,10.406542414018894,10.486436044185245,10.242206456116179
006,2014-10-04 14:15:07,7.8,5,10.784000000000008,11.875873981834562,10.766499999999999,11.142124660611524,11.030068191186137,10.856110458180472
006,2014-10-04 14:20:07,7.5,5,9.319000000000003,9.910007934285725,9.3955,9.541502644761907,9.485301454292856,9.383818946821714
006,2014-10-04 14:25:07,7.3,5,8.728499999999997,8.922347158307284,8.545499999999999,8.73211571943576,8.702904848829661,8.620719398051126
006,2014-10-04 14:30:07,7.2,5,8.813000000000002,9.223130675832104,8.881,8.972376891944036,8.9341483482145,8.86177033640049
006,2014-10-04 14:35:07,7.0,5,10.51550000000001,9.7883725979571,10.507000000000003,10.270290865985706,10.343870456981476,10.122946274830696
006,2014-10-04 14:40:07,6.9,5,9.048500000000004,9.630201475146793,9.0145,9.231067158382265,9.170090470399982,9.070376304678758
006,2014-10-04 14:45:07,6.8,5,8.064000000000004,8.854025138842557,7.9914999999999985,8.303175046280852,8.218997570858386,8.076066018928513
006,2014-10-04 14:50:07,6.6,5,9.037500000000001,9.368968961206006,8.95,9.11882298706867,9.080548561608435,9.004300736288338
006,2014-10-04 14:55:07,6.4,5,8.993999999999993,9.57930618652945,8.709,9.09410206217648,9.019758957114709,8.847907150789785
006,2014-10-04 15:00:07,6.2,5,10.071000000000005,9.50657762764477,9.784,9.78719254254826,9.829785444326358,9.671807281425785
006,2014-10-04 15:05:07,5.9,5,8.4815,8.805739571484981,8.345999999999998,8.544413190494993,8.504388745743327,8.415571096120342
006,2014-10-04 15:10:07,5.5,5,8.978500000000006,10.284943935680584,9.347999999999999,9.537147978560197,9.423291808108683,9.17270233763809
006,2014-10-04 15:15:07,5.1,5,9.078499999999996,7.935715597650548,9.074500000000002,8.696238532550183,8.812364059635966,8.46469924343747
006,2014-10-04 15:20:07,4.7,5,9.423999999999998,9.34231260895669,9.485999999999999,9.417437536318895,9.428964138794571,9.388139991896555
006,2014-10-04 15:25:07,4.3,5,7.7570000000000014,8.007822807299245,7.668499999999999,7.811107602433082,7.7809909698059085,7.716937929454234
006,2014-10-04 15:30:07,4.0,5,9.609000000000005,9.390067117683481,9.6655,9.554855705894497,9.580068718780321,9.498883478918263
006,2014-10-04 15:35:07,3.8,5,8.7955,9.353455059862103,8.723,8.957318353287368,8.896765050960063,8.789746260843252
006,2014-10-04 15:40:07,3.7,5,8.778500000000001,8.333893879231132,8.849499999999999,8.653964626410378,8.702901594665013,8.549290277570368
006,2014-10-04 15:45:07,3.6,5,10.083000000000007,10.751484268093737,10.1555,10.32999475603125,10.265699499243858,10.152751700103998
006,2014-10-04 15:50:07,3.6,5,9.524500000000003,9.79367835719323,9.389,9.569059452397743,9.53464010617051,9.45434315978805
006,2014-10-04 15:55:07,3.7,5,9.626500000000005,9.820404720207007,9.3065,9.584468240069004,9.548156183642034,9.426892365601226
006,2014-10-04 16:00:08,3.7,5,10.070000000000004,9.873478457094954,9.870999999999999,9.93815948569832,9.947858554071013,9.896800978181359
006,2014-10-04 16:05:08,3.7,5,11.139000000000005,11.285661052117305,11.187000000000001,11.203887017372438,11.191443230457281,11.162457765330885
006,2014-10-04 16:10:08,3.7,5,9.007000000000001,9.186890529104152,9.440499999999998,9.211463509701384,9.215602357926857,9.09891262790848
006,2014-10-04 16:15:08,3.7,5,8.653,8.318303669087872,8.422,8.464434556362624,8.486542181706717,8.395793067917527
006,2014-10-04 16:20:00,3.2,5,9.863500000000005,9.70569120533038,9.7245,9.764563735110128,9.773429381399716,9.732090901383424
006,2014-10-04 16:20:08,3.8,5,8.599500000000006,9.598807697688054,8.701500000000003,8.96660256589602,8.870158109326988,8.702149945743697
006,2014-10-04 16:25:08,3.9,5,10.407000000000005,10.193806086809408,10.5425,10.381102028936471,10.409822294086277,10.310049194010373
006,2014-10-04 16:30:08,4.2,5,11.670500000000006,13.438076627078672,11.819999999999999,12.309525542359559,12.137333224129065,11.844211516400064
006,2014-10-04 16:35:08,4.4,5,9.96550000000001,8.898939552427498,9.895999999999999,9.586813184142501,9.691787005902048,9.370480464162984
006,2014-10-04 16:40:08,4.8,5,9.91150000000001,10.243665281190797,10.1455,10.100221760396936,10.078527161902246,9.99646231973422
006,2014-10-04 16:45:08,5.1,5,10.291000000000006,9.887866787934318,10.3775,10.185455595978107,10.230973478251697,10.085996562427287
006,2014-10-04 16:50:08,5.3,5,10.764500000000005,10.55224794110583,11.189,10.835249313701945,10.878841213206512,10.70496557867139
006,2014-10-04 16:55:08,5.4,5,9.7065,9.919029173647585,9.609499999999999,9.745009724549194,9.718351070300777,9.657799938510834
006,2014-10-04 17:00:08,5.4,5,11.000500000000013,10.600866383511736,11.118999999999998,10.906788794503916,10.953607728867132,10.801459201759233
006,2014-10-04 17:05:08,5.3,5,9.317499999999997,9.104705743717957,9.2075,9.20990191457265,9.225866878301762,9.166393754269777
006,2014-10-04 17:10:08,5.1,5,10.462,9.512561550930888,10.5595,10.178020516976963,10.279720649603963,9.965619871929146
006,2014-10-04 17:15:08,5.0,5,8.826000000000004,8.711270999111626,8.628,8.721756999703876,8.723181575704897,8.670039763327587
006,2014-10-04 17:20:08,4.9,5,10.786500000000006,12.645404897839716,10.631999999999998,11.354634965946573,11.157401277131635,10.825676324324153
006,2014-10-04 17:25:08,4.8,5,10.111500000000005,10.51463336861411,10.212,10.279377789538037,10.243544752581197,10.167990907174204
006,2014-10-04 17:30:08,4.8,5,9.629500000000002,9.561290836491878,9.4815,9.557430278830626,9.556708782925519,9.516478283072686
006,2014-10-04 17:35:08,4.8,5,8.3375,8.038435324542753,8.0305,8.13547844151425,8.150022757116144,8.071136429700946
006,2014-10-04 17:40:08,4.8,5,9.028500000000003,9.001985067620886,9.3965,9.142328355873628,9.164086490194288,9.061291482229311
006,2014-10-04 17:45:08,4.8,5,9.559000000000001,9.42394416107068,9.966499999999998,9.649814720356893,9.684667789330744,9.53866611477433
006,2014-10-04 17:50:08,4.9,5,9.975500000000002,9.395739107628485,9.832500000000003,9.73457970254283,9.786191889655122,9.616606151827758
006,2014-10-04 17:55:08,4.9,5,9.727999999999998,9.578356015168607,9.8725,9.726285338389536,9.749002490758212,9.66625703466978
006,2014-10-04 18:00:08,5.0,5,10.112000000000004,11.413307056720296,9.923,10.482769018906767,10.34051066331259,10.085235117682416
006,2014-10-04 18:05:08,5.1,5,8.950000000000001,9.17919847847358,8.948999999999998,9.026066159491194,9.002682517684693,8.966928956487092
006,2014-10-04 18:10:08,5.1,5,9.878000000000007,10.820956492361782,9.750499999999999,10.149818830787263,10.047224824628666,9.864942380838865
006,2014-10-04 18:15:08,5.1,5,8.774999999999995,8.721595967110327,8.723999999999998,8.74019865570344,8.7429937313705,8.729195249370974
006,2014-10-04 18:20:08,5.1,5,11.197000000000003,12.436352987306666,11.477499999999997,11.703617662435555,11.591981815892524,11.363436834337797
006,2014-10-04 18:25:08,5.1,5,9.334999999999997,9.554553307266993,9.491,9.460184435755663,9.445913789260668,9.391496404349969
006,2014-10-04 18:30:08,5.1,5,8.922500000000007,9.89064152094548,9.076,9.296380506981828,9.205775913019506,9.035842359050156
006,2014-10-04 18:35:08,5.0,5,8.846499999999997,9.580655805233285,9.162,9.196385268411094,9.137989948438676,8.983037796370272
006,2014-10-04 18:40:08,5.0,5,8.624000000000006,7.294395777043242,8.517,8.145131925681083,8.274940816641259,7.8753720643250915
006,2014-10-04 18:45:08,4.9,5,9.424000000000005,9.729620981566423,9.527,9.560206993855475,9.534429958954064,9.473638531037418
006,2014-10-04 18:50:08,4.9,5,9.065500000000004,9.44243690501104,9.4445,9.317478968337014,9.298736378530265,9.190482242833493
006,2014-10-04 18:55:08,4.9,5,9.344000000000001,8.708378448012603,9.191500000000001,9.081292816004202,9.13809947157462,8.951967798597254
006,2014-10-04 19:00:08,4.9,5,9.221000000000004,9.144202914930148,9.698999999999998,9.354734304976716,9.387308018110115,9.240893147826501
006,2014-10-04 19:05:08,4.9,5,9.633500000000002,9.028372036025587,9.442499999999999,9.36812401200853,9.419832552003712,9.244838081200303
006,2014-10-04 19:10:08,4.8,5,9.231999999999998,9.686472959774523,9.0835,9.333990986591507,9.280035818579297,9.167357277663644
006,2014-10-04 19:15:08,4.7,5,9.517000000000003,9.255403140875284,9.265999999999998,9.346134380291762,9.35976484206154,9.292230518479025
006,2014-10-04 19:20:08,4.6,5,9.7835,9.491353472321448,9.567,9.613951157440482,9.63247828084145,9.55398242363556
006,2014-10-04 19:25:08,4.4,5,9.667500000000004,9.214372681881752,9.890500000000001,9.590790893960586,9.648467486195422,9.453137230169064
006,2014-10-04 19:30:08,4.3,5,9.994500000000004,10.164854380119143,9.5885,9.915951460039716,9.877582770946962,9.735438005432993
006,2014-10-04 19:35:08,4.2,5,9.244500000000007,9.753208560764296,9.126000000000001,9.374569520254768,9.316647020213278,9.204130895532781
006,2014-10-04 19:40:08,4.1,5,9.986000000000002,11.296125152565171,10.148000000000001,10.476708384188392,10.351730904114333,10.12776170079713
006,2014-10-04 19:45:08,4.0,5,9.196499999999999,9.677067672577577,9.22,9.36452255752586,9.316819011549462,9.239371993965282
006,2014-10-04 19:50:08,3.9,5,8.985,9.580253288819362,9.210500000000001,9.258584429606456,9.209667886888745,9.088004074062292
006,2014-10-04 19:55:08,3.9,5,9.093,9.60321812544872,9.212000000000002,9.302739375149573,9.256963496770362,9.162414160696386
006,2014-10-04 20:00:08,3.9,5,9.98,9.581468435321415,10.122500000000002,9.89465614510714,9.942605870105243,9.784615149451922
006,2014-10-04 20:05:08,3.9,5,9.505000000000003,8.949939139860174,9.343,9.265979713286725,9.314093473485311,9.152941806491587
006,2014-10-04 20:10:08,3.9,5,9.618000000000004,9.317947829826176,9.5925,9.50948260994206,9.53870653270058,9.448600944081077
006,2014-10-04 20:15:08,3.9,5,9.084499999999998,9.028260688191924,9.087000000000002,9.066586896063974,9.072441398822665,9.05467894295617
006,2014-10-04 20:20:08,4.1,5,9.850999999999997,8.830114427587057,10.030500000000002,9.570538142529019,9.683758257169766,9.326802372575106
006,2014-10-04 20:25:08,4.1,5,11.740500000000004,11.203932347414433,11.8525,11.598977449138147,11.659399297825546,11.467241885249106
006,2014-10-04 20:30:08,4.2,5,10.440500000000009,9.739426641574708,10.386,10.18864221385824,10.257187193903082,10.046410225933709
006,2014-10-04 20:35:08,4.3,5,9.544500000000006,9.92320766307399,9.3315,9.599735887691331,9.550152943476418,9.430805039516185
006,2014-10-04 20:40:08,4.3,5,9.904000000000003,8.917588312367531,9.816499999999998,9.546029437455845,9.641912076550005,9.345869721631136
006,2014-10-04 20:45:08,4.4,5,9.674000000000005,9.068620662404868,9.482,9.40820688746829,9.45988922598857,9.284866423171472
006,2014-10-04 20:50:08,4.4,5,8.851999999999997,8.418894748547922,8.81,8.693631582849306,8.735545441093352,8.605734244135117
006,2014-10-04 20:55:08,4.4,5,9.387,8.582490435833286,9.581,9.183496811944428,9.275441337133419,8.980616838633273
006,2014-10-04 21:00:08,4.4,5,10.365000000000002,9.500627934692172,10.485999999999999,10.117209311564059,10.211466973435577,9.917211003883128
006,2014-10-04 21:05:08,4.5,5,9.595500000000005,9.165727626345333,9.851500000000001,9.537575875448447,9.594584083951272,9.397868678125167
006,2014-10-04 21:10:08,4.6,5,8.483500000000003,8.407621287211812,8.508999999999999,8.466707095737272,8.475752028188042,8.446091191929412
006,2014-10-04 21:15:08,4.8,5,9.420500000000004,9.356125614231294,9.403,9.393208538077099,9.398855357663646,9.380103367440988
006,2014-10-04 21:20:08,5.2,5,9.918000000000008,10.927822821420504,9.774000000000001,10.206607607140171,10.09635222372729,9.899016793542577
006,2014-10-04 21:25:08,5.6,5,9.131500000000003,9.564212783903642,9.157499999999999,9.284404261301214,9.24170170407475,9.171332623848176
006,2014-10-04 21:30:08,6.1,5,10.1605,7.711895475144899,10.004500000000002,9.292298491714966,9.533481164239474,8.795655666364489
006,2014-10-04 21:35:08,6.5,5,9.963000000000001,9.0456075381033,9.993,9.6672025127011,9.762144568916053,9.475173068149179
006,2014-10-04 21:40:08,6.8,5,9.861000000000006,9.085035130126997,9.753499999999999,9.566511710042333,9.639935557729503,9.408915802004053
006,2014-10-04 21:45:08,7.0,5,8.444500000000003,9.033351279560446,8.606,8.694617093186816,8.643037654616322,8.530750843378511
006,2014-10-04 21:50:08,7.2,5,9.118,9.540725478566786,9.289499999999999,9.316075159522262,9.28192483296307,9.194035571806715
006,2014-10-04 21:55:08,7.2,5,10.682,9.303399904004097,10.9225,10.3026333013347,10.455427122646526,9.973883287458065
002,2014-10-01 19:22:01,4.4,6,9.017000000000001,9.329961104421695,9.035,9.127320368140564,9.103487404594459,9.052081492335633
002,2014-10-01 19:27:01,4.0,6,10.4385,10.044904390826993,10.324499999999999,10.269301463608997,10.295808975158572,10.192795640467217
002,2014-10-01 19:30:00,4.2,6,9.105500000000001,9.447388388018403,9.116499999999998,9.2231294626728,9.196764918489299,9.141488278309101
002,2014-10-01 19:32:01,3.6,6,8.847,9.363903931595624,8.869,9.026634643865208,8.986977552187295,8.902858514837943
002,2014-10-01 19:37:01,3.1,6,8.072499999999998,8.70079273910454,8.305,8.359430913034846,8.319033931098717,8.195870164487282
002,2014-10-01 19:42:01,2.7,6,8.6145,8.775078036357119,8.633,8.674192678785706,8.66231562276951,8.634997804759212
002,2014-10-01 19:47:01,2.4,6,9.316,8.644933138664044,9.1355,9.032144379554682,9.077864804916786,8.901653734641009
002,2014-10-01 19:52:01,2.4,6,10.032000000000004,8.941270006784569,10.121999999999998,9.698423335594859,9.787280090099905,9.467908573413398
002,2014-10-01 19:57:01,2.7,6,9.78400000000001,8.82022250533339,9.4305,9.344907501777799,9.406994317497007,9.15784437589212
002,2014-10-01 20:02:01,3.2,6,9.286499999999998,9.597745051285202,9.31,9.398081683761733,9.374591801434562,9.32289859163625
002,2014-10-01 20:07:01,3.9,6,9.252999999999997,9.800877488272143,9.276499999999999,9.44345916275738,9.401432660867071,9.312254626233686
002,2014-10-01 20:12:01,4.5,6,9.444000000000008,9.853000081302367,9.4415,9.579500027100792,9.547366132532924,9.481924774867702
002,2014-10-01 20:17:01,5.0,6,9.294500000000001,9.564782620329638,9.302,9.387094206776545,9.36620612587238,9.322628333420154
002,2014-10-02 06:47:01,2.2,6,8.869500000000004,10.049513182149967,8.604499999999998,9.17450439404999,9.072014641197546,8.815992046275994
002,2014-10-02 06:52:01,2.2,6,9.566500000000005,9.900956461937096,9.834499999999998,9.7673188206457,9.751286292521879,9.671060009254678
002,2014-10-02 06:57:01,2.2,6,10.037000000000008,8.81035428345138,9.8485,9.565284761150464,9.654223000658238,9.326241519156202
002,2014-10-02 07:02:01,2.2,6,9.0775,8.159526164112533,8.9885,8.741842054704179,8.810375201256466,8.562760397111697
002,2014-10-02 07:07:01,2.2,6,9.35,10.573301595388193,9.290999999999999,9.738100531796064,9.64003482117373,9.430868305492265
002,2014-10-02 07:12:01,2.2,6,9.339,8.423185981805291,9.2525,9.00489532726843,9.07335412709954,8.826226611238289
002,2014-10-02 07:17:01,2.2,6,11.705500000000004,11.750621669568572,11.841499999999998,11.76587388985619,11.767498726576358,11.73480373692087
002,2014-10-02 07:22:01,2.7,6,9.922500000000003,9.208822678477269,9.697000000000001,9.609440892825758,9.656792042104392,9.470787579895536
002,2014-10-02 07:27:01,3.5,6,9.548000000000007,9.183660139300114,9.5125,9.414720046433374,9.441913869366767,9.343643954772825
002,2014-10-02 07:30:00,3.2,6,9.867500000000009,10.51380469004945,9.890999999999998,10.090768230016486,10.041031425949342,9.936261587991753
002,2014-10-02 07:32:01,4.5,6,11.184499999999996,11.227451626769298,11.3885,11.266817208923099,11.271191759139493,11.2228771252929
002,2014-10-02 07:37:01,5.7,6,9.692,9.781406838512963,9.5285,9.667302279504321,9.654095871747238,9.597301247576958
002,2014-10-02 07:42:01,6.9,6,9.226500000000009,9.221620056941209,8.889500000000002,9.112540018980406,9.10013748583316,9.012406025361466
002,2014-10-02 07:47:01,8.1,6,10.300500000000005,9.876374408172179,10.245,10.14062480272406,10.171743203286766,10.057937602881218
002,2014-10-02 07:52:01,9.2,6,8.922500000000005,9.216962563570405,8.839500000000001,8.992987521190138,8.966771994773756,8.898484532102293
002,2014-10-02 07:57:01,10.2,6,9.534500000000001,9.20598658718759,9.6445,9.461662195729197,9.491569399747375,9.37626045885237
002,2014-10-02 08:02:01,11.0,6,8.965499999999999,9.525853987237708,9.058,9.183117995745903,9.142731806515991,9.044562752553198
002,2014-10-02 08:07:01,11.7,6,10.413500000000006,10.11630958652169,10.5495,10.359769862173899,10.388209741396693,10.27547959895117
002,2014-10-02 08:12:01,12.3,6,9.001,9.272782921871977,8.7395,9.004427640623993,8.973216952668928,8.86197926047308
002,2014-10-02 08:17:01,12.7,6,9.031500000000001,8.740316835965261,8.940000000000003,8.903938945321755,8.923277555185983,8.847365994105356
002,2014-10-02 08:22:01,12.9,6,8.57650000000001,8.455138345569647,8.6825,8.571379448523219,8.584907655717272,8.527234118810151
002,2014-10-02 08:27:01,12.8,6,9.49900000000001,8.973665045657139,9.3595,9.277388348552384,9.313248275373747,9.17522903051424
002,2014-10-02 08:32:01,12.4,6,9.571500000000006,9.094940189634038,9.357999999999999,9.341480063211348,9.370711839846596,9.24912480817225
002,2014-10-02 08:37:01,11.9,6,8.147500000000003,9.018001870777587,8.216500000000002,8.460667290259197,8.395094121558724,8.250183736414744
002,2014-10-02 08:42:01,11.3,6,9.445500000000008,9.122714196301734,9.177000000000001,9.248404732100582,9.26350406979095,9.186304740036189
002,2014-10-02 08:47:01,10.7,6,8.608000000000006,8.81111061497478,8.399,8.606036871658262,8.582197331904188,8.495527073430072
002,2014-10-02 08:52:01,10.1,6,8.513,8.724574857675949,8.332,8.523191619225317,8.499751271284826,8.419041043475527
002,2014-10-02 08:57:01,9.6,6,13.111499999999987,11.80513487356214,13.27,12.728878291187376,12.837225531486153,12.443019809230481
002,2014-10-02 09:02:01,9.2,6,11.7425,10.877973895487381,11.276000000000002,11.298824631829127,11.348849689828077,11.131573690220119
002,2014-10-02 09:07:01,8.8,6,12.71499999999999,11.070707005216574,12.722999999999999,12.169569001738855,12.298678312691774,11.846667895966789
002,2014-10-02 09:12:01,8.3,6,13.409500000000001,11.010527723918496,13.437999999999999,12.619342574639498,12.808347453881128,12.144997066492554
002,2014-10-02 09:17:01,7.8,6,12.480999999999993,11.57193089634482,12.104499999999998,12.05247696544827,12.10940564190735,11.876190389342874
002,2014-10-02 09:22:01,7.3,6,12.156,11.133717893209292,12.2525,11.847405964403096,11.931147439802897,11.629016041814854
002,2014-10-02 09:27:01,6.7,6,13.104499999999998,12.918984644472479,12.592999999999996,12.872161548157491,12.867289078944625,12.739219524074683
002,2014-10-02 09:32:01,6.2,6,11.637500000000006,10.267183522586805,11.1865,11.030394507528937,11.12062871713624,10.764235381243491
002,2014-10-02 09:37:01,5.7,6,8.765499999999998,8.193257509989422,8.66,8.53958583666314,8.580410130298224,8.428134207079331
002,2014-10-02 09:42:01,5.2,6,12.833999999999987,11.450432539780497,12.344000000000003,12.209477513260161,12.299270192558744,11.940871702770195
002,2014-10-02 09:47:01,4.8,6,10.752000000000008,10.38231703571603,10.8485,10.660939011905347,10.693559084906095,10.570092613606429
002,2014-10-02 09:52:01,4.3,6,9.10850000000001,8.200586516273527,9.044,8.78436217209118,8.85303669924178,8.607156819985375
002,2014-10-02 09:57:01,3.8,6,10.524499999999996,10.814891881395464,10.71,10.683130627131822,10.66742009017279,10.602561104607464
002,2014-10-02 10:02:01,3.4,6,11.566000000000006,10.136110665238283,11.6575,11.119870221746096,11.235351954168795,10.82278133869041
002,2014-10-02 10:07:01,3.1,6,10.478500000000007,9.483600491639056,10.633500000000002,10.198533497213022,10.28234927527645,9.974222099512168
002,2014-10-02 10:12:01,2.8,6,10.508999999999999,9.576378615470011,10.611999999999998,10.232459538490003,10.30942402571054,10.030340277434464
002,2014-10-02 10:17:01,2.8,6,11.481500000000004,9.1214099863664,11.288499999999999,10.630469995455469,10.808025961368532,10.169923694371914
002,2014-10-02 10:22:01,3.0,6,12.28050000000001,13.054235808279854,12.271500000000001,12.53541193609329,12.47445985003439,12.34954605056367
002,2014-10-02 10:27:01,3.4,6,9.368499999999997,7.950293213848926,9.341500000000002,8.886764404616308,8.996835436969738,8.609690107348914
002,2014-10-02 10:32:01,4.2,6,8.076,7.352705480483301,7.757999999999999,7.728901826827767,7.773497157961395,7.5887082886990855
002,2014-10-02 10:37:01,5.2,6,8.93850000000001,8.030458955018796,8.458499999999999,8.475819651672936,8.528741304876098,8.300113707486512
002,2014-10-02 10:42:01,6.3,6,10.34,10.413837952012052,10.1765,10.310112650670684,10.29812583279639,10.243797468073865
002,2014-10-02 10:47:01,7.2,6,7.519999999999999,7.420026208446749,7.3020000000000005,7.414008736148916,7.41356990200707,7.359584438166946
002,2014-10-02 10:52:01,7.8,6,8.253500000000003,8.334361925138712,8.385500000000002,8.32445397504624,8.32312734777264,8.290303051612637
002,2014-10-02 10:57:01,8.2,6,8.398500000000004,8.32940259726589,8.2635,8.330467532421965,8.330758773647167,8.297532784517868
002,2014-10-02 11:02:01,8.3,6,8.266000000000005,8.186411803880983,8.0625,8.17163726796033,8.17015161468239,8.119364409001609
002,2014-10-02 11:07:01,8.4,6,8.696500000000006,7.574210582795484,8.342500000000003,8.204403527598496,8.278888418015521,7.986362775731677
002,2014-10-02 11:12:01,8.5,6,11.267499999999995,10.104109151697822,11.536499999999998,10.969369717232604,11.070709106739585,10.69016037469242
002,2014-10-02 11:17:01,8.8,6,10.436999999999998,9.597252142163073,10.1675,10.067250714054357,10.122808375628033,9.904119684966094
002,2014-10-02 11:22:01,9.0,6,9.899500000000003,10.244092689092508,10.052,10.065197563030837,10.043989277354267,9.973899189116041
002,2014-10-02 11:27:01,9.1,6,11.448500000000001,10.171031695493703,11.476499999999998,11.032010565164569,11.133143378771333,10.776947367619341
002,2014-10-02 11:32:01,9.1,6,10.863000000000001,9.893742599239056,10.9855,10.580747533079686,10.661321678874911,10.367710450667152
002,2014-10-02 11:37:01,8.9,6,8.762500000000003,8.732483508469743,9.0355,8.843494502823248,8.856202676152865,8.785020248345411
002,2014-10-02 11:42:01,8.7,6,11.322500000000005,9.935384989833036,11.548,10.935294996611013,11.052509570990283,10.620743728723639
002,2014-10-02 11:47:01,8.3,6,10.303500000000003,9.976572076748248,10.109000000000002,10.129690692249417,10.147921848835804,10.066509684557431
002,2014-10-02 11:52:01,7.9,6,8.885000000000002,9.792982266607593,8.804499999999999,9.16082742220253,9.086646626945031,8.921823679311423
002,2014-10-02 11:57:01,7.5,6,9.394500000000006,9.695985809847981,9.5185,9.536328603282662,9.517415890752762,9.457051685945068
002,2014-10-02 12:02:01,7.2,6,7.909000000000003,9.049680877321219,8.02,8.326226959107073,8.2410826561638,8.049103580260425
002,2014-10-02 12:07:01,6.8,6,7.691500000000002,8.089193432696986,7.8455,7.875397810898996,7.850086780175176,7.7714325381466995
002,2014-10-02 12:12:01,6.4,6,8.937000000000006,8.921573793373405,8.9765,8.945024597791138,8.947731526420139,8.934397951825082
002,2014-10-02 12:17:01,6.2,6,8.448,9.046148875200759,8.639500000000002,8.711216291733587,8.671625210379965,8.557404627599745
002,2014-10-02 12:22:01,6.0,6,8.184500000000003,9.530495644946662,8.3375,8.684165214982222,8.584530922779429,8.355758267444882
002,2014-10-02 12:27:01,5.8,6,7.925500000000005,7.810646849755495,7.876000000000001,7.870715616585167,7.877834760038799,7.84845039635381
002,2014-10-02 12:32:01,5.7,6,9.023500000000002,8.750441768076211,8.658000000000001,8.810647256025405,8.818171281648766,8.730672049787108
002,2014-10-02 12:37:01,5.5,6,8.717000000000008,8.911924297051893,8.5545,8.7278080990173,8.70637391039567,8.633125063446851
002,2014-10-02 12:42:01,5.4,6,7.826500000000003,8.285580655962947,7.9045000000000005,8.005526885320982,7.97252386203444,7.891871552864407
002,2014-10-02 12:47:01,5.3,6,8.119000000000005,9.126718081773337,8.0755,8.44040602725778,8.359816092322523,8.188841592501072
002,2014-10-02 12:52:01,5.3,6,9.192500000000003,9.757408182235523,9.033999999999999,9.327969394078508,9.277704238687996,9.14688940949639
002,2014-10-02 12:57:01,5.6,6,10.0255,7.692886423518906,9.743,9.153795474506301,9.32580370091464,8.698947496525314
002,2014-10-02 13:00:00,5.6,6,8.926500000000003,9.30634222375336,9.1875,9.140114074584455,9.120260689706958,9.03355649929576
002,2014-10-02 13:02:01,6.0,6,9.500499999999997,9.693086353477876,9.232000000000001,9.475195451159292,9.44992307255983,9.34940565699704
002,2014-10-02 13:07:01,6.6,6,7.719500000000002,7.527927976288627,7.5329999999999995,7.593475992096209,7.60140753104531,7.556719498159653
002,2014-10-02 13:12:01,7.3,6,8.273500000000002,7.052703530266723,7.9185,7.748234510088909,7.830398020693912,7.510945276806264
002,2014-10-02 13:17:01,7.9,6,7.642999999999998,7.789535942287994,7.599500000000001,7.677345314095997,7.664216146152248,7.629661074118215
002,2014-10-02 13:22:01,8.4,6,7.456500000000003,7.564504449344081,7.6225,7.547834816448027,7.545671839036693,7.504206960248277
002,2014-10-02 13:27:01,8.6,6,7.223000000000004,7.171699946094742,7.198,7.197566648698249,7.200636814653701,7.187632318815872
002,2014-10-02 13:32:01,8.5,6,7.815500000000001,7.779223962671997,7.796500000000002,7.797074654224001,7.79919553534316,7.790054595625912
002,2014-10-02 13:37:01,8.2,6,7.947500000000008,8.621568044911873,7.775500000000001,8.114856014970627,8.055527662716893,7.9039008235394865
002,2014-10-02 13:42:01,7.7,6,8.2155,9.078544316575755,8.1205,8.471514772191918,8.400304106595266,8.238818961123496
002,2014-10-02 13:47:01,7.0,6,7.669500000000005,8.529439951536306,7.712000000000001,7.97031331717877,7.904562183967726,7.764018929158316
002,2014-10-02 13:52:01,6.5,6,8.332500000000008,8.696029953376803,8.2215,8.416676651125604,8.383988486692738,8.29745924660724
002,2014-10-02 13:57:01,5.9,6,8.109000000000009,7.380241468606371,8.1025,7.863913822868793,7.920754585492409,7.721509606827951
002,2014-10-02 14:02:01,5.4,6,6.842000000000001,7.459601744280451,6.816,7.039200581426818,6.989834338133843,6.885220999734355
002,2014-10-02 14:07:01,4.9,6,7.416500000000003,8.072140493807897,7.513499999999998,7.6673801646026325,7.619700416754044,7.50597959996759
002,2014-10-02 14:12:01,4.4,6,7.853000000000005,8.6572284556158,7.989000000000001,8.166409485205268,8.108569635342631,7.967346287412813
002,2014-10-02 14:17:01,4.1,6,8.480000000000008,8.961965733020795,8.7885,8.7434885776736,8.717437352509013,8.609726921137607
002,2014-10-02 14:22:01,3.7,6,8.463500000000003,7.995628614128492,8.421000000000001,8.293376204709498,8.328414617648832,8.202091664287668
002,2014-10-02 14:27:01,3.3,6,8.554500000000008,8.342490983131128,8.502999999999998,8.466663661043711,8.481317642333526,8.425417702918061
002,2014-10-02 14:32:01,3.0,6,7.871000000000004,7.404175675283099,7.775,7.683391891761034,7.716318648054332,7.592508262865687
002,2014-10-02 14:37:01,2.7,6,8.464000000000002,7.5914710812640305,8.3245,8.12665702708801,8.1897144189506,7.95664236118566
002,2014-10-02 14:42:01,2.4,6,13.814999999999992,13.433360176653656,13.5845,13.610953392217882,13.632104673847362,13.537211601317326
002,2014-10-02 14:47:01,2.2,6,13.342499999999998,11.152928231207229,13.333500000000004,12.609642743735742,12.780821577275963,12.181747372343603
002,2014-10-02 14:52:01,2.2,6,8.421,7.066858528578596,8.296,7.927952842859532,8.029287477881034,7.663758957397626
002,2014-10-02 14:57:01,2.2,6,11.00750000000001,9.363864891073518,11.018500000000001,10.46328829702451,10.592459883750099,10.13993765974295
002,2014-10-02 15:02:01,2.2,6,13.833999999999993,13.72496695916222,13.015999999999996,13.524988986387404,13.502497547165113,13.292324236866857
002,2014-10-02 15:07:01,2.2,6,9.809,10.136954105595361,9.7915,9.91248470186512,9.886130493285059,9.829616419623783
002,2014-10-02 15:12:01,2.2,6,9.618500000000006,8.028358874157599,9.36,9.002286291385868,9.117043373595566,8.69245856634349
002,2014-10-02 15:17:01,2.2,6,10.854000000000006,10.533445787319394,10.776999999999997,10.721481929106465,10.743671410251837,10.659115524566047
002,2014-10-02 15:22:01,2.2,6,10.452000000000009,10.20304906579164,10.505500000000001,10.386849688597218,10.40838091358958,10.3278852930863
002,2014-10-02 15:27:01,2.2,6,9.921000000000001,9.945075997063821,10.044500000000001,9.970191999021274,9.972991236270806,9.943798636783349
002,2014-10-02 15:32:01,2.2,6,10.998,9.851112333416175,10.7125,10.520537444472057,10.59954793216872,10.297437922901194
002,2014-10-02 15:37:01,2.2,6,10.929000000000004,10.000056159685892,11.1175,10.682185386561963,10.762105415424397,10.464308776630862
002,2014-10-02 15:42:01,2.4,6,10.116000000000007,9.293918194904581,10.559000000000001,9.989639398301529,10.070843374500157,9.743604979301782
002,2014-10-02 15:47:01,2.9,6,10.079000000000002,9.186302295579141,9.766,9.677100765193048,9.735155992941321,9.5037808425472
002,2014-10-02 15:52:01,3.7,6,10.564500000000004,10.87112025955638,10.781500000000001,10.739040086518793,10.723253317106195,10.652621274265005
002,2014-10-02 15:57:01,4.7,6,12.062499999999998,10.997546454468548,12.395999999999999,11.818682151489517,11.914757390727685,11.546281999495072
002,2014-10-02 16:02:01,5.9,6,11.603499999999997,9.905191892741195,11.3825,10.96373063091373,11.088383623041153,10.632625250293557
002,2014-10-02 16:07:01,7.3,6,13.853999999999996,13.54313463972299,13.78,13.72571154657433,13.747255862055791,13.665227718581761
002,2014-10-02 16:12:01,8.8,6,10.580500000000006,10.175949026317046,10.876999999999999,10.54448300877235,10.587421890566944,10.408281479833825
002,2014-10-02 16:17:01,10.3,6,9.094500000000007,9.036011001224992,8.822,8.984170333741666,8.97841421313399,8.90903270480398
002,2014-10-02 16:22:01,11.7,6,9.369499999999999,9.357069734489757,9.346499999999999,9.357689911496585,9.357791083891989,9.352149166087816
002,2014-10-02 16:27:01,13.0,6,8.731500000000004,8.776769818260654,8.880999999999998,8.796423272753552,8.798548655130965,8.762735667242993
002,2014-10-02 16:32:01,14.2,6,8.334500000000002,10.27527747972969,8.4575,9.022425826576564,8.875061141976039,8.555119232853713
002,2014-10-02 16:37:01,15.2,6,8.776500000000002,8.843556390168914,8.8525,8.824185463389638,8.82181581593431,8.80231366042281
002,2014-10-02 16:42:01,16.0,6,10.276500000000004,9.543133696193935,10.2095,10.009711232064646,10.064617750126686,9.866628431587007
002,2014-10-02 16:47:01,16.6,6,10.126,9.774495942062806,10.1685,10.02299864735427,10.052146070789082,9.946111070697992
002,2014-10-02 16:52:01,17.2,6,11.499000000000008,9.289473066901508,11.319,10.702491022300507,10.868745800438303,10.271322972468006
002,2014-10-02 16:57:01,17.8,6,8.980000000000004,9.584164329121608,9.074499999999999,9.212888109707203,9.169145908291984,9.063833557778946
002,2014-10-02 17:02:01,18.4,6,8.9695,9.112823557671028,9.1355,9.07260785255701,9.0676781501662,9.02517380015827
002,2014-10-02 17:07:01,19.0,6,9.430000000000005,9.21326669655283,9.3505,9.331255565517612,9.345217385252605,9.289189019261617
002,2014-10-02 17:12:01,19.6,6,12.144499999999995,10.497346687654657,12.2665,11.636115562551552,11.769773766482574,11.290687324204413
002,2014-10-02 17:17:01,20.0,6,9.269,9.751290175596225,9.33,9.45009672519874,9.41463065170631,9.332029974807883
002,2014-10-02 17:22:01,20.4,6,11.273500000000004,10.176286098274565,11.089999999999998,10.846595366091522,10.925584240269005,10.63282984489323
002,2014-10-02 17:27:01,20.6,6,9.219000000000003,9.456719996864098,9.264,9.313239998954701,9.296325354961196,9.254093495904787
002,2014-10-02 17:32:01,20.8,6,9.179000000000007,9.25441175316136,9.4335,9.288970584387123,9.29271819190902,9.231800916238711
002,2014-10-02 17:37:01,20.9,6,10.7075,9.2511540858182,10.629999999999997,10.196218028606067,10.307360868670028,9.911875115145605
002,2014-10-02 17:42:01,21.0,6,8.9255,8.457517654105676,8.499,8.627339218035225,8.64781847532587,8.537441766504829
002,2014-10-02 17:47:01,21.0,6,10.268000000000004,9.44955232485212,10.160000000000002,9.959184108284042,10.01920006066256,9.799623479599727
002,2014-10-02 17:52:01,21.0,6,8.4135,8.81921572357781,8.629,8.62057190785927,8.596965582242087,8.510788368805773
002,2014-10-02 17:57:01,21.0,6,10.488500000000009,9.675786353872839,10.357000000000001,10.173762117957615,10.232437372815841,10.015408358017908
002,2014-10-02 18:02:01,21.0,6,10.402000000000003,8.765858589483262,10.5625,9.910119529827755,10.044375694090828,9.559424393869861
002,2014-10-02 18:07:01,20.9,6,10.260000000000007,10.467453239619724,10.1825,10.30331774653991,10.284126756059788,10.23105649141389
002,2014-10-02 18:12:01,20.8,6,9.815000000000003,9.49011512641407,9.593,9.632705042138024,9.649732885932943,9.570024215480576
002,2014-10-02 18:17:01,20.6,6,10.418999999999999,10.027285446413027,10.312999999999999,10.253095148804341,10.279758804551882,10.176927608387235
002,2014-10-02 18:22:01,20.4,6,10.42700000000001,9.126053039475037,10.1775,9.910184346491683,10.002628816168189,9.656843510604212
002,2014-10-02 18:27:01,20.3,6,10.542500000000004,9.85493837537548,10.528000000000002,10.308479458458496,10.361789561496906,10.174156086811161
002,2014-10-02 18:32:01,20.1,6,13.071499999999991,11.878920756846112,12.950999999999999,12.6338069189487,12.722656281759683,12.401172134368544
002,2014-10-02 18:37:01,20.0,6,10.917,10.513035634367528,10.9485,10.792845211455841,10.825684808860876,10.707824558915384
002,2014-10-02 18:42:01,19.9,6,9.739000000000006,9.508584419860894,10.045,9.764194806620301,9.793853181883735,9.660195502180215
002,2014-10-02 18:47:01,19.6,6,10.085500000000003,10.295324061535595,9.928500000000001,10.103108020511867,10.080715311799233,10.006540295644905
002,2014-10-02 18:52:01,19.4,6,13.197999999999995,12.817439916298156,13.066500000000001,13.027313305432719,13.052135778814602,12.953419338336431
002,2014-10-02 18:57:01,19.2,6,10.104000000000008,10.390404595959462,10.337,10.277134865319823,10.26353868507427,10.19448241594788
002,2014-10-02 19:00:00,19.7,6,9.744500000000002,9.406544160151062,9.904000000000002,9.685014720050356,9.717539483912118,9.588228775393015
002,2014-10-02 19:02:01,19.0,6,9.940500000000004,9.266370794469788,9.742500000000001,9.649790264823265,9.69508667983603,9.518765319460314
002,2014-10-02 19:07:01,19.0,6,8.456,9.07518228508052,8.490000000000002,8.673727428360174,8.626513599490732,8.52497276531069
002,2014-10-02 19:12:01,19.0,6,9.667500000000004,9.36960592343212,9.885499999999999,9.64086864114404,9.67247448434714,9.54063922856847
002,2014-10-02 19:17:01,19.3,6,9.500500000000006,9.070303614487168,9.590500000000002,9.38710120482906,9.424215010013404,9.285680673317788
002,2014-10-02 19:22:01,19.6,6,8.639999999999997,8.5713199417119,8.744000000000002,8.651773313903966,8.661098830136474,8.6183094443534
002,2014-10-02 19:27:01,19.9,6,8.613499999999998,9.592427970156443,8.708,8.971309323385482,8.898209984257385,8.733531514637352
002,2014-10-02 19:32:01,20.1,6,10.436999999999998,9.522206702518698,10.419,10.126068900839565,10.197046434021367,9.947348368871419
002,2014-10-02 19:37:01,20.2,6,8.939000000000004,9.975544014990247,9.058,9.324181338330083,9.247498101075363,9.071202003267949
002,2014-10-02 19:42:01,20.1,6,9.630500000000005,9.146775006637569,9.337,9.371425002212524,9.398183095718096,9.277962883531282
002,2014-10-02 19:47:01,20.0,6,9.916500000000005,9.392969797445138,9.892000000000001,9.733823265815047,9.773904584163194,9.631594768500488
002,2014-10-02 19:52:01,19.8,6,9.297500000000012,8.726055010943952,9.05,9.024518336981322,9.059893089635228,8.91374352362812
002,2014-10-02 19:57:01,19.6,6,9.058,7.899597376221284,9.056999999999999,8.671532458740428,8.762238077386778,8.445138721177608
002,2014-10-03 06:37:02,9.3,6,9.422499999999998,9.408762985309172,9.5095,9.446920995103056,9.451297613168135,9.427471102766816
002,2014-10-03 06:42:02,9.2,6,10.927500000000004,9.212757741645515,10.5545,10.23158591388184,10.351759836739808,9.897826294198538
002,2014-10-03 06:47:02,9.2,6,10.904000000000002,10.780859807685545,11.0995,10.928119935895182,10.94518283574216,10.866380113380128
002,2014-10-03 06:52:02,9.3,6,10.607500000000005,10.153534258393268,10.5365,10.432511419464424,10.465379325278073,10.344049146031601
002,2014-10-03 06:57:02,9.5,6,10.284999999999998,9.425471894147638,10.262,9.99082396471588,10.05728260948116,9.822922766934255
002,2014-10-03 07:00:00,10.0,6,9.778000000000002,10.529340084900532,10.0145,10.10728002830018,10.057395871786765,9.91433359243471
002,2014-10-03 07:02:02,9.9,6,10.283500000000004,10.488047839117673,10.209000000000001,10.326849279705892,10.307999695300575,10.2561719072962
002,2014-10-03 07:07:02,10.2,6,9.406500000000001,10.063979290938734,9.552,9.674159763646244,9.628175923003054,9.509233254649386
002,2014-10-03 07:12:02,10.5,6,9.887000000000004,9.230736299297726,9.675,9.597578766432578,9.640944566347203,9.470096804538697
002,2014-10-03 07:17:02,10.7,6,10.400999999999996,9.801920612728429,10.685,10.295973537576144,10.353676603334648,10.124162294695548
002,2014-10-03 07:22:02,10.6,6,8.831999999999997,9.235901993176405,8.9175,8.995133997725468,8.966737927370664,8.894063983236995
002,2014-10-03 07:27:02,10.4,6,9.431000000000001,8.522003042048095,9.192,9.048334347349366,9.110473723988603,8.871557427233839
002,2014-10-03 07:32:02,9.9,6,13.010999999999997,13.93463638736183,12.979,13.30821212912061,13.23464501666424,13.079988417782262
002,2014-10-03 07:37:02,9.4,6,9.311500000000002,9.813549488413255,9.233500000000001,9.452849829471086,9.410562651364199,9.31069517145957
002,2014-10-03 07:42:02,8.7,6,9.479000000000006,9.298451967849662,9.2945,9.357317322616556,9.364461170573069,9.321513133815257
002,2014-10-03 07:47:02,7.9,6,10.40650000000001,8.906100561882376,10.4855,9.93270018729413,10.05323112011839,9.624239642928083
002,2014-10-03 07:52:02,7.1,6,11.357500000000005,10.3319928183116,11.251499999999998,10.980330939437202,11.056642787878147,10.780295406876943
002,2014-10-03 07:57:02,6.3,6,12.179999999999989,9.885072003528585,11.7,11.25502400117619,11.416587546945724,10.808265832029004
002,2014-10-03 08:02:02,5.4,6,10.374000000000002,9.859501824933039,10.236500000000001,10.15666727497768,10.191754176094745,10.056618552204512
002,2014-10-03 08:07:02,4.6,6,10.148000000000009,9.474216745137385,9.937999999999999,9.853405581712464,9.898219651412987,9.722492272922107
002,2014-10-03 08:12:02,3.8,6,8.667500000000004,9.653100069103184,8.328000000000001,8.882866689701062,8.792779988324442,8.548128808341023
002,2014-10-03 08:17:02,3.2,6,7.677999999999995,7.697059772623003,7.6405,7.671853257540999,7.668937567456058,7.65614039830918
002,2014-10-03 08:22:02,2.8,6,11.084499999999998,10.310612085409097,10.731000000000002,10.708704028469699,10.755915829800825,10.558752790558078
002,2014-10-03 08:27:02,2.4,6,9.663499999999999,9.516495159196868,9.769,9.649665053065624,9.665183052621018,9.600604388151115
002,2014-10-03 08:32:02,2.3,6,11.358500000000003,11.106688734026504,11.163499999999999,11.209562911342168,11.221890830438275,11.161064485449891
002,2014-10-03 08:37:02,2.2,6,12.968499999999992,12.511730982698479,13.22,12.900076994232824,12.945399210707139,12.762341631010111
002,2014-10-03 08:42:02,2.2,6,10.307,10.450260785321927,10.4865,10.414586928440642,10.410174294222537,10.364558153566694
002,2014-10-03 08:47:02,2.2,6,9.615000000000006,9.523259258339376,9.457,9.531753086113127,9.532945541599924,9.494369482887736
002,2014-10-03 08:52:02,2.2,6,11.303999999999998,9.931293431636574,11.026499999999999,10.753931143878857,10.850934668880672,10.486668383116182
002,2014-10-03 08:57:02,2.2,6,10.373500000000002,9.697118595306192,10.6945,10.25503953176873,10.320201729641598,10.06099043421588
002,2014-10-03 09:02:02,2.2,6,8.777499999999998,8.868511665518923,8.731,8.79233722183964,8.783443740938846,8.756902007930687
002,2014-10-03 09:07:02,2.2,6,8.9215,8.71741078488763,8.629,8.755970261629209,8.760861002736613,8.69042526736992
002,2014-10-03 09:12:02,2.2,6,14.227999999999998,12.517928666218788,14.0205,13.588809555406263,13.71489617165488,13.25535565070362
002,2014-10-03 09:17:02,2.4,6,11.161000000000003,10.375981296733542,10.807499999999997,10.781493765577848,10.829577498068302,10.629367134038912
002,2014-10-03 09:22:02,2.8,6,11.672000000000004,10.462559431072771,11.611499999999996,11.248686477024256,11.341132899249367,11.012536205547548
002,2014-10-03 09:27:02,3.3,6,10.9915,9.459704610471334,10.648500000000002,10.366568203490447,10.473549082865183,10.068453532569965
002,2014-10-03 09:32:02,3.9,6,10.401500000000008,9.969284607753307,10.3685,10.246428202584438,10.27903390309183,10.162077392351499
002,2014-10-03 09:37:02,4.5,6,8.864000000000006,8.892765780868256,9.2765,9.011088593622754,9.024484279195084,8.928498736267201
002,2014-10-03 09:42:02,5.0,6,8.632500000000002,9.471028837282402,8.4185,8.840676279094135,8.766871520086466,8.57824125923382
002,2014-10-03 09:47:02,5.4,6,8.713000000000005,8.369607498663681,8.868500000000001,8.650369166221228,8.683168062951589,8.553291495230113
002,2014-10-03 09:52:02,5.6,6,8.3975,7.977428896305701,8.1785,8.184476298768567,8.209074374293657,8.10318133519053
002,2014-10-03 09:57:02,5.7,6,8.959500000000002,8.453258342828736,8.8275,8.746752780942913,8.78140156118488,8.648297528542487
002,2014-10-03 10:02:02,5.6,6,9.434500000000009,8.957714754438877,9.541999999999998,9.311404918146295,9.352832164459691,9.197506793888117
002,2014-10-03 10:07:02,5.3,6,8.304000000000006,8.244818720593194,8.362499999999999,8.3037729068644,8.31062819734102,8.280933447439061
002,2014-10-03 10:12:02,5.1,6,7.973500000000004,8.369211108086512,7.8050000000000015,8.04923703602884,8.011846575000442,7.905226723489662
002,2014-10-03 10:17:02,4.9,6,7.589500000000005,7.757207923799745,7.897000000000002,7.747902641266585,7.746430887873079,7.670573345360435
002,2014-10-03 10:22:02,4.6,6,8.285000000000007,8.2975906289214,8.4345,8.33903020964047,8.343715518746976,8.308864307030722
002,2014-10-03 10:27:02,4.4,6,8.261500000000005,8.351403707740573,8.1795,8.26413456924686,8.253981113129957,8.218358460039239
002,2014-10-03 10:32:02,4.3,6,8.065000000000008,8.233894930418098,7.977,8.091964976806036,8.07539611476116,8.025696034748902
002,2014-10-03 10:37:02,4.2,6,8.280000000000008,8.373517234429489,8.1465,8.266672411476499,8.254282128651743,8.204658714893466
002,2014-10-03 10:42:02,4.1,6,8.509,7.980325183294042,8.562999999999999,8.350775061098014,8.39423744579645,8.23704527240752
002,2014-10-03 10:47:02,4.1,6,8.009500000000005,8.198508144301448,8.1955,8.13450271476715,8.126753048950741,8.077903379371426
002,2014-10-03 10:52:02,4.1,6,8.355,7.905103639726947,8.4115,8.223867879908983,8.261253991118059,8.125052741277848
002,2014-10-03 10:57:02,4.0,6,7.991000000000005,8.18895532341252,8.171499999999998,8.117151774470841,8.10849257664409,8.058784725590609
002,2014-10-03 11:02:02,3.9,6,8.730000000000011,7.7048855746798655,8.6745,8.369795191559959,8.447992097123887,8.169651150465828
002,2014-10-03 11:07:02,3.9,6,8.823000000000006,8.999052543940596,8.831,8.8843508479802,8.870863255674907,8.842161571429278
002,2014-10-03 11:12:02,3.8,6,8.621500000000005,8.29157666081845,8.3945,8.435858886939485,8.453091733794771,8.372211689479103
002,2014-10-03 11:17:02,3.7,6,8.4865,9.097076281403911,8.580000000000002,8.721192093801305,8.676909674523419,8.57068327109673
002,2014-10-03 11:22:02,3.6,6,9.302500000000002,8.426790612938673,9.193000000000001,8.97409687097956,9.038541518167497,8.80335055601665
002,2014-10-03 11:27:02,3.4,6,8.745000000000008,7.973356403853827,9.072499999999998,8.596952134617945,8.66982329452046,8.383032492456731
002,2014-10-03 11:32:02,3.4,6,8.700500000000007,7.9592032414259455,8.676499999999999,8.445401080475316,8.502560126748573,8.300610603979296
002,2014-10-03 11:37:02,3.4,6,8.568000000000005,8.577534566258123,8.3935,8.513011522086043,8.505644606583134,8.458634318799472
002,2014-10-03 11:42:02,3.6,6,8.857000000000005,8.539420185063173,8.722999999999999,8.706473395021058,8.726267461603292,8.644897419730537
002,2014-10-03 11:47:02,3.8,6,9.066500000000005,8.26868234774719,8.867500000000001,8.734227449249063,8.789175070838153,8.579032588234774
002,2014-10-03 11:52:02,4.4,6,8.466000000000006,7.760552835895295,8.328499999999998,8.1850176119651,8.235062516350135,8.047649951064292
002,2014-10-03 11:57:02,5.2,6,8.289500000000006,7.919848507857028,8.438,8.215782835952345,8.250373172958026,8.114922045276641
002,2014-10-03 12:00:00,3.7,6,8.481000000000005,7.532588962169866,8.3505,8.121362987389956,8.190706044630153,7.936484954542804
002,2014-10-03 12:02:02,6.1,6,8.863000000000007,9.192831357534477,8.953000000000001,9.002943785844828,8.980520761211222,8.91912283362017
002,2014-10-03 12:07:02,7.2,6,8.554500000000004,8.810588819340346,8.68,8.68169627311345,8.66639664286883,8.61307126058663
002,2014-10-03 12:12:02,8.2,6,9.054500000000012,8.725738655619566,8.796999999999999,8.859079551873192,8.875064292125174,8.795771348748435
002,2014-10-03 12:17:02,9.0,6,8.554000000000011,8.785944940802798,8.810500000000001,8.716814980267603,8.708376423092188,8.642390963647355
002,2014-10-03 12:22:02,9.8,6,9.656000000000002,8.446907536344936,9.550999999999998,9.217969178781646,9.308700131052504,8.982050197217648
002,2014-10-03 12:27:02,10.4,6,10.264500000000012,8.386706243444943,10.125499999999999,9.592235414481651,9.734059270785027,9.225750650783493
002,2014-10-03 12:32:02,11.0,6,13.157999999999992,11.825269013626341,12.873999999999999,12.619089671208778,12.712715114847995,12.359663556944145
002,2014-10-03 12:37:02,11.4,6,8.786500000000007,9.326549334307723,8.8045,8.972516444769244,8.930894507833594,8.843515663766379
002,2014-10-03 12:42:02,11.8,6,12.308499999999995,10.596143629518938,12.222000000000001,11.708881209839646,11.839737214121106,11.374536808325038
002,2014-10-03 12:47:02,12.0,6,10.69500000000001,9.887764965177874,10.3225,10.301754988392629,10.350858233904148,10.14535611741115
002,2014-10-03 12:52:02,12.3,6,8.663,8.152965577480128,8.582,8.46598852582671,8.502869204898571,8.366604915085563
002,2014-10-03 12:57:02,12.4,6,8.404499999999999,8.694404410377063,8.337,8.47863480345902,8.45336436541518,8.38984049783488
002,2014-10-03 13:02:02,12.5,6,8.278,7.6302323761991975,8.1955,8.034577458733066,8.082190572723176,7.908280869582177
002,2014-10-03 13:07:02,12.5,6,9.021500000000005,8.997954784892725,9.256,9.09181826163091,9.102558928558922,9.042027805008933
002,2014-10-03 13:12:02,12.5,6,8.136000000000005,8.323746316842653,8.161500000000002,8.20708210561422,8.193342380048032,8.161009219983146
002,2014-10-03 13:17:02,12.3,6,8.368500000000003,8.253789734930734,8.376,8.332763244976912,8.34203361040421,8.308899079579335
002,2014-10-03 13:22:02,12.0,6,13.535999999999994,12.453632189803713,13.161,13.05021072993457,13.12077167912371,12.840049271657797
002,2014-10-03 13:27:02,11.7,6,8.2545,8.63856554655295,8.250499999999999,8.38118851551765,8.350950963930053,8.289068356513972
002,2014-10-03 13:32:02,11.4,6,10.650500000000006,9.940514292113386,10.509500000000001,10.366838097371131,10.417105749059168,10.22859626701359
002,2014-10-03 13:37:02,11.2,6,12.039499999999997,12.174373857100578,12.354499999999998,12.189457952366856,12.190842786307554,12.114221779198708
002,2014-10-03 14:07:02,11.3,6,13.056499999999998,12.115080863273707,12.8885,12.686693621091235,12.754066325860116,12.503319656219919
002,2014-10-03 14:12:02,11.2,6,8.718500000000002,8.794800422590827,8.778500000000001,8.763933474196945,8.760232701119245,8.742046317163862
002,2014-10-03 14:17:02,11.1,6,9.188,8.284109368729627,9.106,8.859369789576542,8.927065286970873,8.68301486294617
002,2014-10-03 14:22:02,10.8,6,8.9815,8.505605911880542,9.1685,8.885201970626847,8.929575407777007,8.756158144523548
002,2014-10-03 14:27:02,10.5,6,8.559500000000005,8.959739899466774,8.668,8.729079966488927,8.701843319895909,8.627411278367504
002,2014-10-03 14:32:02,10.1,6,9.058999999999997,8.460707151751855,8.9945,8.838069050583952,8.882489422210321,8.721375740970144
002,2014-10-03 14:37:02,9.6,6,9.512499999999998,8.507991552299877,9.308500000000002,9.109663850766625,9.180612925683326,8.914091827308388
002,2014-10-03 14:42:02,9.1,6,8.744500000000004,9.600562390195757,8.8035,9.04952079673192,8.984699374783384,8.84309295255712
002,2014-10-03 14:47:02,8.6,6,8.347500000000009,7.933027856681998,8.4825,8.254342618894002,8.291931834049267,8.147323598399655
002,2014-10-03 14:52:02,8.0,6,8.390500000000005,10.177718553875508,8.244499999999999,8.937572851291836,8.792032135759062,8.470851044637897
002,2014-10-03 14:57:02,7.5,6,8.385000000000002,8.043867661820197,8.4905,8.3064558872734,8.337180878784062,8.219455078763573
002,2014-10-03 15:02:02,7.0,6,8.748000000000003,8.663686657954285,8.7275,8.713062219318095,8.718889200622456,8.696659286193057
002,2014-10-03 15:07:02,6.6,6,8.994499999999997,8.234510841046877,9.167,8.798670280348958,8.864748238017645,8.616897300373997
002,2014-10-03 15:12:02,6.2,6,8.017500000000004,7.473274069490148,7.9045,7.79842468983005,7.836769775915874,7.692476112358748
002,2014-10-03 15:17:02,5.7,6,9.024500000000007,8.65665690742298,8.763,8.814718969140996,8.833613432633031,8.743787330962554
002,2014-10-03 15:22:02,5.3,6,8.439,8.553317882136168,8.506499999999999,8.499605960712056,8.49321161538695,8.468240445796788
002,2014-10-03 15:27:02,5.0,6,8.524500000000005,8.364448719221771,8.714,8.534316239740592,8.554042949829077,8.466518756199445
002,2014-10-03 15:32:02,4.8,6,8.3065,7.433363425744456,8.379000000000001,8.03962114191482,8.110768800441173,7.855004985001598
002,2014-10-03 15:37:02,4.7,6,8.589999999999996,8.914453824900276,8.562500000000002,8.68898460830009,8.662525223434669,8.60395818208612
002,2014-10-03 15:42:02,4.5,6,8.002000000000006,8.098817015522094,8.052500000000002,8.0511056718407,8.045437327446331,8.024966701852989
002,2014-10-03 15:47:02,4.4,6,8.534,7.939599015937875,8.253499999999997,8.242366338645958,8.278287426464596,8.127226088120672
002,2014-10-03 15:52:02,4.3,6,8.324500000000002,9.413609114681801,8.345,8.694369704893935,8.609831971956517,8.4352226923527
002,2014-10-03 15:57:02,4.1,6,9.796500000000005,10.050132201378878,9.629999999999999,9.825544067126293,9.799359242036125,9.715767527458741
002,2014-10-03 16:02:02,4.0,6,11.221999999999996,10.475077054394989,11.339,11.01202568479833,11.074974590432532,10.843501359421227
002,2014-10-03 16:07:02,3.9,6,9.7285,9.506523396343153,9.779499999999999,9.67150779878105,9.69083114482352,9.618297004633234
002,2014-10-03 16:12:02,3.8,6,9.3835,8.209515094068559,9.626,9.073005031356187,9.17416897391561,8.796831816545232
002,2014-10-03 16:17:02,3.7,6,8.3115,7.748226873400629,8.3745,8.144742291133541,8.19125637094323,8.0225163079305
002,2014-10-03 16:22:02,3.7,6,8.421499999999998,7.711833835488775,8.516499999999999,8.216611278496257,8.275807055135509,8.059607853218868
002,2014-10-03 16:27:02,3.7,6,9.562000000000001,9.6465121062429,9.456500000000002,9.555004035414301,9.544381408871807,9.50348533999801
002,2014-10-03 16:32:02,3.8,6,8.911500000000002,8.265851219712136,8.785499999999999,8.654283739904045,8.700080610131435,8.528560843836392
002,2014-10-03 16:37:02,4.0,6,8.045000000000005,7.884839077119317,8.131000000000002,8.020279692373109,8.036088501080672,7.972405515618259
002,2014-10-03 16:42:02,4.3,6,7.929000000000006,8.193010848049406,8.1445,8.088836949349805,8.07633108570376,8.012601270033763
002,2014-10-03 16:47:02,4.8,6,8.2,8.240901175840264,8.561,8.333967058613421,8.344458356291685,8.25999361114795
002,2014-10-03 16:52:02,5.4,6,9.729000000000003,9.582663833809761,9.819,9.710221277936588,9.725098871713525,9.66427819103071
002,2014-10-03 16:57:02,6.1,6,9.901500000000011,11.391116083071532,9.7935,10.362038694357182,10.241252300454068,9.977122558893605
002,2014-10-03 17:02:02,6.8,6,10.318000000000005,11.430845281830484,10.2055,10.651448427276831,10.560005685165377,10.3543866655235
002,2014-10-03 17:07:02,7.5,6,9.475499999999998,11.210426198313362,9.395000000000001,10.026975399437788,9.888015889743427,9.592197171525221
002,2014-10-03 17:12:02,8.2,6,9.059499999999996,9.399536527905168,8.960500000000001,9.139845509301722,9.10945294934266,9.029774225382385
002,2014-10-03 17:17:02,8.8,6,9.2745,9.82504255823354,9.3575,9.485680852744514,9.445702840053459,9.350053791090737
002,2014-10-03 17:22:02,9.2,6,8.632500000000004,9.069262482772753,8.706999999999999,8.802920827590919,8.771533320200353,8.69477223580581
002,2014-10-03 17:27:02,9.5,6,9.979500000000007,9.620037203019399,10.1895,9.929679067673135,9.965804404344821,9.818958329076626
002,2014-10-03 17:32:02,9.7,6,8.6575,8.871575610955082,8.8045,8.777858536985027,8.766665662269537,8.717809855113332
002,2014-10-03 17:37:02,9.7,6,9.5105,8.3229638227459,9.463999999999999,9.099154607581966,9.190416267102863,8.867233953655681
002,2014-10-03 17:42:02,9.7,6,9.566500000000001,9.096756666602657,9.613000000000001,9.425418888867553,9.463980343159342,9.324651899111
002,2014-10-03 17:47:02,9.5,6,9.523000000000007,8.1145189937487,9.448,9.028506331249568,9.1359945129469,8.75350893052292
002,2014-10-03 17:52:02,9.4,6,8.227,8.34069567301419,8.109000000000002,8.225565224338064,8.21218228712785,8.163403957450065
002,2014-10-03 17:57:02,9.2,6,8.748000000000005,8.339261218852524,8.726,8.604420406284177,8.635604372851361,8.524617493130506
002,2014-10-03 18:02:02,8.9,6,8.737499999999999,9.117167739869165,8.544,8.799555913289721,8.762473783119377,8.651876740004385
002,2014-10-03 18:07:02,8.7,6,8.577499999999997,8.206805449727538,8.618000000000002,8.467435149909178,8.498009987782535,8.387182402236508
002,2014-10-03 18:12:02,8.5,6,8.931,8.158442481579288,9.274,8.787814160526429,8.861344937701231,8.5707290093235
002,2014-10-03 18:17:02,8.3,6,9.296500000000007,9.724761897041049,9.304500000000003,9.44192063234702,9.4086762015955,9.340022161100169
002,2014-10-03 18:22:02,8.2,6,9.812500000000005,8.976194888656574,9.942,9.57689829621886,9.647323174251254,9.388496397854059
002,2014-10-03 18:27:02,8.0,6,9.347500000000005,9.833384052460879,9.5205,9.56712801748696,9.535629372965037,9.441073336425944
002,2014-10-03 18:32:02,7.8,6,8.4365,8.353584965100703,8.222999999999999,8.3376949883669,8.336090572218296,8.282790988714154
002,2014-10-03 18:37:02,7.6,6,9.514500000000005,9.9616059290819,9.658500000000002,9.71153530969397,9.681974176354105,9.596509137819623
002,2014-10-03 18:42:02,7.5,6,9.0425,9.554817838644107,9.170000000000002,9.25577261288137,9.22047713754614,9.126359323302808
002,2014-10-03 18:47:02,7.4,6,10.236500000000007,11.912122923141116,10.080500000000002,10.743040974380376,10.605862739852748,10.299752010851932
002,2014-10-03 18:52:02,7.3,6,9.451000000000008,9.358705079341526,9.364500000000001,9.391401693113844,9.395350063147665,9.373680978970253
002,2014-10-03 18:57:02,7.3,6,10.846000000000009,9.685006428053786,10.6145,10.381835476017931,10.463999554445277,10.15578099711357
002,2014-10-03 19:00:00,8.7,6,7.976000000000006,8.084483129071012,7.955,8.005161043023671,7.995866329862198,7.9732059368667345
002,2014-10-03 19:02:02,7.4,6,9.005500000000001,8.753727871345426,8.909500000000001,8.889575957115143,8.905656583624278,8.84072198042956
002,2014-10-03 19:07:02,7.5,6,7.920999999999999,8.02523415078332,7.977,7.97441138359444,7.9683706714261175,7.946165964531799
002,2014-10-03 19:12:02,7.8,6,9.351500000000003,8.85869354311973,9.248999999999999,9.153064514373243,9.187779991751142,9.057126802017507
002,2014-10-03 19:17:02,8.3,6,11.004500000000007,10.310093713681674,11.167499999999997,10.827364571227227,10.887944687204534,10.660239738618413
002,2014-10-03 19:22:02,8.9,6,11.368000000000002,10.602087010563794,11.3055,11.091862336854598,11.14948911892317,10.942402125605653
002,2014-10-03 19:27:02,9.5,6,10.232500000000005,9.865422003979054,9.857,9.984974001326352,9.99948370113372,9.912063727468341
002,2014-10-03 19:32:02,10.2,6,8.642500000000002,7.594886264195777,8.8385,8.358628754731926,8.448129326965375,8.116114111977037
002,2014-10-03 19:37:02,10.7,6,11.742499999999993,10.38794774065532,11.956,11.362149246885105,11.476357770514223,11.056274453521247
002,2014-10-03 19:42:02,11.1,6,12.658999999999997,11.351557289159311,12.535500000000003,12.182019096386435,12.279752486177335,11.926946481312694
002,2014-10-03 19:47:02,11.3,6,8.911500000000004,7.876003905996992,9.0675,8.618334635332332,8.705368487056914,8.385896366303804
002,2014-10-03 19:52:02,11.2,6,7.872000000000005,7.341225734722112,7.968000000000001,7.727075244907373,7.772295448409264,7.604841625724228
002,2014-10-03 19:57:02,10.9,6,7.869000000000004,7.939569705040979,7.649,7.819189901680328,7.805315655832962,7.736772946040601
002,2014-10-03 20:02:02,10.6,6,8.787000000000004,9.789255666379022,8.733,9.103085222126342,9.02252484632172,8.84967782731053
002,2014-10-03 20:07:02,10.3,6,12.095500000000001,10.13713356540205,11.96,11.397544521800683,11.545812824697247,11.015299849331072
002,2014-10-03 20:12:02,10.1,6,10.20250000000001,10.641550923119675,10.199499999999999,10.34785030770656,10.313343409656644,10.243011341046694
002,2014-10-03 20:17:02,10.0,6,8.668500000000005,9.135637564305652,8.5265,8.776879188101885,8.734898863549956,8.623874113451167
002,2014-10-03 20:22:02,10.0,6,7.939500000000007,8.298903035115888,8.086500000000001,8.108301011705299,8.085723902401936,8.013846851380078
002,2014-10-04 07:02:02,14.9,6,8.465000000000003,8.503317286403211,8.2545,8.407605762134404,8.396618414383887,8.335661867054476
002,2014-10-04 07:07:02,14.6,6,9.202000000000005,8.49773153468934,9.165500000000002,8.955077178229782,9.008861396601704,8.81756934427191
002,2014-10-04 07:12:02,14.3,6,9.449499999999999,9.531326175008047,9.3925,9.45777539166935,9.44920311726554,9.421378635516568
002,2014-10-04 07:17:02,14.1,6,9.3545,9.674151907285689,9.434000000000001,9.487550635761897,9.465526679535323,9.406808716212957
002,2014-10-04 07:22:02,13.9,6,8.925499999999996,9.85627001020925,9.109499999999999,9.297090003403083,9.23115849240709,9.065010022684415
002,2014-10-04 07:27:02,13.9,6,8.9175,9.33382865034623,9.0205,9.09060955011541,9.06190393595605,8.985482420176405
002,2014-10-04 07:32:02,14.0,6,9.746000000000008,9.666133162821387,10.0825,9.831544387607131,9.85056659753999,9.751090791157235
002,2014-10-04 07:37:02,14.2,6,9.340000000000009,9.567249323057535,9.546000000000001,9.48441644101918,9.474429891686999,9.4174892321117
002,2014-10-04 07:42:02,14.2,6,8.701,9.101367546589033,8.769,8.857122515529676,8.828339417001638,8.758004433926471
002,2014-10-04 07:47:02,14.1,6,9.071500000000006,9.46942443860586,9.101499999999998,9.214141479535288,9.184108152123274,9.118023306496472
002,2014-10-04 07:52:02,13.7,6,9.375499999999999,9.561478752579445,9.3605,9.432492917526481,9.417355201550205,9.383983233203542
002,2014-10-04 07:57:02,12.9,6,9.573500000000003,9.340900438696282,9.659,9.52446681289876,9.545931139186855,9.462531630213771
002,2014-10-04 08:02:02,11.9,6,10.488000000000005,11.246406668908117,10.224,10.652802222969374,10.583376984813915,10.394401609266747
002,2014-10-04 08:07:02,10.7,6,8.957000000000004,8.83129600283477,9.1075,8.965265334278259,8.980821900315483,8.911696067503225
002,2014-10-04 08:12:02,9.4,6,9.209500000000006,9.472829921057727,9.286,9.322776640352577,9.305050859798792,9.2555598174975
002,2014-10-04 08:17:02,8.2,6,9.518999999999998,9.864087964123105,9.425500000000001,9.602862654707701,9.572283044185316,9.493238219726342
002,2014-10-04 08:22:02,7.0,6,10.226500000000003,11.955548703381728,10.390500000000001,10.857516234460578,10.728292760553444,10.437722590387658
002,2014-10-04 08:27:02,6.1,6,9.69600000000001,9.629670601465797,10.0405,9.788723533821937,9.806988784318337,9.70937406296036
002,2014-10-04 08:32:02,5.2,6,7.651500000000001,8.107217369780376,7.738,7.832239123260126,7.799822028626018,7.718838375644052
002,2014-10-04 08:37:02,4.5,6,10.735000000000005,10.005754070904528,10.423499999999999,10.388084690301511,10.433392816719616,10.246704166358764
002,2014-10-04 08:42:02,3.9,6,8.363000000000003,7.7230218182990775,8.235999999999999,8.107340606099692,8.152655332461318,7.9827296365757485
002,2014-10-04 08:47:02,3.3,6,9.042500000000004,8.810720376823216,8.9125,8.921906792274406,8.935131442862945,8.877084872280966
002,2014-10-04 08:52:02,2.8,6,8.391000000000002,8.922437191937478,8.396499999999998,8.56997906397916,8.528557546064402,8.443813712234626
002,2014-10-04 08:57:02,2.4,6,9.652999999999999,9.052989921024567,9.5805,9.428829973674857,9.473081367870758,9.311830399153273
002,2014-10-04 09:02:02,2.2,6,13.0505,11.768514767864923,12.711999999999998,12.510338255954972,12.5979209550231,12.26102980004627
002,2014-10-04 09:07:02,2.2,6,9.794000000000006,10.675794982393432,9.6615,10.043764994131147,9.969662852354153,9.795429503188425
002,2014-10-04 09:12:02,2.2,6,9.747000000000005,10.05363870917113,9.526,9.775546236390378,9.743141570431234,9.636942544379648
002,2014-10-04 09:17:02,2.2,6,12.731999999999998,11.914513220680977,13.381999999999998,12.676171073560324,12.764868078479116,12.391145232889187
002,2014-10-04 09:22:02,2.2,6,10.991999999999997,10.192917380007,10.765,10.649972460002333,10.703956934037949,10.494633097734795
002,2014-10-04 09:27:02,2.2,6,13.316999999999993,12.528973150184653,13.2065,13.01749105006155,13.07502914206499,12.863885018115814
002,2014-10-04 09:32:02,2.2,6,8.757500000000004,9.118202221258429,8.896999999999998,8.92423407375281,8.901270664330683,8.829950268956534
002,2014-10-04 09:37:02,2.2,6,11.782000000000007,11.883492907603433,11.469499999999998,11.71166430253448,11.691858503247232,11.594298394748472
002,2014-10-04 09:42:02,2.2,6,10.935000000000008,10.039556634386543,11.0075,10.660685544795518,10.733580607483114,10.471709764033502
002,2014-10-04 09:47:02,2.2,6,7.988500000000005,8.252827972343898,8.018500000000001,8.086609324114635,8.067041285830392,8.022119388953048
002,2014-10-04 09:52:02,2.2,6,10.736,10.34603618610105,10.7635,10.61517872870035,10.646769843429675,10.533665145311865
002,2014-10-04 09:57:02,2.2,6,10.560500000000001,9.686243888965077,10.649,10.298581296321693,10.37042364749958,10.110663093832782
002,2014-10-04 10:00:00,2.3,6,11.924499999999991,11.193301111862183,11.698999999999998,11.605600370620726,11.654324073124222,11.463522654850234
002,2014-10-04 10:02:02,2.2,6,12.833499999999999,11.150997337532933,12.726999999999999,12.237165779177644,12.364924448951669,11.908729339364232
002,2014-10-04 10:07:02,2.2,6,9.527000000000001,9.57038776281467,9.404500000000002,9.500629254271557,9.492583175474254,9.45376893592012
002,2014-10-04 10:12:02,2.6,6,12.302499999999995,11.136987061669704,12.533,11.990829020556566,12.090874065662465,11.718623994286542
002,2014-10-04 10:17:02,3.3,6,11.415500000000003,11.215386184853173,11.535500000000003,11.38879539495106,11.409023777963872,11.32656095893449
002,2014-10-04 10:22:02,4.3,6,10.744500000000007,10.796321835782932,10.77,10.77027394526098,10.767181874035012,10.756380442367968
002,2014-10-04 10:27:02,5.5,6,9.576000000000008,10.370531268441654,9.85,9.932177089480554,9.880332189767833,9.726615721502112
002,2014-10-04 10:32:02,6.9,6,9.753000000000007,9.735815373285497,9.9705,9.81977179109517,9.829369270100024,9.774500390300386
002,2014-10-04 10:37:02,8.4,6,8.731000000000002,8.368748147177639,9.011000000000001,8.703582715725881,8.742582130533373,8.578827693124165
002,2014-10-04 10:42:02,9.8,6,8.717000000000002,8.551719975213604,8.759,8.675906658404536,8.690447239790739,8.63551092914841
002,2014-10-04 10:47:02,11.0,6,8.793500000000003,8.404109330572336,8.86,8.685869776857446,8.718895541305036,8.596952800974687
002,2014-10-04 10:52:02,12.0,6,8.079499999999998,7.864162270298815,8.266499999999999,8.070054090099603,8.094016825520722,7.991933218171526
002,2014-10-04 10:57:02,12.9,6,8.686000000000003,9.414829387946503,8.6275,8.9094431293155,8.850130904416742,8.719423853658796
002,2014-10-04 11:02:02,13.7,6,8.233999999999996,8.525527239131973,7.9905,8.250009079710656,8.217934587054948,8.108262609225491
002,2014-10-04 11:07:02,14.3,6,8.303500000000003,8.255968671818371,8.3885,8.315989557272792,8.322937581193546,8.290320333231081
002,2014-10-04 11:12:02,14.9,6,9.330000000000005,9.143066545343391,9.124000000000002,9.199022181781134,9.205850584561555,9.157479009707757
002,2014-10-04 11:17:02,15.3,6,9.020000000000005,7.939845449003735,8.857500000000003,8.605781816334583,8.684231024174684,8.395273320449899
002,2014-10-04 11:22:02,15.6,6,9.022000000000002,7.612664962239997,8.947,8.52722165408,8.634776736399127,8.252057342026964
002,2014-10-04 11:27:02,15.8,6,10.125000000000005,8.487535991061858,9.684,9.432178663687287,9.543719266093625,9.113771722076201
002,2014-10-04 11:32:02,15.9,6,8.680000000000005,9.160017246012199,8.714000000000002,8.851339082004069,8.815026756827635,8.735530986202974
002,2014-10-04 11:37:02,15.9,6,8.882,9.55106777705056,8.700999999999999,9.044689259016854,8.985411169187474,8.83222971907069
002,2014-10-04 11:42:02,15.7,6,8.982999999999999,9.282980504192034,8.84,9.035326834730677,9.00640283382028,8.921596604655223
002,2014-10-04 11:47:02,15.4,6,8.814000000000004,9.47346113702664,8.801000000000002,9.029487045675548,8.977334926080706,8.869480341416557
002,2014-10-04 11:52:02,15.2,6,11.640500000000007,11.206943701945075,11.181499999999996,11.342981233981694,11.359530768391721,11.252238306049971
002,2014-10-04 11:57:02,14.8,6,10.181500000000005,10.351982544424594,10.387,10.3068275148082,10.301268826753484,10.248854890388081
002,2014-10-04 12:02:02,14.4,6,8.015500000000003,8.003141568390573,8.089,8.035880522796859,8.039636998557587,8.019301546978117
002,2014-10-04 12:07:02,14.0,6,9.719000000000005,10.410042867200946,9.7915,9.973514289066983,9.922131834630168,9.805293645377484
002,2014-10-04 12:12:02,13.7,6,11.4505,9.861517463489047,11.581999999999999,10.964672487829683,11.094134282188678,10.628782429436402
002,2014-10-04 12:17:02,13.4,6,7.914500000000008,8.02763230170492,7.7145,7.88554410056831,7.869094452611728,7.799024314146324
002,2014-10-04 12:22:02,13.2,6,8.549000000000008,7.425321279676118,8.363999999999999,8.112773759892042,8.193778851949006,7.893841475908481
002,2014-10-04 12:27:02,13.0,6,8.872500000000008,7.320834924240842,8.7285,8.307278308080283,8.423365164383776,8.004550251236587
002,2014-10-04 12:30:00,12.6,6,7.648,7.396985002677014,7.527500000000001,7.524161667559004,7.539253525095328,7.4755455468661545
002,2014-10-04 12:32:02,12.9,6,7.486000000000005,7.127255096173287,7.577999999999999,7.397085032057764,7.428677554313155,7.309243523115085
002,2014-10-04 12:37:02,13.0,6,8.417500000000008,7.715220747238361,8.2925,8.141740249079456,8.192011208686308,8.004945864020765
002,2014-10-04 12:42:03,13.2,6,8.987500000000008,7.7320424523863736,8.846,8.521847484128793,8.614825744427796,8.277000849661395
002,2014-10-04 12:47:03,13.5,6,8.355500000000005,7.512489155941412,7.987000000000002,7.951663051980472,8.003720546584855,7.788257506889455
002,2014-10-04 12:52:03,13.9,6,8.189000000000007,7.859266146624272,8.225999999999997,8.09142204887476,8.118655447646198,8.019849091069108
002,2014-10-04 12:57:03,14.4,6,8.368500000000004,8.010794319829195,8.476999999999999,8.285431439943066,8.317568516742329,8.19461344069098
002,2014-10-04 13:02:03,14.9,6,8.740500000000003,8.730015886471394,8.420499999999999,8.630338628823798,8.619020029545416,8.535881370692728
002,2014-10-04 13:07:03,15.2,6,11.4575,10.177290172695443,11.645999999999997,11.093596724231814,11.201033200328702,10.807068933161183
002,2014-10-04 13:12:03,15.4,6,10.463,10.083006422630413,10.483000000000002,10.343002140876806,10.373527708109958,10.264882404272187
002,2014-10-04 13:17:03,15.3,6,10.622499999999997,10.627684406654257,10.536499999999998,10.595561468884751,10.591892757110172,10.568647467564428
002,2014-10-04 13:22:03,15.0,6,10.36500000000001,10.277647272569627,10.2415,10.294715757523214,10.296873307656423,10.267167543868421
002,2014-10-04 13:27:03,14.6,6,10.252500000000003,10.101534264388121,10.128000000000002,10.160678088129375,10.167780830889575,10.131630200568916
002,2014-10-04 13:32:03,14.2,6,9.066000000000006,9.178223967367014,8.978000000000002,9.074074655789007,9.06194511785257,9.021222256476326
002,2014-10-04 13:37:03,13.6,6,10.973500000000001,10.03243470255976,11.350000000000001,10.785311567519921,10.873313307070006,10.528837830428909
002,2014-10-04 13:42:03,13.0,6,9.985000000000007,10.078052388642293,10.2265,10.096517462880767,10.09839000756497,10.039951871239644
002,2014-10-04 13:47:03,12.4,6,8.7945,7.9349556742638985,8.9135,8.547651891421298,8.61949887545693,8.356731516025338
002,2014-10-04 13:52:03,11.8,6,8.91,7.6952342463851515,8.939,8.514744748795051,8.611003690514405,8.27174339160038
002,2014-10-04 13:57:03,11.2,6,9.2215,9.121905502687193,9.213999999999997,9.185801834229062,9.193319048312958,9.166364669807168
002,2014-10-04 14:02:03,10.5,6,9.524000000000004,9.453290129360683,9.1115,9.36293004312023,9.352820050941876,9.247283530188806
002,2014-10-04 14:07:03,9.9,6,8.925000000000006,8.3733268772912,8.9635,8.753942292430402,8.798618226038368,8.638704623453538
002,2014-10-04 14:12:03,9.4,6,10.858500000000006,9.785129656884417,11.186000000000003,10.609876552294809,10.706383499377694,10.336987643742878
002,2014-10-04 14:17:03,8.9,6,8.649000000000003,9.37252623074172,8.6475,8.889675410247241,8.832941023457318,8.71793648184505
002,2014-10-04 14:22:03,8.5,6,8.612000000000004,7.8859966074921575,8.738499999999998,8.41216553583072,8.473836109198501,8.245899037243449
002,2014-10-04 14:27:03,8.2,6,9.398499999999999,10.1796062859171,9.3565,9.644868761972367,9.582087384586588,9.447401461707146
002,2014-10-04 14:32:03,7.9,6,8.69900000000001,7.771815001982342,8.8095,8.42677166732745,8.503594823081524,8.224269619221566
002,2014-10-04 14:37:03,7.8,6,8.523000000000001,9.025394880365424,8.586999999999998,8.711798293455141,8.674871127728524,8.588780691073858
002,2014-10-04 14:42:03,7.7,6,9.045000000000003,8.826676262703593,9.1925,9.021392087567866,9.044090216531409,8.950299391214354
002,2014-10-04 14:47:03,7.5,6,10.40900000000001,10.398951412260118,10.2575,10.355150470753376,10.350190156454895,10.310974506768718
002,2014-10-04 14:52:03,7.5,6,8.503999999999998,8.023122521067538,8.4245,8.31720750702251,8.351861080403518,8.223516806109366
002,2014-10-04 14:57:03,7.5,6,7.837000000000005,7.774227154862086,8.000000000000002,7.8704090516206975,7.88151011497276,7.826730221159078
002,2014-10-04 15:02:03,7.4,6,8.845500000000001,8.232845682759375,8.976,8.684781894253126,8.737725007787303,8.539897449386793
002,2014-10-04 15:07:03,7.4,6,11.9425,10.552855050364991,12.220999999999998,11.572118350121663,11.69154177397831,11.246859386591986
002,2014-10-04 15:12:03,7.3,6,11.693500000000004,11.215043815068034,11.718500000000004,11.542347938356015,11.580776266797871,11.444021224168544
002,2014-10-04 15:17:03,7.3,6,8.477000000000006,8.024524710866045,8.5215,8.34100823695535,8.378141123507739,8.244001507316687
002,2014-10-04 15:22:03,7.2,6,8.615500000000003,8.22148883515769,8.639,8.491996278385896,8.52375269423895,8.41046249455384
002,2014-10-04 15:27:03,7.2,6,7.922000000000002,7.332816076432518,7.9135,7.722772025477507,7.768603326602162,7.607653511461564
002,2014-10-04 15:32:03,7.1,6,8.577999999999998,8.389075050746017,8.5115,8.492858350248673,8.505134982832619,8.456178956572225
002,2014-10-04 15:37:03,7.0,6,8.761000000000003,8.177840712047617,8.643,8.527280237349208,8.568485485370909,8.413740894894872
002,2014-10-04 15:42:03,7.0,6,8.809,8.144741623043743,8.572500000000002,8.508747207681248,8.551809812121645,8.379792654568849
002,2014-10-04 15:47:03,6.9,6,10.096000000000007,9.572642823317585,9.942499999999997,9.870380941105863,9.905554819119223,9.76865952014623
002,2014-10-04 15:52:03,6.9,6,10.481000000000003,10.534570679219984,10.369999999999997,10.461856893073328,10.453449411450775,10.416020663443696
002,2014-10-04 15:57:03,6.8,6,8.228000000000012,8.86441223993396,8.315,8.469137413311323,8.422584541126923,8.312926274416883
002,2014-10-04 16:02:03,6.8,6,10.516000000000005,9.981980461461147,10.918500000000002,10.472160153820385,10.529262298240587,10.29022888621171
002,2014-10-04 16:07:03,6.7,6,9.749500000000005,8.2789343396264,10.04,9.356144779875468,9.48236237887143,9.012758295638736
002,2014-10-04 16:12:03,6.6,6,7.992000000000003,7.961656408084724,8.029499999999999,7.994385469361575,7.998185078270594,7.9812287854598924
002,2014-10-04 16:17:03,6.5,6,9.599,9.364310340197164,9.6815,9.548270113399054,9.569784356398397,9.48650455157701
002,2014-10-04 16:22:03,6.4,6,9.171500000000004,9.315333902901585,9.270499999999998,9.252444634300529,9.244933168049474,9.212084052429212
002,2014-10-04 16:27:03,6.2,6,8.187000000000006,7.848295310245885,8.4025,8.145931770081964,8.180639672947875,8.038208116426954
002,2014-10-04 16:32:03,6.1,6,11.769500000000008,10.836788628705305,11.500499999999999,11.368929542901773,11.431788476772832,11.187627954806414
002,2014-10-04 16:37:03,6.0,6,8.647,8.710624501132683,8.94,8.765874833710894,8.772006374979117,8.702556373545407
002,2014-10-04 16:42:03,5.9,6,8.282499999999999,7.953364268505063,8.271,8.168954756168354,8.194301351502247,8.104670886702532
002,2014-10-04 17:47:03,6.2,6,9.283500000000005,9.697687823475398,9.305000000000001,9.4287292744918,9.397099488236599,9.329302488303744
002,2014-10-04 17:52:03,6.9,6,9.051000000000009,8.255196332897784,9.131499999999999,8.812565444299263,8.87795872061543,8.6415215551421
002,2014-10-04 17:57:03,7.6,6,8.773,9.612047006142994,9.141999999999998,9.175682335380998,9.123954316866454,8.953528318207022
002,2014-10-04 18:02:03,8.3,6,8.967500000000008,8.89634480097749,8.787500000000001,8.883781600325833,8.882526869522888,8.837626179636693
002,2014-10-04 18:07:03,8.9,6,11.18400000000001,9.913753355787673,10.860999999999999,10.65291778526256,10.740168966274988,10.405846646235473
002,2014-10-04 18:12:03,9.5,6,10.265500000000005,9.835661740541312,10.196000000000003,10.099053913513773,10.130088696872745,10.015301595449664
002,2014-10-04 18:17:03,10.0,6,7.964500000000002,8.348337684224388,7.921,8.077945894741463,8.046227677181546,7.974081756053422
002,2014-10-04 18:22:03,10.4,6,8.778,8.590640260504262,8.4875,8.618713420168088,8.622369530764768,8.551977223904672
002,2014-10-04 18:27:03,10.7,6,10.039000000000005,9.551119880344645,10.11,9.900039960114883,9.940951619941657,9.791007111914958
002,2014-10-04 18:32:03,10.8,6,8.421500000000004,8.064640357468656,8.456500000000002,8.314213452489554,8.343495877766555,8.237724454754531
002,2014-10-04 18:37:03,10.9,6,8.665000000000004,8.033232074170888,8.846499999999999,8.514910691390297,8.571285863149845,8.356462855588358
002,2014-10-04 18:42:03,10.9,6,10.533500000000004,9.832317754335708,10.449500000000002,10.271772584778573,10.323513031492713,10.135042181963179
002,2014-10-04 18:47:03,10.9,6,8.804499999999999,8.339101742549921,8.988000000000001,8.710533914183307,8.753952379794868,8.584215845597683
002,2014-10-04 18:52:03,11.0,6,9.240000000000004,8.332428694804259,9.416500000000001,8.996309564934755,9.074100129427054,8.784922421522602
002,2014-10-04 18:57:03,11.0,6,9.345500000000001,8.747045813920732,9.2225,9.105015271306911,9.14722896079467,8.988505047981413
002,2014-10-04 19:02:03,11.1,6,9.058000000000007,8.27058438640729,8.969000000000001,8.765861462135765,8.82416732062758,8.612296013057534
002,2014-10-04 19:07:03,11.1,6,9.559500000000005,9.875739676953458,9.776,9.737079892317821,9.720520616575772,9.64841559728743
002,2014-10-04 19:12:03,11.0,6,8.580500000000006,8.642784982574483,8.8385,8.687261660858164,8.692170334792907,8.630832151574207
002,2014-10-04 19:17:03,10.8,6,8.959500000000007,8.42235845748223,9.388,8.923286152494079,8.98161922401705,8.735734450955587
002,2014-10-04 19:22:03,10.5,6,9.193500000000002,8.842860013554164,8.929,8.98845333785139,9.005886383434031,8.920894868870324
002,2014-10-04 19:27:03,10.1,6,11.715000000000005,13.950122742074651,11.925999999999998,12.53037424735822,12.363290469825046,11.987775289947106
002,2014-10-04 19:30:00,10.4,6,9.532500000000002,8.66532892674739,9.591999999999999,9.263276308915797,9.333463477132735,9.082331181203232
002,2014-10-04 19:32:03,9.7,6,9.378999999999998,9.224285643450024,9.487,9.363428547816675,9.379645315620422,9.312379383597783
002,2014-10-04 19:37:03,9.2,6,10.573500000000003,10.323211342378508,10.7755,10.557403780792837,10.58467345630506,10.46956158239815
002,2014-10-04 19:42:03,8.8,6,10.534500000000007,11.228467843621013,10.683500000000002,10.815489281207007,10.766779886935673,10.641701271147735
002,2014-10-04 19:47:03,8.5,6,10.780500000000009,8.83445579754497,10.836500000000003,10.150485265848326,10.305053261076335,9.75936038085342
002,2014-10-04 19:52:03,8.2,6,9.059000000000003,9.294273555189676,9.268500000000001,9.207257851729894,9.196775503438364,9.138207915071618
002,2014-10-04 19:57:03,7.9,6,9.805500000000007,10.301271285458611,9.848000000000003,9.984923761819541,9.947699808169556,9.864844327835026
002,2014-10-04 20:02:03,7.6,6,9.402000000000001,9.379220638643012,9.4835,9.421573546214338,9.426449843109735,9.401416289063803
002,2014-10-04 20:07:03,7.3,6,6.770999999999999,4.885650214705843,6.712499999999999,6.123050071568613,6.2685197667703285,5.754793233747652
001,2014-10-01 19:14:00,10.3,7,6.974000000000001,6.907445883256613,7.125,7.002148627752205,7.015027130659187,6.963491991762494
001,2014-10-01 19:19:00,9.9,7,7.699999999999996,7.541617517114693,7.780999999999999,7.67420583903823,7.692705483080702,7.633047279716937
001,2014-10-01 19:23:00,9.4,7,9.4795,9.30145941384219,9.427999999999999,9.402986471280729,9.41756062760642,9.372664307623186
001,2014-10-01 19:24:00,9.8,7,8.398000000000001,8.48044665594245,8.508999999999999,8.462482218647482,8.459536899798477,8.432642863923785
001,2014-10-01 19:29:00,9.6,7,7.805500000000006,7.717826319324924,7.84,7.787775439774976,7.797564844309648,7.766879926376187
001,2014-10-01 19:34:00,9.4,7,8.609000000000002,8.17624935250317,8.643500000000001,8.476249784167726,8.518643134594583,8.397910805951614
001,2014-10-01 19:39:00,9.2,7,6.955500000000001,7.16366145036523,7.0285,7.049220483455077,7.03273876280405,6.99526909650478
001,2014-10-01 19:44:00,8.9,7,7.651500000000001,8.150906753612993,7.477999999999998,7.7601355845376645,7.7053778244248345,7.590433873913341
001,2014-10-01 19:49:00,8.7,7,9.131500000000006,8.839489878093383,9.155,9.04199662603113,9.070612288169436,8.989095080894892
001,2014-10-01 19:54:00,8.4,7,7.365500000000002,7.980989631101769,7.396,7.580829877033924,7.524007646747803,7.432579989524816
001,2014-10-01 19:59:00,8.2,7,7.967000000000004,7.340863032590017,7.843000000000001,7.716954344196673,7.770701842313626,7.611075876187263
001,2014-10-01 20:04:00,8.0,7,8.887500000000003,8.773188693054827,8.952,8.870896231018277,8.8845117651297,8.840087462089254
001,2014-10-01 20:09:00,7.9,7,7.526000000000002,8.066138930749132,7.678999999999999,7.75704631024971,7.712689853920519,7.619268017702305
001,2014-10-01 20:14:00,7.9,7,7.7340000000000035,8.337224094150843,7.7825000000000015,7.9512413647169495,7.896363614780561,7.804814058871401
001,2014-10-01 20:19:00,7.8,7,10.559000000000003,9.618136802676313,10.613500000000002,10.263545600892106,10.354819889039389,10.096970661692728
001,2014-10-01 20:24:00,7.8,7,10.105500000000008,9.49982435689964,10.439,10.014774785633216,10.086556221116613,9.853042312428617
001,2014-10-01 20:29:00,7.7,7,6.4935,7.347226297427211,6.507999999999999,6.782908765809069,6.702878887774141,6.578967192633561
001,2014-10-01 20:34:00,7.5,7,8.146000000000011,8.10289689106657,8.1475,8.132132297022194,8.1362702791013,8.124683159297003
001,2014-10-01 20:39:00,7.5,7,7.367500000000006,6.770218682740586,7.076499999999999,7.071406227580197,7.115138785259419,6.968111528486098
001,2014-10-01 20:44:00,7.5,7,7.381000000000001,7.478503528487011,7.525500000000001,7.461667842829004,7.458761981968691,7.4239630796061284
001,2014-10-01 20:49:00,7.6,7,7.431500000000004,8.205681551905775,7.4025,7.67989385063526,7.605481088326434,7.487243313950328
001,2014-10-01 20:54:00,7.8,7,8.188500000000003,8.628230456266254,8.326,8.380910152088752,8.345364117024124,8.267956851051279
001,2014-10-01 20:59:00,8.0,7,8.415000000000003,7.738706919401674,8.5575,8.237068973133892,8.307186536126048,8.09846412337328
001,2014-10-01 21:04:00,8.2,7,7.704500000000003,7.1264133801473735,7.610500000000002,7.480471126715792,7.530988002172754,7.382990141061082
001,2014-10-01 21:09:00,8.3,7,7.264000000000001,7.220123079190174,7.3465,7.2768743597300585,7.284620628050963,7.254503094026386
001,2014-10-01 21:14:00,8.3,7,8.131000000000007,8.75729547073587,8.425999999999998,8.438098490245292,8.39179916153595,8.27119111175659
001,2014-10-01 21:19:00,8.3,7,8.062000000000005,7.714647956881677,8.0465,7.9410493189605615,7.973191737212255,7.883021111458644
001,2014-10-01 21:24:00,8.2,7,7.265500000000006,6.692834484662447,7.4225,7.126944828220817,7.187904176107623,7.002942223444821
001,2014-10-01 21:29:00,8.0,7,7.5985000000000005,7.2915155119394015,7.706,7.5320051706464675,7.565701763968152,7.461269692349534
001,2014-10-01 21:34:00,7.9,7,7.788,8.122501699135059,7.937499999999997,7.949333899711686,7.924253934644234,7.860679505483911
001,2014-10-01 21:39:00,7.8,7,7.8995,8.051072175913497,7.8965,7.949024058637832,7.934572115309022,7.9120920492667555
001,2014-10-01 21:44:00,7.6,7,8.844000000000005,7.956232415614026,8.752,8.517410805204676,8.597274590335108,8.368405156897204
001,2014-10-01 21:49:00,7.5,7,7.102000000000003,6.702330431347808,7.1244999999999985,6.97627681044927,7.015020828086211,6.905636298039482
001,2014-10-01 21:54:00,7.4,7,8.129,7.2101087005564155,8.219000000000001,7.852702900185473,7.943450581453498,7.683302037602148
001,2014-10-01 21:59:00,7.5,7,7.299000000000006,6.968037687456402,7.332000000000002,7.199679229152136,7.232389834685255,7.138558463506213
001,2014-10-01 22:04:00,7.6,7,8.798000000000009,9.338483002606292,8.8815,9.0059943342021,8.958572102237847,8.87236130447398
001,2014-10-01 22:09:00,7.8,7,8.001,7.702863559611958,7.716499999999999,7.806787853203986,7.8225399586246,7.7533768990262715
001,2014-10-01 22:14:00,8.0,7,9.298000000000005,9.239248747911814,8.900000000000002,9.145749582637274,9.13393022223612,9.03562876523403
001,2014-10-01 22:19:00,8.3,7,7.455000000000001,7.062839389811351,7.457999999999999,7.325279796603784,7.362463284044736,7.259450621496691
001,2014-10-02 10:59:00,14.4,7,8.036000000000008,7.5102312591620315,8.394499999999999,7.980243753054013,8.045566438811328,7.8272471970990365
001,2014-10-02 11:04:00,14.4,7,9.855500000000001,9.563760252019996,9.8935,9.770920084006665,9.800143040180565,9.715415360848393
001,2014-10-02 11:09:00,14.3,7,6.899500000000001,7.034708796941556,6.8185,6.917569598980518,6.901259476915103,6.861638856175592
001,2014-10-02 11:14:00,14.2,7,9.614500000000005,8.872927072975619,9.369000000000002,9.285475690991875,9.344827176741783,9.158766164109977
001,2014-10-02 11:19:00,14.1,7,9.521500000000001,9.70987696965793,9.364999999999998,9.532125656552642,9.507496908638505,9.441391709515953
001,2014-10-02 11:24:00,14.2,7,10.706000000000007,10.677088157884642,10.792499999999997,10.725196052628215,10.73170295023275,10.704585424549162
001,2014-10-02 11:29:00,14.3,7,8.989000000000003,9.133644274527438,9.3095,9.144048091509147,9.144369592153193,9.06872966036437
001,2014-10-02 11:34:00,14.4,7,10.142499999999991,10.27072832126442,10.265499999999998,10.226242773754803,10.219495590163177,10.188262482495158
001,2014-10-02 11:39:00,14.5,7,9.733000000000008,8.527541652557119,9.682,9.314180550852376,9.425850157208421,9.112835257934389
001,2014-10-02 11:44:00,14.7,7,7.179499999999998,8.33556461421092,7.3195,7.611521538070306,7.508403132453592,7.328035381780847
001,2014-10-02 11:49:00,14.7,7,9.287500000000007,8.960172614892016,9.203,9.150224204964008,9.177463186606483,9.094612291361276
001,2014-10-02 11:54:00,14.7,7,7.570499999999997,7.462344153056385,7.639500000000001,7.5574480510187945,7.570678396670536,7.526842103971346
001,2014-10-02 11:59:00,14.6,7,9.84750000000001,9.747316252988664,9.6335,9.742772084329559,9.742897913923283,9.691361493007042
001,2014-10-02 12:04:00,14.4,7,9.27200000000001,8.651172690744096,9.3765,9.099890896914701,9.163109404458568,8.977459266998089
001,2014-10-02 12:09:00,14.3,7,8.082,8.781775933966365,7.886999999999998,8.250258644655455,8.1756310320477,8.026589284615197
001,2014-10-02 12:14:00,14.0,7,8.243500000000004,8.012774285994489,8.3185,8.19159142866483,8.216664421607753,8.139486006775547
001,2014-10-02 12:19:00,13.8,7,10.69100000000001,9.059683298173555,10.35,10.033561099391187,10.17281033245715,9.75747043557853
001,2014-10-02 12:24:00,13.5,7,8.909500000000008,8.972084973634919,9.2155,9.03236165787831,9.039803536878043,8.969213498745281
001,2014-10-02 12:29:00,13.4,7,9.225500000000006,8.938815964617353,9.4395,9.201271988205788,9.23769863083522,9.114465368592636
001,2014-10-02 12:34:00,13.3,7,9.270500000000009,8.167969105793704,9.117,8.851823035264571,8.949294212708049,8.666249234369227
001,2014-10-02 12:39:00,13.2,7,9.802500000000002,11.507768538833343,9.782,10.364089512944448,10.202075729121034,9.952473506256153
001,2014-10-02 12:44:00,13.0,7,8.719500000000004,9.24076245111602,8.875499999999999,8.945254150372007,8.902812134966005,8.811783182749394
001,2014-10-02 12:49:00,12.8,7,9.272500000000003,8.119010861711908,9.244499999999999,8.878670287237304,8.986433495820275,8.686281790988591
001,2014-10-02 12:54:00,12.6,7,8.141000000000002,8.187402444251648,8.027499999999998,8.118634148083883,8.109296292586862,8.074288260912986
001,2014-10-02 12:59:00,12.3,7,8.636000000000001,9.366981027723792,8.7965,8.933160342574597,8.871099861853024,8.7495339030209
001,2014-10-02 13:04:00,12.1,7,9.1715,8.971468200598146,9.1105,9.084489400199383,9.100726735617899,9.050380184033008
001,2014-10-02 13:09:00,11.9,7,9.156500000000008,8.65614031900718,9.175499999999998,8.996046773002396,9.04415155141971,8.909284031958602
001,2014-10-02 13:14:00,11.8,7,9.642500000000002,9.731128198258146,9.502,9.625209399419383,9.610703531891959,9.562896342706145
001,2014-10-02 13:19:00,11.7,7,8.778000000000002,8.028961976691567,8.6955,8.500820658897188,8.567991462478368,8.375034989145067
001,2014-10-02 13:24:00,11.5,7,8.904000000000007,7.892942307224847,8.840500000000002,8.545814102408285,8.638570578274278,8.376663697000389
001,2014-10-02 13:29:00,11.4,7,10.093000000000009,9.058098874391636,10.090499999999999,9.747199624797213,9.844871194007526,9.574890897403812
001,2014-10-02 13:34:00,11.2,7,8.643500000000003,8.510938218857632,8.6375,8.59731273961921,8.609575724558574,8.575166005400273
001,2014-10-02 13:39:00,11.0,7,8.222000000000001,8.328254355180503,8.132,8.227418118393501,8.213450904986813,8.17573297493576
001,2014-10-02 13:44:00,10.8,7,9.290000000000006,8.794287828828379,9.525500000000001,9.203262609609462,9.260377229794747,9.077733362929377
001,2014-10-02 13:49:00,10.6,7,8.664000000000003,8.78950572493579,8.827,8.760168574978598,8.755424395743631,8.715835742497855
001,2014-10-02 13:54:00,10.4,7,10.144000000000004,9.745617825068305,10.099000000000002,9.996205941689437,10.031882343954603,9.929290865907934
001,2014-10-02 13:59:00,10.2,7,7.7520000000000024,7.838759293262463,7.777000000000003,7.789253097754155,7.7821469127980265,7.7670967726251074
001,2014-10-02 14:04:00,10.1,7,10.840499999999999,10.885657762692942,10.624499999999998,10.783552587564314,10.769858810690424,10.709421916975664
001,2014-10-02 14:09:00,10.1,7,8.814,9.311664463398255,8.743500000000001,8.956388154466085,8.906290356182625,8.817328417272346
001,2014-10-02 14:14:00,10.2,7,8.003500000000003,8.534758350964927,8.174999999999999,8.237752783654976,8.195042808448848,8.100961546502123
001,2014-10-02 14:19:00,10.3,7,10.172000000000004,9.526923728183101,9.802000000000001,9.833641242727701,9.878441730639235,9.721340284486306
001,2014-10-02 14:24:00,10.4,7,8.716000000000006,8.332707656135705,8.761500000000002,8.603402552045237,8.641603013373668,8.531287714268291
001,2014-10-02 14:29:00,10.6,7,7.711000000000001,7.897917691874004,7.7115,7.773472563958002,7.755833820702675,7.728983591804606
001,2014-10-02 14:34:00,10.7,7,8.623000000000003,8.56898176636636,8.789000000000001,8.660327255455455,8.672675990975753,8.621017910758972
001,2014-10-02 14:39:00,10.8,7,10.992000000000008,10.857308376799788,11.043500000000002,10.964269458933266,10.979243215140142,10.932442302941123
001,2014-10-02 14:44:00,10.9,7,9.39800000000001,10.859251927742426,9.445500000000001,9.90091730924748,9.76492677482037,9.55046804019429
001,2014-10-02 14:49:00,11.0,7,9.701000000000004,8.954063422242266,9.607499999999998,9.420854474080757,9.4873466411756,9.295272414673915
001,2014-10-02 14:54:00,11.2,7,8.687500000000007,9.095600807495279,8.368,8.71703360249843,8.66453067018662,8.526202259274774
001,2014-10-02 14:59:00,11.3,7,8.145500000000004,7.843203711014915,7.888,7.958901237004973,7.976224769231141,7.905156685496453
001,2014-10-02 15:04:00,11.3,7,8.615499999999999,8.313878201108087,8.683,8.537459400369363,8.568903545145458,8.474921966339558
001,2014-10-02 15:09:00,11.3,7,8.752000000000006,9.095596136428654,8.6725,8.84003204547622,8.804098305148326,8.734976371295822
001,2014-10-02 15:14:00,11.2,7,8.713000000000006,9.004335376174874,9.064,8.927111792058293,8.914904606634606,8.829201137747093
001,2014-10-02 15:19:00,11.0,7,9.301500000000008,7.971138202334591,9.233000000000002,8.835212734111535,8.957919835032621,8.612842702080851
001,2014-10-02 15:24:00,10.9,7,8.468000000000002,7.418023236312355,8.534500000000001,8.14017441210412,8.242281819116526,7.953244208929551
001,2014-10-02 15:29:00,10.7,7,7.744500000000008,8.5559696234406,7.689,7.996489874480203,7.9173974498119115,7.78719333677094
001,2014-10-02 15:34:00,10.5,7,8.642499999999998,8.868789223379334,8.668,8.726429741126443,8.706162156142243,8.671055670727565
001,2014-10-02 15:39:00,10.3,7,8.227000000000006,8.840228626877696,8.321000000000002,8.462742875625901,8.408905673964206,8.311168599145692
001,2014-10-02 15:44:00,10.1,7,7.366000000000002,7.394336876749065,7.366500000000001,7.3756122922496905,7.372956757996959,7.368841926765561
001,2014-10-02 15:49:00,9.9,7,7.228,8.840999518285985,7.1800000000000015,7.749666506095328,7.595170373099851,7.351926311747421
001,2014-10-02 15:54:00,9.9,7,7.843000000000003,7.869955182440569,7.758500000000001,7.8238183941468575,7.81758365608765,7.792608732264128
001,2014-10-02 15:59:00,9.8,7,10.047000000000002,9.556370421207522,10.2315,9.944956807069174,9.999365357755494,9.829587946846086
001,2014-10-02 16:04:00,9.8,7,8.109000000000007,7.767287140732072,7.9845000000000015,7.95359571357736,7.9804481146125426,7.895057446446046
001,2014-10-02 16:09:00,9.7,7,7.416500000000009,7.080090753398224,7.213500000000002,7.236696917799411,7.259622153226313,7.177998125351673
001,2014-10-02 16:14:00,9.7,7,7.3735,7.826190657595083,7.321500000000001,7.507063552531695,7.462022435707283,7.384130103734679
001,2014-10-02 16:19:00,9.5,7,7.071500000000002,7.842533437603075,6.996500000000001,7.3035111458676925,7.227388197468296,7.098109700802193
001,2014-10-02 16:24:00,9.5,7,9.275000000000007,11.235025145857534,9.533999999999999,10.01467504861918,9.840789600430295,9.532728300307065
001,2014-10-02 16:29:00,9.4,7,11.290000000000006,10.609889973238506,11.372500000000002,11.090796657746173,11.158656210220236,10.962514428543663
001,2014-10-02 16:34:00,9.2,7,9.570000000000002,8.770357954107652,9.362,9.234119318035885,9.300594009549059,9.098241713948944
001,2014-10-02 16:39:00,9.1,7,9.457000000000003,9.441511728093621,9.73,9.542837242697875,9.55621546883308,9.49040002717068
001,2014-10-02 16:44:00,9.0,7,10.24900000000001,9.855766566896948,10.123999999999999,10.076255522298984,10.10795392544784,10.009134203046708
001,2014-10-02 16:49:00,8.9,7,9.984500000000006,10.462331533455849,9.961000000000002,10.135943844485286,10.089771197006693,10.01539455173582
001,2014-10-02 16:50:00,9.4,7,8.270000000000003,8.159661408035836,8.293999999999999,8.24122046934528,8.252693061936453,8.218469678472204
001,2014-10-02 16:54:00,8.8,7,8.507,8.581491760961452,8.7445,8.610997253653819,8.614324519796027,8.55897783775177
001,2014-10-02 16:59:00,8.7,7,10.112500000000004,10.223328091760521,9.938,10.091276030586842,10.073188747789061,10.013704674696662
001,2014-10-02 17:04:00,8.8,7,9.649,9.844167234480953,9.601999999999999,9.698389078160316,9.6778977965271,9.63817519270832
001,2014-10-02 17:09:00,8.9,7,7.443000000000005,7.876322792119444,7.6465000000000005,7.655274264039817,7.623214157247103,7.539830807291715
001,2014-10-02 17:14:00,9.2,7,8.735999999999999,8.702245941922532,8.5545,8.664248647307511,8.659516427172838,8.614821880433505
001,2014-10-02 17:19:00,9.5,7,8.205500000000006,8.476071370085378,8.1855,8.28902379002846,8.262586482327128,8.218798686346693
001,2014-10-02 17:24:00,9.9,7,8.354500000000002,8.468462664320757,8.286499999999998,8.36982088810692,8.356085540399949,8.322758689289337
001,2014-10-02 17:29:00,10.4,7,8.762000000000002,8.47385424734175,8.867,8.700951415780585,8.732758956433749,8.63380852378662
001,2014-10-02 17:34:00,10.8,7,8.446000000000003,8.355773803998991,8.393,8.398257934666331,8.40446964789715,8.38253391389064
001,2014-10-02 17:39:00,11.3,7,8.169000000000002,8.853929919963043,8.1,8.374309973321017,8.306584218016342,8.191149165888055
001,2014-10-02 17:44:00,11.9,7,8.066500000000008,8.76307074182518,8.0325,8.287356913941728,8.220058841913628,8.111698828970596
001,2014-10-02 17:49:00,12.4,7,7.856999999999995,8.61462925331973,7.8805000000000005,8.117376417773242,8.046818884692561,7.935744229039864
001,2014-10-02 17:54:00,12.8,7,7.801500000000004,8.229195314101675,7.742999999999999,7.924565104700559,7.881601938919019,7.805669258572113
001,2014-10-02 17:59:00,13.1,7,8.201000000000002,8.788334561722332,8.555000000000001,8.514778187240779,8.474735009829999,8.353549226280162
001,2014-10-02 18:04:00,13.3,7,9.732000000000003,11.196190349065796,9.7185,10.2155634496886,10.076632992472367,9.863342434089965
001,2014-10-02 18:09:00,13.4,7,8.547999999999996,8.80451418371176,8.6745,8.675671394570585,8.65695611783555,8.606965306089672
001,2014-10-02 18:14:00,13.3,7,8.880500000000007,9.321834502674488,8.818999999999999,9.007111500891499,8.962728729747438,8.884091145417255
001,2014-10-02 18:19:00,13.2,7,9.677,8.162016665837497,9.642000000000001,9.1603388886125,9.301951685116151,8.907680981121853
001,2014-10-02 18:24:00,13.0,7,9.759,10.971924896086453,9.607000000000001,10.112641632028819,9.991406805636723,9.779538550219936
001,2014-10-02 18:29:00,12.8,7,6.523499999999998,8.048743764399731,6.462,7.011414588133243,6.864620696227289,6.630585322571227
001,2014-10-02 18:34:00,12.5,7,8.240500000000004,7.834508426614518,8.2395,8.10483614220484,8.143151845599963,8.037239195588107
001,2014-10-02 18:39:00,12.2,7,6.998499999999999,6.879583471992534,7.060499999999998,6.97952782399751,6.993469363417514,6.948409027700199
001,2014-10-02 18:44:00,11.9,7,9.530500000000004,8.290847181120395,9.6965,9.172615727040133,9.296986908512997,8.935938939332155
001,2014-10-02 18:49:00,11.6,7,6.840500000000005,7.419037831739192,6.9125,7.057345943913066,7.005826265812913,6.915360983040439
001,2014-10-02 18:54:00,11.4,7,8.064000000000002,8.573642561355895,8.128999999999998,8.255547520451964,8.210231773065379,8.130375120206718
001,2014-10-02 18:59:00,11.2,7,8.380499999999998,8.08339570004569,8.502500000000001,8.322131900015231,8.355527822217853,8.250392947750157
001,2014-10-02 19:04:00,11.1,7,9.65300000000001,8.820554758932623,10.0225,9.49868491964421,9.593463441056834,9.292628289176916
001,2014-10-02 19:09:00,11.1,7,8.433000000000002,8.361720962796907,8.263499999999999,8.352740320932304,8.352077307117925,8.311102336263637
001,2014-10-02 19:14:00,11.0,7,9.414000000000009,9.32500785325768,9.424,9.38766928441923,9.396513980680654,9.371028812862859
001,2014-10-02 19:19:00,11.0,7,10.223000000000006,8.94792931913433,10.187,9.785976439711446,9.90487789786865,9.57324245859223
001,2014-10-02 19:24:00,10.9,7,9.301000000000004,9.038015344593152,9.267000000000001,9.202005114864386,9.22536882342412,9.157775284622366
001,2014-10-02 19:28:00,11.0,7,10.946000000000002,10.123656005420898,10.720500000000001,10.596718668473633,10.66457453858019,10.456829365616327
001,2014-10-02 19:29:00,10.8,7,8.470999999999998,9.074765073905917,8.622,8.722588357968638,8.672133017345827,8.569798166343752
001,2014-10-02 19:34:00,10.7,7,9.213500000000009,9.240301207273882,9.1165,9.190100402424632,9.18333466086176,9.155258969522071
001,2014-10-02 19:39:00,10.5,7,8.301499999999997,8.684414481321449,8.387000000000002,8.457638160440482,8.42519078105507,8.361361319087358
001,2014-10-02 19:44:00,10.5,7,8.994000000000002,9.051980517001374,8.868,8.97132683900046,8.960349499596129,8.920558701391178
001,2014-10-02 19:49:00,10.5,7,8.735500000000007,8.319761275203886,8.408999999999999,8.48808709173463,8.51311757379788,8.414541146347375
001,2014-10-02 19:54:00,10.6,7,10.731500000000004,9.315172009339465,10.268999999999998,10.105224003113156,10.218857672455782,9.863306641123426
001,2014-10-02 19:59:00,10.8,7,8.365500000000004,8.426798378833373,8.3335,8.375266126277793,8.368077852666717,8.351295156034757
001,2014-10-02 20:04:00,11.2,7,10.552500000000009,9.415189067837145,10.6175,10.195063022612386,10.305356567506877,9.993868629772019
001,2014-10-02 20:09:00,11.7,7,8.312499999999995,8.746200688831621,8.499999999999998,8.519566896277205,8.486772778634373,8.405006701890366
001,2014-10-02 20:14:00,12.3,7,8.396999999999998,7.660329051544346,8.300999999999998,8.119443017181448,8.184856145356285,7.99553660339484
001,2014-10-02 20:19:00,13.2,7,9.001000000000005,8.561707605078801,9.058,8.873569201692936,8.917562629579917,8.790031993046627
001,2014-10-02 20:24:00,14.1,7,8.304,7.984047169508611,8.28,8.18934905650287,8.218531736805813,8.135768897953758
001,2014-10-02 20:29:00,15.0,7,8.605500000000008,8.241577586207528,8.3965,8.414525862069178,8.43978876242097,8.351167322190463
001,2014-10-02 20:34:00,15.9,7,8.306500000000002,10.318515607329203,8.311,8.978671869109734,8.788766770604749,8.49983823236147
001,2014-10-02 20:39:00,16.7,7,9.718000000000002,9.334501627294632,9.730500000000001,9.594333875764876,9.631113547229889,9.52821164732093
001,2014-10-02 20:44:00,17.3,7,11.688000000000004,11.45212673727239,11.360500000000002,11.500208912424133,11.508201501667646,11.43091912975467
001,2014-10-02 20:49:00,17.7,7,7.3995000000000015,7.946674614135111,7.0905,7.478891538045037,7.413706742916306,7.258062800877704
001,2014-10-02 20:54:00,17.9,7,9.3055,6.340741436021061,9.1435,8.263247145340353,8.536296414228955,7.767563408445293
001,2014-10-02 20:59:00,18.0,7,9.131500000000004,8.977655211259048,9.1605,9.089885070419683,9.105686484519902,9.058978824228406
001,2014-10-02 21:04:00,18.0,7,10.386500000000007,9.97212798344671,10.361999999999998,10.240209327815572,10.278291204639146,10.170904971374867
001,2014-10-02 21:09:00,18.0,7,7.097500000000001,7.249152855604957,7.199,7.181884285201652,7.171985530018201,7.139640109077786
001,2014-10-02 21:14:00,18.0,7,9.246000000000004,8.6766196651751,9.46,9.127539888391702,9.190676557296802,8.993674042888852
001,2014-10-02 21:19:00,18.0,7,8.482500000000009,8.195535112556744,8.434,8.370678370852252,8.395674966568553,8.32226392651573
001,2014-10-02 21:24:00,17.9,7,7.6775000000000055,8.50825626346847,8.056999999999999,8.080918754489492,8.018989262212841,7.860240745887142
001,2014-10-02 21:29:00,17.7,7,9.052500000000004,9.103918650750636,9.471499999999999,9.209306216916879,9.222734910930638,9.126816200233112
001,2014-10-02 21:34:00,17.5,7,7.575500000000001,8.952477502821017,7.419,7.982325834273673,7.845394408416118,7.608882052746982
001,2014-10-02 21:39:00,17.2,7,8.486000000000006,8.7701737258595,8.920500000000002,8.725557908619836,8.717671662607415,8.613228386976342
001,2014-10-03 06:39:01,2.2,7,9.545500000000004,8.596992498642727,9.604499999999998,9.248997499547576,9.341190443893577,9.080328195410434
001,2014-10-03 06:44:01,2.2,7,9.082000000000003,9.231687920633219,9.165,9.159562640211073,9.14904212189583,9.118911025305692
001,2014-10-03 06:49:01,2.2,7,7.442999999999997,8.339348056508326,7.6815,7.821282685502774,7.747002054903258,7.593579447332013
001,2014-10-03 06:54:01,2.2,7,7.4514999999999985,7.90992241498701,7.333000000000001,7.564807471662337,7.516322466277733,7.420994861618367
001,2014-10-03 06:59:01,2.2,7,10.76250000000001,11.327786704874715,11.081,11.057095568291574,11.017586174599728,10.903269878821135
001,2014-10-03 07:04:01,2.2,7,8.672999999999998,8.5786542515917,8.7005,8.6507180838639,8.66083237725337,8.62999033492926
001,2014-10-03 07:09:01,2.2,7,7.225500000000004,7.315343031970578,7.262500000000001,7.267781010656861,7.260907193963718,7.244161356062519
001,2014-10-03 07:14:01,2.2,7,8.705499999999997,8.686155844887878,8.522999999999998,8.638218614962625,8.63208125821981,8.58685976565155
001,2014-10-03 07:19:01,2.2,7,10.81750000000001,9.574148077509939,10.973000000000003,10.454882692503316,10.579145113491316,10.21950778300187
001,2014-10-03 07:24:01,2.2,7,10.306000000000006,8.521356759037547,10.036999999999999,9.621452253012517,9.778330631697877,9.320794984719615
001,2014-10-03 07:29:01,2.2,7,7.769500000000004,9.019630057217974,7.7655,8.184876685739326,8.066585930351787,7.886358105819602
001,2014-10-03 07:34:01,2.2,7,6.722999999999998,8.22112056513328,6.795999999999999,7.246706855044426,7.108345782177012,6.885937392836791
001,2014-10-03 07:39:01,2.2,7,8.710999999999997,8.681894228993524,8.664,8.685631409664508,8.686330139649096,8.675147987694697
001,2014-10-03 07:44:01,2.2,7,7.737,7.9578548654549355,7.767500000000001,7.8207849551516455,7.801249045841481,7.766399344299991
001,2014-10-03 07:49:01,2.2,7,8.564500000000002,8.957848124966445,8.55,8.69078270832215,8.652985113356667,8.592969123211677
001,2014-10-03 07:54:01,2.2,7,7.586000000000004,7.417946634628344,7.496999999999999,7.500315544876116,7.512309422826281,7.471157473555396
001,2014-10-03 07:59:01,2.3,7,8.788000000000002,8.505710177747423,8.917,8.736903392582475,8.769205105692874,8.666352107497566
001,2014-10-03 08:04:01,2.3,7,7.7130000000000045,7.767949323612341,7.495000000000001,7.658649774537449,7.6439435722621765,7.581603228250849
001,2014-10-03 08:09:01,2.2,7,8.482499999999998,8.317425244073217,8.4575,8.419141748024405,8.433647421653298,8.391330178628337
001,2014-10-03 08:14:01,2.2,7,8.839999999999998,8.83125089205625,8.830500000000002,8.83391696401875,8.834328987786183,8.832123882453072
001,2014-10-03 08:19:01,2.2,7,9.503500000000004,9.312180818948995,9.92,9.578560272983,9.614814482565963,9.470645339541816
001,2014-10-03 08:24:01,2.2,7,7.115500000000002,7.350375987097384,7.123999999999999,7.196625329032462,7.174804489768444,7.14024285529814
001,2014-10-03 08:29:01,2.2,7,8.205000000000005,8.753067810771517,8.225,8.394355936923843,8.343445666768233,8.262781024034961
001,2014-10-03 08:34:01,2.2,7,7.849000000000006,8.74314749209967,8.195,8.26238249736656,8.19300152632905,8.028664344497336
001,2014-10-03 08:39:01,2.2,7,10.330000000000007,8.677980547116153,10.2935,9.767160182372054,9.921655111716499,9.491670529541917
001,2014-10-03 08:44:01,2.2,7,7.6940000000000035,8.008640849079027,7.735000000000001,7.812546949693011,7.784608112044742,7.7352156214162004
001,2014-10-03 08:49:01,2.2,7,8.286,8.37439365731292,8.1395,8.266631219104307,8.251885646988207,8.202613118990403
001,2014-10-03 08:54:01,2.2,7,8.474999999999998,8.365717091488625,8.4245,8.421739030496207,8.429860391551175,8.402875950637391
001,2014-10-03 08:59:01,2.3,7,7.3385,7.62737866738629,7.439,7.4682928891287625,7.4453849680024495,7.393470236991174
001,2014-10-03 09:04:01,2.5,7,11.00100000000001,11.320473092674334,11.3245,11.215324364224783,11.19925842634171,11.119171056813762
001,2014-10-03 09:09:01,2.8,7,7.372999999999998,7.419420364487411,7.2665,7.352973454829137,7.343939415044196,7.310677606046398
001,2014-10-03 09:14:01,3.1,7,9.264,8.540949983535047,9.152000000000001,8.985649994511682,9.04907786864377,8.86379833171537
001,2014-10-03 09:19:01,3.4,7,8.701500000000003,9.195845655174953,8.689499999999999,8.862281885058318,8.815050839390922,8.74117961445264
001,2014-10-03 09:24:01,3.5,7,8.1455,8.699161442030723,8.2385,8.36105381401024,8.312801061253774,8.223708474060137
001,2014-10-03 09:29:01,3.6,7,8.84200000000001,8.422955260765848,8.9135,8.726151753588619,8.768864959750324,8.643336898301058
001,2014-10-03 09:34:01,3.5,7,8.394500000000003,8.430042523305566,8.462499999999999,8.429014174435189,8.428623806673912,8.41247077347458
001,2014-10-03 09:39:01,3.4,7,10.197000000000012,10.383088725018876,10.386500000000002,10.322196241672964,10.31288456132309,10.265993625226049
001,2014-10-03 09:44:01,3.4,7,8.415000000000003,8.795135977054684,8.449000000000002,8.553045325684897,8.518612795617358,8.46056166636913
001,2014-10-03 09:49:01,3.3,7,8.465000000000005,8.799589437337596,8.2725,8.5123631457792,8.47234860034291,8.376287440770977
001,2014-10-03 09:54:01,3.3,7,7.5700000000000065,8.51918420052852,7.576000000000001,7.888394733509508,7.798974720614217,7.662265385428112
001,2014-10-03 09:59:01,3.4,7,7.807500000000005,8.213027705984514,7.961500000000001,7.994009235328174,7.962414910622491,7.888187536638013
001,2014-10-03 10:04:01,3.5,7,8.7485,7.945654714795417,8.571,8.421718238265138,8.489826727597018,8.285712800225376
001,2014-10-03 10:09:01,3.7,7,7.789999999999999,8.73029974073312,7.903,8.141099913577706,8.057189253422203,7.910575832846613
001,2014-10-03 10:10:00,4.0,7,7.549000000000002,8.779544713196877,7.608,7.978848237732294,7.865157546453687,7.68257346381756
001,2014-10-03 10:14:01,3.8,7,9.022999999999994,8.993601121264795,8.752,8.922867040421599,8.913817180241256,8.846679325471811
001,2014-10-03 10:19:01,3.9,7,7.912999999999991,8.555806966827294,7.957499999999999,8.142102322275763,8.083310082827378,7.986503476647733
001,2014-10-03 10:24:01,4.1,7,9.099000000000007,9.510511907309258,9.1215,9.243670635769755,9.205771702720703,9.144423628137597
001,2014-10-03 10:29:01,4.2,7,7.793500000000003,9.578735515356747,7.7175,8.363245171785584,8.191253610207996,7.916321269045974
001,2014-10-03 10:34:01,4.4,7,10.776999999999997,11.372216199390095,10.4475,10.865572066463365,10.794953448275313,10.627300423398548
001,2014-10-03 10:39:01,4.8,7,7.670500000000003,7.8313182994189265,7.803999999999999,7.768606099806309,7.759237976948542,7.7222356226857745
001,2014-10-03 10:44:01,5.2,7,7.032000000000003,7.775229730117551,6.8915,7.232909910039184,7.156555252306325,7.014899219372857
001,2014-10-03 10:49:01,5.6,7,7.049000000000004,9.390733643890218,6.88,7.773244547963407,7.544614407496077,7.166664151991628
001,2014-10-03 10:54:01,6.1,7,8.605000000000008,5.956813688242917,8.8925,7.818104562747642,8.080861133879305,7.324765346083822
001,2014-10-03 10:59:01,6.5,7,8.054000000000004,7.8938480798221455,8.0145,7.987449359940716,8.000857068919782,7.96026454468701
001,2014-10-03 11:04:01,7.0,7,7.4045000000000005,7.863836793096532,7.521,7.596445597698843,7.5581305682897275,7.480106163126221
001,2014-10-03 11:09:01,7.5,7,7.538500000000002,8.363693309211682,7.771,7.891064436403894,7.82324486305397,7.680650356128895
001,2014-10-03 11:14:01,8.0,7,7.636999999999997,8.704888761119536,7.733000000000001,8.024962920373179,7.928255302328201,7.7651256296470645
001,2014-10-03 11:19:01,8.5,7,8.696000000000005,8.829547422052638,8.724,8.749849140684214,8.73845320006353,8.71638174720043
001,2014-10-03 11:24:01,8.9,7,8.183,8.913096511220642,8.228500000000002,8.441532170406882,8.374536187236295,8.265110597096585
001,2014-10-03 11:29:01,9.3,7,8.8245,9.097753508335146,8.8605,8.927584502778382,8.903337849280803,8.860401303161845
001,2014-10-03 11:34:01,9.7,7,8.780999999999999,8.48754884042081,8.436,8.568182946806937,8.58085190277933,8.500304838041817
001,2014-10-03 11:39:01,9.9,7,8.561499999999999,8.590760875446888,8.625499999999999,8.592586958482295,8.59261552386447,8.577503008245921
001,2014-10-03 11:44:01,10.1,7,8.133500000000002,7.55584120374191,8.13,7.9397804012473046,7.994206647869695,7.843573528051457
001,2014-10-03 11:49:01,10.2,7,12.05150000000001,13.035369070131114,11.866,12.31762302337704,12.21656802619543,12.029169804205377
001,2014-10-03 11:54:01,10.2,7,9.187000000000003,9.627790138731097,9.2995,9.3714300462437,9.334692785968155,9.259745238468941
001,2014-10-03 11:59:01,10.1,7,9.862500000000002,8.54420109788166,9.976999999999999,9.461233699293887,9.590787935086993,9.220870665606013
001,2014-10-03 12:04:01,10.0,7,7.659000000000003,8.391383687533391,7.501,7.850461229177799,7.77436756712773,7.629894528833255
001,2014-10-03 12:09:01,9.9,7,8.054499999999997,8.423221807485108,8.3365,8.2714072691617,8.248876928246439,8.166554726716258
001,2014-10-03 12:14:01,9.8,7,8.465000000000005,8.571361743744774,8.2575,8.431287247914925,8.412181703469777,8.345093656796235
001,2014-10-03 12:19:01,9.7,7,9.607500000000009,9.375388622940653,9.2795,9.420796207646887,9.428411540161166,9.350931909308985
001,2014-10-03 12:24:01,9.5,7,8.438500000000007,8.284317863692953,8.268,8.330272621230987,8.33739890613487,8.297768426437925
001,2014-10-03 12:29:01,9.5,7,9.1195,10.097165369529373,9.5205,9.579055123176458,9.504183549975743,9.322126971434473
001,2014-10-03 12:34:00,8.8,7,10.747500000000004,9.941603495281282,10.7175,10.468867831760429,10.54370211817771,10.334314989148588
001,2014-10-03 12:34:01,9.5,7,10.286000000000003,9.531916280037018,10.134,9.983972093345674,10.04858636339666,9.856422718546577
001,2014-10-03 12:39:01,9.5,7,8.363000000000007,7.534236289012123,8.4525,8.116578763004043,8.198789087126523,7.962272365619414
001,2014-10-03 12:44:01,9.7,7,7.927000000000004,8.69289112204518,7.900499999999999,8.173463707348395,8.09994336096845,7.98351873659322
001,2014-10-03 12:49:01,9.9,7,9.993500000000003,9.38648209282151,9.978000000000002,9.785994030940506,9.842670488249748,9.684740374160477
001,2014-10-03 12:54:01,10.2,7,9.164500000000006,9.495298250806197,8.847000000000001,9.168932750268736,9.123820892369503,8.997074841113388
001,2014-10-03 12:59:01,10.5,7,8.026000000000002,7.455842795887171,7.9635,7.8151142652957235,7.8662567347957415,7.719371942104207
001,2014-10-03 13:04:01,10.9,7,8.8775,9.164312041059356,8.881,8.974270680353118,8.94732454043491,8.905839271812233
001,2014-10-03 13:09:01,11.2,7,8.113000000000001,8.669857211057568,8.0755,8.286119070352521,8.23186881313984,8.14266483908776
001,2014-10-03 13:14:01,11.3,7,9.404000000000003,8.800666526031087,9.545000000000002,9.249888842010364,9.313047488091467,9.123703211550549
001,2014-10-03 13:19:01,11.4,7,8.707000000000004,8.443614553647638,8.480500000000001,8.54370485121588,8.558704933778973,8.496849660000594
001,2014-10-03 13:24:01,11.6,7,9.062000000000003,9.37567481813334,9.038,9.158558272711115,9.127873840578745,9.076907084344654
001,2014-10-03 13:29:01,11.8,7,10.334000000000012,9.77040124828082,10.2175,10.10730041609361,10.155466439873216,10.011932100786675
001,2014-10-03 13:34:01,12.0,7,9.265500000000007,8.869483000616535,8.783499999999998,8.97282766687218,8.989208117568802,8.87640715269022
001,2014-10-03 13:39:01,12.2,7,7.734999999999998,9.363600514855804,7.965500000000002,8.354700171618601,8.210884896590949,7.953316521123183
001,2014-10-03 13:44:01,12.4,7,9.6575,9.685002168468694,9.900500000000001,9.747667389489566,9.755674421272545,9.700096118461053
001,2014-10-03 13:49:01,12.5,7,8.184000000000003,7.981114825762286,8.16,8.10837160858743,8.126493372349422,8.074279194628142
001,2014-10-03 13:54:01,12.5,7,8.0545,8.087105121300755,8.229,8.123535040433586,8.128070306819305,8.08788202335073
001,2014-10-03 13:59:01,12.6,7,9.207000000000004,9.427028413636089,9.138499999999999,9.257509471212032,9.233730879313285,9.185072691277352
001,2014-10-03 14:04:01,12.7,7,11.332,11.516686338867352,11.632,11.493562112955784,11.48920561017542,11.417341224486965
001,2014-10-03 14:09:01,12.8,7,9.327500000000008,9.140407827378155,9.3325,9.266802609126055,9.284697880550448,9.234745019661712
001,2014-10-03 14:14:01,13.0,7,8.377000000000004,8.391800691183052,8.07,8.279600230394353,8.26480306879188,8.185984110307448
001,2014-10-03 14:19:01,13.2,7,9.677000000000005,9.18361252464611,9.681999999999999,9.514204174882037,9.56103917986583,9.431158935884756
001,2014-10-03 14:24:01,13.4,7,9.552500000000009,8.898830322995364,9.658499999999998,9.369943440998457,9.436330463857303,9.241770734403646
001,2014-10-03 14:29:01,13.7,7,8.396,8.3723886482309,8.197500000000002,8.321962882743634,8.31553039803027,8.266393729844653
001,2014-10-03 14:34:01,13.9,7,8.87000000000001,9.161698333109722,8.754000000000001,8.928566111036577,8.895942826154933,8.82514267069805
001,2014-10-03 14:39:01,14.0,7,9.533500000000009,8.769940548903172,9.286499999999998,9.196646849634392,9.258010224425865,9.06625738404713
001,2014-10-03 14:44:01,14.2,7,7.939500000000002,8.935562848434127,8.174,8.34968761614471,8.265811045139342,8.098510400606903
001,2014-10-03 14:49:01,14.2,7,7.572499999999999,8.018304377322574,7.432500000000001,7.6744347924408585,7.626203629851508,7.527313757400162
001,2014-10-03 14:54:01,14.1,7,8.778500000000005,7.359984903393986,8.649,8.262494967797997,8.39086877518739,8.024639647950178
001,2014-10-03 14:59:01,14.1,7,10.761000000000003,10.893490453791804,10.702500000000002,10.78566348459727,10.7705921928556,10.736982411952688
001,2014-10-03 15:04:01,14.1,7,8.249500000000005,8.839251373190534,8.009500000000001,8.366083791063515,8.29988765581003,8.155377664662389
001,2014-10-03 15:09:01,14.3,7,8.200500000000005,8.711795788944581,8.3105,8.407598596314863,8.364090632443952,8.279296002573242
001,2014-10-03 15:14:01,14.5,7,10.180000000000007,8.896027137243452,10.0805,9.718842379081153,9.835813541183969,9.503782470470291
001,2014-10-03 15:19:01,15.0,7,7.642500000000005,8.11514902328302,7.586499999999998,7.781383007761008,7.734281585926997,7.65252855544046
001,2014-10-03 15:24:01,15.5,7,8.716000000000003,9.042472191476651,8.8315,8.863324063825551,8.837518851399723,8.778647430219618
001,2014-10-03 15:29:01,16.0,7,8.927500000000002,9.173854588775557,8.562999999999999,8.88811819625852,8.8489335645294,8.722552135132576
001,2014-10-03 15:34:01,16.6,7,8.1055,8.799486436393138,8.0425,8.315828812131047,8.247509233712462,8.132274732340333
001,2014-10-03 15:39:01,17.2,7,8.828000000000001,9.201380698820829,8.6735,8.900960232940276,8.858939045111848,8.76680990557264
001,2014-10-03 15:44:01,17.6,7,9.562000000000006,11.679001302521009,9.7235,10.321500434173672,10.128528087966204,9.808146854062791
001,2014-10-03 15:49:01,18.0,7,8.857000000000005,10.25380094626864,8.934000000000001,9.34826698208955,9.219653478672262,9.011353206953444
001,2014-10-03 15:54:01,18.3,7,9.3315,7.4554843549324605,9.024,8.603661451644152,8.76749268067536,8.287282087244314
001,2014-10-03 15:59:01,18.7,7,9.505500000000005,9.564124434347976,9.484000000000002,9.517874811449326,9.511397443743599,9.497621292697941
001,2014-10-03 16:04:01,19.1,7,9.053000000000003,8.51135930920185,8.984000000000002,8.849453103067285,8.897617556820993,8.758371404328633
001,2014-10-03 16:09:01,19.6,7,8.741000000000005,9.047955827311789,8.6325,8.807151942437265,8.773414412947803,8.702300528229793
001,2014-10-03 16:14:01,20.2,7,8.631,8.068612727523842,8.4965,8.398704242507947,8.445970207716291,8.303298347152822
001,2014-10-03 16:19:01,20.9,7,9.201499999999998,9.803829799794151,9.109000000000002,9.37144326659805,9.31049619081682,9.201032399941603
001,2014-10-03 16:24:01,21.6,7,9.054500000000004,9.340007328005479,9.171999999999999,9.188835776001826,9.166988339630718,9.11378103326582
001,2014-10-03 16:29:01,22.2,7,9.200000000000005,9.18729076337004,9.041,9.142763587790016,9.13702498022407,9.097546834922808
001,2014-10-03 16:34:01,22.2,7,9.262500000000006,8.133978599451032,9.1445,8.84699286648368,8.94846907428391,8.657564392464813
001,2014-10-03 16:39:01,22.2,7,8.900499999999997,8.645588695299107,8.7765,8.774196231766368,8.79286917381476,8.730114088476974
001,2014-10-03 16:44:01,22.2,7,9.826000000000008,9.832951647795083,9.504000000000001,9.720983882598365,9.706273661177672,9.62483259238822
001,2014-10-03 16:49:01,22.2,7,10.776999999999997,9.985289615167762,11.0055,10.58926320505592,10.674039148903267,10.41573885518358
001,2014-10-03 16:54:01,22.2,7,7.019500000000005,8.555757310920391,7.391000000000002,7.655419103640132,7.526482523501674,7.26742353275033
001,2014-10-03 16:59:01,22.2,7,8.648499999999997,9.752446793777095,8.585,8.995315597925698,8.888239866860005,8.714105298273498
001,2014-10-03 17:04:01,22.2,7,8.251499999999993,8.664358798041631,8.138,8.351286266013874,8.30732447359965,8.219778365839272
001,2014-10-03 17:09:01,22.2,7,9.901000000000003,9.901271842046684,9.888,9.896757280682229,9.896164222580605,9.892877492842397
001,2014-10-03 17:14:01,22.2,7,7.9985,8.132118673980393,8.006499999999999,8.045706224660131,8.033430669444872,8.013438315677334
001,2014-10-03 17:19:01,22.2,7,9.203000000000005,7.689937678593218,9.316,8.736312559531074,8.884203183201253,8.463802055104551
001,2014-10-03 17:24:01,22.2,7,9.126499999999998,9.145608172434999,9.29,9.187369390811666,9.192699805566187,9.155291515983233
001,2014-10-03 17:29:01,22.2,7,9.362999999999994,8.203043383958871,9.4075,8.991181127986287,9.10271960302633,8.789960993544916
001,2014-10-03 17:34:01,22.2,7,8.3435,8.799097258232806,8.315000000000001,8.48586575274427,8.441575648171218,8.36913754709332
001,2014-10-03 17:39:01,22.2,7,12.359500000000002,11.691351426440189,12.1675,12.072783808813398,12.12753289377405,11.959008018736727
001,2014-10-03 17:44:01,22.2,7,8.121500000000005,8.691771639388035,8.327,8.38009054646268,8.335178374569933,8.23195202521272
001,2014-10-03 17:49:01,22.2,7,8.086000000000007,8.558982092934396,8.107,8.250660697644802,8.206888403942497,8.136884176810394
001,2014-10-03 17:54:01,22.2,7,7.692500000000008,7.976991576248747,7.809,7.826163858749585,7.8043687496414895,7.751411535184615
001,2014-10-03 17:59:01,22.2,7,7.626500000000008,8.658894555513866,7.4990000000000006,7.9281315185046255,7.825023041649326,7.645157812679891
001,2014-10-03 18:04:01,22.2,7,7.883499999999999,8.766933938195484,7.729,8.126477979398494,8.036265373951352,7.871010975097388
001,2014-10-03 18:09:01,22.2,7,7.978500000000006,7.212705626813583,7.814499999999999,7.6685685422711956,7.733765541794244,7.538910246035406
001,2014-10-03 18:14:01,22.2,7,8.007999999999997,8.84731705609814,8.279,8.378105685366046,8.310631955244052,8.161990626363181
001,2014-10-03 18:19:01,22.2,7,8.964000000000004,8.150694630986322,8.885000000000002,8.666564876995443,8.739960613869592,8.530127421946801
001,2014-10-03 18:24:01,22.2,7,9.636000000000006,10.53229275986064,9.677,9.94843091995355,9.8655357993581,9.732753098603697
001,2014-10-03 18:29:01,22.2,7,8.798000000000005,8.087184615259664,9.068000000000001,8.65106153841989,8.730005502037528,8.48342413712395
001,2014-10-03 18:34:01,22.2,7,9.315500000000009,9.059938609695932,9.142,9.172479536565314,9.189053516560516,9.127631239564526
001,2014-10-03 18:39:01,22.2,7,8.914,8.262209352373263,8.8835,8.686569784124421,8.746821847440293,8.577663628800952
001,2014-10-03 18:44:01,22.2,7,8.882000000000007,8.70820097969061,8.7895,8.793233659896872,8.805617650773286,8.763072613555774
001,2014-10-03 18:49:01,22.2,7,9.157000000000005,8.4690952833374,9.037,8.887698427779135,8.947456511598379,8.77159091727095
001,2014-10-03 18:54:01,22.2,7,9.051000000000009,9.245477073014198,9.051499999999999,9.115992357671402,9.097639380557052,9.069705379096705
001,2014-10-03 18:59:01,22.2,7,9.681500000000005,9.641135287876743,9.7015,9.674711762625583,9.679398428754551,9.664339753867157
001,2014-10-03 19:04:01,22.2,7,8.515500000000005,8.742850664566115,8.359500000000002,8.539283554855373,8.510994273001279,8.439426410980193
001,2014-10-03 19:09:01,22.2,7,7.810500000000002,8.308825162998994,7.92,8.013108387666334,7.970804106844124,7.887921281171639
001,2014-10-03 19:14:01,22.2,7,7.343999999999999,8.635708499344847,7.457999999999998,7.812569499781614,7.695500290462168,7.498401670130276
001,2014-10-03 19:19:01,22.2,7,8.7815,8.536397258743225,8.729,8.68229908624774,8.703165839596485,8.640800085070321
001,2014-10-04 06:39:01,6.9,7,8.024500000000002,9.039691097316448,8.006499999999999,8.356897032438816,8.260193023496901,8.110150319396137
001,2014-10-04 06:44:01,7.3,7,8.7565,8.562540117600939,8.974,8.76434670586698,8.792165236350485,8.692336256210906
001,2014-10-04 06:49:01,7.8,7,7.8,8.797760531539634,7.6785000000000005,8.092086843846545,7.992512562123416,7.819111704723405
001,2014-10-04 06:54:01,8.3,7,7.766500000000003,8.431762533336588,7.9910000000000005,8.063087511112197,8.010029542262089,7.891199699768681
001,2014-10-04 06:59:01,8.8,7,7.779000000000008,8.17432507320983,7.9125,7.955275024403281,7.92374997164535,7.853126874839019
001,2014-10-04 07:04:01,9.0,7,8.326500000000008,9.484389189660126,8.4925,8.767796396553377,8.665640346607018,8.482294901757879
001,2014-10-04 07:09:01,9.0,7,8.772000000000006,7.744781639269805,8.813000000000002,8.44326054642327,8.542104743512153,8.264775990485981
001,2014-10-04 07:14:01,9.0,7,9.59,9.33262129603679,9.9205,9.614373765345595,9.653116089556544,9.511168672323867
001,2014-10-04 07:19:01,8.8,7,8.289000000000005,8.393122732097655,8.2355,8.305874244032553,8.293701443554966,8.265407820244626
001,2014-10-04 07:24:01,8.5,7,8.118500000000001,7.837515516894882,8.1775,8.044505172298294,8.07362846418579,7.986955527542894
001,2014-10-04 07:29:01,8.3,7,9.309999999999997,9.368465179374269,9.3435,9.340655059791422,9.336593165840625,9.324711534627241
001,2014-10-04 07:34:01,8.2,7,8.297499999999998,8.61741557861132,8.229000000000001,8.38130519287044,8.348088950721746,8.28511015009646
001,2014-10-04 07:39:01,8.1,7,9.041500000000008,10.192213933225208,9.0025,9.412071311075072,9.301646156160658,9.12692745275088
001,2014-10-04 07:44:01,8.0,7,10.642500000000007,9.83454008867485,10.5195,10.332180029558286,10.403150369472591,10.196047576952598
001,2014-10-04 07:49:01,8.0,7,8.882500000000006,7.9897063848068965,8.698500000000001,8.523568794935635,8.599892195643399,8.37250365309544
001,2014-10-04 07:54:01,7.9,7,8.718500000000008,8.805636606872326,8.587,8.703712202290777,8.689740062080928,8.644395165892869
001,2014-10-04 07:59:01,7.7,7,8.573499999999997,7.578231465996217,8.7685,8.306743821998738,8.409290495191424,8.105452253421639
001,2014-10-04 08:04:01,7.4,7,9.448500000000003,11.188914503501685,9.5575,10.064971501167228,9.905288931335685,9.644382604255636
001,2014-10-04 08:09:01,7.1,7,9.009000000000006,10.721589543988067,9.0845,9.605029847996024,9.446514188773843,9.193096669080555
001,2014-10-04 08:14:01,6.7,7,7.603000000000003,8.570544167063519,7.516499999999999,7.896681389021173,7.801489587822144,7.641164746307237
001,2014-10-04 08:19:01,6.3,7,10.530000000000008,14.524938079468416,10.640499999999998,11.898479359822808,11.525847851419345,10.941558526239227
001,2014-10-04 08:24:01,5.9,7,7.938500000000004,8.255293588833345,8.091,8.094931196277782,8.07165528096249,8.01030622915204
001,2014-10-04 08:29:01,5.6,7,9.059500000000002,8.902495536579313,9.360000000000001,9.107331845526438,9.1352811753358,9.026314622149926
001,2014-10-04 08:34:01,5.3,7,8.799000000000005,9.123288524802685,8.548,8.823429508267564,8.781835043824406,8.672635800977346
001,2014-10-04 08:39:01,5.1,7,10.193500000000004,8.416795651706192,9.561499999999999,9.39059855056873,9.53088402075904,9.086437965538039
001,2014-10-04 08:44:01,4.8,7,9.648500000000006,9.745040030573586,9.438000000000002,9.61051334352453,9.5922048527367,9.525775442179913
001,2014-10-04 08:49:01,4.7,7,10.58300000000001,10.64075531388188,10.434,10.552585104627296,10.540625228250388,10.4951206865371
001,2014-10-04 08:54:01,4.5,7,10.099500000000006,9.075006793230413,10.290000000000003,9.82150226441014,9.92661377708839,9.616167642237391
001,2014-10-04 08:59:01,4.3,7,8.549000000000003,9.820537986404732,8.767000000000001,9.045512662134913,8.934888214611094,8.72981696372316
001,2014-10-04 09:04:01,4.2,7,8.116,8.567064130642343,8.045000000000002,8.242688043547448,8.196971367686034,8.114565506689159
001,2014-10-04 09:09:01,4.1,7,8.035500000000004,7.738642124873476,8.0025,7.9255473749578265,7.952155174873059,7.875692108512174
001,2014-10-04 09:14:01,4.2,7,9.137000000000006,8.81829564914298,8.925,8.96009854971433,8.980958174363218,8.904227389541317
001,2014-10-04 09:15:00,3.8,7,8.630000000000006,9.623089635637912,8.833000000000002,9.028696545212641,8.943726102683714,8.780142391488319
001,2014-10-04 09:19:01,4.3,7,8.658000000000001,8.722961519083965,8.68,8.686987173027989,8.681809577249151,8.670197935228096
001,2014-10-04 09:24:01,4.5,7,9.553500000000007,9.561670650350354,9.3355,9.48355688345012,9.473270475825268,9.417636691734778
001,2014-10-04 09:29:01,4.8,7,9.635500000000008,10.336211194779288,9.999500000000001,9.9904037315931,9.940084818246795,9.801599808295563
001,2014-10-04 09:34:01,5.2,7,7.840500000000004,7.996688371340745,7.648499999999999,7.828562790446916,7.805425955069248,7.735066694516186
001,2014-10-04 09:39:01,5.5,7,8.414999999999997,9.288899600323635,8.37,8.691299866774543,8.60676712688196,8.470235747258371
001,2014-10-04 09:44:01,5.9,7,8.809500000000003,8.264646396624636,8.6555,8.57654879887488,8.621307068023883,8.48380247009042
001,2014-10-04 09:49:01,6.3,7,9.009500000000008,8.812887480040631,8.968,8.930129160013546,8.946894491696083,8.896848323671623
001,2014-10-04 09:54:01,6.7,7,9.537999999999997,9.122790829526336,9.4505,9.370430276508777,9.40584167039483,9.30014918860151
001,2014-10-04 09:59:01,7.1,7,9.063000000000006,8.79745559286778,9.072500000000002,8.977651864289262,9.003155945576545,8.931712821051315
001,2014-10-04 10:04:01,7.4,7,9.797000000000002,9.61724957329568,9.719,9.711083191098561,9.724662329180907,9.680124168924298
001,2014-10-04 10:09:01,7.7,7,8.585,8.884719875820583,8.579,8.682906625273528,8.654326293767824,8.609857121600125
001,2014-10-04 10:14:01,7.8,7,7.478999999999997,8.260728720304934,7.2675,7.669076240101643,7.585985345104259,7.421072046949892
001,2014-10-04 10:19:01,7.7,7,9.028000000000002,9.015725778174298,9.119000000000002,9.054241926058099,9.059373248072761,9.035579039584658
001,2014-10-04 10:24:01,7.4,7,8.116000000000009,8.325937832993231,8.240499999999999,8.227479277664413,8.213077391267088,8.169973064318311
001,2014-10-04 10:29:01,7.0,7,7.819500000000002,7.744208909573268,7.8245,7.796069636524423,7.803401593717357,7.7826230879265985
001,2014-10-04 10:34:01,6.5,7,9.923000000000005,8.970985990785637,9.8745,9.589495330261881,9.67732783699705,9.430373045352564
001,2014-10-04 10:39:01,6.1,7,9.317000000000002,7.973631017256529,9.467,8.91921033908551,9.052682640548712,8.668190508043482
001,2014-10-04 10:44:01,5.7,7,7.9635000000000025,8.353216398890659,8.141499999999999,8.152738799630221,8.123685835420936,8.049218118051819
001,2014-10-04 10:49:01,5.3,7,11.04050000000001,10.021332739268724,10.855,10.638944246422911,10.727142356317719,10.466822294872237
001,2014-10-04 10:54:01,4.9,7,9.158500000000004,8.805500440108743,9.113000000000001,9.025666813369583,9.057033502848125,8.966299738698888
001,2014-10-04 10:59:01,4.6,7,10.069000000000006,9.635769366610548,10.3995,10.034756455536852,10.090113817386667,9.902278055130711
001,2014-10-04 11:04:01,4.3,7,9.935000000000008,9.530210824451709,9.6635,9.709570274817239,9.735966636235942,9.638578094235175
001,2014-10-04 11:09:01,4.1,7,9.919500000000012,10.149333969093547,10.312500000000002,10.127111323031187,10.122548035204709,10.028666627879765
001,2014-10-04 11:14:01,3.9,7,7.787000000000003,8.174964656597794,7.663,7.874988218865933,7.832920239111806,7.746319964216554
001,2014-10-04 11:19:01,3.8,7,10.29350000000001,10.633436096117185,10.185499999999998,10.370812032039064,10.333980246162634,10.258262963430845
001,2014-10-04 11:24:01,3.7,7,8.870000000000003,8.235047914984442,9.061000000000002,8.722015971661483,8.790344248755218,8.581435252416949
001,2014-10-04 11:29:01,3.6,7,8.009999999999998,9.052329823609762,8.014,8.358776607869919,8.260468618337095,8.110614122666107
001,2014-10-04 11:34:01,3.4,7,8.529000000000003,8.743844870221068,8.5935,8.622114956740356,8.604630790720387,8.567090895176507
001,2014-10-04 11:39:01,3.3,7,8.436000000000002,8.454902442835177,8.743,8.544634147611726,8.556246932209705,8.486372235772759
001,2014-10-04 11:44:01,3.2,7,9.8495,9.302041915639402,10.252,9.801180638546468,9.870472942468277,9.63653767697407
001,2014-10-04 11:49:01,3.1,7,10.511000000000003,8.450943526152267,10.4455,9.80248117538409,9.994263032890474,9.458681912896381
001,2014-10-04 11:54:01,2.9,7,8.675500000000003,8.695042231895796,8.723999999999998,8.698180743965265,8.69845107310958,8.687055355726184
001,2014-10-04 11:59:01,2.8,7,11.045500000000006,10.344178416619082,10.888499999999999,10.759392805539695,10.818803724079327,10.640560056335907
001,2014-10-04 12:04:01,2.7,7,9.499000000000006,9.71747956604386,9.506000000000002,9.574159855347956,9.55382273479284,9.521768519271133
001,2014-10-04 12:07:00,3.4,7,9.28400000000001,10.596855338708616,9.2255,9.70211844623621,9.57552260623124,9.372686396335542
001,2014-10-04 12:09:01,2.6,7,8.093000000000007,8.537746047245871,8.172,8.267582015748626,8.229008910751805,8.15699381448588
001,2014-10-04 12:14:01,2.5,7,9.500000000000007,11.331385019257182,9.499500000000001,10.110295006419063,9.937238227472914,9.674551498451802
001,2014-10-04 12:19:01,2.5,7,9.236000000000002,10.033865425575392,9.1325,9.467455141858466,9.387553166170532,9.247307742712966
001,2014-10-04 12:24:01,2.5,7,12.4465,11.071815835931988,12.559499999999998,12.02593861197733,12.160754836634187,11.776463318755384
001,2014-10-04 12:29:01,2.6,7,8.692500000000003,8.650440254007872,8.603000000000002,8.648646751335958,8.648714537904333,8.627163840379891
001,2014-10-04 12:34:01,2.6,7,9.000000000000009,10.335193155527659,9.055,9.463397718509222,9.339644940178303,9.142475493507295
001,2014-10-04 12:39:01,2.7,7,8.917000000000002,9.208156681330186,8.7185,8.947885560443396,8.911712812233802,8.82037955101514
001,2014-10-04 12:44:01,2.9,7,8.570500000000006,8.774588605525821,8.362499999999999,8.569196201841942,8.540835297254402,8.45961144240875
001,2014-10-04 12:49:01,3.1,7,7.568,8.932905558758947,7.370500000000001,7.957135186252981,7.819554946138991,7.574530395913315
001,2014-10-04 12:54:01,3.3,7,8.085500000000001,8.48960736191159,8.152,8.242369120637198,8.207090133563746,8.1422071415326
001,2014-10-04 12:59:01,3.7,7,8.497500000000002,8.973045103715464,8.558,8.67618170123849,8.63389118921917,8.559393112815712
001,2014-10-04 13:04:01,4.0,7,10.601500000000005,10.650280019396147,9.928500000000001,10.39342667313205,10.359445289258714,10.184317954340823
001,2014-10-04 13:09:01,4.4,7,10.012000000000013,8.9683132642756,9.419,9.46643775475854,9.53916756022131,9.284817804373084
001,2014-10-04 13:14:01,4.9,7,9.661000000000007,9.6123813980478,9.653,9.642127132682603,9.646371616526265,9.633927471833283
001,2014-10-04 13:19:01,5.4,7,9.36900000000001,9.106377613927407,9.581500000000002,9.352292537975806,9.38638029489871,9.269765306956167
001,2014-10-04 13:24:01,5.9,7,9.809000000000003,9.138155548891307,9.713000000000001,9.55338518296377,9.612578818781468,9.44043662046241
001,2014-10-04 13:29:01,6.3,7,9.426000000000004,9.186829001935216,9.36,9.324276333978405,9.343993442086367,9.283585327038285
001,2014-10-04 13:34:01,6.7,7,8.934500000000003,8.873403651039892,9.094,8.967301217013299,8.980035028091113,8.92800072704214
001,2014-10-04 13:39:01,7.0,7,9.432000000000004,9.647439725164126,9.428999999999997,9.502813241721375,9.48232689354888,9.450690271405769
001,2014-10-04 13:44:01,7.3,7,7.214000000000002,8.41162283893951,7.3260000000000005,7.650540946313171,7.54227395478541,7.358873128977759
003,2014-10-01 08:53:15,7.7,8,10.210000000000004,9.849970188418483,10.099499999999999,10.05315672947283,10.098471679707135,9.983203078538107
003,2014-10-01 08:58:15,7.5,8,9.724000000000002,10.38737387794913,9.539000000000001,9.88345795931638,9.770096542257335,9.625723017481578
003,2014-10-01 09:00:00,8.0,8,9.259500000000005,9.833173694272773,9.2635,9.452057898090926,9.366628135739166,9.290568604060002
003,2014-10-01 09:03:15,7.4,8,8.460500000000009,10.056123687271505,8.461500000000001,8.992707895757171,8.75431419901461,8.544584035500145
003,2014-10-01 09:08:15,7.3,8,8.977500000000001,7.765427427313433,9.210500000000001,8.651142475771145,8.850197559638579,8.377641266766066
003,2014-10-01 09:13:15,7.2,8,8.2125,7.987861997312128,8.152500000000002,8.11762066577071,8.146582127154016,8.074270713654359
003,2014-10-01 09:18:15,7.0,8,8.527000000000001,8.23617813435857,8.799999999999999,8.521059378119523,8.585505115518716,8.408521415114166
003,2014-10-01 09:23:15,7.0,8,8.535500000000011,8.129756401302064,8.5825,8.415918800434024,8.480170561132647,8.331062328899822
003,2014-10-01 09:28:15,7.0,8,8.653000000000013,8.307257397256794,8.8955,8.618585799085603,8.688895503602764,8.502527757827174
003,2014-10-01 09:33:15,7.0,8,8.344500000000005,8.663725680366358,8.279000000000002,8.42907522678879,8.37633198980743,8.314137719026844
003,2014-10-01 09:38:15,7.2,8,9.424500000000002,9.462145512466087,9.3095,9.39871517082203,9.384250549257311,9.343716357329392
003,2014-10-01 09:43:15,7.4,8,8.714999999999996,8.496306332150498,8.8695,8.693602110716832,8.738160695466755,8.619951522695093
003,2014-10-01 09:48:15,7.8,8,8.967000000000004,7.060820347865467,8.7595,8.262440115955156,8.531376618738356,7.904609941731668
003,2014-10-01 09:53:15,8.2,8,8.616,7.639187341106139,8.693499999999998,8.316229113702045,8.468172884107915,8.119644533051016
003,2014-10-01 09:58:15,8.6,8,9.355000000000006,8.463872197141315,9.228000000000002,9.015624065713775,9.139045022237488,8.847344299908578
003,2014-10-01 10:03:15,9.1,8,8.4045,7.973899864067348,8.544999999999998,8.307799954689115,8.382952592886555,8.198161651039687
003,2014-10-01 10:08:15,9.6,8,8.690000000000003,7.923582901684492,8.738499999999998,8.450694300561498,8.56896503717392,8.299111686832546
003,2014-10-01 10:13:15,10.0,8,8.247499999999997,8.567329589256403,8.227,8.347276529752133,8.297901537824513,8.249554588295172
003,2014-10-01 10:18:15,10.3,8,9.322500000000007,8.733558159784762,9.1125,9.05618605326159,9.128065435056943,8.940783617372094
003,2014-10-01 10:23:15,10.5,8,7.948000000000002,8.863137407962022,7.9975,8.269545802654006,8.136580234311715,8.007485961814238
003,2014-10-01 10:28:15,10.7,8,8.491000000000003,7.11879215354531,8.115499999999999,7.908430717848437,8.084651860509567,7.643327723273224
003,2014-10-01 10:33:15,10.7,8,8.632500000000004,7.905760203265222,8.703999999999999,8.414086734421742,8.528195262396684,8.264838568608173
003,2014-10-01 10:38:15,10.8,8,7.6375000000000055,8.280990676576566,7.5945,7.837663558858857,7.73818723543635,7.640371191824553
003,2014-10-01 10:43:15,10.8,8,8.8495,8.254839295830534,8.789,8.631113098610179,8.715337089878709,8.51962331148126
003,2014-10-01 10:48:15,10.9,8,8.055500000000006,7.88749034701441,8.004000000000001,7.9823301156714725,8.003481579620003,7.949688076970042
003,2014-10-01 10:53:15,10.9,8,8.566000000000004,7.36986139892099,8.392999999999999,8.109620466306998,8.275090807903116,7.883658670592661
003,2014-10-01 10:58:15,10.8,8,8.535000000000002,7.753294355460342,8.581999999999999,8.290098118486782,8.41053848896749,8.136024952862385
003,2014-10-01 11:03:15,10.8,8,7.759000000000007,7.0957015717957885,7.618499999999999,7.491067190598598,7.579400841087195,7.3642836822724025
003,2014-10-01 11:08:15,10.7,8,10.835499999999998,10.920981632243317,10.453999999999999,10.736827210747771,10.69473133207618,10.565438309866884
003,2014-10-01 11:13:15,10.5,8,8.470000000000006,8.425607396491014,8.2585,8.384702465497007,8.375082113270281,8.310495427311803
003,2014-10-01 11:18:15,10.4,8,9.578499999999998,8.32062739772943,9.633999999999999,9.177709132576476,9.369967297720589,8.934134120543032
003,2014-10-01 11:23:15,10.2,8,10.4185,9.765201606189466,10.604499999999998,10.262733868729821,10.374666331264011,10.102262908297844
003,2014-10-01 11:28:15,10.1,8,9.493999999999998,9.206454339292565,9.542000000000002,9.414151446430855,9.460815040696502,9.350839766925809
003,2014-10-01 11:33:15,9.9,8,8.987500000000004,8.00195394856038,9.427,8.805484649520128,8.98655536953483,8.529063011820522
003,2014-10-01 11:38:15,9.7,8,8.629,7.60485978976542,8.6745,8.302786596588474,8.459344227281035,8.104404039328273
003,2014-10-01 11:43:15,9.4,8,8.852,8.446807521363727,9.194500000000003,8.831102507121244,8.917982724412479,8.682489140783845
003,2014-10-01 11:48:15,9.1,8,9.530500000000004,8.597183659247259,9.207,9.111561219749087,9.226185253755027,8.928987719753529
003,2014-10-01 11:53:15,8.9,8,8.972500000000004,8.340385632979265,8.906500000000001,8.739795210993089,8.829194054292833,8.621227319063502
003,2014-10-01 11:58:15,8.8,8,9.826500000000001,11.85130524997642,9.9075,10.528435083325475,10.23204741301665,9.951551953127538
003,2014-10-01 12:00:00,8.2,8,9.698500000000001,8.113672862329913,9.47,9.094057620776638,9.313353098288232,8.79469272532746
003,2014-10-01 12:03:15,8.7,8,8.620999999999999,8.031302024912103,8.602500000000001,8.418267341637367,8.504977573005492,8.309086216913336
003,2014-10-01 12:08:15,8.5,8,8.969000000000007,8.030211718773291,8.842,8.613737239591098,8.744281191775327,8.436682915854115
003,2014-10-01 12:13:15,8.5,8,9.623500000000009,7.823946323628659,9.634999999999998,9.027482107876223,9.297314423122318,8.69368913164336
003,2014-10-01 12:18:15,8.4,8,8.909000000000002,8.045272590251969,8.9965,8.65025753008399,8.786068940314292,8.47233154249892
003,2014-10-01 12:23:15,8.4,8,9.161999999999997,7.982494488449701,8.647,8.597164829483233,8.733864700565464,8.36290602037711
003,2014-10-01 12:28:15,8.4,8,8.408499999999998,8.714045317431466,8.487,8.536515105810489,8.496883641563645,8.442625284025747
003,2014-10-01 12:33:15,8.4,8,8.285500000000003,7.765897164585225,8.5085,8.186632388195077,8.28142732110441,8.042779718943427
003,2014-10-01 12:38:15,8.5,8,8.630000000000006,9.080060412882226,8.625,8.778353470960743,8.710706369080775,8.650053410697586
003,2014-10-01 12:43:15,8.5,8,9.068500000000006,8.287793790293973,8.934500000000002,8.763597930097994,8.869978072687472,8.6154148915052
003,2014-10-01 12:48:15,8.5,8,8.404000000000003,7.724862597986203,8.0325,8.053787532662069,8.126734725031065,7.916415500786613
003,2014-10-01 12:53:15,8.5,8,8.500000000000005,8.474049165729154,8.407,8.46034972190972,8.457080580096298,8.428806568413888
003,2014-10-01 12:58:15,8.3,8,8.95550000000001,9.088484411203961,9.077,9.04032813706799,9.029791186713734,8.990453991366206
003,2014-10-01 13:03:15,8.2,8,8.830999999999994,10.6885373462095,8.9855,9.501679115403165,9.235938999641325,8.964178926483136
003,2014-10-01 13:08:15,7.9,8,8.638000000000003,8.233133849144979,8.607500000000002,8.492877949714995,8.551042266072711,8.417326816692405
003,2014-10-01 13:13:15,7.7,8,8.722500000000002,7.9704671829209754,8.7675,8.486822394306992,8.60267436416988,8.33864436597258
003,2014-10-01 13:18:15,7.4,8,7.811500000000002,7.22515827970713,7.6995000000000005,7.5787194265690445,7.657742059527476,7.467050678998913
003,2014-10-01 13:23:15,7.2,8,9.190500000000004,9.039931389086679,9.5245,9.251643796362227,9.299816471399993,9.151744967027298
003,2014-10-01 13:28:15,6.9,8,9.258000000000004,8.64915991757718,9.565499999999998,9.15755330585906,9.272179298437537,8.979010884031283
003,2014-10-01 13:33:15,6.5,8,9.764000000000005,9.28747270909288,9.8785,9.643324236364295,9.723342575044496,9.530849160402214
003,2014-10-01 13:38:15,6.2,8,9.8335,9.138583249166636,9.8985,9.623527749722212,9.732380670647416,9.481543050638576
003,2014-10-01 13:43:15,5.9,8,9.375000000000002,9.613284771181755,9.1925,9.393594923727251,9.343956436038,9.256182735045556
003,2014-10-01 13:48:15,5.6,8,9.322000000000005,9.574825369614972,9.408000000000001,9.43494178987166,9.40376589038496,9.355080979353763
003,2014-10-01 13:53:15,5.4,8,8.477500000000003,9.014879204552042,8.073500000000001,8.521959734850682,8.410597212933872,8.214994049561284
003,2014-10-01 13:58:15,5.3,8,8.166,8.885972063423146,7.9544999999999995,8.335490687807715,8.211633836241514,8.051626143817899
003,2014-10-01 14:03:15,5.2,8,9.673000000000007,8.416697831060935,9.622,9.237232610353647,9.421070950741433,9.004246501417683
003,2014-10-01 14:08:15,5.3,8,9.439499999999999,9.084300807926077,9.508,9.343933602642025,9.402283751212716,9.26373642733247
003,2014-10-01 14:13:15,5.4,8,9.605500000000001,8.30374402298474,9.908500000000002,9.272581340994913,9.490419758157255,8.967441729080853
003,2014-10-01 14:18:15,5.6,8,9.588999999999997,8.783280187493022,9.544500000000001,9.305593395831005,9.42259046751129,9.155777885604092
003,2014-10-01 14:23:15,5.7,8,9.902,10.080866836954225,10.607000000000001,10.19662227898474,10.224073297365694,10.014248103568518
003,2014-10-01 14:28:15,5.8,8,8.547999999999998,8.233954715641673,8.493999999999998,8.425318238547222,8.468103008956644,8.365707196102036
003,2014-10-01 14:33:15,5.8,8,8.674500000000004,8.608897851233532,8.409500000000001,8.564299283744512,8.553736985716384,8.47300801870055
003,2014-10-01 14:38:15,5.8,8,9.245500000000003,8.555199106014925,9.2555,9.01873303533831,9.122669046425207,8.8894837916414
003,2014-10-01 14:43:15,5.7,8,7.201999999999998,7.884360656922781,7.330500000000001,7.472286885640926,7.380182063281843,7.267436208208455
003,2014-10-01 14:48:15,5.7,8,8.751000000000005,8.542248138825808,9.125500000000002,8.806249379608605,8.866230359729036,8.686886530892771
003,2014-10-01 14:53:15,5.6,8,8.3675,7.944197503463053,8.580499999999999,8.297399167821018,8.377033182157223,8.17343695148671
003,2014-10-01 14:58:15,5.5,8,8.282000000000004,7.64996539545139,8.139,8.023655131817131,8.107124174939013,7.902544431006554
003,2014-10-01 15:03:15,5.4,8,10.027000000000003,8.56768816352323,9.879999999999999,9.49156272117441,9.698363305229911,9.218012845074327
003,2014-10-01 15:08:15,5.2,8,6.544499999999998,2.5806184037236055,6.6085,5.244539467907868,5.841871737594854,4.500936345441193
003,2014-10-01 15:13:15,5.1,8,7.537000000000005,6.383597941073643,7.452499999999999,7.124365980357882,7.2902509413171295,6.909211675580166
003,2014-10-01 15:18:15,5.0,8,7.7025,4.891194933161389,7.314,6.635898311053796,7.0261975525660745,6.105417766253109
003,2014-10-01 15:23:15,4.9,8,9.507000000000003,11.07656674984624,8.920499999999999,9.834688916615413,9.555036852540145,9.167398287633112
003,2014-10-01 15:28:15,4.8,8,9.731000000000002,9.109556624579245,9.1615,9.33401887485975,9.383126124617245,9.200692220595277
003,2014-10-01 15:33:15,4.8,8,7.782000000000002,6.954453802399529,7.644500000000002,7.460317934133177,7.573429453200182,7.303395144738486
003,2014-10-01 15:38:15,4.8,8,9.310500000000006,9.727376217670058,9.3125,9.450125405890022,9.38797576653033,9.332868184172966
003,2014-10-01 15:43:15,4.8,8,9.505000000000004,9.808636709607136,9.214500000000001,9.50937890320238,9.441672977889418,9.3118928190571
003,2014-10-01 15:48:15,4.8,8,9.567000000000002,8.15672298791857,9.2125,8.978740995972856,9.16226565212307,8.707326755495046
003,2014-10-01 15:53:15,4.9,8,9.287000000000004,7.936684953185061,9.134500000000001,8.786061651061688,8.976149645531137,8.532396009266936
003,2014-10-01 15:58:15,4.9,8,8.767000000000005,7.011847119455744,8.3195,8.032782373151916,8.260702151725358,7.694785655108818
003,2014-10-01 16:03:15,5.0,8,10.633000000000003,10.049776220107649,10.016,10.23292540670255,10.272669987992577,10.09313038808671
003,2014-10-01 16:08:15,5.1,8,9.203000000000003,7.157013102805207,8.6675,8.342504367601737,8.607126836197006,7.948040647118211
003,2014-10-01 16:13:15,5.1,8,8.603000000000002,8.425598355016312,8.429499999999999,8.486032785005436,8.499211528766274,8.44760949587307
003,2014-10-01 16:18:15,5.2,8,8.585000000000003,7.157522314070867,8.358500000000001,8.03367410469029,8.229606964936801,7.763344542850469
003,2014-10-01 16:23:15,5.2,8,9.234500000000002,8.537771262845885,8.755999999999998,8.842757087615295,8.910109808885657,8.698592473879867
003,2014-10-01 16:28:15,5.2,8,7.320499999999999,5.813785407666535,6.935,6.689761802555512,6.885316809730712,6.3995632293648494
003,2014-10-01 16:33:15,5.3,8,8.675999999999998,8.232118161451655,7.978000000000001,8.295372720483885,8.308066945853623,8.100733371196362
003,2014-10-01 16:38:15,5.3,8,7.7940000000000005,8.33831223460689,7.608999999999998,7.913770744868963,7.818203433070714,7.6894660413442
003,2014-10-01 16:43:15,5.3,8,7.431999999999999,8.125355795285365,7.37,7.642451931761788,7.534062866867408,7.423818001351576
003,2014-10-01 16:48:15,5.4,8,7.308000000000001,6.421444942307188,7.065999999999999,6.9318149807690626,7.0457141359855795,6.760557449375849
003,2014-10-01 16:53:15,5.4,8,9.215500000000004,9.19855055372976,8.927,9.113683517909921,9.09404382740472,9.005090239110533
003,2014-10-01 16:58:15,5.5,8,10.639000000000003,7.321702831233177,10.261999999999999,9.407567610411059,9.874372666956463,8.784313081634018
003,2014-10-01 17:03:15,5.6,8,9.057500000000003,8.25175104310008,8.605,8.638083681033361,8.72372803291651,8.474711410535996
003,2014-10-01 17:08:15,5.7,8,8.835000000000006,8.496455746471359,9.0675,8.799651915490456,8.8681172502281,8.68708015755416
003,2014-10-01 17:13:15,5.7,8,7.150500000000001,6.375822822910483,7.335500000000001,6.953940940970161,7.083936956420264,6.7713395772812
003,2014-10-01 17:18:15,5.8,8,7.346,8.152578700627112,7.505000000000001,7.667859566875705,7.559534095486991,7.424984271591677
003,2014-10-01 17:23:15,5.8,8,9.131000000000007,9.481748061732818,8.9585,9.190416020577608,9.124738126214796,9.025289647939758
003,2014-10-01 17:28:15,5.8,8,9.145500000000007,8.610195914014202,9.3,9.018565304671403,9.110442227626917,8.88662498581036
003,2014-10-01 17:33:15,5.8,8,8.98,9.040791752708882,8.8615,8.960763917569627,8.942571029264679,8.89791390437448
003,2014-10-01 17:38:15,5.8,8,9.9565,8.962546514763726,9.704,9.541015504921242,9.670158680669378,9.349636579297506
003,2014-10-01 17:43:15,5.8,8,8.395000000000003,7.711987458281077,8.329499999999998,8.145495819427026,8.242539969210636,8.017573898847562
003,2014-10-01 17:48:15,5.8,8,8.405000000000003,7.669702754940635,8.5215,8.19873425164688,8.317580215877975,8.038185989013119
003,2014-10-01 17:53:15,5.7,8,9.213500000000005,8.254294420194183,9.193,8.886931473398063,9.028711968591768,8.70965552452363
003,2014-10-01 17:58:15,5.7,8,7.413000000000004,7.066686088485019,7.4590000000000005,7.312895362828342,7.368188330159658,7.23919632846493
003,2014-10-01 18:03:15,5.7,8,7.123000000000004,7.540870398528781,7.231,7.298290132842928,7.244138601479177,7.169818176168396
003,2014-10-01 18:08:15,5.7,8,8.0155,8.26825074397692,8.029,8.104250247992306,8.06751347217269,8.031889920415058
003,2014-10-01 18:13:15,5.7,8,8.484500000000004,8.087911059181359,8.6615,8.411303686393788,8.484178482165067,8.300039282127745
003,2014-10-01 18:18:15,5.6,8,7.663499999999998,7.3597340753949645,7.7,7.574411358464988,7.622615278714417,7.510598620061799
003,2014-10-01 18:23:15,5.6,8,9.653,8.491581015101856,9.5985,9.247693671700619,9.417082452636276,9.0320598325426
003,2014-10-01 18:28:15,5.6,8,6.928499999999998,7.329876826229682,6.889999999999999,7.049458942076559,6.9865130804975015,6.921886039057562
003,2014-10-01 18:33:15,5.6,8,8.818000000000001,8.746902419340632,8.794500000000001,8.786467473113545,8.7952871050993,8.772597481135222
003,2014-10-01 18:38:15,5.5,8,9.2605,9.970033121845251,9.150500000000001,9.460344373948418,9.345848493333667,9.218624017599762
003,2014-10-01 18:43:15,5.5,8,8.6285,8.377864657941032,8.618,8.541454885980345,8.578106075626822,8.494962782780393
003,2014-10-01 18:48:15,5.5,8,8.193500000000002,8.182644813309023,8.286,8.220714937769676,8.229446417556156,8.198726934543608
003,2014-10-01 18:53:15,5.4,8,9.612000000000005,8.751772013330575,9.482999999999999,9.28225733777686,9.400906516685946,9.119599970798719
003,2014-10-01 18:58:15,5.4,8,8.133500000000003,8.281868749128007,7.887499999999999,8.100956249709336,8.059875641143051,7.964258411342335
003,2014-10-01 19:03:15,5.4,8,9.001000000000001,8.842385453418672,8.991,8.944795151139557,8.967731995851663,8.915261192945978
003,2014-10-01 19:08:15,5.4,8,9.302500000000007,9.687563296967785,9.323,9.43768776565593,9.381714487032605,9.327454435637305
003,2014-10-01 19:13:15,5.3,8,8.820500000000006,7.853469244324261,8.758,8.477323081441423,8.617045137446267,8.297211477860909
003,2014-10-01 19:18:15,5.3,8,9.425,8.984699090964133,9.447,9.285566363654711,9.35306142440961,9.19975026841475
003,2014-10-01 19:23:15,5.2,8,9.768000000000011,8.805623986577462,9.5985,9.390707995525824,9.521510840140635,9.207899436095158
003,2014-10-01 19:28:15,5.1,8,8.290499999999998,7.619239458203582,8.290000000000001,8.066579819401193,8.166863211493808,7.942980430233952
003,2014-10-01 19:33:15,5.1,8,9.1685,7.664896763913222,9.021,8.618132254637741,8.831513888048436,8.336411479556302
003,2014-10-01 19:38:15,4.9,8,7.7035,7.167219486358331,7.718,7.529573162119443,7.610836234185878,7.427707460831051
003,2014-10-01 19:43:15,4.8,8,8.474499999999995,8.364755856600283,8.506,8.448418618866759,8.467241147627874,8.42140687824212
003,2014-10-01 19:48:15,4.8,8,9.258000000000006,8.747065277126211,8.9585,8.987855092375407,9.04119751181481,8.883841527536633
003,2014-10-01 19:53:15,4.8,8,8.244500000000007,8.35644477494516,8.262500000000001,8.287814924981724,8.272467856575624,8.254525980930197
003,2014-10-01 19:58:15,4.8,8,7.929500000000007,8.213161495265481,7.920500000000003,8.021053831755165,7.977968104705608,7.937930068341711
003,2014-10-01 20:03:15,4.9,8,8.587000000000003,8.853835260182644,8.737,8.725945086727549,8.69759412571742,8.635547947049995
003,2014-10-01 20:08:15,5.0,8,8.261000000000001,8.37720005198223,8.265500000000001,8.301233350660745,8.284212768562,8.268142345961099
003,2014-10-01 20:13:15,5.2,8,9.905500000000004,9.300578529665298,10.029,9.7450261765551,9.84492509506848,9.606968096686236
003,2014-10-01 20:18:15,5.3,8,8.522499999999996,9.440332520893092,8.5595,8.840777506964363,8.706448451522501,8.579250503872858
003,2014-10-01 20:23:15,5.5,8,8.489000000000004,9.017602726558287,8.599,8.701867575519431,8.631320490194877,8.542097761542351
003,2014-10-01 20:28:15,5.7,8,8.901500000000004,9.464131169608473,8.870999999999999,9.07887705653616,8.99244611386173,8.909117700081367
003,2014-10-01 20:33:15,5.8,8,9.367000000000004,9.282446468701105,9.3835,9.344315489567036,9.358220375191804,9.32518302116267
003,2014-10-01 20:38:15,5.9,8,7.2730000000000015,8.507672754779781,7.3655,7.715390918259928,7.537974662523524,7.359175512547759
003,2014-10-01 20:43:15,6.1,8,8.917000000000009,9.311201353327517,9.228,9.152067117775843,9.117054675515742,9.009298294940935
003,2014-10-01 20:48:15,6.2,8,9.035500000000006,8.388575640875057,9.1735,8.865858546958355,8.97314932395698,8.716934013021312
003,2014-10-01 20:53:15,6.3,8,11.643000000000002,10.332569649063098,11.589499999999997,11.188356549687699,11.380092363714656,10.945322107268055
003,2014-10-01 20:58:15,6.5,8,10.403500000000008,10.121340341184718,10.542,10.355613447061577,10.408427517582822,10.273736062541083
003,2014-10-01 21:03:16,6.7,8,9.004500000000002,7.769232373429789,9.075999999999999,8.61657745780993,8.806686933513474,8.373706503144728
003,2014-10-01 21:08:16,6.9,8,10.748500000000003,9.894838667616186,10.587000000000003,10.410112889205399,10.525282856472423,10.24758501805466
003,2014-10-01 21:13:16,7.2,8,11.767000000000007,10.61714364508105,11.447500000000002,11.277214548360353,11.424508533001589,11.054907689729433
003,2014-10-01 21:18:16,7.4,8,10.40200000000001,9.943057125095276,10.546000000000001,10.297019041698428,10.376676578326885,10.181406323306678
003,2014-10-01 21:23:16,7.5,8,10.18200000000001,9.700075949528298,10.33,10.070691983176102,10.154091544942544,9.94998389217934
003,2014-10-01 21:28:16,7.7,8,10.163500000000006,9.518922297582925,10.308,9.996807432527644,10.104247056179531,9.846910263285857
003,2014-10-01 21:33:16,7.9,8,9.091000000000006,8.070019081486157,9.228499999999999,8.796506360495387,8.95966253905306,8.578823994442487
003,2014-10-01 21:38:16,8.0,8,9.927500000000007,9.735399143402605,9.7295,9.797466381134205,9.810959002733343,9.753440020054713
003,2014-10-01 21:43:16,8.2,8,9.410499999999995,9.245555406389599,9.619,9.425018468796532,9.465694300880344,9.349593835066822
003,2014-10-01 21:48:16,8.4,8,8.649500000000003,8.271383536212124,8.6275,8.516127845404043,8.57094761644957,8.445783798587046
003,2014-10-01 21:53:16,8.5,8,7.945000000000001,8.173585540680687,7.905000000000002,8.007861846893563,7.970624856872917,7.928225936392076
003,2014-10-01 21:58:16,8.7,8,8.884500000000008,7.908059727650673,8.8885,8.560353242550226,8.706592473788746,8.379720771561413
003,2014-10-01 22:03:16,8.8,8,9.03700000000001,8.500067049631088,8.934000000000001,8.8236890165437,8.896019066832029,8.721415624882564
003,2014-10-01 22:08:16,8.9,8,8.558000000000002,8.527077628559207,8.604999999999999,8.563359209519737,8.571592859057047,8.547509401058353
009,2014-10-01 06:00:00,5.4,9,7.313000000000006,6.635575338662864,7.2875,7.0786917795542905,7.150879335686662,6.964195320128638
009,2014-10-02 06:15:19,6.2,9,9.257000000000005,8.926297676061258,9.165,9.116099225353755,9.146939690797838,9.058548284424306
009,2014-10-02 06:20:19,5.8,9,10.234000000000005,9.411487869314575,9.969500000000002,9.87166262310486,9.94639464794805,9.727780788826372
009,2014-10-02 06:25:19,5.2,9,12.759,10.809368211845687,12.5755,12.047956070615228,12.249622345384168,11.716141756762203
009,2014-10-02 06:30:19,4.6,9,10.227500000000003,11.2704600176293,9.913,10.470320005876435,10.339614991523305,10.110208956577692
009,2014-10-02 06:35:19,4.2,9,10.611000000000011,9.317064921922844,10.543,10.15702164064095,10.293838589159838,9.937922533421837
009,2014-10-02 06:40:19,3.9,9,8.756000000000006,8.79139393775855,8.96,8.835797979252852,8.843235272023083,8.792851196911212
009,2014-10-02 06:45:19,3.7,9,9.180500000000002,9.41002160174818,9.1015,9.230673867249394,9.20136855456706,9.14831585421872
009,2014-10-02 06:50:19,3.7,9,8.039000000000005,8.720075851469158,8.2345,8.331191950489721,8.268009898367964,8.148208928890782
009,2014-10-02 06:55:19,3.6,9,10.073500000000005,10.178861960525204,10.0515,10.10128732017507,10.088623659835035,10.06801193182951
009,2014-10-02 07:00:19,3.6,9,9.708500000000004,9.485145853883635,9.9775,9.723715284627879,9.7628588641991,9.635481105383231
009,2014-10-02 07:05:19,3.5,9,9.825,9.417568124461674,9.582500000000001,9.608356041487225,9.63920898803679,9.534762690542793
009,2014-10-02 07:10:19,3.5,9,9.963500000000002,9.267341589201893,9.913,9.714613863067298,9.78745404808755,9.596445173732956
009,2014-10-02 07:15:19,3.4,9,9.848000000000004,9.728782370642353,9.859499999999999,9.812094123547451,9.825682391191439,9.78987203523089
009,2014-10-02 07:20:19,3.4,9,10.148500000000004,9.30026643194312,10.176499999999999,9.875088810647709,9.968792590952917,9.727114576726464
009,2014-10-02 07:25:19,3.4,9,11.370500000000016,10.245692865259848,11.176999999999998,10.931064288419954,11.042565537882542,10.737804803125357
009,2014-10-02 07:30:19,3.4,9,9.819000000000004,9.014570235487751,9.62,9.484523411829251,9.560913508177894,9.34504757456467
009,2014-10-02 07:35:19,3.4,9,10.06050000000001,12.639125023209845,10.392999999999999,11.030875007736618,10.769113352586595,10.365311071866596
009,2014-10-02 07:40:19,3.5,9,10.540000000000004,10.80907304887474,10.346000000000002,10.565024349624915,10.525061723612984,10.436270167071168
009,2014-10-02 07:45:19,3.5,9,10.438500000000007,10.533380620332165,10.073500000000001,10.348460206777391,10.31796499133632,10.208850405445286
009,2014-10-02 07:50:19,3.5,9,9.880000000000006,9.385730407141311,10.035,9.766910135713774,9.829181963502737,9.654567606318704
009,2014-10-02 07:55:19,3.4,9,9.373500000000014,10.782523725176757,9.3945,9.850174575058924,9.698254549616381,9.497226362676761
009,2014-10-02 08:00:19,3.4,9,9.373499999999998,9.839890924551865,9.6875,9.633630308183955,9.600326283113846,9.496295707947839
009,2014-10-02 08:05:19,3.4,9,9.969500000000004,9.690073746311269,10.269,9.976191248770425,10.023113568591125,9.872780054439719
009,2014-10-02 08:10:19,3.3,9,10.429000000000013,11.5246699433503,10.7175,10.89038998111677,10.787308463163743,10.597755990988658
009,2014-10-02 08:15:19,3.3,9,9.69950000000001,10.288908862856188,9.499000000000002,9.829136287618732,9.754011716358356,9.61839499622753
009,2014-10-02 08:20:19,3.2,9,9.211000000000002,9.600492401162901,9.18,9.3304974670543,9.286467077755225,9.223473969392632
009,2014-10-02 08:25:19,3.1,9,10.197500000000002,10.282833960222533,10.2755,10.251944653407511,10.246987603649035,10.225444580557006
009,2014-10-02 08:30:19,3.0,9,11.218500000000004,10.286160784411747,11.130999999999998,10.878553594803916,10.975006965631339,10.719880934167263
009,2014-10-02 08:35:19,2.9,9,11.435500000000005,10.670133186280088,11.4485,11.184711062093365,11.268582291919799,11.053502610965676
009,2014-10-02 08:40:19,2.8,9,9.187500000000002,9.293755570634529,9.133500000000002,9.204918523544844,9.190387955537506,9.161255801642938
009,2014-10-02 08:45:19,2.7,9,9.844000000000007,10.501457030291704,9.942,10.095819010097237,10.029810564505743,9.925240787973282
009,2014-10-02 08:50:19,2.6,9,10.23400000000001,9.847644007685476,10.11,10.063881335895163,10.098998396046548,9.996301236764383
009,2014-10-02 08:55:19,2.5,9,9.652500000000009,9.874474634942183,9.464,9.663658211647396,9.629116717197398,9.548401892842733
009,2014-10-02 09:00:19,2.4,9,9.926000000000005,9.610849630298498,10.0625,9.866449876766168,9.90823836080302,9.787725137258516
009,2014-10-02 09:05:19,2.3,9,10.270500000000004,10.069969050283586,10.393500000000001,10.24465635009453,10.273245518794955,10.187756769956774
009,2014-10-02 09:10:19,2.3,9,9.767500000000002,10.701533120999727,9.847500000000002,10.105511040333242,10.008458835275892,9.867130435956838
009,2014-10-02 09:15:19,2.2,9,9.275500000000006,8.919575246603017,9.347,9.180691748867675,9.223315158343333,9.107348309291613
009,2014-10-02 09:20:19,2.2,9,12.60099999999999,13.08990021864801,12.722999999999997,12.804633406215999,12.758264953764703,12.674506461729425
009,2014-10-02 09:25:19,2.2,9,9.15550000000001,9.533717969570459,9.4375,9.37557265652349,9.35007823994728,9.262374118136112
009,2014-10-02 09:30:19,2.2,9,9.75500000000001,9.517433330891693,9.7235,9.665311110297234,9.689379049714493,9.624688519536875
009,2014-10-02 09:35:19,2.2,9,9.448500000000003,9.323676783075733,9.309500000000002,9.360558927691912,9.36643250983613,9.332457167009888
009,2014-10-02 09:40:19,2.2,9,12.806500000000007,13.161526156055531,12.874999999999998,12.947675385351845,12.912892576679937,12.854522720844367
009,2014-10-02 09:45:19,2.2,9,11.301000000000009,10.68428698302956,11.027999999999997,11.004428994343188,11.056332144476492,10.8949924468875
009,2014-10-02 09:50:19,2.2,9,10.982500000000007,10.965822861274768,11.125,11.024440953758258,11.034134060181168,10.994799452999839
009,2014-10-02 09:55:19,2.2,9,11.054500000000003,10.28872942252934,11.140000000000002,10.827743140843113,10.915667991383133,10.682813436553381
009,2014-10-02 10:00:19,2.2,9,10.418500000000005,9.812419902610712,10.540999999999999,10.257306634203571,10.32992848651877,10.132274299193586
009,2014-10-02 10:05:19,2.2,9,8.797500000000008,8.657551111000574,8.759999999999998,8.738350370333526,8.751480916692968,8.714025410559294
009,2014-10-02 10:10:19,2.3,9,9.1085,9.436766722651035,8.922,9.155755574217013,9.109776733977414,9.01461509028822
009,2014-10-02 10:15:19,2.3,9,9.690000000000008,8.976326127304572,9.5625,9.409608709101526,9.480093202070073,9.28688992480297
009,2014-10-02 10:20:19,2.4,9,12.355499999999992,12.55801666383472,12.335999999999999,12.41650555461157,12.393424920695018,12.359784559451228
009,2014-10-02 10:25:19,2.4,9,12.256999999999998,11.504200394693008,12.522,12.094400131564335,12.190843367123826,11.917848824675254
009,2014-10-02 10:30:19,2.4,9,9.194500000000003,8.774090290852337,9.2415,9.07003009695078,9.118304366546488,8.990452016206577
009,2014-10-02 10:35:19,2.4,9,10.631500000000003,10.209629793107174,10.764000000000001,10.53504326436906,10.588204952544805,10.439117969797795
009,2014-10-02 10:40:19,2.3,9,10.558000000000007,8.71739672702092,10.26,9.845132242340307,10.028620615433155,9.529275877158106
009,2014-10-02 10:45:19,2.2,9,9.898000000000007,10.193352180109548,9.583,9.891450726703184,9.84194089838097,9.717705941352714
009,2014-10-02 10:50:19,2.2,9,9.692000000000002,9.392162073525961,9.633,9.572387357841988,9.60169973225116,9.520716015049551
009,2014-10-02 10:55:19,2.2,9,11.175500000000005,13.15583693960536,11.349,11.893445646535122,11.687890382667593,11.387771698587663
009,2014-10-02 11:00:19,2.2,9,9.494499999999999,10.309684866200477,9.7835,9.862561622066826,9.789980678370478,9.639874110874722
009,2014-10-02 11:05:19,2.2,9,9.18650000000001,9.356517048865062,9.2495,9.26417234962169,9.24918541620735,9.217546040503779
009,2014-10-02 11:10:19,2.2,9,9.382500000000006,9.645670229944365,9.2825,9.436890076648124,9.402767608306688,9.339466493831488
009,2014-10-02 11:15:19,2.2,9,9.180500000000007,8.929971258024239,9.149,9.086490419341416,9.111966605584593,9.04368717487117
009,2014-10-02 11:20:19,2.2,9,9.903500000000006,8.50649772329232,10.0615,9.490499241097444,9.651013157795132,9.225721949386957
009,2014-10-02 11:25:19,2.2,9,10.516000000000004,9.341616710097334,10.3975,10.08503890336578,10.206074308704531,9.885000814573559
009,2014-10-02 19:00:00,3.8,9,11.986999999999998,10.670106908920085,11.450999999999999,11.369368969640028,11.482796504686478,11.136662162090492
009,2014-10-03 08:25:19,8.7,9,9.764500000000004,9.473926791160503,9.427000000000001,9.55514226372017,9.56804509805394,9.485301710959748
009,2014-10-03 08:30:00,6.2,9,9.489000000000006,9.445055449376934,9.561499999999999,9.498518483125647,9.507302533573574,9.477472214945147
009,2014-10-03 08:30:19,7.8,9,9.131000000000007,9.008977574958493,9.168500000000002,9.1028258583195,9.118156830056163,9.075235544257835
009,2014-10-03 08:35:19,7.2,9,10.0505,9.762877550234816,10.067000000000002,9.960125850078272,9.99228676580666,9.908630835952913
009,2014-10-03 08:40:19,6.8,9,9.169500000000006,10.403602833151327,8.925999999999998,9.499700944383777,9.352156272003487,9.114452769776596
009,2014-10-03 08:45:19,6.4,9,10.248000000000008,9.380421798370827,10.0745,9.90097393279028,9.98563503283132,9.751405417774091
009,2014-10-03 08:50:19,6.2,9,11.197500000000014,10.32254729281173,11.15,10.890015764270581,10.982446733988814,10.741830371378093
009,2014-10-03 08:55:19,6.1,9,10.358500000000006,10.209487507170964,10.405500000000002,10.324495835723658,10.343284522854876,10.290575833951038
009,2014-10-03 09:00:19,6.0,9,9.281500000000007,10.022817603992465,9.017000000000001,9.440439201330825,9.345271065709108,9.171468540434466
009,2014-10-03 09:05:19,5.9,9,9.263000000000003,9.247502263606025,9.2285,9.246334087868677,9.246109728418926,9.237368313282044
009,2014-10-03 09:10:19,5.7,9,9.847000000000008,9.773330680193132,10.058,9.892776893397714,9.912450364556788,9.840647364089026
009,2014-10-03 09:15:19,5.6,9,9.419500000000005,7.319502734608386,9.4635,8.734167578202797,8.964752438912797,8.372591721919001
009,2014-10-03 09:20:19,5.4,9,10.203000000000007,10.251637094073862,9.956000000000001,10.136879031357957,10.117934101976722,10.046287956550723
009,2014-10-03 09:25:19,5.2,9,9.51500000000001,8.763701063000036,9.718,9.332233687666681,9.42508485384841,9.167610791596228
009,2014-10-03 09:30:19,5.0,9,9.996000000000011,9.514760207496014,9.956500000000002,9.822420069165343,9.872519088922067,9.740636930147321
009,2014-10-03 09:35:19,4.8,9,9.318500000000004,10.326939995774811,9.1295,9.591646665258272,9.471633054903874,9.280011653241033
009,2014-10-03 09:40:19,4.7,9,8.570500000000004,9.02146647342889,8.7065,8.766155491142966,8.724682596382003,8.644557803653987
009,2014-10-03 09:45:19,4.5,9,9.620000000000003,9.804311975127884,9.657999999999998,9.694103991709294,9.676181331506395,9.645580901011542
009,2014-10-03 09:50:19,4.4,9,11.702000000000014,11.411051234686791,11.601499999999998,11.571517078228936,11.597568463084322,11.52047701429306
009,2014-10-03 09:55:19,4.3,9,10.3525,9.809324650453132,10.482000000000001,10.21460821681771,10.280783016818482,10.098840309773045
009,2014-10-03 10:00:19,4.2,9,9.858500000000001,10.330723163460322,9.619499999999999,9.936241054486773,9.871718646769079,9.742508091900548
009,2014-10-03 10:05:19,4.1,9,9.389500000000004,9.660866121194854,9.5185,9.522955373731618,9.50060776694721,9.446634764129131
009,2014-10-03 10:10:19,3.9,9,10.604500000000007,9.522315032672896,10.506499999999999,10.211105010890966,10.32325744713315,10.027004641877857
009,2014-10-03 10:15:19,3.9,9,10.152000000000003,9.609281867706333,10.148,9.96976062256878,10.028502270124289,9.878374006913628
009,2014-10-03 10:20:19,3.8,9,9.589500000000006,10.054178463081108,9.494500000000002,9.712726154360373,9.656987632122823,9.566615280288874
009,2014-10-03 10:25:19,3.9,9,8.672500000000007,9.697785042980449,8.891999999999998,9.08742834766015,8.988177521742449,8.816963593642834
009,2014-10-03 10:30:19,3.9,9,9.257500000000002,10.023718824933328,9.432,9.571072941644443,9.497479200564939,9.368249682908637
009,2014-10-03 10:35:19,4.1,9,8.871000000000004,8.086284894838128,8.834499999999998,8.59726163161271,8.680497235972016,8.46448627659678
009,2014-10-03 10:40:19,4.2,9,10.92500000000001,10.723459672642358,11.3375,10.995319890880788,11.040030085961801,10.883731354135527
009,2014-10-03 10:45:19,4.3,9,10.547500000000007,9.45263182315807,10.502,10.167377274386027,10.2838112759413,9.982236399268773
009,2014-10-03 10:50:19,4.5,9,10.825999999999999,8.991878539405347,10.693000000000001,10.170292846468449,10.36220265967388,9.858962815312097
009,2014-10-03 10:55:19,4.7,9,9.490500000000008,9.514249148676983,9.384500000000003,9.463083049558998,9.454640318120205,9.423488220842454
009,2014-10-03 11:00:19,4.8,9,9.697000000000008,9.06449100533213,9.683500000000002,9.481663668444048,9.54963510636969,9.374973406689183
009,2014-10-03 11:05:19,5.0,9,9.723499999999998,9.263475816491122,9.474,9.486991938830373,9.52317155665149,9.404405040150825
009,2014-10-03 11:10:19,5.1,9,9.187500000000002,9.96192496597785,9.22,9.456474988659282,9.374136114688742,9.261088476039596
009,2014-10-03 11:15:19,5.2,9,10.785000000000002,10.693339303949374,10.617,10.69844643464979,10.699113217953396,10.656869165692965
009,2014-10-03 11:20:19,5.3,9,10.165000000000004,8.993027201327628,9.9385,9.698842400442544,9.813642769925613,9.496960899377452
009,2014-10-03 11:25:19,5.3,9,9.758000000000004,9.214164853131747,9.71,9.560721617710584,9.617151115712142,9.468230849117312
009,2014-10-03 11:30:19,5.4,9,8.942500000000006,6.95646142108439,8.685,8.194653807028132,8.39618273341663,7.855173716034376
009,2014-10-03 11:35:19,5.4,9,9.349500000000004,9.387369054711089,9.357999999999999,9.364956351570363,9.361312228614487,9.35494046520169
009,2014-10-03 11:40:19,5.6,9,10.176500000000004,10.155785209883467,10.486500000000001,10.272928403294491,10.29232409009543,10.21106374216492
009,2014-10-03 11:45:19,5.6,9,9.758000000000003,9.264112691554196,9.7455,9.589204230518066,9.642170610316509,9.505855591131823
009,2014-10-03 11:50:19,5.7,9,11.63550000000001,11.572686993593159,11.967,11.725062331197721,11.75022082117414,11.652066426070515
009,2014-10-03 11:55:19,5.8,9,10.969500000000005,12.057729577666906,10.986500000000001,11.337909859222306,11.220620851009171,11.065265627017402
009,2014-10-03 12:00:00,8.1,9,10.104499999999998,8.883371525353937,10.1045,9.697457175117977,9.830125022000532,9.492022568653983
009,2014-10-03 12:00:19,5.8,9,9.952000000000009,9.45678018142655,10.2,9.869593393808852,9.93711200453919,9.739577082292506
009,2014-10-03 12:05:19,5.8,9,9.298000000000004,9.500049181596298,9.587,9.461683060532101,9.455715411679176,9.381403075848464
009,2014-10-03 12:10:19,5.7,9,9.163999999999998,9.122232290113255,9.1245,9.136910763371084,9.139263934778214,9.129061511097088
009,2014-10-03 12:15:19,5.4,9,10.233000000000002,8.163685162095272,10.651000000000002,9.682561720698425,9.930497932432102,9.255715340664405
009,2014-10-03 12:20:19,4.9,9,9.331000000000001,10.42888485107963,9.507,9.755628283693211,9.646084097484296,9.469955530125672
009,2014-10-03 12:25:19,4.2,9,10.104500000000007,9.714476851267609,9.888499999999999,9.90249228375587,9.932919517141551,9.832379484883585
009,2014-10-03 12:30:19,3.3,9,8.999,9.00493843140528,8.966999999999999,8.990312810468426,8.987897815033834,8.978666814735542
009,2014-10-03 12:35:19,2.7,9,9.684000000000005,8.779260951478216,9.697,9.38675365049274,9.485766787735374,9.232098133144744
009,2014-10-03 12:40:19,2.2,9,8.7675,8.824811038970896,8.747499999999999,8.779937012990299,8.772604393762995,8.759285405902796
009,2014-10-03 19:00:00,11.8,9,11.021500000000001,9.69052938694644,10.925499999999998,10.545843128982147,10.685135158183499,10.319930349596905
009,2014-10-04 12:45:00,6.4,9,11.698000000000006,12.556299474668782,11.884500000000003,12.046266491556262,11.963332456655785,11.819668012203824
009,2014-10-04 16:00:00,6.9,9,11.309499999999998,9.620096014119033,11.248999999999999,10.72619867137301,10.906395605170415,10.440724657738532
009,2014-10-04 19:00:00,6.9,9,9.545000000000009,9.254308969786385,9.335500000000001,9.378269656595466,9.398264581908622,9.325003191388767
