subject,timestamp,glucose,fold,RandomForest,GradientBoosting,Bagging,PlainAverage,WeightedAverage,Choquet
001,2014-10-01 19:39:00,9.2,1,7.530000000000001,7.215510433039428,7.581500000000001,7.442336811013143,7.481760074758931,7.356237419639076
001,2014-10-01 19:49:00,8.7,1,9.567000000000005,9.903368673498116,9.296,9.588789557832706,9.53481570101685,9.39312874723421
001,2014-10-01 20:09:00,7.9,1,8.453000000000005,8.053742258038936,8.658000000000001,8.388247419346314,8.445932264340435,8.246775530610146
001,2014-10-01 20:19:00,7.8,1,9.318999999999999,10.186038123908428,9.124,9.543012707969476,9.431424672978393,9.229864505694353
001,2014-10-01 20:34:00,7.5,1,7.988500000000007,8.582004869606076,7.981999999999999,8.184168289868694,8.114728315921385,8.018027149968537
001,2014-10-01 21:04:00,8.2,1,7.456000000000007,7.152309723439682,7.3295,7.3126032411465625,7.34103513220419,7.241870665051396
001,2014-10-01 21:14:00,8.3,1,8.313500000000005,8.827008305719353,8.531500000000001,8.557336101906452,8.509485082069169,8.392178192433622
001,2014-10-01 21:19:00,8.3,1,8.085,7.4124020478764905,8.1665,7.887967349292164,7.97071537165678,7.710425526115152
001,2014-10-01 21:34:00,7.9,1,8.389000000000008,7.692634864582709,8.509,8.19687828819424,8.284498290360318,8.004856684584496
001,2014-10-01 21:39:00,7.8,1,9.319500000000009,9.38346648255578,9.181000000000001,9.294655494185262,9.279635557195347,9.22442653508661
001,2014-10-01 21:49:00,7.5,1,7.406999999999997,6.959807674368074,7.410500000000001,7.259102558122692,7.311347557118601,7.152736985993824
001,2014-10-01 21:54:00,7.4,1,7.971000000000003,7.477483700980576,8.0135,7.820661233660193,7.880431186965593,7.694376186896549
001,2014-10-02 11:19:00,14.1,1,10.017000000000001,9.611417084196846,10.053999999999998,9.894139028065615,9.943372675812041,9.789877638523876
001,2014-10-02 11:24:00,14.2,1,9.958500000000008,10.89222343917627,9.736,10.195574479725426,10.07472031474706,9.853594420444908
001,2014-10-02 11:29:00,14.3,1,9.261500000000002,8.688987033560823,9.633000000000001,9.19449567785361,9.281453011074275,8.973769105204886
001,2014-10-02 11:59:00,14.6,1,8.577000000000004,8.818960041789467,8.690499999999998,8.69548668059649,8.673529311168922,8.616501516890883
001,2014-10-02 12:04:00,14.4,1,8.886500000000002,8.077633128936004,8.5915,8.518544376312002,8.59656448591067,8.32983507299665
001,2014-10-02 12:24:00,13.5,1,7.873000000000002,7.951293834970301,7.8465000000000025,7.890264611656768,7.879701926632176,7.858611131002494
001,2014-10-02 12:34:00,13.3,1,10.290500000000009,9.003568652389104,10.106499999999999,9.80018955079637,9.939927082185108,9.49779728073311
001,2014-10-02 12:49:00,12.8,1,10.476000000000004,9.831259155173791,10.593,10.300086385057933,10.381533211147852,10.120941772299933
001,2014-10-02 12:59:00,12.3,1,8.869000000000002,9.500834936331106,8.837,9.068944978777036,8.99364882602397,8.882551019167547
001,2014-10-02 13:19:00,11.7,1,9.131500000000011,8.720561740824104,9.107,8.986353913608038,9.03284766406483,8.889537004064993
001,2014-10-02 13:29:00,11.4,1,10.355500000000012,9.01456432057014,10.589500000000001,9.986521440190051,10.155404383611344,9.616086557949629
001,2014-10-02 13:34:00,11.2,1,8.229500000000005,8.382153414569087,8.161499999999998,8.257717804856362,8.236230077388239,8.189800283027402
001,2014-10-02 13:49:00,10.6,1,10.262500000000006,10.105427285168117,10.545499999999999,10.304475761722706,10.338235652421814,10.202201872623121
001,2014-10-02 14:04:00,10.1,1,11.201000000000006,10.382766514896451,10.853000000000002,10.812255504965487,10.888467474215195,10.621734576394367
001,2014-10-02 14:24:00,10.4,1,8.403000000000002,9.411152625882947,8.395,8.73638420862765,8.618596827621452,8.455324538694498
001,2014-10-02 15:04:00,11.3,1,9.245500000000005,9.35628997445598,9.261000000000001,9.287596658151996,9.275548256224544,9.255369561624677
001,2014-10-02 15:29:00,10.7,1,9.563000000000006,9.168715085935785,9.164,9.29857169531193,9.32264661672672,9.206681782199151
001,2014-10-02 15:44:00,10.1,1,8.423500000000008,7.51476954565348,8.347999999999999,8.095423181884495,8.197071348624696,7.881487265126813
001,2014-10-02 15:59:00,9.8,1,8.971500000000004,9.137190558617945,9.0375,9.048730186205985,9.033053011007887,8.995908534794468
001,2014-10-02 16:14:00,9.7,1,8.192500000000006,7.481081185928428,8.179,7.950860395309479,8.032931915279802,7.783032502245869
001,2014-10-02 16:49:00,8.9,1,9.571000000000007,11.402292605995864,9.402000000000001,10.125097535331959,9.902691268763437,9.555905476628551
001,2014-10-02 17:39:00,11.3,1,9.068500000000006,9.047751543771517,9.196,9.10408384792384,9.113471607875624,9.069812968584582
001,2014-10-02 17:59:00,13.1,1,10.180500000000006,8.679830357712692,10.142500000000002,9.667610119237567,9.840211317025853,9.313665057934443
001,2014-10-02 18:49:00,11.6,1,8.366000000000005,9.126253866953794,8.6165,8.702917955651266,8.62812286261251,8.466203824902191
001,2014-10-02 19:14:00,11.0,1,9.527500000000009,9.953846532036696,9.585499999999998,9.688948844012232,9.642493578496254,9.565109176026978
001,2014-10-02 19:34:00,10.7,1,9.892500000000009,9.805615550598766,9.955500000000002,9.88453851686626,9.898097240820244,9.849515708757954
001,2014-10-02 19:59:00,10.8,1,9.204999999999998,9.010823546318157,9.1455,9.12044118210605,9.139789608357132,9.075054378270188
001,2014-10-02 20:14:00,12.3,1,9.611500000000003,9.02569133325716,9.681999999999999,9.439730444419054,9.511774555534911,9.285209295936209
001,2014-10-02 20:34:00,15.9,1,11.428500000000001,10.682811018220432,11.646500000000001,11.252603672740145,11.351324363238616,11.026362159890573
001,2014-10-02 20:39:00,16.7,1,9.849,9.406213874448738,9.649000000000001,9.63473795814958,9.67534122183679,9.531725782942456
001,2014-10-02 21:24:00,17.9,1,8.325500000000005,8.86722790004938,8.334499999999998,8.509075966683127,8.446510531053358,8.358709544333347
001,2014-10-03 06:39:01,2.2,1,9.161500000000009,9.209748808844479,9.322,9.231082936281496,9.234244030095208,9.186705678418555
001,2014-10-03 06:54:01,2.2,1,7.099500000000006,7.86158424603238,7.1065,7.355861415344129,7.267536926039096,7.144942507731637
001,2014-10-03 06:59:01,2.2,1,10.725500000000006,10.11385223396144,10.829500000000001,10.556284077987149,10.633167905704541,10.387945966968509
001,2014-10-03 07:14:01,2.2,1,11.14700000000001,14.211573387183927,11.1355,12.164691129061312,11.80734309449213,11.315195584531034
001,2014-10-03 07:19:01,2.2,1,10.964000000000006,9.59712148417087,10.815,10.458707161390292,10.609664668682637,10.137179727691702
001,2014-10-03 07:24:01,2.2,1,11.669500000000006,9.247011946147195,11.855500000000005,10.92400398204907,11.216155619598846,10.309328028751587
001,2014-10-03 07:44:01,2.2,1,7.978000000000011,8.056080687383487,7.803999999999999,7.946026895794499,7.927422656147323,7.858426200011708
001,2014-10-03 07:49:01,2.2,1,9.056500000000002,9.012834529177885,8.9955,9.021611509725963,9.023358289750611,9.005051392685171
001,2014-10-03 08:09:01,2.2,1,9.189000000000004,8.91850719602735,9.4225,9.176669065342452,9.220924140175509,9.059026215464268
001,2014-10-03 08:29:01,2.2,1,8.727500000000003,8.603411597256759,8.607,8.64597053241892,8.653824725227809,8.617587567883
001,2014-10-03 08:39:01,2.2,1,10.14200000000001,10.155981008764705,10.562999999999999,10.286993669588238,10.308389587764323,10.187859679424513
001,2014-10-03 08:49:01,2.2,1,7.988499999999999,8.19461873676272,8.067,8.083372912254239,8.063673450594806,8.01805212714615
001,2014-10-03 09:24:01,3.5,1,8.99,9.250913277578196,8.988000000000001,9.076304425859398,9.045824508433162,9.003591982714212
001,2014-10-03 09:34:01,3.5,1,7.847000000000004,8.710892658647971,8.087,8.214964219549325,8.127531261002003,7.950803313825613
001,2014-10-03 10:04:01,3.5,1,10.982500000000005,10.00531627438399,10.325500000000002,10.437772091461332,10.515587661882133,10.212059442748927
001,2014-10-03 10:14:01,3.8,1,9.166500000000001,9.014770261030243,9.212,9.131090087010081,9.151239835310275,9.084792240572328
001,2014-10-03 10:44:01,5.2,1,7.401500000000002,8.610756289957795,7.412000000000003,7.808085429985933,7.6679011130457475,7.473470170559269
001,2014-10-03 10:49:01,5.6,1,7.828000000000011,8.838425603872198,7.8454999999999995,8.170641867957402,8.053984434396959,7.890102840340552
001,2014-10-03 10:54:01,6.1,1,9.36800000000001,8.004351840035932,9.6385,9.00361728001198,9.177140060430244,8.61941233528583
001,2014-10-03 11:19:01,8.5,1,9.062500000000007,9.634854644608266,8.8725,9.189951548202759,9.11293837451963,8.959967830120341
001,2014-10-03 11:29:01,9.3,1,8.827000000000002,8.277733504624605,8.8965,8.667077834874869,8.73481371676267,8.521412803333156
001,2014-10-03 12:14:01,9.8,1,8.648500000000011,8.824431296999935,8.381499999999999,8.618143765666648,8.583063714385508,8.468246182887714
001,2014-10-03 12:19:01,9.7,1,9.471500000000004,9.808482896833075,9.4505,9.576827632277693,9.536454084723024,9.475922851335463
001,2014-10-03 12:24:01,9.5,1,9.32150000000001,7.669467231079425,9.328000000000001,8.772989077026478,8.965642661883647,8.381531131326199
001,2014-10-03 13:14:01,11.3,1,8.069500000000003,7.286238710823978,7.973500000000001,7.776412903607994,7.862335257281198,7.592248309847644
001,2014-10-03 13:29:01,11.8,1,10.808000000000007,9.283416481965158,10.798000000000002,10.296472160655055,10.473388197552444,9.936671276521976
001,2014-10-03 13:39:01,12.2,1,9.207000000000004,9.464191876769476,9.338,9.336397292256493,9.313623949752996,9.251321444616774
001,2014-10-03 13:44:01,12.4,1,9.987000000000002,9.619684468206268,10.131,9.912561489402089,9.963192311538608,9.79268259812746
001,2014-10-03 14:14:01,13.0,1,9.629000000000003,8.625842571367036,9.617500000000001,9.290780857122348,9.406920391799739,9.054073320521233
001,2014-10-03 14:29:01,13.7,1,8.91450000000001,9.689469619072026,8.7105,9.104823206357345,9.003459844131289,8.81364776834021
001,2014-10-03 14:49:01,14.2,1,9.762500000000005,8.841833174233498,9.729000000000001,9.444444391411167,9.549778825958619,9.227374438714264
001,2014-10-03 15:34:01,16.6,1,8.293500000000005,8.704949531415568,8.277999999999999,8.425483177138524,8.37674242526107,8.306130810337308
001,2014-10-03 16:24:01,21.6,1,9.876000000000008,9.894114926716332,9.886499999999998,9.885538308905446,9.884003930775675,9.879408601189507
001,2014-10-03 16:34:01,22.2,1,9.408500000000005,8.844332788359166,9.532499999999999,9.261777596119723,9.334228388523636,9.10003965144407
001,2014-10-03 16:54:01,22.2,1,9.09500000000001,8.369678493990198,8.793000000000001,8.752559497996735,8.820472040511797,8.583623729441818
001,2014-10-03 16:59:01,22.2,1,8.754000000000005,9.953567725460923,9.0285,9.245355908486976,9.120736775792107,8.884898339544156
001,2014-10-03 17:09:01,22.2,1,9.4305,10.162259337048766,9.0225,9.538419779016257,9.430929939726175,9.181701463905345
001,2014-10-03 17:14:01,22.2,1,8.65800000000001,9.226340059478321,8.7085,8.864280019826111,8.800886424316618,8.702092321991707
001,2014-10-03 17:44:01,22.2,1,9.177000000000007,9.16666254171063,9.1615,9.168387513903545,9.168743151521351,9.16406503521146
001,2014-10-03 17:59:01,22.2,1,8.072500000000012,10.427852703639681,8.008000000000001,8.836117567879898,8.558425043631214,8.16208230113372
001,2014-10-03 18:04:01,22.2,1,8.908500000000005,9.41977039074052,8.676499999999999,9.001590130246841,8.929390356000399,8.772504377573027
001,2014-10-03 18:29:01,22.2,1,10.247000000000003,9.407009071114793,10.530500000000002,10.061503023704931,10.174782559695453,9.797911865036372
001,2014-10-03 18:34:01,22.2,1,11.452,9.972576812937858,11.573999999999998,10.999525604312618,11.17840365084153,10.62220326709335
001,2014-10-03 18:49:01,22.2,1,10.87850000000001,9.954388746067842,11.274,10.702296248689285,10.831492435904773,10.393046215131205
001,2014-10-03 19:04:01,22.2,1,9.013000000000009,8.730437065375183,8.894,8.879145688458395,8.905528491847965,8.813343685502446
001,2014-10-03 19:09:01,22.2,1,8.755000000000004,8.3452914013441,8.511000000000001,8.537097133781367,8.57144390547883,8.442224410556182
001,2014-10-03 19:19:01,22.2,1,10.868,11.3478421211307,10.643500000000001,10.953114040376901,10.884982699480284,10.735543142782678
001,2014-10-04 06:39:01,6.9,1,8.5715,7.78318643144373,8.265,8.206562143814578,8.2815609272454,8.022791076739434
001,2014-10-04 07:09:01,9.0,1,8.865500000000008,8.619228456412742,9.003499999999997,8.829409485470917,8.86562255388082,8.739485161819802
001,2014-10-04 07:14:01,9.0,1,8.619499999999999,8.336377198136999,8.648000000000001,8.534625732712334,8.569140070353681,8.461229131364949
001,2014-10-04 08:24:01,5.9,1,9.326500000000006,9.08500777919873,9.2085,9.206669259732912,9.228326081874167,9.15055441785655
001,2014-10-04 08:49:01,4.7,1,9.265500000000003,9.422894804566122,8.929,9.205798268188708,9.169075119592272,9.03462329818162
001,2014-10-04 09:04:01,4.2,1,8.197000000000005,8.126118931709945,8.031,8.118039643903316,8.117212185968883,8.06572551710651
001,2014-10-04 09:19:01,4.3,1,8.896999999999998,8.595053447554076,8.857500000000002,8.783184482518026,8.816171190786582,8.712207967995727
001,2014-10-04 09:59:01,7.1,1,8.887500000000003,9.003576872495007,8.695500000000001,8.86219229083167,8.838180890664926,8.757278613623246
001,2014-10-04 10:09:01,7.7,1,8.413999999999998,6.979498229149232,7.949,7.780832743049743,7.922380496728227,7.445723966768924
001,2014-10-04 11:44:01,3.2,1,9.75650000000001,8.36275336304772,9.5655,9.22825112101591,9.380039238751317,8.900697966203051
001,2014-10-04 12:09:01,2.6,1,8.436499999999999,8.426372259863818,8.462,8.441624086621273,8.444197488943463,8.433358799000578
001,2014-10-04 12:54:01,3.3,1,9.204500000000003,8.161498150191438,9.463000000000003,8.942999383397149,9.078542394813907,8.637247180713276
001,2014-10-04 13:24:01,5.9,1,9.486000000000004,8.806911646236442,9.2475,9.18013721541215,9.246140815501954,9.021636260008652
001,2014-10-04 13:34:01,6.7,1,8.363500000000002,9.043923678111113,8.4715,8.626307892703705,8.553012177217116,8.427000001322007
001,2014-10-04 13:39:01,7.0,1,8.655000000000008,9.50335148818827,8.677,8.945117162729426,8.847571396245447,8.708787889172187
002,2014-10-01 19:27:01,4.0,1,10.009499999999996,9.489837528938112,9.8525,9.783945842979369,9.835849133785405,9.662463088626616
002,2014-10-01 19:30:00,4.2,1,8.450500000000002,8.35681495440964,8.521,8.442771651469881,8.457532125172401,8.404415733212133
002,2014-10-02 07:02:01,2.2,1,10.61500000000001,8.999594589464346,10.3725,9.995698196488119,10.170471205297776,9.616210787196582
002,2014-10-02 07:07:01,2.2,1,9.644000000000007,10.28139147015569,9.662,9.862463823385232,9.789255246120934,9.684743823375305
002,2014-10-02 07:17:01,2.2,1,11.127000000000008,11.476087054427339,10.956499999999998,11.18652901814245,11.136570795988069,11.025520828978742
002,2014-10-02 07:42:01,6.9,1,8.948500000000003,8.243976329235819,8.661999999999999,8.61815877641194,8.68449808391087,8.454015521535677
002,2014-10-02 07:47:01,8.1,1,9.803000000000004,9.878937423193431,9.748999999999999,9.810312474397811,9.798520179252952,9.768867034519563
002,2014-10-02 08:07:01,11.7,1,10.175000000000011,10.092790374188677,10.2745,10.180763458062897,10.195774111886976,10.138435329968669
002,2014-10-02 08:42:01,11.3,1,9.278500000000003,9.230438323954692,9.044500000000001,9.184479441318231,9.177277054283948,9.102895588569375
002,2014-10-02 09:17:01,7.8,1,9.124499999999998,10.08511762277281,9.294500000000001,9.50137254092427,9.398852603001037,9.218097999726353
002,2014-10-02 09:37:01,5.7,1,9.287000000000004,7.829036752717434,9.063500000000001,8.726512250905813,8.883997905826915,8.384045723650933
002,2014-10-02 09:47:01,4.8,1,9.615000000000007,9.556133089627906,9.200500000000002,9.457211029875973,9.441395338441163,9.308724645656877
002,2014-10-02 09:57:01,3.8,1,10.304500000000003,8.97996535263762,10.355500000000001,9.879988450879209,10.036954537675467,9.555584237367842
002,2014-10-02 10:12:01,2.8,1,8.232500000000005,8.086624159396644,8.040000000000001,8.119708053132216,8.126160843578146,8.068670123539016
002,2014-10-02 10:27:01,3.4,1,9.827500000000008,10.265558396747622,9.4595,9.850852798915875,9.779737505258296,9.590317567795932
002,2014-10-02 11:02:01,8.3,1,8.095500000000005,7.95510186978335,8.165500000000002,8.072033956594453,8.092204532253017,8.022766656104604
002,2014-10-02 11:07:01,8.4,1,8.780000000000006,8.279460192021881,8.819500000000001,8.626320064007297,8.686743498483008,8.499068260622064
002,2014-10-02 11:42:01,8.7,1,8.629000000000003,8.79311636429724,8.6505,8.690872121432415,8.672944602521895,8.643290955882525
002,2014-10-02 12:02:01,7.2,1,7.6389999999999985,7.913839730770646,7.591500000000001,7.714779910256882,7.6801906724179565,7.620950490751207
002,2014-10-02 12:27:01,5.8,1,8.83950000000001,8.19164092404672,8.7335,8.58821364134891,8.657828181948666,8.43608593826159
002,2014-10-02 12:57:01,5.6,1,10.228500000000004,7.694588422159587,10.280000000000003,9.401029474053198,9.698795479894324,8.791037999920068
002,2014-10-02 13:42:01,7.7,1,7.882500000000004,7.864702025500207,7.843500000000002,7.863567341833405,7.863506240619222,7.851449812709204
002,2014-10-02 15:02:01,2.2,1,10.889500000000007,9.228182155270005,10.891000000000002,10.336227385090003,10.529688325113966,9.943729598983602
002,2014-10-02 15:37:01,2.2,1,7.820500000000001,8.993420286901596,7.454000000000001,8.089306762300533,7.932734906619701,7.626685445256772
002,2014-10-02 15:57:01,4.7,1,9.738999999999995,9.534041095894082,9.635,9.63601369863136,9.654183630561434,9.588417015684104
002,2014-10-02 16:27:01,13.0,1,9.993500000000013,8.84361519062965,10.312999999999999,9.716705063543221,9.868025269255162,9.371670183340875
002,2014-10-02 17:02:01,18.4,1,10.442500000000011,9.871227750446034,10.4465,10.253409250148682,10.320124608832522,10.117639561653432
002,2014-10-02 17:17:01,20.0,1,7.785999999999997,7.487179683983815,7.6615,7.644893227994604,7.6728676256557815,7.575295130694005
002,2014-10-02 17:22:01,20.4,1,11.086000000000004,10.291698734361834,11.0125,10.796732911453944,10.885170790922965,10.609792806733026
002,2014-10-02 17:52:01,21.0,1,11.799999999999997,9.569368309343929,11.794999999999998,11.054789436447976,11.31416355936354,10.528288996177617
002,2014-10-02 18:07:01,20.9,1,10.713000000000001,11.268645048555289,10.861500000000001,10.947715016185098,10.89115847922477,10.77844346706429
002,2014-10-02 18:22:01,20.4,1,9.399500000000003,9.765133136445971,9.552499999999998,9.572377712148658,9.538184827196575,9.45502042870597
002,2014-10-02 18:27:01,20.3,1,10.452,10.111307266918228,10.546500000000002,10.36993575563941,10.4147606423024,10.267744870595205
002,2014-10-02 18:52:01,19.4,1,10.169500000000006,9.555370670272872,10.219000000000001,9.981290223424294,10.055482453832875,9.824921957802337
002,2014-10-02 19:02:01,19.0,1,10.250999999999994,9.06934951959091,10.282,9.867449839863635,10.006690335145777,9.5813808395196
002,2014-10-03 07:02:02,9.9,1,10.334500000000002,10.002057810068404,10.215499999999999,10.184019270022802,10.216208064128175,10.106443324652549
002,2014-10-03 07:22:02,10.6,1,9.39000000000001,9.159637977411005,9.526499999999999,9.358712659137005,9.392991813990005,9.272889327524641
002,2014-10-03 07:27:02,10.4,1,9.597000000000007,9.151572007322935,9.886999999999999,9.545190669107647,9.612898187149003,9.373238191369353
002,2014-10-03 07:57:02,6.3,1,10.338000000000013,10.101466886805708,10.237,10.225488962268573,10.247498222539113,10.170416617673023
002,2014-10-03 11:02:02,3.9,1,6.140500000000003,6.4756826153251685,6.2855,6.300560871775057,6.269474957422954,6.192465109029648
002,2014-10-03 12:00:00,3.7,1,7.818000000000003,7.900383636553724,7.980499999999999,7.899627878851242,7.898925022094779,7.8495534557984845
002,2014-10-03 12:02:02,6.1,1,9.73150000000001,9.53063024767215,9.864,9.708710082557387,9.739337561422646,9.63076988142765
002,2014-10-03 12:12:02,8.2,1,8.505000000000011,8.028567875068518,8.58,8.37118929168951,8.430747966285878,8.241449651323471
002,2014-10-03 13:17:02,12.3,1,8.395000000000005,7.937065917197425,8.264999999999999,8.199021972399143,8.245216577614066,8.091906690797519
002,2014-10-03 14:12:02,11.2,1,7.780500000000002,8.03306107975635,7.869499999999999,7.894353693252117,7.869822516425756,7.815091241871745
002,2014-10-03 14:32:02,10.1,1,8.389500000000002,8.437666121428096,8.312999999999999,8.380055373809366,8.370265220978839,8.337725243217477
002,2014-10-03 14:42:02,9.1,1,9.413,10.047083794035382,9.587,9.68236126467846,9.618068910504926,9.488704157732965
002,2014-10-03 15:37:02,4.7,1,7.681999999999996,8.168430858785975,7.7735,7.874643619595322,7.823026505685182,7.730615995647435
002,2014-10-03 16:37:02,4.0,1,8.155000000000006,7.896230430297985,8.078000000000001,8.04307681009933,8.068986907466074,7.982574735496344
002,2014-10-03 17:42:02,9.7,1,7.389000000000005,7.415140605401626,7.472,7.425380201800544,7.4268764509379155,7.40224873994868
002,2014-10-03 17:52:02,9.4,1,7.995500000000003,7.630132948480406,7.876500000000001,7.834044316160136,7.870065594121242,7.7486964940456975
002,2014-10-03 17:57:02,9.2,1,7.658500000000003,7.924250693382946,7.849500000000001,7.810750231127649,7.790261867880393,7.7168335950532025
002,2014-10-03 18:37:02,7.6,1,8.526000000000002,8.30508521420539,8.362,8.397695071401797,8.4144410491829,8.346784118744896
002,2014-10-03 18:47:02,7.4,1,8.694500000000007,8.739716658227222,8.579999999999998,8.671405552742408,8.65988060568965,8.615460143470736
002,2014-10-03 18:57:02,7.3,1,9.141000000000002,8.639164115449748,9.355,9.045054705149917,9.115171924298922,8.877295956179323
002,2014-10-03 19:47:02,11.3,1,8.547000000000004,9.036344378280548,8.579,8.720781459426851,8.665571319506665,8.582376850369707
002,2014-10-03 19:57:02,10.9,1,7.363500000000007,7.569106937511262,7.377000000000001,7.43653564583709,7.4133410886680755,7.378376533736918
002,2014-10-03 20:22:02,10.0,1,7.711500000000002,7.886003761089357,7.481,7.692834587029786,7.65991678581872,7.5571897920058895
002,2014-10-04 07:02:02,14.9,1,8.606000000000002,8.662658998938795,8.431500000000002,8.566719666312933,8.550581587087049,8.484836659612096
002,2014-10-04 07:17:02,14.1,1,10.4395,10.248248739046014,10.458499999999999,10.382082913015338,10.405383791071259,10.332561079688581
002,2014-10-04 07:47:02,14.1,1,8.674500000000004,8.93342072886605,8.446500000000002,8.684806909622019,8.642199614582971,8.52683138278374
002,2014-10-04 08:02:02,11.9,1,9.516000000000009,9.94210497772607,9.386500000000002,9.614868325908693,9.558187323472009,9.448188381483547
002,2014-10-04 09:02:02,2.2,1,11.6455,10.833747494119315,11.527000000000001,11.335415831373105,11.423424126114817,11.14469545465059
002,2014-10-04 09:47:02,2.2,1,7.3400000000000025,7.518682225317544,7.303000000000001,7.387227408439183,7.364405207581194,7.323902574807278
002,2014-10-04 09:57:02,2.2,1,10.023499999999997,9.307014413107604,10.0885,9.806338137702534,9.89329238154153,9.622237928895547
002,2014-10-04 10:07:02,2.2,1,8.346000000000002,9.093525867208127,8.2815,8.573675289069376,8.483135271960842,8.343036500456803
002,2014-10-04 10:47:02,11.0,1,7.3595,7.293628123892813,7.327499999999999,7.326876041297605,7.332793596537119,7.311568177734783
002,2014-10-04 11:07:02,14.3,1,7.484500000000004,8.01059065473172,7.537000000000001,7.677363551577241,7.618997199677298,7.526611115256104
002,2014-10-04 11:12:02,14.9,1,9.690000000000007,9.917911566164195,9.790500000000002,9.799470522054735,9.778437474094654,9.725763665961086
002,2014-10-04 11:32:02,15.9,1,10.047500000000003,9.34521724488654,9.907499999999999,9.766739081628847,9.840829222480464,9.602020919004495
002,2014-10-04 11:42:02,15.7,1,7.6585,8.00847917299532,7.591500000000001,7.7528263909984405,7.7084244528731745,7.6308713012951745
002,2014-10-04 11:47:02,15.4,1,7.840000000000003,8.829364387009552,7.941500000000001,8.20362146233652,8.094009300207878,7.919817878264334
002,2014-10-04 11:52:02,15.2,1,9.434500000000009,9.255684239101289,9.4725,9.387561413033767,9.410453844776608,9.33659777844828
002,2014-10-04 11:57:02,14.8,1,9.018500000000005,8.406244154312215,9.1605,8.861748051437408,8.940780774602715,8.684512029627939
002,2014-10-04 12:17:02,13.4,1,8.572500000000005,8.20289937264564,8.774500000000002,8.516633124215216,8.570701792411402,8.382852899014768
002,2014-10-04 12:22:02,13.2,1,8.955500000000004,8.546889636376834,8.999500000000001,8.833963212125614,8.883932068105409,8.727374549020999
002,2014-10-04 12:27:02,13.0,1,9.806000000000006,8.040005572263203,9.619000000000002,9.15500185742107,9.350338705695473,8.739549888146605
002,2014-10-04 13:17:03,15.3,1,9.341000000000003,9.814893293923607,9.335500000000001,9.497131097974538,9.441668707523995,9.3643553956411
002,2014-10-04 13:27:03,14.6,1,9.262500000000008,9.506168441182199,9.500499999999999,9.423056147060736,9.407708477486315,9.330152832243927
002,2014-10-04 14:02:03,10.5,1,8.901000000000007,9.065660510243479,8.860999999999999,8.942553503414494,8.921199381288133,8.88195638610101
002,2014-10-04 14:22:03,8.5,1,9.06050000000001,8.178717650716102,9.094000000000001,8.777739216905372,8.882211506850757,8.56187780776967
002,2014-10-04 15:37:03,7.0,1,9.077,8.461339963144875,9.008000000000001,8.848779987714957,8.916669958059043,8.703974037825514
002,2014-10-04 16:02:03,6.8,1,10.067500000000004,8.92235180545117,10.238500000000002,9.742783935150392,9.885431742168677,9.433078300711408
002,2014-10-04 16:12:03,6.6,1,7.686000000000003,8.106748402753345,7.7860000000000005,7.859582800917782,7.816076026055535,7.73275060630427
002,2014-10-04 16:17:03,6.5,1,8.925000000000002,8.81587217025485,8.8175,8.852790723418286,8.859614425795336,8.827841230767444
002,2014-10-04 16:37:03,6.0,1,8.824000000000016,8.249202768452719,8.594000000000001,8.555734256150911,8.610063116077304,8.421787056213143
002,2014-10-04 17:47:03,6.2,1,9.61500000000001,9.361681968104984,9.812999999999999,9.596560656034997,9.636875175397298,9.491150320486247
002,2014-10-04 18:27:03,10.7,1,11.044500000000005,9.753558864595554,11.273500000000002,10.690519621531854,10.853309718417231,10.333037786830097
002,2014-10-04 19:12:03,11.0,1,9.177499999999998,8.98878948950708,9.3535,9.173263163169027,9.2048541893603,9.088171682715322
002,2014-10-04 19:17:03,10.8,1,8.398500000000004,8.74810288005175,8.273,8.47320096001725,8.425643620265662,8.329137094615309
002,2014-10-04 19:32:03,9.7,1,9.214000000000016,8.78738293318762,9.136500000000002,9.045960977729212,9.091381332916834,8.945842456693414
002,2014-10-04 19:52:03,8.2,1,8.9685,9.273776523770493,8.8925,9.044925507923496,9.00523481385957,8.931880921614004
003,2014-10-01 09:00:00,8.0,1,9.65950000000001,9.367531039017955,9.979999999999999,9.66901034633932,9.720523053679923,9.526255164112186
003,2014-10-01 09:18:15,7.0,1,8.897500000000003,7.848714434569124,8.6905,8.478904811523043,8.58966415101697,8.232899891278462
003,2014-10-01 09:43:15,7.4,1,8.719000000000008,8.586877073843052,8.8705,8.725459024614354,8.749123367554363,8.659369247758942
003,2014-10-01 11:23:15,10.2,1,9.258500000000002,8.205472700024528,9.2275,8.897157566674842,9.018035598943579,8.648825234685361
003,2014-10-01 11:48:15,9.1,1,8.102500000000004,7.579607090438063,8.024000000000001,7.902035696812689,7.958607960501104,7.7791989057733355
003,2014-10-01 12:38:15,8.5,1,8.435,8.008398852172434,8.3485,8.26396628405748,8.308892601265786,8.163919335427163
003,2014-10-01 12:43:15,8.5,1,7.833500000000003,7.333671793982007,7.861500000000001,7.676223931327338,7.735935631638062,7.551789450896706
003,2014-10-01 12:58:15,8.3,1,8.449500000000006,8.327259812078053,8.483,8.419919937359353,8.435980828417387,8.383347605699047
003,2014-10-01 13:58:15,5.3,1,8.102500000000004,8.012717307316153,8.1125,8.075905769105386,8.08690342846705,8.052408882236346
003,2014-10-01 14:23:15,5.7,1,9.914500000000007,8.584110011080107,9.7415,9.413370003693371,9.558767719923111,9.100636485276436
003,2014-10-01 14:58:15,5.5,1,7.847000000000004,7.832762633718056,7.7170000000000005,7.798920877906021,7.79346878148298,7.751712176865949
003,2014-10-01 15:08:15,5.2,1,5.8854999999999995,7.103938376192898,5.745999999999999,6.245146125397632,6.095689922012661,5.856164391026352
003,2014-10-01 15:43:15,4.8,1,5.556499999999991,6.092240145256029,5.5139999999999985,5.720913381752006,5.656228534314214,5.557032978062477
003,2014-10-01 16:08:15,5.1,1,5.7094999999999985,5.777883610273297,5.953999999999999,5.813794536757764,5.819205647979191,5.746976751284861
003,2014-10-01 16:53:15,5.4,1,5.404499999999996,5.582407997631914,5.389499999999999,5.458802665877303,5.4372737047032365,5.40404478057623
003,2014-10-01 17:03:15,5.6,1,5.718,5.736514036839514,5.714499999999998,5.723004678946505,5.720658222931821,5.716570037266025
003,2014-10-01 17:13:15,5.7,1,6.6329999999999965,6.554424624943665,6.5875,6.5916415416478875,6.598299518234812,6.573436753490149
003,2014-10-01 17:28:15,5.8,1,8.344500000000005,8.336383650784134,8.271999999999998,8.317627883594712,8.314607810459854,8.291326605479412
003,2014-10-01 18:23:15,5.6,1,7.285500000000006,9.152507285367577,7.24,7.892669095122528,7.672859479244782,7.360521020097879
003,2014-10-01 18:28:15,5.6,1,6.210000000000007,7.093371392700148,6.324000000000001,6.542457130900051,6.445866240050421,6.286533532772356
003,2014-10-01 18:48:15,5.5,1,8.007,8.311857218950438,8.269,8.195952406316813,8.174794800638573,8.083582634691712
003,2014-10-01 18:53:15,5.4,1,8.337499999999999,7.871894725016108,8.418,8.209131575005369,8.267730774132833,8.080680519970826
003,2014-10-01 19:03:15,5.4,1,8.240000000000004,8.229526243933813,8.3625,8.277342081311273,8.285260420704216,8.246648424802128
003,2014-10-01 19:48:15,4.8,1,8.43300000000001,8.48677530027332,8.46,8.45992510009111,8.455142161180149,8.44217906140338
003,2014-10-01 20:23:15,5.5,1,8.388499999999999,9.199350169859196,8.4745,8.687450056619731,8.597769459908056,8.454550139221933
003,2014-10-01 20:28:15,5.7,1,8.482500000000007,8.218446225780772,8.461000000000002,8.387315408593594,8.416875732978058,8.325147812486493
003,2014-10-01 20:38:15,5.9,1,7.403500000000001,7.86538983653506,7.504,7.59096327884502,7.542694947256131,7.452731351586064
003,2014-10-01 20:53:15,6.3,1,10.79550000000001,9.374716008822311,10.843000000000002,10.337738669607441,10.505716862350265,9.991421230110333
003,2014-10-01 21:18:16,7.4,1,9.593000000000012,10.175348724517857,9.624,9.797449574839291,9.73135895714659,9.633504814206336
003,2014-10-01 21:33:16,7.9,1,7.968000000000007,7.993900555086541,7.974999999999998,7.978966851695515,7.976334814061455,7.971068100500645
003,2014-10-01 21:38:16,8.0,1,9.699500000000002,9.789544181215918,9.744000000000002,9.744348060405308,9.736300417121294,9.71470987217859
003,2014-10-01 22:03:16,8.8,1,8.006500000000011,7.453924339688372,8.1915,7.883974779896128,7.958412225696763,7.710919933458156
004,2014-10-01 08:44:56,14.2,1,10.060000000000008,11.05040329073675,9.793999999999999,10.301467763578918,10.171637118148729,9.927339865155997
004,2014-10-01 08:59:56,15.5,1,10.44400000000001,10.034780821844214,10.209999999999999,10.229593607281409,10.264430282203861,10.134761061498942
004,2014-10-01 09:14:56,15.7,1,9.7065,9.468403391701468,9.379499999999998,9.51813446390049,9.527966404327747,9.429969311236235
004,2014-10-01 09:19:56,15.5,1,9.198,9.253215772434439,9.174,9.208405257478146,9.20066559799162,9.184065355439856
004,2014-10-01 10:04:56,13.4,1,8.972500000000002,9.324018777059491,8.907,9.067839592353165,9.023340473746043,8.94602947272136
004,2014-10-01 10:34:56,11.7,1,12.476499999999994,10.83145301892851,12.443,11.916984339642836,12.106637283569558,11.528925261663888
004,2014-10-01 10:49:56,10.7,1,10.224000000000004,10.591444051453658,10.410500000000003,10.40864801715122,10.376076361969822,10.287173056553042
004,2014-10-01 10:59:56,10.0,1,8.918999999999997,8.609131735324054,8.7605,8.762877245108017,8.790278268511956,8.690927480929764
004,2014-10-01 11:49:56,8.7,1,10.910500000000004,11.160712561955751,11.168,11.079737520651918,11.06469451028574,10.982031584883202
004,2014-10-01 12:04:56,8.3,1,7.844500000000003,8.547842591468932,7.546,7.979447530489645,7.881253677021231,7.672143140973169
004,2014-10-01 12:39:56,7.1,1,11.202999999999998,9.983680956269152,10.573999999999998,10.586893652089715,10.694425236127579,10.303814253204983
004,2014-10-01 13:09:56,8.1,1,9.58200000000001,9.01755742999745,9.604999999999999,9.401519143332486,9.468478578312089,9.262984405919907
004,2014-10-01 13:30:00,4.5,1,10.256500000000006,11.167946090330412,10.055000000000001,10.493148696776807,10.376036067135027,10.165285881083852
004,2014-10-01 14:19:56,7.9,1,9.260000000000012,11.604776330398392,9.439499999999999,10.101425443466136,9.838307700775353,9.435410150845131
004,2014-10-01 14:59:56,5.6,1,11.954000000000002,11.325638148804721,12.0135,11.764379382934907,11.840775164012909,11.60234776383998
004,2014-10-01 15:14:56,4.9,1,7.905999999999991,8.449853117262071,7.877499999999999,8.077784372420686,8.012920788760608,7.9169824471202785
004,2014-10-01 15:54:56,4.2,1,9.378,8.38044168293268,9.573,9.11048056097756,9.237261265246586,8.830084273520265
004,2014-10-01 16:14:56,4.1,1,7.797000000000004,8.93521873159679,7.927499999999998,8.219906243865598,8.094553229974052,7.891920297643958
004,2014-10-01 16:29:56,4.4,1,9.987000000000004,8.986701467480913,9.741,9.57156715582697,9.674549758914054,9.337301409361203
004,2014-10-01 17:04:56,4.1,1,11.486,13.650315857690636,11.006499999999999,12.047605285896879,11.769454427399484,11.268676780416142
004,2014-10-01 17:14:56,3.8,1,10.078000000000005,11.053421323752334,10.0265,10.385973774584114,10.269617452794181,10.097423516994969
004,2014-10-01 17:39:56,3.2,1,10.967000000000006,9.646604727902922,10.9045,10.506034909300977,10.656312169389807,10.194828018216
004,2014-10-01 18:14:56,2.6,1,8.033500000000005,5.684915024659828,7.989000000000002,7.235805008219945,7.506748855573295,6.681759458445738
004,2014-10-01 18:19:56,2.4,1,10.361000000000008,9.500089983652856,10.240500000000003,10.033863327884289,10.12748422714216,9.831554445753355
004,2014-10-01 18:24:56,2.4,1,10.926000000000004,10.9989333427998,10.6905,10.8718111142666,10.850442766081434,10.762278268716164
004,2014-10-01 18:29:56,2.3,1,9.038000000000004,8.504905225161746,9.409500000000001,8.984135075053917,9.066504094895379,8.77271312243472
004,2014-10-01 18:34:56,2.3,1,12.6205,12.848057436642385,12.713999999999999,12.727519145547461,12.706144508034374,12.65466600640268
004,2014-10-01 19:44:56,6.4,1,10.055000000000009,10.891434227252137,9.755,10.23381140908405,10.120043537243303,9.88923428409099
004,2014-10-02 08:34:56,7.3,1,9.161000000000005,9.181632302476087,9.051000000000002,9.13121076749203,9.122793554321897,9.083753736335122
004,2014-10-02 08:39:56,7.8,1,9.34950000000001,10.191911481186906,9.376,9.63913716039564,9.542528908630471,9.403959948155412
004,2014-10-02 08:49:56,9.3,1,10.138499999999997,10.006625993731305,9.909500000000001,10.0182086645771,10.02103554517177,9.951194718284928
004,2014-10-02 09:24:56,14.8,1,8.972500000000004,8.516363162533006,8.921,8.803287720844336,8.853566071967172,8.696005181700949
004,2014-10-02 09:29:56,15.3,1,11.621999999999998,8.720948493582984,11.299000000000001,10.54731616452766,10.867337227697348,9.864959997816165
004,2014-10-02 09:34:56,15.8,1,11.024500000000003,9.804815562705498,11.033999999999999,10.621105187568501,10.763597094783275,10.331011447061567
004,2014-10-02 10:04:56,19.1,1,9.089500000000001,8.856991532305107,9.135500000000002,9.02733051076837,9.056910320224562,8.961849746648602
004,2014-10-02 10:19:56,19.8,1,9.845999999999998,8.96676828692479,9.869000000000002,9.560589428974929,9.664190606716646,9.34774906650058
004,2014-10-02 10:49:56,15.9,1,9.615000000000004,9.324113748855527,9.740000000000002,9.559704582951845,9.600399910046274,9.462243925006547
004,2014-10-02 11:14:56,12.3,1,8.372000000000002,8.296487063549568,8.2965,8.321662354516524,8.326323243812443,8.304406500722113
004,2014-10-02 12:19:56,7.9,1,9.320500000000003,9.597298037991361,9.333499999999999,9.417099345997121,9.385590736326105,9.339361599380629
004,2014-10-02 12:34:56,6.9,1,8.760500000000006,8.104743438608159,9.0525,8.639247812869387,8.731547142185105,8.417186755243973
004,2014-10-02 12:59:56,5.7,1,9.044500000000005,7.635438008260416,9.1855,8.62181266942014,8.793539665985215,8.25672182650742
004,2014-10-02 13:24:56,6.4,1,8.072000000000006,7.908388751872721,7.8015,7.927296250624242,7.93154785535809,7.849322967596376
004,2014-10-02 13:34:56,6.4,1,8.350000000000001,8.433727673343512,8.3245,8.369409224447837,8.358268722912607,8.336636935331585
004,2014-10-02 13:40:00,5.6,1,9.036000000000001,8.812215775815396,8.929,8.925738591938467,8.945935746594754,8.873720818162516
004,2014-10-02 14:09:56,6.4,1,8.469000000000003,9.477780775051968,8.575999999999999,8.840926925017323,8.729355457367689,8.551174765262873
004,2014-10-02 14:24:56,7.2,1,9.640000000000004,9.055643138878844,9.405499999999998,9.367047712959616,9.422243229971702,9.230877880528936
004,2014-10-02 14:59:56,7.1,1,9.125000000000005,8.735967370094897,9.105500000000001,8.988822456698301,9.033039808078676,8.897138671578986
004,2014-10-02 15:19:56,6.6,1,9.765500000000007,9.959846479924765,9.769499999999999,9.831615493308258,9.809212135045303,9.777587797900726
004,2014-10-02 15:24:56,6.5,1,8.753000000000002,8.434132412829777,8.743,8.643377470943259,8.67994707609371,8.568184483433697
004,2014-10-02 15:34:56,6.2,1,8.639000000000003,8.777958681033873,8.381,8.599319560344625,8.569035340207918,8.463035370474486
004,2014-10-02 15:49:56,5.8,1,9.740000000000006,10.957984098135066,9.4865,10.061494699378358,9.905857031102897,9.629352253129309
004,2014-10-02 17:34:56,11.5,1,8.674000000000005,8.950176517224014,8.759,8.794392172408006,8.766893388279922,8.709049235411431
004,2014-10-02 18:24:56,14.3,1,8.039500000000006,7.556645047800897,7.809499999999999,7.801881682600301,7.845508377528388,7.6896373548451145
004,2014-10-02 18:44:56,12.3,1,10.449500000000008,9.49899977887768,10.273,10.073833259625896,10.174820055847732,9.850798668309334
004,2014-10-02 18:54:56,11.1,1,8.707500000000003,9.380723028160107,8.8125,8.966907676053369,8.894286061109824,8.769909559662523
004,2014-10-02 18:59:56,10.7,1,8.522500000000004,7.525973980617119,8.5,8.182824660205709,8.297590733372424,7.947765345030079
004,2014-10-02 19:09:56,10.3,1,9.6145,9.782199797584665,9.811,9.735899932528222,9.72712556251304,9.664904834064947
004,2014-10-02 19:29:56,10.3,1,9.056500000000002,8.052255047326305,9.104,8.737585015775435,8.857077685319263,8.489591150327144
004,2014-10-03 08:29:57,6.4,1,8.942000000000004,8.895623644675208,9.0035,8.947041214891739,8.955802728993882,8.9219258644784
004,2014-10-03 08:34:57,5.9,1,9.819000000000004,9.437262584816578,9.8435,9.699920861605527,9.745695281105776,9.604167904186921
004,2014-10-03 08:54:57,3.8,1,10.925500000000014,9.643959334698781,11.066999999999998,10.545486444899597,10.702397186613283,10.21038167929702
004,2014-10-03 09:14:57,4.1,1,8.491500000000007,7.887128327682971,8.8885,8.42237610922766,8.5144363489615,8.18825467880576
004,2014-10-03 10:04:57,14.7,1,10.715000000000005,9.017038532974595,10.729000000000001,10.153679510991532,10.352089392273056,9.749652310457954
004,2014-10-03 10:39:57,20.0,1,10.292000000000009,10.021387663756357,10.375500000000002,10.229629221252123,10.265695126500466,10.146514896454168
004,2014-10-03 10:44:57,20.3,1,10.127000000000008,10.601668096531808,10.214500000000003,10.314389365510607,10.263922698946182,10.174037635678419
004,2014-10-03 11:49:57,10.2,1,8.379999999999997,10.051637003620227,8.2925,8.908045667873408,8.708680467299292,8.413828123254547
004,2014-10-03 11:54:57,10.1,1,9.598000000000003,9.52252299367542,9.549000000000001,9.556507664558474,9.562613582929183,9.539060615275243
004,2014-10-03 11:59:57,10.0,1,9.495000000000003,9.411316727678127,8.813000000000002,9.239772242559377,9.21221636644681,8.993467592926114
004,2014-10-03 12:09:57,10.0,1,12.031999999999993,10.636378389315283,12.116499999999997,11.594959463105091,11.762032159058373,11.246057579374085
004,2014-10-03 12:24:57,9.2,1,6.514500000000001,6.727405007929887,6.5985000000000005,6.61346833597663,6.593279725895907,6.5456820302106165
004,2014-10-03 13:04:57,5.5,1,6.1395000000000035,5.61558684181404,5.928000000000001,5.894362280604682,5.943779901679987,5.772286812279098
004,2014-10-03 13:29:57,4.9,1,10.853500000000007,9.742878326621678,10.575,10.390459442207229,10.50450642459789,10.130396928348322
004,2014-10-03 13:30:00,4.1,1,10.946000000000009,10.653795564764412,10.800500000000001,10.80009852158814,10.826154393049968,10.732220329953979
004,2014-10-03 13:34:57,4.7,1,8.3955,8.77653191603435,8.006,8.392677305344783,8.327024170679632,8.139704896348004
004,2014-10-03 13:39:57,4.3,1,8.055500000000004,8.128665552862408,8.1555,8.113221850954137,8.110174036175168,8.078960157878363
004,2014-10-03 14:19:57,4.2,1,7.082999999999999,7.469174569000373,6.975,7.175724856333457,7.124867565081312,7.02822025731284
004,2014-10-03 14:29:57,5.3,1,10.637000000000002,11.349058886559526,10.755,10.913686295519843,10.837255085193418,10.704574161367681
004,2014-10-03 14:39:57,6.1,1,6.738000000000002,7.07035740763044,6.665,6.824452469210147,6.781773597281984,6.705078790292318
004,2014-10-03 15:04:57,7.7,1,6.896000000000007,6.640566266803857,6.9825,6.839688755601287,6.874151919304944,6.759466188261325
004,2014-10-03 16:04:57,8.5,1,8.035000000000005,7.28167273410982,7.753999999999999,7.690224244703274,7.762545114813109,7.514519513449676
004,2014-10-04 06:49:57,9.7,1,10.889999999999997,9.637885789301876,10.693,10.406961929767292,10.541935780848565,10.112886160556151
004,2014-10-04 07:19:57,15.7,1,10.451500000000005,9.478985384550356,10.638,10.189495128183452,10.31289588140625,9.916968593773365
004,2014-10-04 07:29:57,18.7,1,9.262,10.49781030817949,9.5405,9.766770102726497,9.638151049303305,9.395885747138191
004,2014-10-04 07:34:57,20.0,1,8.972500000000004,8.556771802407676,9.134000000000002,8.887757267469226,8.944980394347118,8.752419000863439
004,2014-10-04 08:24:57,22.2,1,10.484000000000004,8.219452093488817,10.4135,9.705650697829606,9.965390686120784,9.171637913407526
004,2014-10-04 08:59:58,22.2,1,11.167,10.887938048225964,11.1315,11.062146016075323,11.092687684883687,10.996541246052669
004,2014-10-04 09:09:58,22.2,1,8.879000000000003,8.167805729547789,8.9285,8.658435243182597,8.743925921036194,8.479154906890859
004,2014-10-04 10:09:58,22.2,1,8.177500000000004,9.227229555348737,8.0315,8.478743185116246,8.348569375088715,8.133818858519842
004,2014-10-04 10:59:58,22.2,1,10.617000000000004,10.148153642935329,10.5275,10.43088454764511,10.480564183993517,10.320888269550528
004,2014-10-04 11:14:58,22.2,1,10.643000000000006,10.676220287073848,10.268500000000001,10.529240095691286,10.50489285952632,10.377880537994532
004,2014-10-04 11:39:58,22.2,1,10.319500000000003,9.519386336646807,10.693000000000001,10.177295445548937,10.290855081486756,9.902383226474317
004,2014-10-04 11:59:58,19.5,1,9.521500000000007,10.059195591750768,9.3645,9.648398530583592,9.577224380513323,9.440503025344174
004,2014-10-04 12:09:58,18.0,1,11.130000000000003,13.00910677807121,10.932,11.690368926023737,11.460811116878801,11.096979624235981
004,2014-10-04 12:34:58,18.7,1,9.384500000000003,9.247426964308726,9.4875,9.373142321436243,9.394730531380654,9.317057422870668
004,2014-10-04 13:49:58,15.3,1,9.065500000000007,8.9508767679469,8.872499999999999,8.96295892264897,8.965746537403945,8.907006130467895
004,2014-10-04 13:54:58,14.4,1,9.1335,8.909586541384376,9.257,9.100028847128124,9.132846449383747,9.018722609340934
004,2014-10-04 14:19:58,13.8,1,8.833500000000006,8.989419370081345,8.7875,8.870139790027117,8.849475021241469,8.80967503995203
004,2014-10-04 15:29:58,9.4,1,9.493500000000004,8.713058017297751,9.238999999999999,9.148519339099252,9.22544559829888,8.966214532521075
004,2014-10-04 15:34:58,9.3,1,8.972000000000007,9.079047653293575,8.701,8.917349217764526,8.890068536419276,8.784929130866333
004,2014-10-04 15:49:58,9.7,1,11.442000000000005,11.036494822690987,11.0195,11.165998274230331,11.190094094789906,11.06688173840261
004,2014-10-04 15:54:58,10.0,1,11.328500000000004,11.595763308703676,11.373500000000002,11.432587769567894,11.403939002157394,11.354023189247933
004,2014-10-04 16:24:58,13.2,1,10.645000000000003,12.351736088792011,10.720999999999998,11.239245362930669,11.044735957639118,10.760363684514457
004,2014-10-04 16:29:58,13.9,1,10.869000000000007,10.070582475102961,10.740499999999999,10.560027491700987,10.645936710302584,10.372530172040374
004,2014-10-04 16:39:58,15.2,1,9.181500000000005,7.96345534996326,8.8725,8.672485116654421,8.797368271039407,8.387295345973751
004,2014-10-04 16:54:58,16.9,1,9.473000000000003,8.731447993054893,9.708,9.3041493310183,9.403318156649046,9.074967915855861
005,2014-10-01 11:55:12,8.3,1,8.412500000000007,7.963212091912137,8.548,8.307904030637381,8.367611670598347,8.170633866939774
005,2014-10-01 12:15:12,7.3,1,8.970500000000005,8.260705154204338,8.9895,8.740235051401447,8.823894874690518,8.56831158497727
005,2014-10-01 12:35:12,6.1,1,9.708000000000006,10.469173769079804,9.7405,9.972557923026603,9.885733938220005,9.759135892296989
005,2014-10-01 12:55:12,5.0,1,8.970500000000005,8.99884474690857,8.5955,8.854948248969526,8.831141186506487,8.704743386562399
005,2014-10-01 13:05:12,4.6,1,9.3735,8.900330329315391,9.145000000000001,9.139610109771796,9.18219145994894,9.029640679425183
005,2014-10-01 13:35:12,4.5,1,8.724000000000009,9.391696904535573,8.682000000000002,8.932565634845195,8.852548244136347,8.732484868188758
005,2014-10-01 13:50:12,4.8,1,8.565500000000002,8.662130269441658,8.478500000000002,8.568710089813889,8.552704450216968,8.509027950628251
005,2014-10-01 14:30:12,7.2,1,9.258500000000005,8.460031874405693,9.316,9.0115106248019,9.107597556600526,8.809786366476688
005,2014-10-01 14:35:12,7.5,1,11.0315,11.760882686982681,10.9245,11.238960895660894,11.148208554323006,10.997188199592479
005,2014-10-01 14:40:12,7.8,1,9.366499999999998,9.361801320078076,9.068,9.265433773359357,9.249656568311615,9.15280320911716
005,2014-10-01 14:45:12,8.0,1,8.885000000000005,9.09396313575439,8.878499999999997,8.952487711918131,8.927808745785626,8.892393098062811
005,2014-10-01 15:10:12,8.5,1,8.976500000000001,9.012905345389822,8.818,8.935801781796608,8.922896241824537,8.86557942826257
005,2014-10-01 15:25:12,8.7,1,8.750500000000004,8.634653485584453,8.869000000000002,8.75138449519482,8.771349570679025,8.696739230040833
005,2014-10-01 15:50:12,9.3,1,9.356000000000012,9.133019022550714,9.219,9.236006340850244,9.254469380205487,9.184404221723966
005,2014-10-01 16:20:12,11.4,1,9.403500000000001,8.233441358278462,9.3685,9.00181378609282,9.13609562417137,8.725886476696864
005,2014-10-01 17:35:12,12.5,1,9.207500000000012,8.672471196201624,9.2835,9.05449039873388,9.120924467304366,8.910688699604254
005,2014-10-01 17:55:12,11.3,1,8.808500000000002,7.950091817581329,8.4865,8.415030605860444,8.49734081420634,8.21483057566339
005,2014-10-01 18:00:12,10.9,1,9.498500000000003,8.40222757542757,9.28,9.060242525142526,9.17590047521201,8.80311503709865
005,2014-10-01 18:05:12,10.5,1,9.867,9.379217965588424,9.613499999999998,9.619905988529474,9.662821050602384,9.506675700369245
005,2014-10-01 18:30:12,8.3,1,9.196500000000007,8.805134913896545,9.347,9.116211637965518,9.169997317053454,8.989158417544072
005,2014-10-01 19:35:12,5.5,1,9.642500000000009,7.99057124624903,9.6865,9.10652374874968,9.3012159969589,8.706451170579053
005,2014-10-01 19:40:12,5.5,1,9.748499999999998,8.73532559943781,9.640500000000001,9.374775199812603,9.486803402248864,9.136430292980235
005,2014-10-01 20:30:12,6.8,1,9.387500000000003,8.975137828457799,9.466500000000002,9.276379276152602,9.328698898747216,9.160841763526799
005,2014-10-01 20:55:12,8.5,1,9.317000000000002,9.135821130606296,9.057499999999997,9.170107043535431,9.177005094812358,9.098966488063883
005,2014-10-01 21:05:12,9.2,1,10.107500000000007,9.797540206378793,9.842,9.915680068792932,9.937240213531181,9.844514941300751
005,2014-10-01 21:35:12,10.8,1,9.931000000000003,9.632731468754645,9.842500000000003,9.80207715625155,9.831956065643157,9.732338048141116
005,2014-10-02 09:50:12,8.1,1,9.59250000000001,8.582263978498641,9.869499999999999,9.348087992832884,9.480828745613355,9.04580812926536
005,2014-10-02 10:05:12,7.6,1,11.524000000000006,14.643505373297652,11.062999999999997,12.410168457765884,12.02184438387745,11.374848213403812
005,2014-10-02 10:20:12,7.2,1,8.65800000000001,8.357414395655079,8.552,8.522471465218363,8.551663057648515,8.452317276602836
005,2014-10-02 10:35:12,6.9,1,11.451999999999998,13.523790046303874,11.679,12.218263348767957,11.989519101036066,11.622400125646049
005,2014-10-02 10:55:12,6.7,1,8.561500000000002,7.377148903438828,8.422,8.120216301146277,8.250446979312516,7.841702678336169
005,2014-10-02 11:00:12,6.5,1,8.471499999999999,9.084112521280856,8.490499999999999,8.682037507093618,8.611767909252821,8.511042883197158
005,2014-10-02 11:05:12,6.3,1,10.151000000000003,9.245592046099254,10.009500000000003,9.802030682033086,9.899682750067457,9.589376345932795
005,2014-10-02 11:55:12,5.0,1,8.365500000000006,9.000581803474033,8.279500000000002,8.54852726782468,8.469900066811062,8.340734017471947
005,2014-10-02 12:00:12,5.3,1,9.06000000000001,8.753666654913786,9.1435,8.985722218304598,9.025946081494046,8.894175989331119
005,2014-10-02 12:10:12,6.1,1,8.229500000000002,9.71917250386181,8.415500000000002,8.788057501287271,8.62483008922739,8.357155366720555
005,2014-10-02 12:15:12,6.5,1,8.869000000000005,9.150221057666094,8.952,8.990407019222033,8.96221167155182,8.90388894663388
005,2014-10-02 12:40:12,8.8,1,9.342500000000003,8.894963061667308,9.3195,9.185654353889104,9.236490254742895,9.080187064616908
005,2014-10-02 13:05:12,9.9,1,10.249500000000005,7.875541362298481,10.1835,9.436180454099494,9.708902043579984,8.876307481606315
005,2014-10-02 14:20:12,10.9,1,10.901500000000006,12.702474516821004,10.878999999999998,11.494324838940337,11.2834593035201,10.989120008153415
005,2014-10-02 15:00:12,11.5,1,9.8535,9.891575274312927,9.812999999999999,9.852691758104308,9.846044929042236,9.826813678479917
005,2014-10-02 15:35:12,11.3,1,9.1405,9.349296745901047,8.950000000000001,9.14659891530035,9.11187686831173,9.016685080973456
005,2014-10-02 15:45:12,11.2,1,9.095500000000005,9.464786417526296,9.328000000000001,9.296095472508767,9.265824976436287,9.169144059030828
005,2014-10-02 15:55:12,11.1,1,10.241500000000007,9.026114134252246,10.199500000000002,9.822371378084085,9.961546535742649,9.535797372968322
005,2014-10-02 16:10:12,11.2,1,8.987,9.20713275793809,9.171999999999999,9.12204425264603,9.106537735274177,9.041355896016709
005,2014-10-02 16:30:12,12.1,1,11.032500000000006,11.312606069580271,11.0015,11.115535356526758,11.081235451214667,11.026518696359641
005,2014-10-02 16:45:12,12.5,1,7.917000000000007,7.428706244357434,7.712999999999999,7.686235414785813,7.731917059148208,7.572511354293398
005,2014-10-02 17:10:12,12.8,1,11.644000000000005,11.028803369150566,10.965499999999999,11.212767789716857,11.247271957574876,11.0481504078607
005,2014-10-02 17:30:12,12.5,1,8.7585,8.670401268232183,8.511,8.646633756077394,8.643353441276847,8.565977043456584
005,2014-10-02 17:55:12,11.0,1,9.28700000000001,9.897649500696016,9.3855,9.523383166898675,9.457689700563039,9.344343241685362
005,2014-10-02 19:15:12,6.9,1,10.603500000000006,10.646397817524308,10.616000000000001,10.621965939174771,10.617656184441891,10.608785743700693
005,2014-10-02 19:45:12,8.0,1,9.964000000000006,10.569293382581264,10.390500000000001,10.307931127527091,10.260798526921276,10.094941593690638
005,2014-10-02 19:55:12,8.7,1,10.90900000000001,11.542823768557477,10.8545,11.102107922852497,11.025349805730647,10.906622207998712
005,2014-10-02 20:10:12,9.1,1,9.083999999999998,7.57765362282202,9.045000000000002,8.568884540940674,8.742091828615303,8.213607027689159
005,2014-10-02 20:40:12,7.9,1,10.091000000000006,9.213474468286032,9.7125,9.672324822762013,9.753770479941615,9.468037889561986
005,2014-10-02 20:55:12,7.8,1,10.766500000000006,10.37252401302537,10.736500000000001,10.625174671008459,10.669393217823483,10.532403129187852
005,2014-10-02 22:00:12,9.0,1,9.724000000000013,9.920039016816217,9.693499999999998,9.779179672272077,9.754692592027014,9.713536351531097
005,2014-10-02 22:20:12,9.0,1,7.788999999999999,7.376540302884966,7.816500000000001,7.660680100961656,7.7101946837059305,7.5569840484519055
005,2014-10-02 22:25:12,9.0,1,8.48000000000001,9.086868996925151,8.855,8.80728966564172,8.757157270176435,8.599428040350585
005,2014-10-02 22:45:13,9.0,1,8.903500000000003,9.053197733205915,8.935,8.963899244401972,8.948196939490398,8.919214277319291
005,2014-10-03 08:45:13,8.3,1,7.8590000000000115,8.342194934676819,8.355500000000001,8.185564978225612,8.156472853601583,7.997058279357166
005,2014-10-03 09:15:13,7.3,1,9.635500000000008,9.895703453146197,9.929,9.820067817715403,9.805830598501311,9.712535624606838
005,2014-10-03 10:00:13,8.0,1,8.789499999999997,9.785373208591029,9.226999999999999,9.267291069530343,9.175296181125216,8.945401772109777
005,2014-10-03 10:30:13,8.3,1,8.397500000000006,9.050273248307697,8.288,8.578591082769234,8.49661943176579,8.356996006732151
005,2014-10-03 11:20:13,8.3,1,9.134500000000006,9.165822504173049,9.365000000000002,9.221774168057685,9.230733604657395,9.163866988931261
005,2014-10-03 11:30:13,8.2,1,9.533500000000005,9.424395572530598,9.407,9.454965190843534,9.46074711196274,9.423428183729477
005,2014-10-03 12:30:13,8.8,1,9.870000000000003,9.227587995352494,9.565,9.554195998450831,9.61229373788142,9.404853529855709
005,2014-10-03 12:50:13,8.3,1,8.7615,8.93498481253306,8.661499999999998,8.785994937511019,8.760332425266684,8.7001822091102
005,2014-10-03 14:35:13,8.5,1,9.638,11.092564525898355,9.803500000000001,10.178021508632787,10.017759609117578,9.759015401569588
005,2014-10-03 14:40:13,8.6,1,8.301500000000003,7.71656376120058,8.426,8.148021253733527,8.222916923412669,7.98126561429666
005,2014-10-03 15:05:13,9.3,1,9.323000000000008,8.605810005305266,9.506,9.144936668435092,9.238425998139954,8.933485549063658
005,2014-10-03 15:25:13,10.2,1,8.448500000000003,8.749974579714586,8.410499999999999,8.536324859904862,8.499154830012714,8.438757413348913
005,2014-10-03 16:05:13,11.4,1,8.784000000000008,8.381236059297061,8.738,8.634412019765689,8.678778496846482,8.53968665084885
005,2014-10-03 16:10:13,11.4,1,8.458,9.004106917307809,8.4105,8.624202305769268,8.558037320520903,8.45556450987728
005,2014-10-03 16:15:13,11.5,1,10.24150000000001,8.70185670413138,9.799,9.580785568043796,9.735802353417437,9.220688715539001
005,2014-10-03 16:35:13,10.9,1,8.71550000000001,8.758279272706497,8.746000000000002,8.739926424235504,8.736614838217292,8.724834772936212
005,2014-10-03 17:10:13,10.4,1,9.114000000000003,8.65347013569599,8.87,8.879156711898665,8.919419125173043,8.772287685771946
005,2014-10-03 17:15:13,10.5,1,9.12050000000001,8.319576964556436,9.206000000000003,8.88202565485215,8.97992958259823,8.67327132623608
005,2014-10-03 17:35:13,10.8,1,8.151000000000005,7.498139592674157,8.188,7.945713197558054,8.023730170379778,7.783082232776361
005,2014-10-03 18:00:13,11.0,1,8.890500000000008,8.448496450607214,8.592,8.643665483535742,8.678790963311766,8.541580229285564
005,2014-10-03 18:20:13,10.8,1,8.532000000000002,8.43530801511937,8.6665,8.544602671706457,8.563213138065764,8.49079275949649
005,2014-10-03 18:50:13,9.9,1,8.147500000000003,7.43945012724993,8.381499999999999,7.989483375749977,8.084697835246459,7.768440480155071
005,2014-10-03 20:15:13,13.4,1,8.574500000000006,9.247765531308534,8.634,8.818755177102846,8.74364034616835,8.626659711995243
005,2014-10-03 21:15:13,14.2,1,9.907000000000002,9.9609634157362,9.803999999999998,9.890654471912066,9.878740297373472,9.836663505444633
005,2014-10-03 21:25:13,14.1,1,10.999500000000001,11.028896268383594,11.009999999999998,11.012798756127864,11.0099512195602,11.003557950219912
005,2014-10-03 21:55:13,13.2,1,10.270499999999997,10.952009598779323,10.1955,10.472669866259773,10.389239987054223,10.256249765794944
005,2014-10-03 22:20:13,11.4,1,10.247000000000003,10.308316424212363,9.963000000000001,10.172772141404122,10.150103682865002,10.048027406589288
005,2014-10-04 08:25:13,5.7,1,10.71650000000001,8.441745289862503,10.613000000000001,9.923748429954172,10.182871821162308,9.387574995026695
005,2014-10-04 09:30:13,10.9,1,10.069500000000009,10.619116964025269,10.254499999999998,10.314372321341759,10.260513542498044,10.142820861006609
005,2014-10-04 10:00:13,9.7,1,12.680499999999995,14.125222103176513,12.537499999999998,13.1144073677255,12.938420127289433,12.66169355964601
005,2014-10-04 10:20:13,8.2,1,7.841000000000003,7.740012798503161,7.611000000000001,7.730670932834388,7.729847874020017,7.658607578174038
005,2014-10-04 10:35:13,7.5,1,9.539500000000011,8.147536771917382,9.6945,9.127178923972464,9.29768122998858,8.762898929308616
005,2014-10-04 10:50:13,6.8,1,7.181999999999993,7.957028688347365,7.0925,7.410509562782454,7.315401011719705,7.1627936756941075
005,2014-10-04 11:25:14,4.8,1,6.506999999999994,6.556259585630546,6.667000000000001,6.5767531952101805,6.579769290075193,6.532336069590027
005,2014-10-04 11:35:14,4.6,1,6.592499999999997,6.363281474282996,6.586,6.51392715809433,6.540252936172474,6.459869358847129
005,2014-10-04 13:00:14,4.7,1,8.7295,8.732552392954078,8.829,8.763684130984693,8.768770208222408,8.740293244740451
005,2014-10-04 13:10:14,4.2,1,8.432000000000011,8.957523825323381,8.3255,8.57167460844113,8.504678967755382,8.386310691293875
005,2014-10-04 13:20:14,3.9,1,8.405500000000004,8.346149750064997,8.829,8.526883250021667,8.556951711507734,8.415308492465432
005,2014-10-04 13:25:14,3.9,1,8.762500000000008,10.375985200756402,9.089500000000001,9.409328400252138,9.239399975839234,8.929052816267939
005,2014-10-04 13:35:14,4.1,1,8.201500000000003,7.8500214798271415,8.089500000000003,8.047007159942382,8.081794610765604,7.964884965311816
005,2014-10-04 13:40:14,4.2,1,7.413499999999996,9.231365207190416,7.2675,7.970788402396804,7.751202903368628,7.4140324064700325
005,2014-10-04 13:45:14,4.4,1,6.132500000000001,6.194944055567385,6.261,6.196148018522462,6.195906781604383,6.156965262029706
005,2014-10-04 14:25:14,7.1,1,8.960500000000003,9.241328213465131,8.704,8.968609404488378,8.92189347248521,8.793770870432203
006,2014-10-01 21:50:06,8.3,1,8.832000000000003,8.748212987542374,9.235500000000002,8.938570995847458,8.970390174299208,8.825835533240834
006,2014-10-01 22:35:06,8.3,1,9.328499999999998,8.966438833436474,9.511999999999999,9.26897961114549,9.321158965642693,9.141241065230004
006,2014-10-01 23:30:06,13.0,1,10.731000000000005,11.17529747925397,11.0035,10.969932493084658,10.933118130021644,10.817974668353424
006,2014-10-02 00:05:06,12.3,1,8.419000000000004,8.403671958694616,8.568000000000001,8.463557319564874,8.473489913551976,8.425612790293693
006,2014-10-02 00:15:06,11.0,1,8.564500000000008,9.592680115494176,8.7975,8.984893371831395,8.877954393227661,8.676182351066831
006,2014-10-02 00:35:06,8.3,1,9.567,9.391779898391263,9.423499999999999,9.46075996613042,9.473308129126965,9.420480725632544
006,2014-10-02 01:10:06,7.8,1,8.790500000000005,9.080718603730777,8.6495,8.840239534576927,8.798746926702467,8.706666919488631
006,2014-10-02 01:20:06,7.3,1,9.090500000000004,9.102458766000396,9.106,9.099652922000134,9.099108562689116,9.094247539936335
006,2014-10-02 01:30:06,6.6,1,8.973500000000007,9.390568378626874,8.751000000000003,9.038356126208962,8.977641080517266,8.838855983961015
006,2014-10-02 01:35:06,6.4,1,9.582000000000008,9.337667487530707,9.6925,9.53738916251024,9.571872627337378,9.454257947417453
006,2014-10-02 01:40:06,6.3,1,9.053000000000004,8.989732136112714,9.066500000000001,9.036410712037574,9.044513426470415,9.018366296897412
006,2014-10-02 02:00:06,7.0,1,8.783500000000004,9.058155938249522,8.774,8.871885312749841,8.839395582950951,8.792535241686156
006,2014-10-02 08:20:06,13.3,1,11.423999999999992,9.585399771763827,11.425500000000001,10.811633257254606,11.025730028074003,10.377288162850705
006,2014-10-02 08:55:06,15.0,1,9.0375,9.886050089222056,9.460500000000001,9.461350029740686,9.385710721803553,9.181654703988372
006,2014-10-02 09:35:07,14.7,1,8.744500000000002,8.509517043097253,8.8295,8.69450568103242,8.726506324929547,8.619456063963234
006,2014-10-02 09:45:07,14.5,1,8.700000000000003,8.473189426501559,8.345,8.506063142167188,8.513050135664981,8.405560032597
006,2014-10-02 09:50:07,14.4,1,8.255000000000003,8.990816719528906,8.377500000000003,8.541105573176305,8.46215502196631,8.324955614867896
006,2014-10-02 09:55:07,14.3,1,9.243500000000003,8.760703803130005,9.354,9.119401267710002,9.181642122441467,8.979980966688238
006,2014-10-02 10:10:07,13.9,1,8.037000000000004,9.525959490035781,7.773000000000001,8.445319830011929,8.2575661636608,7.9344626091988495
006,2014-10-02 10:35:07,11.5,1,9.590499999999999,8.907753051257476,9.440000000000003,9.312751017085825,9.383992956467669,9.152723376905005
006,2014-10-02 10:45:07,10.7,1,10.047999999999996,9.832684264809416,10.112,9.997561421603137,10.026124351337673,9.931992173892489
006,2014-10-02 10:50:07,10.3,1,8.394500000000003,8.726160737567357,8.145,8.421886912522453,8.369636838999721,8.235688012999267
006,2014-10-02 11:00:07,9.4,1,8.243999999999998,8.68062398272663,8.353500000000002,8.426041327575545,8.381206149360914,8.293804986541229
006,2014-10-02 11:05:07,8.9,1,9.424000000000005,8.832432704410332,9.371500000000003,9.209310901470113,9.275298793960136,9.070067689167349
006,2014-10-02 11:20:07,7.9,1,10.102,9.1762175481184,10.2235,9.8339058493728,9.948312266814266,9.587384977459731
006,2014-10-02 11:50:07,7.2,1,8.781500000000007,9.135950120180958,8.775500000000001,8.897650040060322,8.856063600134977,8.797623781956673
006,2014-10-02 12:30:07,6.4,1,8.064000000000004,8.517054597046632,8.288999999999998,8.290018199015545,8.249586856441965,8.140775779754371
006,2014-10-02 15:55:07,5.6,1,9.214499999999997,9.460118082805115,9.274,9.316206027601703,9.290869748900565,9.242044514243577
006,2014-10-02 16:25:07,5.8,1,7.4445000000000014,8.065076051105285,7.473,7.660858683701762,7.59018165234714,7.486641849331415
006,2014-10-02 16:40:07,5.7,1,9.272499999999997,8.923677446816711,9.1955,9.130559148938902,9.166951495545481,9.04880016832913
006,2014-10-02 17:05:07,6.2,1,8.624000000000006,8.421413268196265,8.327,8.457471089398757,8.464810264532327,8.375328328153557
006,2014-10-02 17:40:07,5.9,1,7.022499999999999,7.0977100470964976,6.8285,6.982903349032166,6.963539510093823,6.888500267253805
006,2014-10-02 18:00:07,5.8,1,7.038499999999999,7.659644696930681,7.1265,7.27488156564356,7.20739223308641,7.094081426502883
006,2014-10-02 19:25:07,4.8,1,8.128000000000004,9.255250238416492,7.888,8.423750079472164,8.279412192542754,8.021755624828126
006,2014-10-02 19:30:07,4.8,1,7.596000000000009,7.876105924033955,7.752000000000001,7.741368641344654,7.717295263425767,7.647273495672492
006,2014-10-02 19:35:07,4.7,1,8.350000000000014,9.162676237997939,8.200999999999999,8.571225412665983,8.468480762869513,8.290535069556347
006,2014-10-02 20:05:07,4.8,1,9.497000000000009,9.463151217696193,9.333,9.431050405898732,9.426021730613531,9.373896854215676
006,2014-10-02 20:15:07,4.7,1,7.167999999999999,8.4040677053369,7.025500000000001,7.532522568445633,7.380850233437796,7.137540022408576
006,2014-10-02 20:35:07,4.3,1,7.0235,7.348996553908418,7.156999999999999,7.1764988513028065,7.145911500266322,7.072316344448348
006,2014-10-02 20:45:07,4.3,1,6.106,7.176362910346858,6.085,6.455787636782286,6.330047988161529,6.152635880135078
006,2014-10-02 20:50:07,4.3,1,7.367000000000003,8.130152809312355,7.3195,7.605550936437453,7.514121611813287,7.3770575753020236
006,2014-10-02 21:00:07,4.3,1,9.061,8.733185438012677,9.2635,9.019228479337558,9.068460555103854,8.895196618985015
006,2014-10-02 21:15:07,4.3,1,7.640000000000004,7.359461611067114,7.5115,7.503653870355706,7.529281486178248,7.438401341378304
006,2014-10-02 21:30:07,5.2,1,6.1714999999999955,7.8711754283445154,6.332999999999999,6.79189180944817,6.602880028911451,6.305722575983891
006,2014-10-03 09:20:07,9.8,1,9.167000000000007,8.99013731242539,9.4345,9.197212437475132,9.232428247077712,9.093838010638077
006,2014-10-03 09:30:07,10.8,1,9.935500000000012,10.258700631230095,10.2315,10.141900210410036,10.120466780383639,10.020799528333184
006,2014-10-03 09:40:07,11.8,1,12.822000000000003,11.195783094107936,12.907999999999998,12.308594364702648,12.502590593729153,11.904915152103845
006,2014-10-03 10:05:07,14.3,1,9.545500000000004,9.21611135671105,9.77,9.510537118903684,9.561155538042799,9.381065376475114
006,2014-10-03 10:35:07,14.5,1,12.62050000000001,10.08019687601926,12.472999999999999,11.724565625339757,12.012192855857474,11.126041323161324
006,2014-10-03 10:50:07,14.8,1,11.520000000000005,10.85638662984469,11.487,11.287795543281566,11.363236065246959,11.13139900372521
006,2014-10-03 11:15:07,12.4,1,9.704999999999997,9.154466666144604,9.336500000000003,9.398655555381533,9.442585895331867,9.271479414954902
006,2014-10-03 11:20:07,11.5,1,8.527999999999999,8.759695400781155,8.809,8.69889846692705,8.687296020684316,8.598619242725457
006,2014-10-03 11:25:07,10.7,1,11.1765,10.345432547828363,10.985999999999999,10.835977515942787,10.922296608052527,10.641240385731678
006,2014-10-03 11:30:07,9.9,1,9.640000000000004,10.81877927301736,9.6025,10.02042642433912,9.881164673269808,9.681111200479318
006,2014-10-03 12:00:07,9.9,1,6.893,7.6329427803247265,6.679499999999999,7.068480926774908,6.970675191853238,6.7833578065258235
006,2014-10-03 12:15:07,10.5,1,9.049000000000007,7.277266031868605,8.756499999999999,8.36092201062287,8.551157444737374,7.944910168792578
006,2014-10-03 12:30:07,10.5,1,9.17,9.407460989913465,8.8935,9.156986996637821,9.114225304493862,8.986513972275548
006,2014-10-03 12:40:07,10.3,1,9.386500000000003,9.633052716462673,9.490000000000002,9.503184238820893,9.48014540566464,9.42401261775413
006,2014-10-03 13:10:07,9.5,1,8.164500000000004,8.616873942094367,8.240000000000002,8.340457980698124,8.291930127341475,8.207550492273503
006,2014-10-03 13:25:07,10.2,1,9.107999999999999,9.081918404804842,9.1515,9.113806134934947,9.119220950496542,9.09762814881077
006,2014-10-03 13:45:07,9.4,1,9.149500000000003,8.203857955375662,8.9235,8.758952651791889,8.856666934375191,8.537437808710825
006,2014-10-03 14:10:07,7.7,1,9.081000000000003,8.713932362115179,8.998000000000001,8.930977454038395,8.969165421780183,8.844956951427225
006,2014-10-03 14:30:07,6.7,1,8.074499999999997,8.493885898566528,7.907,8.158461966188842,8.100484956258468,7.979206304311601
006,2014-10-03 14:40:07,6.4,1,8.559999999999995,8.524781591216527,8.498,8.527593863738842,8.528302710832348,8.50937695267844
006,2014-10-03 15:10:07,5.6,1,7.970500000000002,8.538879992186798,8.0035,8.1709599973956,8.106604727303345,8.010651430450839
006,2014-10-03 15:20:07,5.2,1,7.648500000000001,8.058628602839374,7.6785000000000005,7.795209534279792,7.749110808276649,7.678866575124701
006,2014-10-03 15:50:07,4.8,1,8.172999999999998,7.9319943546062115,8.0495,8.051498118202069,8.07279752280387,7.995539574251648
006,2014-10-03 16:00:07,4.4,1,7.139000000000005,7.988487511289091,7.129,7.4188291704296985,7.31940117872952,7.180765774966091
006,2014-10-03 16:05:07,4.2,1,8.453000000000001,9.302032976618634,8.693499999999998,8.81617765887288,8.730501724449292,8.556060659681485
006,2014-10-03 16:35:07,6.4,1,7.693000000000003,8.095106955299915,7.536500000000001,7.774868985099974,7.719504819330757,7.604555120975015
006,2014-10-03 16:40:07,7.3,1,8.593500000000008,8.238960714693315,8.818999999999999,8.550486904897774,8.604087568880525,8.414848003287155
006,2014-10-03 17:50:07,11.5,1,9.296999999999999,8.603025291125018,9.359499999999999,9.086508430375005,9.170705669470113,8.908297834816338
006,2014-10-03 19:25:07,9.2,1,8.797500000000003,9.052891985061368,8.92,8.923463995020457,8.900435320165816,8.839802579908628
006,2014-10-03 19:30:07,9.2,1,8.266500000000002,8.460330633683547,8.462,8.396276877894516,8.384406167552521,8.321503590928383
006,2014-10-03 19:35:07,9.2,1,9.381500000000004,8.341024810326203,9.357499999999998,9.026674936775402,9.146474702532254,8.781252771577186
006,2014-10-03 19:40:07,9.0,1,10.515500000000015,10.077756738751953,10.3315,10.308252246250655,10.34914351148981,10.206309873970667
006,2014-10-03 19:55:07,8.8,1,7.631500000000002,7.622031771475592,7.6935,7.649010590491865,7.653503308652979,7.632492172984813
006,2014-10-03 20:00:07,8.7,1,9.016000000000005,9.588512687732086,8.9695,9.191337562577363,9.122153608839803,9.015797449327788
006,2014-10-03 20:15:07,8.4,1,8.697000000000005,8.46411328770978,8.328499999999998,8.496537762569927,8.503493746660856,8.391827318306063
006,2014-10-03 21:25:07,11.4,1,11.34000000000001,10.104598711398355,11.260499999999997,10.901699570466121,11.04115377074965,10.61068350862284
006,2014-10-03 21:35:07,11.5,1,10.022999999999998,10.165050672464805,10.222500000000002,10.136850224154935,10.131225497313508,10.069098661410592
006,2014-10-03 22:25:07,9.5,1,10.120500000000014,9.427078302822682,9.975,9.84085943427423,9.913617360197941,9.678274356808016
006,2014-10-03 22:35:07,9.2,1,10.3995,10.227668382722355,10.292500000000002,10.306556127574119,10.320705951501258,10.266801708538198
006,2014-10-03 22:40:07,8.9,1,10.885000000000005,10.767260154127348,11.2455,10.965920051375784,10.999339820007926,10.855076326046417
006,2014-10-04 10:45:07,11.1,1,8.4375,8.418822382180277,8.325500000000002,8.393940794060093,8.389989916947373,8.354238034662822
006,2014-10-04 11:05:07,12.2,1,8.413500000000008,8.811808015709207,8.4605,8.561936005236406,8.518142889102155,8.44701671484128
006,2014-10-04 11:30:07,11.9,1,8.884000000000002,7.82331676598178,8.75,8.48577225532726,8.601908661455132,8.236408850775511
006,2014-10-04 11:55:07,11.0,1,8.549500000000002,8.659610751767277,8.5905,8.599870250589092,8.589295434953284,8.565076257083044
006,2014-10-04 12:05:07,10.5,1,6.933500000000004,7.689612236107418,6.906000000000001,7.176370745369141,7.086854694307392,6.957413023000523
006,2014-10-04 12:15:07,10.1,1,8.795000000000003,8.636813656949027,8.4335,8.621771218983012,8.620414822656869,8.508424905180767
006,2014-10-04 13:00:00,7.4,1,8.113999999999999,8.749693256249172,8.235999999999999,8.366564418749723,8.299240986183019,8.178079890088457
006,2014-10-04 14:35:07,7.0,1,8.581000000000003,9.565011927194663,8.659,8.935003975731554,8.82472969508782,8.65521465212361
006,2014-10-04 15:10:07,5.5,1,8.416500000000006,8.298758195118062,8.216000000000003,8.310419398372689,8.31315986368085,8.252090333729122
006,2014-10-04 15:55:07,3.7,1,5.713499999999998,7.729068493090004,5.708000000000001,6.3835228310300005,6.148608044225537,5.825593537372365
006,2014-10-04 16:05:08,3.7,1,9.466000000000006,9.681914108540104,9.5695,9.572471369513371,9.552998898205335,9.501749073050453
006,2014-10-04 16:20:08,3.8,1,9.532000000000005,9.5097638182992,9.517,9.519587939433068,9.521355942896538,9.514452138196834
006,2014-10-04 17:25:08,4.8,1,9.209500000000011,9.566952937380968,9.098500000000001,9.291650979126993,9.243972850271629,9.150927947920103
006,2014-10-04 17:30:08,4.8,1,6.579500000000004,7.6622175172550815,6.522500000000001,6.921405839085029,6.792259362995523,6.601177745883817
006,2014-10-04 17:55:08,4.9,1,6.555500000000002,7.670617645503508,6.603,6.943039215167836,6.815836149324979,6.630388622265064
006,2014-10-04 18:05:08,5.1,1,6.419,6.965080110306737,6.4319999999999995,6.605360036768912,6.5425067487906405,6.453361356211204
006,2014-10-04 18:30:08,5.1,1,9.365000000000007,8.989217472943084,9.302499999999998,9.218905824314364,9.259229301131873,9.13067371494008
006,2014-10-04 19:00:08,4.9,1,6.7615,7.263689985214339,6.757500000000001,6.92756332840478,6.86888920816598,6.787553693158638
006,2014-10-04 19:35:08,4.2,1,9.065500000000002,9.493525453269399,9.155999999999999,9.238341817756465,9.193468458985047,9.110528881225104
006,2014-10-04 19:40:08,4.1,1,9.812500000000005,10.617540326069067,9.840499999999999,10.09018010868969,9.998003924226465,9.865146868735248
006,2014-10-04 19:45:08,4.0,1,8.566000000000008,9.191060034694686,8.385,8.714020011564898,8.631364067500368,8.472918844021478
006,2014-10-04 20:00:08,3.9,1,6.864500000000003,7.608457294587831,6.7620000000000005,7.078319098195945,6.986116351765091,6.834235765046055
006,2014-10-04 20:20:08,4.1,1,6.585999999999998,7.330633492900739,6.4105,6.775711164300245,6.679437540588725,6.503723131815483
006,2014-10-04 20:40:08,4.3,1,6.131000000000003,7.533435992278979,6.143,6.602478664092994,6.439890084810701,6.2144274963935695
006,2014-10-04 21:30:08,6.1,1,8.634999999999998,6.651079202083496,8.236,7.8406930673611654,8.049803052479204,7.3753972362427636
007,2014-10-01 12:19:59,6.0,1,7.678500000000001,7.903925644390197,7.702000000000001,7.761475214796733,7.736520614325475,7.6967705411852
007,2014-10-01 12:34:59,7.7,1,8.335000000000008,8.97840963406963,8.340499999999999,8.551303211356545,8.476710524064352,8.3732736619037
007,2014-10-01 12:39:59,8.2,1,9.691500000000005,8.97036409184342,9.783999999999999,9.481954697281141,9.570954141343632,9.290421382909983
007,2014-10-01 12:54:59,8.8,1,8.239499999999998,7.650100471595262,8.250000000000002,8.046533490531752,8.115714347913373,7.904987419386412
007,2014-10-01 12:59:59,8.8,1,7.573000000000003,7.937542993305964,7.508500000000001,7.67301433110199,7.627053869091323,7.547992175839431
007,2014-10-01 13:04:59,8.6,1,8.468000000000005,8.31234252800875,8.488500000000002,8.422947509336252,8.44218726879337,8.381481982669317
007,2014-10-01 13:09:59,8.4,1,7.851499999999999,7.511099875970058,7.885,7.7491999586566855,7.790654864838115,7.66113121813771
007,2014-10-01 13:19:59,7.8,1,8.09950000000001,8.124111151127401,8.049500000000002,8.091037050375805,8.085437928901209,8.065264857024198
007,2014-10-01 13:39:59,6.4,1,8.31300000000001,8.088926096913266,8.218,8.206642032304424,8.227529152508565,8.15446546048513
007,2014-10-01 13:49:59,5.9,1,10.027999999999997,8.909139436955337,9.8375,9.59154647898511,9.711364951138222,9.32887610691199
007,2014-10-01 13:59:59,5.5,1,8.683,8.69667206208959,8.853000000000002,8.74422402069653,8.751929407908705,8.702962369929256
007,2014-10-01 14:34:59,5.1,1,7.756500000000004,8.3605549575861,7.694,7.937018319195368,7.863287820991639,7.746704448432653
007,2014-10-01 14:49:59,5.3,1,8.571500000000004,8.876157172076562,8.535,8.660885724025523,8.623427268318272,8.563010154453924
007,2014-10-01 14:59:59,5.7,1,9.01150000000001,8.367729665826008,8.738,8.705743221942006,8.765721719648242,8.555842769567509
007,2014-10-01 15:54:59,7.0,1,8.358000000000006,8.844923242573707,8.692499999999999,8.63180774752457,8.593422314558149,8.46139834744709
007,2014-10-01 16:24:59,7.8,1,8.723500000000003,8.305749938711521,8.6915,8.57358331290384,8.620459809163876,8.475214997381716
007,2014-10-01 16:29:59,7.9,1,8.990500000000004,8.614675776606884,8.6945,8.766558592202296,8.794117456252355,8.680076056388584
007,2014-10-01 16:34:59,8.0,1,8.593500000000004,8.985410134266697,8.435500000000001,8.671470044755567,8.617210767402858,8.503398643973949
007,2014-10-01 18:49:59,9.9,1,8.624,11.05355422042641,8.651000000000002,9.442851406808805,9.161525639253307,8.769927843930777
007,2014-10-01 20:04:59,8.5,1,8.402500000000003,8.14412504465829,8.256000000000002,8.267541681552764,8.289605083543044,8.207656435773758
007,2014-10-01 20:09:59,8.5,1,8.471999999999998,8.532632883923771,8.4445,8.483044294641255,8.474482673171103,8.455881539482714
007,2014-10-01 20:49:59,8.0,1,8.341500000000005,8.870494425035178,8.2175,8.476498141678393,8.408141493648241,8.283532344998857
007,2014-10-01 21:09:59,7.9,1,8.32600000000001,8.204326609760926,8.4495,8.326608869920312,8.347525635162093,8.269436285895518
007,2014-10-01 21:19:59,8.0,1,8.017999999999999,7.873987396916209,8.071499999999999,7.987829132305403,8.007518096737966,7.941509880998144
007,2014-10-01 21:49:59,8.8,1,8.230000000000006,8.372719491736293,8.294500000000001,8.2990731639121,8.285987810973873,8.252748342638967
007,2014-10-01 21:59:59,9.5,1,8.034500000000001,8.128438037157677,8.032,8.064979345719227,8.053908154641274,8.03812444432144
007,2014-10-01 22:24:59,10.6,1,9.202500000000006,8.0814550237924,9.369499999999999,8.8844850079308,9.024108429509722,8.581390424297584
007,2014-10-02 07:59:59,8.5,1,7.895000000000003,7.661131134724144,7.896500000000002,7.817543711574717,7.844848291183389,7.761993660154455
007,2014-10-02 08:09:59,8.7,1,7.564000000000002,7.481870078332546,7.468499999999998,7.504790026110849,7.50912739407523,7.480945555622723
007,2014-10-02 08:19:59,9.0,1,8.534000000000008,7.8189962778696795,8.407,8.253332092623229,8.329613899495376,8.085513205331287
007,2014-10-02 08:24:59,9.4,1,7.448499999999999,7.69575814995045,7.3775,7.50725271665015,7.4745888502132,7.412106584703993
007,2014-10-02 08:54:59,13.0,1,9.964000000000008,9.202339811662672,10.1395,9.768613270554226,9.866868817111582,9.548392848750055
007,2014-10-02 09:09:59,13.4,1,8.350000000000009,7.645890586948235,8.459,8.151630195649416,8.239550079342354,7.960314724940589
007,2014-10-02 09:14:59,13.1,1,8.142,7.539120027555559,8.069000000000003,7.916706675851853,7.982890286179971,7.774947585756774
007,2014-10-02 10:09:59,9.0,1,8.868500000000001,7.96041672573297,8.7385,8.52247224191099,8.621064622720121,8.309099747254546
007,2014-10-02 10:19:59,8.4,1,7.3680000000000065,7.402889483124046,7.731000000000002,7.500629827708018,7.516420121582011,7.4116503400261795
007,2014-10-02 10:39:59,7.3,1,7.145000000000007,6.983035396403234,7.101500000000001,7.076511798801081,7.092985731930975,7.0386080065917085
007,2014-10-02 11:09:59,5.6,1,10.513,9.363293875341062,10.145000000000003,10.007097958447021,10.120799900200769,9.738483983571136
007,2014-10-02 11:44:59,5.1,1,7.3900000000000095,8.232213728371052,7.444,7.6887379094570205,7.5936565748954115,7.450645007097858
007,2014-10-02 11:49:59,5.2,1,8.104500000000003,7.68637423630566,8.089500000000001,7.960124745435221,8.007974656565564,7.86153965125853
007,2014-10-02 12:24:59,5.3,1,7.6645000000000065,7.4471922183745605,7.6875,7.599730739458189,7.626283369122532,7.543136780495813
007,2014-10-02 12:39:59,5.1,1,8.105000000000016,8.556834866366433,8.298000000000002,8.319944955455483,8.27790559954993,8.174495167933951
007,2014-10-02 12:54:59,5.4,1,7.591500000000012,7.726763374994207,7.706500000000001,7.674921124998074,7.665465375529002,7.625198091719465
007,2014-10-02 14:40:00,11.7,1,7.266999999999999,7.960671831683116,7.100499999999999,7.4427239438943715,7.352874488926833,7.188207116152642
007,2014-10-02 14:59:59,5.7,1,6.651999999999999,7.7796614398366195,6.855500000000001,7.09572047994554,6.975588511605295,6.762761360242184
007,2014-10-02 15:24:59,7.3,1,8.292,7.838348527423774,8.1965,8.108949509141258,8.156532323775439,8.002585176362652
007,2014-10-02 16:19:59,9.1,1,9.226000000000004,8.236923437885245,9.451500000000001,8.971474479295084,9.09893585982868,8.686053763362699
007,2014-10-02 16:39:59,8.3,1,7.908,7.6774606230623474,7.959,7.848153541020783,7.877777582628973,7.7819856872201
007,2014-10-02 16:49:59,8.0,1,9.710500000000003,9.664925543466493,9.237,9.5374751811555,9.516885689917345,9.364576742411739
007,2014-10-02 17:04:59,7.2,1,8.313000000000006,7.816849763821842,8.3355,8.155116587940617,8.214099389495283,8.032817368662498
007,2014-10-02 17:09:59,6.9,1,6.562500000000009,7.592744401639235,6.6354999999999995,6.930248133879748,6.81431891502339,6.638249147149999
007,2014-10-02 17:39:59,5.6,1,8.027000000000008,8.962654912329432,8.394,8.461218304109813,8.372377431070387,8.16355021087235
007,2014-10-02 17:49:59,5.3,1,6.912000000000006,7.418798885655483,7.0535000000000005,7.12809962855183,7.0768460188592,6.973054627539412
007,2014-10-02 17:50:00,5.4,1,7.461500000000001,7.805934818949683,7.4430000000000005,7.570144939649896,7.529040699632575,7.468134368169183
007,2014-10-02 17:59:59,5.0,1,7.7355000000000045,7.991261999640465,7.4755,7.73408733321349,7.690097726037947,7.5648324477695645
007,2014-10-02 18:04:59,4.9,1,7.0334999999999965,7.638295961865746,6.964499999999999,7.212098653955247,7.137926435238108,7.019112372819202
007,2014-10-02 18:09:59,4.9,1,9.588000000000001,8.014339189277806,9.374,8.992113063092603,9.163585548307184,8.622264673187974
007,2014-10-02 18:14:59,4.8,1,8.813999999999993,8.832188841738734,9.095,8.913729613912908,8.926979525467821,8.84620308446559
007,2014-10-02 18:44:59,4.7,1,8.459000000000003,7.787833145411132,8.692,8.312944381803712,8.40381093719512,8.100838059654292
007,2014-10-02 18:45:00,4.3,1,8.260500000000002,8.310424803289319,8.2235,8.264808267763108,8.256973548019046,8.236991354615714
007,2014-10-03 06:55:00,8.5,1,7.745499999999998,8.033991235196277,7.872000000000001,7.883830411732092,7.8571677029227995,7.790609058671175
007,2014-10-03 07:05:00,8.8,1,8.21100000000001,7.866773043575108,8.077,8.05159101452504,8.08433125785127,7.971346312786087
007,2014-10-03 07:20:00,9.5,1,8.265,8.384380057903986,8.306499999999998,8.318626685967994,8.307000258272154,8.281222456812202
007,2014-10-03 07:30:00,9.9,1,7.701499999999998,7.855535248995413,7.481999999999999,7.679678416331804,7.6497447279964135,7.553855018500102
007,2014-10-03 07:45:00,10.2,1,8.838000000000001,8.816854681966932,8.652999999999999,8.769284893988976,8.761629092245496,8.702236999076716
007,2014-10-03 08:00:00,9.6,1,9.243000000000002,8.946485382701692,9.3835,9.190995127567232,9.233193253540497,9.088635036898843
007,2014-10-03 08:30:00,6.1,1,7.711000000000005,7.880580473111226,7.471000000000001,7.687526824370411,7.654662569755155,7.549632577242385
007,2014-10-03 09:25:00,5.8,1,8.80650000000001,9.172196887682514,8.794000000000002,8.924232295894177,8.880981255054467,8.818636413421789
007,2014-10-03 09:30:00,6.0,1,7.750500000000008,8.037277539690276,7.820500000000001,7.869425846563428,7.83987278544666,7.782779548384305
007,2014-10-03 09:55:00,8.3,1,8.258500000000009,8.037005890183417,8.044500000000001,8.11333529672781,8.127414347269063,8.062664343877643
007,2014-10-03 11:20:00,8.5,1,7.862500000000001,7.538810236490368,7.7385,7.713270078830123,7.744166646425545,7.637797808784673
007,2014-10-03 11:40:00,8.5,1,7.2010000000000085,8.31020339437233,7.287499999999999,7.599567798124112,7.4751859581408,7.2843358812716765
007,2014-10-03 12:20:00,15.8,1,10.378500000000004,8.355551237057112,10.48,9.73801707901904,9.979040909231509,9.23711889220574
007,2014-10-03 13:35:00,17.9,1,8.840500000000006,7.880851062928564,8.8795,8.53361702097619,8.647453832330251,8.298108210417626
007,2014-10-03 14:40:00,14.5,1,9.870000000000001,8.51807743333167,9.792,9.39335914444389,9.546458558379875,9.074827062809694
007,2014-10-03 20:35:00,4.6,1,8.952000000000009,8.354719604734795,8.91,8.738906534911601,8.80613365323118,8.598235634617033
007,2014-10-03 20:40:00,4.4,1,7.957000000000005,8.27772007975064,8.050500000000001,8.095073359916881,8.062854505953092,7.996528406882804
007,2014-10-03 20:55:00,4.7,1,7.008000000000005,7.2551470013742225,7.048000000000001,7.103715667124743,7.077135020088121,7.0312386777780445
007,2014-10-03 22:20:00,7.9,1,7.7010000000000005,8.335472532088943,7.773500000000001,7.936657510696315,7.8667691540604645,7.753856031033882
007,2014-10-03 22:40:00,8.3,1,8.301500000000003,8.346144662026688,8.381499999999999,8.343048220675565,8.34222651911513,8.317769303002535
007,2014-10-03 23:50:00,9.2,1,9.429000000000004,8.150830932328095,9.7575,9.112443644109367,9.279188439241787,8.735054003816606
007,2014-10-03 23:55:00,9.2,1,9.896999999999998,8.844684020921932,10.369000000000002,9.70356134030731,9.851864246674008,9.346424787128647
007,2014-10-04 00:50:00,10.3,1,8.274000000000004,8.177096042018086,8.346499999999999,8.265865347339362,8.281109879817317,8.226288851872127
007,2014-10-04 01:35:00,13.0,1,8.453500000000004,8.054899386801152,8.5195,8.342633128933718,8.392639959730296,8.233338934272938
007,2014-10-04 02:10:00,12.9,1,8.750000000000009,9.344627517687476,8.835499999999998,8.976709172562494,8.912169745749964,8.803491796544547
007,2014-10-04 02:20:00,12.7,1,10.060500000000008,9.711527738821223,9.893000000000002,9.888342579607077,9.919803158799848,9.807230175547629
007,2014-10-04 02:30:00,12.5,1,10.308499999999999,10.202334701265816,10.057500000000001,10.189444900421938,10.188076145183912,10.11019067569018
007,2014-10-04 09:10:00,10.2,1,8.610500000000009,8.876184231369159,8.732999999999999,8.739894743789721,8.715668042097263,8.653394997048174
007,2014-10-04 09:15:00,10.1,1,6.837500000000001,7.746354119230431,6.8075,7.13045137307681,7.023019309745841,6.868422190654371
007,2014-10-04 10:45:01,7.3,1,7.783000000000004,8.021543468129178,7.8915,7.898681156043061,7.876848042790851,7.821178234695496
007,2014-10-04 11:00:01,5.9,1,7.335,7.949683743969507,7.1605,7.481727914656502,7.400635247217293,7.24595631681412
007,2014-10-04 12:10:01,4.8,1,7.6075,7.493752475102316,7.756,7.619084158367439,7.640445526211319,7.558023009233152
007,2014-10-04 12:30:01,5.8,1,7.873500000000008,7.618448906578589,7.966,7.819316302192866,7.854063049608473,7.737801786922098
007,2014-10-04 13:00:01,8.2,1,8.555500000000006,8.191353471556127,8.3025,8.34978449051871,8.378335610779732,8.265734457742852
007,2014-10-04 13:05:01,8.5,1,8.415500000000002,8.036499584475854,8.153500000000001,8.201833194825285,8.23162113606687,8.114344733368377
007,2014-10-04 13:35:01,8.9,1,8.463999999999997,8.05697793408094,8.56,8.36032597802698,8.412953690235026,8.242132560765015
007,2014-10-04 13:45:01,8.9,1,8.76,8.699838203126994,8.657,8.705612734375665,8.706982838456973,8.675599189906473
007,2014-10-04 15:30:01,7.7,1,8.181499999999998,9.640983193775925,8.1125,8.644994397925307,8.471335807511775,8.216307791388665
007,2014-10-04 15:35:01,8.0,1,7.949000000000004,7.722589448849349,7.908,7.8598631496164515,7.8839753677519,7.806728126154177
007,2014-10-04 15:40:00,6.7,1,7.886000000000004,7.753212515247066,7.7655,7.80157083841569,7.810437612288062,7.7711344653032075
007,2014-10-04 16:15:01,9.1,1,7.737500000000003,7.579953152502504,7.667499999999999,7.661651050834169,7.676161541759104,7.624989741764635
007,2014-10-04 16:25:01,9.2,1,7.750000000000001,7.022171729349061,7.870999999999999,7.54772390978302,7.639060936748446,7.348045090029515
007,2014-10-04 17:25:01,7.8,1,8.770999999999997,9.059608097896998,8.9415,8.924036032632332,8.899765958651601,8.826030091647597
007,2014-10-04 17:30:01,7.6,1,7.808000000000002,7.181186093333658,7.892500000000001,7.627228697777888,7.704811477245484,7.459803012500786
007,2014-10-04 18:00:01,6.9,1,9.284000000000002,8.425255749298321,9.3615,9.023585249766107,9.127782121821458,8.803025314136125
007,2014-10-04 18:35:01,6.3,1,8.504500000000002,7.430143764645401,8.432,8.122214588215135,8.243305808275617,7.869160286223531
007,2014-10-04 18:40:01,6.3,1,8.808000000000003,9.5146991441926,8.501,8.9412330480642,8.842183647419596,8.629775545172436
007,2014-10-04 19:10:01,6.0,1,8.847500000000002,8.97950185058439,9.004500000000002,8.943833950194799,8.937054708445496,8.88741499032881
007,2014-10-04 19:45:01,6.9,1,8.606500000000006,8.753626238988623,8.831499999999998,8.730542079662875,8.725721076410974,8.656137260375282
007,2014-10-04 19:55:01,7.1,1,8.483500000000001,8.722732662441983,8.520000000000001,8.575410887480663,8.549560071423235,8.505494493924001
007,2014-10-04 20:00:01,7.2,1,8.971000000000007,9.229855213448456,8.688,8.962951737816155,8.917344271639733,8.784110686816135
007,2014-10-04 20:20:01,7.3,1,7.832000000000001,7.679202116032568,7.878000000000001,7.7964007053441895,7.816702130305128,7.7497355353395605
007,2014-10-04 21:05:01,7.9,1,7.843500000000011,7.790207857452659,8.013,7.882235952484223,7.897708690453438,7.8306072850456925
007,2014-10-04 22:00:01,7.3,1,7.855500000000001,7.597720635420532,8.068,7.8404068784735115,7.8820336657349594,7.730602965416795
007,2014-10-04 22:05:01,6.9,1,8.082500000000005,7.372389442411274,8.312999999999999,7.9226298141370926,8.017892733948516,7.7019068201372605
008,2014-10-01 07:01:54,6.3,1,6.313500000000001,6.380129361126009,6.396000000000003,6.363209787042005,6.359965764550982,6.333982389649902
008,2014-10-01 07:16:54,5.4,1,6.7875,6.556651293709378,6.757500000000001,6.700550431236459,6.725780814107955,6.646284901527759
008,2014-10-01 07:36:54,4.2,1,6.9255000000000075,7.008860251044155,6.974500000000001,6.969620083681387,6.962596548450309,6.941339111273576
008,2014-10-01 07:41:54,3.9,1,6.324000000000001,6.729159284363858,6.245000000000001,6.43271976145462,6.381238561483343,6.290991024084419
008,2014-10-01 07:46:54,3.6,1,6.828500000000006,7.894817538237652,6.928000000000002,7.21710584607922,7.098426892664625,6.912296617278813
008,2014-10-01 08:36:54,3.2,1,7.602000000000007,7.682888927330873,7.4655000000000005,7.5834629757769605,7.566582625256424,7.509326653511163
008,2014-10-01 08:41:54,3.2,1,6.131999999999997,6.249398439706367,6.226499999999999,6.202632813235454,6.1941354704496865,6.160050628468795
008,2014-10-01 08:51:54,3.2,1,6.667999999999999,7.489929580527181,6.7095,6.9558098601757266,6.86240602861414,6.724660896209475
008,2014-10-01 09:41:54,3.4,1,8.164500000000002,8.223601940420048,8.247499999999999,8.21186731347335,8.209526833214492,8.183679461085319
008,2014-10-01 09:56:54,3.6,1,5.9425000000000034,7.047830400692987,5.934500000000001,6.308276800230996,6.179177837789597,6.000418048377268
008,2014-10-01 10:01:54,3.7,1,4.9144999999999985,5.629403355561121,4.914,5.152634451853706,5.069391706979189,4.9552930030509135
008,2014-10-01 10:16:54,4.2,1,7.860500000000003,7.343101908136726,7.796,7.66653396937891,7.723232252389356,7.544888734303843
008,2014-10-01 11:01:54,5.1,1,7.0605000000000055,6.972234923403871,7.155500000000001,7.062744974467958,7.078214395777322,7.020024166206497
008,2014-10-01 11:31:54,8.0,1,7.541999999999997,8.29432588146247,7.6770000000000005,7.8377752938208225,7.757586651406606,7.615722439239027
008,2014-10-01 11:56:54,9.4,1,7.258000000000005,7.134480847201597,7.309999999999999,7.234160282400533,7.251381759735064,7.193024054512124
008,2014-10-01 14:46:54,3.7,1,7.215000000000001,7.68419223247161,7.1435,7.347564077490538,7.28903953824179,7.191024494710774
008,2014-10-01 15:41:54,6.5,1,7.168000000000001,7.359404205219035,7.2410000000000005,7.256134735073012,7.237847278558678,7.195465876925456
008,2014-10-01 15:51:54,6.8,1,5.818500000000001,6.01285296834308,5.806500000000002,5.879284322781028,5.856005213713627,5.82113045080383
008,2014-10-01 16:16:54,6.5,1,6.696500000000007,6.905516803719124,6.5785,6.726838934573043,6.696056096224874,6.624392784810662
008,2014-10-01 16:46:54,6.1,1,6.136000000000007,6.9175194753193745,6.2,6.417839825106461,6.3303702290581985,6.195404724227799
008,2014-10-01 16:56:54,6.1,1,7.047500000000001,6.908983440971142,7.056,7.0041611469903815,7.020749441917717,6.969506252895484
008,2014-10-01 17:11:54,5.6,1,6.850000000000002,7.456854906497136,6.808999999999998,7.0386183021657125,6.965737662626149,6.855695864724327
008,2014-10-01 17:21:54,5.4,1,6.360500000000005,6.231244288226616,6.3599999999999985,6.317248096075541,6.332266234958496,6.286741197398166
008,2014-10-01 17:26:54,5.5,1,7.349,8.223531616667193,7.4325,7.6683438722223976,7.571113979087809,7.418152302234526
008,2014-10-01 18:11:54,7.4,1,8.274000000000004,8.299502042845113,8.3335,8.302334014281707,8.302619442972707,8.284714399635696
008,2014-10-01 18:41:54,6.7,1,8.477,7.8740245556651605,8.548,8.299674851888389,8.373744535151298,8.140986315624618
008,2014-10-01 18:46:54,6.2,1,10.004500000000005,10.427230738368754,10.0485,10.160076912789586,10.113276907844186,10.038746500504807
008,2014-10-01 19:16:54,4.5,1,8.539999999999997,8.099974772250388,8.4905,8.376824924083461,8.425337243614385,8.273330442445744
008,2014-10-01 20:16:54,5.1,1,8.565,7.868952898621074,8.446000000000002,8.293317632873691,8.367830369610147,8.129913154927946
008,2014-10-01 20:31:54,6.1,1,5.759000000000002,6.55910164949457,5.7655,6.027867216498191,5.935090123217409,5.80651811006601
008,2014-10-01 20:56:54,8.3,1,7.2955,7.311085947220421,7.329000000000001,7.311861982406807,7.311879785890445,7.301753368481991
008,2014-10-01 21:26:54,9.7,1,7.497499999999998,7.1169260671094845,7.388,7.334142022369828,7.372452923769026,7.2451330506871425
008,2014-10-01 21:41:55,10.0,1,6.672500000000003,7.18068054655899,6.745000000000001,6.866060182186331,6.81087232761207,6.71808672027534
008,2014-10-02 10:46:55,4.7,1,7.346500000000004,7.365317456628257,7.4849999999999985,7.39893915220942,7.404322963331692,7.364145094428351
008,2014-10-02 11:36:55,6.2,1,7.777999999999996,7.704142582791507,7.8755,7.785880860930501,7.799809935628033,7.74598501887372
008,2014-10-02 11:46:55,6.1,1,6.8545000000000025,7.110840254058017,6.8455,6.936946751352674,6.906616327474708,6.862837516514573
008,2014-10-02 13:46:55,9.4,1,9.937500000000002,7.921906231396206,10.029000000000002,9.296135410465403,9.535756240425926,8.799277144540282
008,2014-10-02 13:51:55,9.3,1,7.972,7.9832029858538744,8.2495,8.068234328617958,8.082105994880285,8.002585779211898
008,2014-10-02 14:01:55,9.4,1,9.404999999999996,8.281131440486487,9.3455,9.010543813495495,9.13810924703386,8.7457042281421
008,2014-10-02 15:01:55,11.8,1,7.851000000000002,7.483462163874548,7.819,7.717820721291517,7.758852468841419,7.6313049453457635
008,2014-10-02 15:21:55,13.0,1,9.048000000000007,7.934313400524947,8.910499999999999,8.630937800174985,8.753052441007739,8.369089382904592
008,2014-10-02 15:41:55,13.4,1,8.109500000000002,7.406704282960986,7.945500000000001,7.820568094320329,7.893405451086983,7.655909686932443
008,2014-10-02 16:01:55,12.8,1,9.060500000000005,8.297136145851159,9.268,8.875212048617055,8.97541589451878,8.647217373755662
008,2014-10-02 16:11:55,12.8,1,10.657500000000004,9.913669508989587,10.612,10.394389836329864,10.478484113902377,10.219152322284568
008,2014-10-02 16:51:55,13.4,1,10.527499999999998,9.63993928684664,10.588999999999999,10.252146428948878,10.358822567914544,10.028470451918864
008,2014-10-02 16:56:55,13.5,1,9.321000000000005,8.365982982082446,9.468,9.051660994027484,9.170864865716139,8.792364689615244
008,2014-10-02 17:19:00,12.6,1,8.624500000000006,8.49047835795053,8.681500000000002,8.598826119316845,8.617543532067472,8.55405889923875
008,2014-10-02 17:21:55,13.3,1,8.165500000000003,8.006877521046388,8.224,8.132125840348797,8.15378884373826,8.081206052835508
008,2014-10-02 17:26:55,12.9,1,8.9575,8.152932814885759,8.968,8.692810938295253,8.787037506754832,8.500474782495736
008,2014-10-02 17:46:55,11.4,1,8.062000000000005,7.277812626396903,8.0465,7.795437542132302,7.88587001421979,7.610447781942593
008,2014-10-02 17:56:55,10.9,1,10.566,9.68114548524786,10.62,10.28904849508262,10.394999475928817,10.067739150184691
008,2014-10-02 18:11:55,10.4,1,8.921500000000002,8.30949845032985,9.0815,8.770832816776617,8.850820309644003,8.589510012392939
008,2014-10-02 18:51:55,10.9,1,9.845499999999994,9.19753050116915,9.658499999999998,9.567176833723046,9.632374562691334,9.41563339816133
008,2014-10-02 18:56:55,11.2,1,9.473999999999997,9.046383987725347,9.354999999999999,9.291794662575114,9.335061776224617,9.191753042913527
008,2014-10-02 18:59:00,11.3,1,9.017999999999995,8.667190549310089,9.019499999999999,8.901563516436696,8.942480086622194,8.818409770653078
008,2014-10-02 19:11:55,11.5,1,8.2685,7.616907773054024,8.138,8.007802591018008,8.076511836860266,7.854978288626281
008,2014-10-02 19:36:55,10.8,1,8.411500000000006,8.577683240028003,8.5655,8.518227746676002,8.507305698419936,8.45576550614049
008,2014-10-02 19:41:55,10.6,1,9.18,8.926140728942547,8.87,8.992046909647515,9.004643321134772,8.91271980690547
008,2014-10-02 19:56:55,10.5,1,8.658000000000001,8.298361161402324,8.552,8.502787053800775,8.538852496445834,8.41869341530385
008,2014-10-02 20:01:55,10.6,1,8.080000000000007,8.375441312227787,8.283000000000001,8.246147104075932,8.222858972431913,8.142746475673874
008,2014-10-02 20:31:55,10.3,1,7.870999999999997,7.915104148028401,7.976000000000002,7.920701382676133,7.921309777978696,7.8897459250903434
008,2014-10-02 20:56:55,11.0,1,8.188500000000003,7.655873294117087,8.297500000000001,8.04729109803903,8.115250238540831,7.896453928516483
008,2014-10-02 21:21:55,11.4,1,8.531500000000003,8.47845590735685,8.545499999999999,8.518485302452284,8.525425304217872,8.502739007941646
008,2014-10-02 21:31:55,11.2,1,9.890500000000001,9.451166672894082,9.7425,9.694722224298028,9.737767314630215,9.592133259763433
008,2014-10-02 21:46:55,11.3,1,10.898500000000004,9.613737163293065,10.882499999999999,10.464912387764356,10.613584955750014,10.161766116998107
008,2014-10-02 22:16:55,11.7,1,10.678999999999998,10.006634054947767,10.549,10.411544684982589,10.482699354130654,10.253813002185888
008,2014-10-02 23:16:55,10.4,1,9.070500000000003,8.781589921982624,9.299500000000002,9.050529973994209,9.096682743791241,8.92957644939769
008,2014-10-03 00:26:55,8.2,1,9.624000000000006,8.810467885677493,9.761,9.398489295225833,9.500677323145482,9.174894126727988
008,2014-10-03 01:11:55,9.2,1,8.113999999999999,7.923274110771169,8.0435,8.026924703590389,8.045269921560253,7.982435286324133
008,2014-10-03 02:21:55,7.1,1,8.578500000000002,8.216913932024921,8.746500000000001,8.513971310674973,8.565247711328249,8.389915774438826
008,2014-10-03 02:46:55,7.0,1,7.482000000000003,7.712890865403604,7.370000000000001,7.521630288467869,7.4886294127607265,7.4154300561065405
008,2014-10-03 02:56:55,7.1,1,8.9145,9.05433095075318,8.779500000000002,8.916110316917727,8.892451092056668,8.826288882774872
008,2014-10-03 11:11:56,2.8,1,7.740500000000001,7.616136701683287,7.601,7.6525455672277625,7.659392700919954,7.618379392905948
008,2014-10-03 11:31:56,4.3,1,6.573000000000003,7.140342240159385,6.7525,6.8219474133864635,6.7657246165487415,6.646101831749834
008,2014-10-03 12:06:56,9.2,1,7.807500000000001,7.663670239566583,7.940499999999999,7.8038900798555275,7.827905395359593,7.739298915865632
008,2014-10-03 12:41:56,12.0,1,8.6435,8.47774387493251,8.767999999999999,8.629747958310837,8.655850681230648,8.561939315775717
008,2014-10-03 13:11:56,12.0,1,8.733000000000002,8.45821479446757,8.7135,8.63490493148919,8.665823778689163,8.570189123082304
008,2014-10-03 13:16:56,12.0,1,9.385000000000002,7.374362162229484,9.3855,8.714954054076495,8.949021472005759,8.24023005267398
008,2014-10-03 13:26:56,11.9,1,9.14950000000001,9.006828429685003,9.038,9.064776143228338,9.075285618651224,9.031938828029517
008,2014-10-03 13:36:56,11.7,1,10.011500000000002,9.216523586831656,9.9105,9.712841195610553,9.79985376427077,9.525948934797146
008,2014-10-03 14:16:56,9.9,1,8.482000000000005,8.28649562123397,8.446000000000002,8.404831873744659,8.425620021393307,8.358954542839054
008,2014-10-03 14:21:56,9.8,1,9.144500000000003,9.08198143518569,9.137,9.12116047839523,9.128027542079016,9.10645955340061
008,2014-10-03 15:06:56,7.6,1,9.473500000000008,8.693746723676208,9.422500000000001,9.196582241225405,9.284557183984713,9.012906636239723
008,2014-10-03 15:21:56,6.8,1,9.6785,8.806237581471658,9.5395,9.34141252715722,9.435343142760669,9.136563320171351
008,2014-10-03 15:51:56,5.4,1,6.932499999999999,7.639729947029296,6.835999999999999,7.136076649009765,7.048477122592476,6.904399965177609
008,2014-10-03 16:31:56,8.7,1,7.026500000000002,7.458380430400649,6.985500000000001,7.1567934768002175,7.104280025533038,7.0221244113678765
008,2014-10-03 16:51:56,10.3,1,7.327000000000001,7.969231065059566,7.365000000000001,7.553743688353189,7.481065522270587,7.372528891228893
008,2014-10-03 17:06:56,9.6,1,8.119000000000003,8.176820452987027,8.110999999999999,8.135606817662342,8.12843896653547,8.116623839678375
008,2014-10-03 17:21:56,8.2,1,7.120500000000006,7.746073595064882,7.3185,7.395024531688296,7.333035265740545,7.201122117945955
008,2014-10-03 18:51:56,7.4,1,7.4255000000000075,7.380518337963217,7.470500000000002,7.425506112654408,7.433202944030952,7.404521219490735
008,2014-10-03 18:56:56,7.5,1,8.244500000000006,8.410272824634102,8.061000000000002,8.238590941544702,8.209259728701864,8.123199888109516
008,2014-10-03 19:16:56,7.8,1,8.433499999999999,9.205428955897844,8.573500000000001,8.737476318632615,8.655279296620517,8.50947740925082
008,2014-10-03 19:21:56,7.9,1,8.408500000000002,8.429095345872446,8.572500000000002,8.470031781957482,8.476603169306044,8.429090343507987
008,2014-10-03 19:41:56,8.7,1,7.955000000000012,6.499221865845341,7.857,7.437073955281783,7.6011685073650375,7.094177582565223
008,2014-10-03 20:01:56,9.5,1,7.936500000000006,7.547599001138918,7.8614999999999995,7.781866333712974,7.823033222317576,7.690631810893707
008,2014-10-03 20:36:56,8.1,1,5.691500000000003,6.253210284661364,5.7885,5.911070094887123,5.8509911670079315,5.7456883343646314
008,2014-10-03 21:01:56,5.8,1,6.4260000000000055,6.518089179619324,6.557,6.500363059873109,6.496807821587746,6.4560566861793856
008,2014-10-03 21:36:56,3.2,1,5.846999999999995,6.5697426984433305,5.8645000000000005,6.093747566147775,6.010576684616696,5.892543939704783
008,2014-10-03 21:46:56,3.8,1,5.6865000000000006,6.8749368804640865,5.7325,6.097978960154696,5.9621594377977,5.76527085724132
008,2014-10-03 22:36:56,3.9,1,7.112500000000008,6.520867167227381,7.023,6.885455722409129,6.949427816285268,6.746475834087223
008,2014-10-03 22:51:56,3.9,1,7.85,7.947855350427034,7.885999999999999,7.894618450142343,7.885196738268586,7.863744215880681
008,2014-10-03 23:16:56,4.2,1,5.854000000000002,6.7045222134321865,5.806000000000001,6.121507404477396,6.019880858082721,5.868730002012157
008,2014-10-03 23:31:56,4.4,1,5.599499999999999,5.997062019238331,5.5805,5.72568733974611,5.678371701650111,5.608835828790994
008,2014-10-03 23:51:56,4.4,1,6.360000000000006,6.80423840903971,6.479000000000001,6.547746136346572,6.502544160584579,6.412383858431976
008,2014-10-04 00:06:56,4.6,1,5.662500000000005,6.005830979743412,5.7879999999999985,5.818776993247805,5.785676201038624,5.710540284935757
008,2014-10-04 00:41:56,5.3,1,5.954999999999999,7.465172781117345,5.9045000000000005,6.441557593705781,6.263010402790893,6.00591660906427
008,2014-10-04 01:11:56,5.1,1,5.947500000000003,6.898006357482957,5.833000000000001,6.226168785827654,6.109267293823143,5.920568217651244
008,2014-10-04 01:26:56,4.4,1,6.049500000000004,5.777920826231559,5.9525,5.926640275410521,5.952947677916072,5.863265207535609
008,2014-10-04 01:31:56,4.3,1,6.723000000000008,6.471993200222108,6.4905,6.561831066740705,6.578333707653907,6.5043330734213605
008,2014-10-04 01:36:56,4.2,1,6.2500000000000036,7.084301213967651,6.1545000000000005,6.496267071322552,6.3939310210001326,6.229927166027629
008,2014-10-04 01:46:56,4.1,1,6.371,7.31422945473465,6.435499999999999,6.706909818244884,6.600644377021577,6.439825341602328
008,2014-10-04 01:56:56,4.2,1,5.556500000000004,6.702622978553055,5.6355,5.964874326184353,5.835784858837187,5.640271017594429
008,2014-10-04 02:16:56,4.3,1,6.026500000000002,6.393513887603784,5.988,6.136004629201262,6.0911784206087285,6.020173309387497
008,2014-10-04 02:21:56,4.3,1,6.2685,6.809449049707434,6.1675,6.4151496832358115,6.346659312111498,6.227620252871257
008,2014-10-04 03:11:56,4.8,1,4.878499999999998,6.1406595137231985,4.8340000000000005,5.284386504574399,5.135036407045914,4.919419285218317
008,2014-10-04 03:26:56,4.5,1,5.337999999999999,5.516631613365263,5.1695,5.341377204455088,5.3113695252253725,5.228135559275035
008,2014-10-04 04:21:56,3.1,1,6.236499999999999,6.901822669365725,6.194000000000001,6.444107556455241,6.364339185270263,6.2444916907644545
008,2014-10-04 04:31:56,3.0,1,5.773000000000004,6.962702386749081,5.776,6.1705674622496955,6.032249083277689,5.842154717957241
008,2014-10-04 05:21:56,4.2,1,6.490999999999996,5.787120958638529,6.4479999999999995,6.242040319546175,6.321620930071506,6.076214463066375
008,2014-10-04 05:36:56,3.9,1,5.151499999999996,5.4069951748435745,5.151999999999999,5.236831724947857,5.207119197665433,5.166318851690495
008,2014-10-04 06:01:56,3.7,1,5.312999999999991,6.330991064805752,5.417999999999998,5.687330354935248,5.5745774267321035,5.395254255170889
008,2014-10-04 06:06:56,3.8,1,4.8224999999999945,4.7247400492949,5.045,4.864080016431632,4.887627270491505,4.789744724300627
008,2014-10-04 06:11:56,3.8,1,4.893499999999996,4.3747060715006265,4.8445,4.704235357166874,4.761943768768015,4.582143844351259
008,2014-10-04 06:41:56,3.9,1,4.9924999999999935,5.0712056535043635,4.989000000000001,5.017568551168119,5.008215736189651,4.994534640065321
008,2014-10-04 06:46:56,4.0,1,5.685999999999994,6.2746290795070845,5.917999999999999,5.9595430265023595,5.9037135013275845,5.772156662945412
008,2014-10-04 06:56:56,4.2,1,4.637499999999991,5.002930164856973,4.6884999999999994,4.776310054952321,4.736562699468035,4.670025580889038
008,2014-10-04 07:21:56,4.4,1,5.1160000000000005,4.8337752379034695,5.276,5.07525841263449,5.116859587278697,4.971779050030072
008,2014-10-04 07:36:56,4.6,1,5.82349999999999,6.4708889659815805,6.073999999999999,6.122796321993857,6.061138806153373,5.917207371184579
009,2014-10-01 06:00:00,5.4,1,7.493000000000002,6.651843782210678,7.168499999999999,7.10444792740356,7.184613273310387,6.908339041586867
009,2014-10-02 06:40:19,3.9,1,9.487500000000004,8.884152925999263,9.241499999999998,9.204384308666421,9.261161400692666,9.063818509906849
009,2014-10-02 06:50:19,3.7,1,8.671000000000005,8.77381603488097,8.421999999999999,8.62227201162699,8.59668701339306,8.499372330756152
009,2014-10-02 07:20:19,3.4,1,9.454500000000012,8.822820451349015,9.476999999999999,9.251440150449675,9.326198687329526,9.097149388581535
009,2014-10-02 08:35:19,2.9,1,8.240500000000006,8.285741197448951,8.046999999999999,8.191080399149653,8.175232305197563,8.105131791039192
009,2014-10-02 08:55:19,2.5,1,9.044500000000006,9.417162395807333,9.029,9.16355413193578,9.119328237945618,9.054898239988631
009,2014-10-02 10:15:19,2.3,1,7.963500000000007,8.120934081097461,8.032500000000002,8.03897802703249,8.02442597499749,7.988109271041905
009,2014-10-02 10:40:19,2.3,1,7.9100000000000055,6.9831104681161635,8.001999999999999,7.631703489372057,7.744625498894265,7.391717451435655
009,2014-10-02 11:05:19,2.2,1,7.624000000000008,7.885729139145596,7.700500000000001,7.736743046381868,7.710461108827377,7.656302386988766
009,2014-10-03 08:25:19,8.7,1,9.1325,8.049016667761135,9.034,8.738505555920378,8.859237310602,8.48349272218879
009,2014-10-03 08:30:19,7.8,1,9.295000000000002,9.36699561746897,9.341500000000002,9.334498539156323,9.328661139562866,9.309621655133558
009,2014-10-03 08:40:19,6.8,1,9.01600000000001,8.664793279842588,9.015999999999998,8.898931093280865,8.939811875161464,8.816029139889267
009,2014-10-03 09:15:19,5.6,1,9.450999999999999,8.60128577966748,9.663000000000002,9.238428593222494,9.348929792838137,8.98901430880905
009,2014-10-03 09:35:19,4.8,1,8.98750000000001,8.759629914202055,8.9885,8.911876638067355,8.938455610674117,8.857857780967038
009,2014-10-03 09:55:19,4.3,1,9.218000000000004,10.12937245539361,9.4065,9.58462415179787,9.488848109779369,9.31293198489588
009,2014-10-03 11:10:19,5.1,1,7.622500000000003,7.883593424180042,7.613499999999999,7.706531141393348,7.675647444187034,7.631111106881849
009,2014-10-03 11:55:19,5.8,1,10.189000000000007,9.516614293656902,10.031000000000002,9.912204764552303,9.981830491725974,9.754679396337654
009,2014-10-03 12:00:19,5.8,1,9.254000000000001,7.641919755258685,9.47,8.788639918419562,8.988099966038039,8.358348473736584
009,2014-10-03 12:20:19,4.9,1,7.6419999999999995,8.805254642206853,7.719999999999999,8.055751547402282,7.9246132515915955,7.726531783421852
009,2014-10-03 12:35:19,2.7,1,7.665000000000005,7.846283260608909,7.710000000000001,7.740427753536305,7.721787141979629,7.6855742157559686
009,2014-10-04 12:45:00,6.4,1,11.468000000000002,11.392058722401256,11.109499999999999,11.323186240800418,11.312420505664473,11.1985445851083
009,2014-10-04 16:00:00,6.9,1,9.836499999999997,9.055160608416545,9.9055,9.599053536138848,9.693775570757879,9.398723146206665
001,2014-10-01 19:14:00,10.3,2,7.332500000000003,6.92452413899675,7.472,7.243008046332251,7.319636582290074,7.124251611381842
001,2014-10-01 19:44:00,8.9,2,7.9690000000000065,7.976299721244562,8.095,8.013433240414857,8.0224629243988,7.982516309296662
001,2014-10-01 20:59:00,8.0,2,7.831500000000005,7.9129584777387505,8.0815,7.941986159246252,7.9491762089440945,7.868362927546894
001,2014-10-01 21:44:00,7.6,2,9.479500000000005,9.452359610377183,9.442999999999998,9.458286536792395,9.459678659643327,9.447982704954196
001,2014-10-02 11:09:00,14.3,2,7.776500000000011,7.37673449087243,7.854499999999999,7.669244830290814,7.739580531918382,7.5666564126085785
001,2014-10-02 11:44:00,14.7,2,9.879000000000003,9.873569968163018,10.1115,9.954689989387674,9.97437869057521,9.89896586705963
001,2014-10-02 12:39:00,13.2,2,11.677499999999998,9.094765261278843,12.235,11.002421753759613,11.461170477676573,10.32706067159629
001,2014-10-02 13:09:00,11.9,2,9.550000000000004,8.996691954070378,9.642499999999998,9.39639731802346,9.492496426520969,9.258035436001444
001,2014-10-02 14:14:00,10.2,2,9.274,9.543863592737987,9.187000000000001,9.334954530912663,9.284694061166155,9.219670966400805
001,2014-10-02 14:54:00,11.2,2,8.73400000000001,9.357011675721576,8.86,8.983670558573863,8.894094349023998,8.785801657452565
001,2014-10-02 14:59:00,11.3,2,8.417000000000003,8.014525919271948,8.4155,8.28234197309065,8.346676537903218,8.197456520858609
001,2014-10-02 15:19:00,11.0,2,9.761500000000002,9.398928732266238,9.998,9.719476244088746,9.796684665324632,9.58752118347379
001,2014-10-02 16:04:00,9.8,2,7.4950000000000045,7.827152150146471,7.5260000000000025,7.616050716715493,7.565365964014103,7.515116472286068
001,2014-10-02 16:24:00,9.5,2,10.89550000000001,10.775125063698649,11.152999999999999,10.94120835456622,10.981328969530889,10.855382983533175
001,2014-10-02 16:44:00,9.0,2,11.1955,9.738925706074575,10.949499999999999,10.62797523535819,10.841332913130529,10.31491384345206
001,2014-10-02 16:54:00,8.8,2,9.070000000000004,8.885840966393388,9.1,9.018613655464463,9.050534881262438,8.972747045947463
001,2014-10-02 17:44:00,11.9,2,10.503000000000004,10.880026996205013,10.499500000000003,10.627508998735008,10.566845057466582,10.515904898458901
001,2014-10-02 17:54:00,12.8,2,7.641500000000011,7.754430174073959,8.188,7.861310058024657,7.8874593269193305,7.712312995005205
001,2014-10-02 18:54:00,11.4,2,9.884000000000006,11.728801610722924,9.935500000000001,10.516100536907643,10.224825213936294,9.970706202899727
001,2014-10-02 19:24:00,10.9,2,10.201000000000008,9.9645713540317,10.465499999999999,10.210357118010569,10.26963025981652,10.098422241502558
001,2014-10-02 21:04:00,18.0,2,11.351499999999993,10.07910006539668,11.381499999999999,10.93736668846556,11.143569030039435,10.66207889039968
001,2014-10-02 21:09:00,18.0,2,7.798000000000005,7.227377771948324,7.877500000000001,7.634292590649443,7.732112304932498,7.495332310546308
001,2014-10-02 21:34:00,17.5,2,8.933000000000007,9.67401607528388,8.92,9.175672025094629,9.055946503220124,8.953758645905545
001,2014-10-03 07:04:01,2.2,2,9.029500000000006,9.68219928373417,8.7335,9.148399761244725,9.019911448519325,8.833716412646123
001,2014-10-03 07:09:01,2.2,2,7.500000000000004,7.34907859198007,7.538499999999998,7.462526197326691,7.489812447238689,7.421671315453416
001,2014-10-03 08:04:01,2.3,2,8.654500000000002,9.144843315440422,8.441,8.746781105146809,8.650971741408169,8.514090655076306
001,2014-10-03 08:24:01,2.2,2,7.1870000000000065,7.20881939160149,7.3610000000000015,7.252273130533832,7.262862728608264,7.207425960898959
001,2014-10-03 08:44:01,2.2,2,10.15450000000001,10.63618361286138,10.448,10.412894537620463,10.359509766399091,10.23520854518367
001,2014-10-03 08:59:01,2.3,2,7.926500000000001,7.997937189262471,7.7620000000000005,7.89547906308749,7.87072343238981,7.805689754729845
001,2014-10-03 09:04:01,2.5,2,8.893500000000003,8.777784114911986,9.0845,8.918594704970664,8.952586512734277,8.849362421668712
001,2014-10-03 09:49:01,3.3,2,9.366500000000004,8.98806657621157,9.4875,9.280688858737191,9.351088758852425,9.172503387415148
001,2014-10-03 09:54:01,3.3,2,9.805500000000002,9.342119824788343,9.458,9.535206608262781,9.581289210885373,9.429057826784684
001,2014-10-03 09:59:01,3.4,2,9.342500000000003,9.17638787136577,9.1205,9.213129290455258,9.221762855674408,9.150650400847649
001,2014-10-03 10:09:01,3.7,2,8.384000000000002,9.268335574776932,8.176,8.609445191592313,8.450983390760317,8.263965474983292
001,2014-10-03 10:29:01,4.2,2,9.228000000000005,10.616812274802003,9.3055,9.716770758267337,9.500626348817654,9.301305175649466
001,2014-10-03 10:34:01,4.4,2,12.584500000000002,11.503867280487276,12.426000000000002,12.171455760162425,12.331689075664096,11.939779909314723
001,2014-10-03 10:39:01,4.8,2,8.171500000000004,8.524521818508248,8.334499999999998,8.343507272836083,8.3001646391781,8.219846867055828
001,2014-10-03 11:14:01,8.0,2,9.853500000000004,10.206901834186795,9.8695,9.976633944728933,9.921331933594326,9.871381947059211
001,2014-10-03 11:34:01,9.7,2,10.097000000000008,9.837720124976821,9.806999999999999,9.913906708325609,9.931956954792179,9.840062813086423
001,2014-10-03 11:39:01,9.9,2,9.485000000000008,9.703787178286007,9.4795,9.556095726095338,9.520611910438435,9.489878935989719
001,2014-10-03 11:49:01,10.2,2,12.21050000000001,9.572988704347985,12.565,11.449496234782664,11.900586103808587,10.810241494582574
001,2014-10-03 12:09:01,9.9,2,9.610500000000007,8.810572819148252,9.6095,9.34352427304942,9.47155118029809,9.174860572649418
001,2014-10-03 12:34:01,9.5,2,9.737499999999997,9.53153485194072,9.6925,9.653844950646906,9.683187739809007,9.609328207381772
001,2014-10-03 12:49:01,9.9,2,10.87450000000001,9.664831949977737,10.695500000000003,10.411610649992584,10.590849577718148,10.152232716528083
001,2014-10-03 12:54:01,10.2,2,9.59500000000001,9.703143139065736,9.628,9.642047713021915,9.627399751258542,9.606299355022163
001,2014-10-03 13:19:01,11.4,2,10.608500000000006,10.577937172651025,10.648500000000002,10.611645724217011,10.619778034380797,10.595812518886058
001,2014-10-03 13:49:01,12.5,2,8.674000000000008,7.1891707592093566,8.860000000000003,8.241056919736456,8.493906683883063,7.884364120702626
001,2014-10-03 13:54:01,12.5,2,8.708000000000004,9.312056165738595,8.5185,8.846185388579533,8.734107596518724,8.590332307469769
001,2014-10-03 14:04:01,12.7,2,9.798000000000009,10.514069900598217,9.71,10.007356633532742,9.885555553751246,9.761307634666824
001,2014-10-03 14:59:01,14.1,2,11.277000000000005,10.365531365792028,10.786,10.80951045526401,10.915738930830637,10.60540294981866
001,2014-10-03 15:09:01,14.3,2,9.988500000000009,9.52211876473787,9.9655,9.825372921579293,9.898201918702208,9.726491259043723
001,2014-10-03 15:19:01,15.0,2,9.958000000000007,9.029183814480506,10.027,9.671394604826837,9.82572896851537,9.459385328175747
001,2014-10-03 15:29:01,16.0,2,9.890999999999998,9.626953522683216,9.645000000000003,9.720984507561072,9.743359583703565,9.659329903263615
001,2014-10-03 15:49:01,18.0,2,9.192000000000004,10.279199305477293,9.586,9.685733101825766,9.543510063398271,9.318501713581563
001,2014-10-03 15:54:01,18.3,2,10.707000000000004,9.058690050031332,11.6025,10.456063350010446,10.792523012226578,9.898350696791113
001,2014-10-03 16:19:01,20.9,2,10.419999999999991,8.889554171621745,10.516499999999999,9.942018057207244,10.194928954091372,9.596718566641897
001,2014-10-03 18:24:01,22.2,2,10.431000000000006,10.370728350176353,10.0285,10.276742783392121,10.253815975289694,10.119184875643654
001,2014-10-04 06:54:01,8.3,2,7.704499999999997,7.806644739725616,7.9670000000000005,7.826048246575205,7.830937182805932,7.745697731822148
001,2014-10-04 07:54:01,7.9,2,7.791000000000006,6.998590182927872,7.466,7.41853006097596,7.519127761590231,7.2435635337502
001,2014-10-04 08:09:01,7.1,2,7.624500000000004,8.363858750618801,7.289000000000001,7.759119583539602,7.613555589233723,7.402571728437215
001,2014-10-04 08:29:01,5.6,2,9.266999999999996,7.925215528772009,9.655,8.949071842924,9.195363419307718,8.575116013891016
001,2014-10-04 08:44:01,4.8,2,8.854000000000006,7.324512546040875,8.904000000000002,8.36083751534696,8.609831112172161,8.026655942086096
001,2014-10-04 09:34:01,5.2,2,7.093499999999997,7.3629643932582916,7.0455,7.167321464419429,7.120281675951765,7.068494440331904
001,2014-10-04 09:54:01,6.7,2,9.396000000000004,8.661505010964456,9.2335,9.097001670321488,9.201477470448623,8.938200638490738
001,2014-10-04 10:04:01,7.4,2,10.384500000000008,9.972312727081846,10.5605,10.305770909027283,10.386028294005914,10.17755825652515
001,2014-10-04 10:19:01,7.7,2,7.086499999999997,7.396312077466756,7.334499999999999,7.272437359155584,7.242894834696511,7.150690940810803
001,2014-10-04 10:24:01,7.4,2,8.94700000000001,8.781677967193762,9.049,8.925892655731257,8.960624993001476,8.867095233283626
001,2014-10-04 10:49:01,5.3,2,9.230000000000013,7.6727776114787964,9.525,8.80925920382627,9.082525397148572,8.41171684985405
001,2014-10-04 11:14:01,3.9,2,8.0155,7.06876752021179,8.1575,7.747255840070596,7.9103682752944815,7.514332730216103
001,2014-10-04 11:19:01,3.8,2,8.920000000000007,8.918372675326038,8.95,8.929457558442015,8.932146442514798,8.922071988897716
001,2014-10-04 11:39:01,3.3,2,7.904499999999997,8.550555843435312,8.1675,8.207518614478436,8.125340990731914,7.9856584217586
001,2014-10-04 13:19:01,5.4,2,8.793500000000002,8.659065934599806,8.9485,8.800355311533268,8.83443090161995,8.735627891202466
002,2014-10-01 19:22:01,4.4,2,8.042499999999997,8.97837719868729,8.1885,8.403125732895761,8.265063146903088,8.111342432917633
002,2014-10-01 19:32:01,3.6,2,8.665,8.751214639282303,8.7325,8.716238213094101,8.707894596553661,8.682549247412155
002,2014-10-01 19:52:01,2.4,2,8.490500000000004,10.055838066445736,8.482,9.00944602214858,8.75807007710291,8.548615831484428
002,2014-10-01 19:57:01,2.7,2,8.795500000000006,8.658684212950918,9.117,8.857061404316974,8.904995318732084,8.752746000575552
002,2014-10-01 20:02:01,3.2,2,9.813999999999997,9.26261578224347,10.0215,9.699371927414488,9.80447130058131,9.5344193753279
002,2014-10-01 20:07:01,3.9,2,9.037500000000005,9.102891836239477,9.181000000000001,9.107130612079827,9.108273369582092,9.061454136387173
002,2014-10-02 07:22:01,2.7,2,10.17650000000001,9.467559475849633,10.096500000000002,9.913519825283215,10.02058083326832,9.762114567564861
002,2014-10-02 07:30:00,3.2,2,9.491500000000002,8.084320768831658,9.124,8.89994025627722,9.095552855380602,8.594334392205008
002,2014-10-02 07:32:01,4.5,2,11.561499999999997,11.101849133885727,11.3525,11.338616377961907,11.395312242651906,11.236625519778377
002,2014-10-02 08:02:01,11.0,2,9.884000000000004,9.582285249059327,9.7665,9.744261749686444,9.783070462483664,9.67779425195191
002,2014-10-02 08:37:01,11.9,2,7.5965000000000025,8.868120151425632,7.5729999999999995,8.012540050475211,7.806988715655399,7.631226594837807
002,2014-10-02 09:12:01,8.3,2,10.703999999999999,10.278159091489442,10.4005,10.460886363829815,10.5045185370423,10.36372270890097
002,2014-10-02 09:32:01,6.2,2,8.573000000000013,9.87784112835681,8.805500000000002,9.085447042785608,8.895296617766423,8.674983960146033
002,2014-10-02 09:42:01,5.2,2,9.023500000000013,10.847039628447764,9.201,9.690513209482592,9.412841709873074,9.135456170313775
002,2014-10-02 09:52:01,4.3,2,8.118500000000006,7.2264611761621085,7.98,7.774987058720705,7.906636023005512,7.583557158711803
002,2014-10-02 10:32:01,4.2,2,7.044000000000002,8.392066436236751,7.450499999999997,7.628855478745584,7.4458665073800505,7.183844408975054
002,2014-10-02 11:12:01,8.5,2,8.658500000000002,8.515267963383598,8.9065,8.6934226544612,8.736434868227645,8.605008711337254
002,2014-10-02 11:37:01,8.9,2,8.323500000000005,8.410199093785621,8.166,8.299899697928542,8.273266478645597,8.208584866096803
002,2014-10-02 12:07:01,6.8,2,7.8705,8.30475581478596,7.7730000000000015,7.982751938261987,7.905314260381271,7.815046658312098
002,2014-10-02 12:42:01,5.4,2,7.879000000000007,8.71806721715176,7.901999999999999,8.166355739050589,8.033841309503407,7.918348557657556
002,2014-10-02 12:52:01,5.3,2,10.733000000000006,10.135728271268459,10.621000000000002,10.496576090422822,10.583163255389273,10.367933643016519
002,2014-10-02 13:12:01,7.3,2,8.1545,7.1719382594234435,7.8525,7.726312753141148,7.859224841106401,7.511818628637236
002,2014-10-02 13:17:01,7.9,2,8.063000000000008,8.239531663344527,7.961,8.087843887781512,8.051316335025588,7.993540000928837
002,2014-10-02 13:22:01,8.4,2,7.339499999999999,8.104074860209897,7.252999999999999,7.5655249534032984,7.436077247409846,7.305935071012078
002,2014-10-02 13:32:01,8.5,2,8.357500000000005,7.884394461848953,8.454,8.23196482061632,8.315543315670263,8.109572101761506
002,2014-10-02 14:17:01,4.1,2,9.2415,9.46327382533531,9.352500000000001,9.352424608445103,9.325892261114479,9.273655651995218
002,2014-10-02 14:32:01,3.0,2,8.718000000000005,8.211480575367837,8.6385,8.52266019178928,8.597344055442424,8.413941195494184
002,2014-10-02 14:37:01,2.7,2,8.255,8.547250537431692,8.383,8.39508351247723,8.35864038185127,8.293585090735101
002,2014-10-02 15:07:01,2.2,2,9.624000000000008,9.815855584366249,9.6255,9.68845186145542,9.657847720224026,9.632217744151298
002,2014-10-02 15:27:01,2.2,2,9.474000000000004,9.199711575346267,9.413,9.362237191782091,9.401226835159523,9.302927133369625
002,2014-10-02 15:32:01,2.2,2,8.973499999999996,9.196051979891276,8.8985,9.022683993297091,8.980971757065806,8.926248838163568
002,2014-10-02 15:42:01,2.4,2,9.255,8.453638928419316,9.201,8.96987964280644,9.093846244844517,8.799623392183431
002,2014-10-02 16:17:01,10.3,2,8.467000000000008,8.591681455155049,8.521999999999998,8.526893818385018,8.511377986013457,8.48354264875386
002,2014-10-02 16:22:01,11.7,2,10.328000000000001,8.86831372058735,10.13,9.77543790686245,9.993179197642199,9.462888988287062
002,2014-10-02 16:42:01,16.0,2,9.872500000000002,9.852483676454888,10.190500000000002,9.97182789215163,10.00077314575617,9.892957587552567
002,2014-10-02 16:52:01,17.2,2,10.398500000000013,10.151098848155993,10.595,10.381532949385337,10.437059254861857,10.283247865977067
002,2014-10-02 17:32:01,20.8,2,11.001999999999999,10.173038723202547,11.0175,10.730846241067516,10.864858489013606,10.552447339205347
002,2014-10-02 18:12:01,20.8,2,11.164000000000003,9.094078031577412,10.875000000000002,10.377692677192472,10.685797091574965,9.934279505023866
002,2014-10-02 18:37:01,20.0,2,10.160500000000006,11.054065920140038,10.210999999999999,10.475188640046682,10.336172189763067,10.207796697928497
002,2014-10-02 18:47:01,19.6,2,9.56300000000001,9.194297996501774,9.323500000000001,9.36026599883393,9.399927718542305,9.276706324988648
002,2014-10-02 19:12:01,19.0,2,12.717999999999996,9.114111921211506,12.35,11.3940373070705,11.941411015581124,10.625312660559736
002,2014-10-02 19:27:01,19.9,2,8.324500000000006,8.257621579874751,8.517,8.366373859958253,8.392665790980976,8.307085287136985
002,2014-10-02 19:32:01,20.1,2,13.283999999999992,10.366953225867084,13.325,12.325317741955692,12.795799635907516,11.700725904479828
002,2014-10-03 07:00:00,10.0,2,10.606,9.50842967121441,10.984000000000002,10.366143223738137,10.572514631328922,10.046019725516029
002,2014-10-03 07:12:02,10.5,2,9.798000000000007,10.376168584610664,9.6845,9.952889528203556,9.851109231303047,9.736440672899203
002,2014-10-03 07:17:02,10.7,2,9.931500000000009,8.93220475108933,10.098500000000001,9.654068250363112,9.827622138481884,9.404195192789686
002,2014-10-03 07:37:02,9.4,2,8.494500000000006,8.193591715645493,8.591000000000001,8.426363905215167,8.48236511522338,8.340273533197962
002,2014-10-03 07:42:02,8.7,2,9.661499999999995,10.188267994215648,9.6625,9.837422664738547,9.753142034428906,9.683416418663224
002,2014-10-03 08:22:02,2.8,2,10.685000000000011,11.191906881956367,10.8545,10.910468960652127,10.84300785300496,10.741036531393245
002,2014-10-03 08:27:02,2.4,2,9.851500000000005,9.84807184954194,10.101499999999998,9.933690616513982,9.954475207882739,9.874280402825613
002,2014-10-03 08:32:02,2.3,2,10.587500000000004,10.73064099745343,10.822999999999997,10.713713665817812,10.709851634289251,10.632184574148592
002,2014-10-03 09:17:02,2.4,2,10.179000000000002,10.260751482923041,10.0885,10.176083827641014,10.155666099361078,10.114285453734807
002,2014-10-03 09:42:02,5.0,2,8.005500000000001,9.114640867072126,8.368500000000001,8.496213622357375,8.347967444918154,8.126478087614831
002,2014-10-03 10:07:02,5.3,2,6.803999999999999,8.122242182849229,6.712999999999999,7.21308072761641,6.994599297638295,6.789867333026317
002,2014-10-03 10:37:02,4.2,2,7.646500000000003,8.053268276674148,7.525999999999999,7.741922758891383,7.667025520539108,7.572610813752194
002,2014-10-03 11:12:02,3.8,2,7.512500000000009,7.227197696212254,7.337999999999999,7.3592325654040875,7.3907991236738875,7.294837475475369
002,2014-10-03 11:42:02,3.6,2,7.867500000000006,7.6525202475614975,7.6720000000000015,7.730673415853835,7.749278072152547,7.680592377611088
002,2014-10-03 11:47:02,3.8,2,7.190500000000003,8.949392923630995,7.156499999999999,7.765464307876999,7.481026641977654,7.2374087818709105
002,2014-10-03 12:37:02,11.4,2,8.189500000000004,8.228462720969933,8.387,8.26832090698998,8.278067155400011,8.214813815208629
002,2014-10-03 12:52:02,12.3,2,8.746500000000005,8.725339045694165,8.583,8.684946348564722,8.675101196316442,8.620333937900057
002,2014-10-03 14:17:02,11.1,2,9.128999999999998,8.227852038308965,9.339000000000002,8.89861734610299,9.059933525034364,8.65934129164493
002,2014-10-03 14:22:02,10.8,2,9.25450000000001,9.053142470578075,9.386000000000001,9.231214156859364,9.27410535477764,9.157894664642797
002,2014-10-03 14:27:02,10.5,2,8.733000000000008,8.805696502458431,8.649999999999999,8.72956550081948,8.711204989386644,8.673554574907326
002,2014-10-03 14:57:02,7.5,2,7.966000000000003,8.350116265993085,7.982000000000002,8.099372088664364,8.039151180031308,7.985147744694901
002,2014-10-03 15:27:02,5.0,2,7.916000000000004,8.07529315756725,7.806500000000001,7.9325977191890855,7.898223835351957,7.840187277333555
002,2014-10-03 15:47:02,4.4,2,9.167000000000002,8.337654951400246,9.2535,8.919384983800084,9.059205595913182,8.724237926767117
002,2014-10-03 15:57:02,4.1,2,10.383500000000009,10.219686641372542,10.125,10.242728880457518,10.248039905089522,10.164534960442749
002,2014-10-03 16:12:02,3.8,2,8.920000000000002,10.17446109736921,9.135,9.409820365789736,9.226321781707734,9.016279066765007
002,2014-10-03 17:12:02,8.2,2,8.418000000000005,9.454241508327536,8.480500000000001,8.784247169442514,8.623352618441455,8.473664829295313
002,2014-10-03 18:27:02,8.0,2,9.244000000000005,9.425738896360759,9.2025,9.290746298786921,9.258281820033401,9.220269100553761
002,2014-10-03 19:00:00,8.7,2,7.524000000000005,7.825157410963334,7.439000000000001,7.596052470321113,7.54094219929627,7.472465253178051
002,2014-10-03 19:07:02,7.5,2,6.7790000000000115,7.841969385037002,6.8135,7.144823128345672,6.9773817397919675,6.829960508761875
002,2014-10-03 19:32:02,10.2,2,8.681500000000005,8.308390825371562,8.5765,8.522130275123855,8.573384540037003,8.44091582686686
002,2014-10-03 19:37:02,10.7,2,10.590999999999998,9.510987753578783,10.485,10.19566258452626,10.36004600242612,9.965395628248142
002,2014-10-03 20:07:02,10.3,2,10.116000000000007,10.617899461605585,10.437999999999999,10.39063315386853,10.336317682384244,10.203451177527725
002,2014-10-04 07:22:02,13.9,2,9.736000000000004,10.116296334504622,9.6005,9.81759877816821,9.745726870679695,9.649735270040395
002,2014-10-04 07:37:02,14.2,2,9.938000000000008,10.230613144028277,9.706500000000002,9.958371048009429,9.892771089069377,9.775900330684518
002,2014-10-04 08:07:02,10.7,2,9.1925,8.7258504577154,9.345499999999998,9.087950152571798,9.175067963817565,8.953655102115302
002,2014-10-04 08:17:02,8.2,2,9.557000000000002,9.331797578339456,9.448,9.445599192779818,9.472842512319637,9.395468829130024
002,2014-10-04 08:42:02,3.9,2,8.118000000000006,8.172689238346964,8.1925,8.161063079448992,8.158334832722467,8.133546716599039
002,2014-10-04 09:27:02,2.2,2,10.394500000000008,10.423384315392479,10.652499999999998,10.490128105130829,10.506385413230086,10.424266554842609
002,2014-10-04 09:37:02,2.2,2,9.484500000000004,9.322497131806625,9.285000000000002,9.363999043935543,9.373795715369313,9.310191713224711
002,2014-10-04 10:02:02,2.2,2,9.424,10.360543460215363,9.426499999999999,9.737014486738452,9.587229979223475,9.463115037755697
002,2014-10-04 10:27:02,5.5,2,8.683500000000004,9.79435879688224,8.945,9.140952932294082,8.9842159859273,8.783502771083821
002,2014-10-04 11:02:02,13.7,2,7.465999999999999,8.935888243818198,7.3015,7.901129414606067,7.652412701465389,7.40282246790029
002,2014-10-04 11:22:02,15.6,2,9.559,9.676090187080913,9.785500000000003,9.673530062360305,9.673111571499366,9.598890240028211
002,2014-10-04 12:30:00,12.6,2,9.264000000000012,8.650402978989192,9.099,9.004467659663067,9.089379368283993,8.871093280817973
002,2014-10-04 13:42:03,13.0,2,10.070000000000004,8.915303765676812,10.2185,9.734601255225606,9.931545083702503,9.456309687723175
002,2014-10-04 14:07:03,9.9,2,9.033000000000003,8.803842682654345,9.164,9.000280894218117,9.047583740046505,8.921218070618853
002,2014-10-04 14:12:03,9.4,2,9.824500000000004,9.91438189139714,9.992500000000001,9.910460630465714,9.909664406955274,9.854542431312309
002,2014-10-04 14:32:03,7.9,2,8.932000000000002,9.223055089996407,9.1435,9.099518363332136,9.070025364988481,8.987849623658441
002,2014-10-04 14:37:03,7.8,2,8.554500000000006,8.89581798509186,8.5945,8.68160599503062,8.6301818201657,8.576860371054828
002,2014-10-04 14:47:03,7.5,2,9.215000000000007,9.58268493020772,9.306500000000002,9.368061643402577,9.316583346862194,9.249125571793115
002,2014-10-04 15:27:03,7.2,2,9.270500000000006,9.10772654131056,9.1695,9.182575513770189,9.200468411416857,9.145801079412145
002,2014-10-04 15:47:03,6.9,2,8.625500000000006,9.125591913566428,8.3955,8.715530637855478,8.616824494118829,8.473079367072732
002,2014-10-04 16:27:03,6.2,2,7.1660000000000075,8.039142147782544,6.9525000000000015,7.3858807159275175,7.228766352939911,7.041366491659565
002,2014-10-04 18:02:03,8.3,2,9.112500000000004,9.041939487655727,9.197499999999998,9.117313162551909,9.135493481073604,9.08248396051334
002,2014-10-04 18:37:03,10.9,2,8.841,9.068999291354464,8.886500000000002,8.932166430451488,8.89933535784583,8.859830731349735
002,2014-10-04 18:47:03,10.9,2,8.828000000000001,9.074336827004155,8.934,8.945445609001384,8.914574800449214,8.86013118353885
002,2014-10-04 19:07:03,11.1,2,9.074500000000008,9.341311377998437,9.0375,9.151103792666149,9.10537924827964,9.05766046839451
002,2014-10-04 19:57:03,7.9,2,9.953000000000005,11.023881116566104,9.798,10.258293705522036,10.074246692019114,9.880525562954796
002,2014-10-04 20:07:03,7.3,2,6.262499999999999,5.689354588996096,6.2075,6.053118196332032,6.140455257384696,5.930949658036219
003,2014-10-01 09:08:15,7.3,2,8.203500000000002,7.712759710953099,8.1315,8.015919903651033,8.088683815630487,7.910710023145981
003,2014-10-01 09:33:15,7.0,2,8.3655,8.749525118140081,8.372000000000002,8.495675039380027,8.434699776163654,8.382674154851316
003,2014-10-01 09:38:15,7.2,2,9.521,9.198991370532754,9.686000000000002,9.468663790177585,9.533588755166534,9.362044703440155
003,2014-10-01 09:58:15,8.6,2,8.734999999999998,7.733901115381506,8.756000000000002,8.408300371793835,8.570325535172758,8.192320572638204
003,2014-10-01 10:28:15,10.7,2,8.372500000000006,7.140173622234285,8.446,7.9862245407447645,8.189530116740372,7.709173360787927
003,2014-10-01 10:38:15,10.8,2,7.2025,7.3417130317623815,7.098500000000002,7.214237677254128,7.183524795956666,7.129997420627863
003,2014-10-01 10:48:15,10.9,2,8.130500000000005,7.972667478785059,8.088000000000001,8.063722492928354,8.085559227044497,8.029413853596246
003,2014-10-01 10:53:15,10.9,2,8.936500000000006,7.478578748929522,8.8365,8.417192916309842,8.642583884343551,8.107401861369706
003,2014-10-01 10:58:15,10.8,2,8.881499999999997,7.925071817042136,8.847999999999999,8.551523939014045,8.701983761413299,8.349075753214905
003,2014-10-01 11:08:15,10.7,2,9.676000000000005,10.311153153278076,9.5625,9.849884384426026,9.73897804365024,9.616789110687177
003,2014-10-01 11:13:15,10.5,2,8.629000000000001,8.107854121074656,8.366,8.367618040358218,8.429791409562952,8.25134829870856
003,2014-10-01 11:18:15,10.4,2,8.417000000000003,7.98799690824442,8.572000000000001,8.325665636081474,8.406916275864614,8.198837649530232
003,2014-10-01 12:00:00,8.2,2,8.092500000000001,7.637331549229098,8.071000000000002,7.933610516409701,8.004765206394268,7.8371292317686665
003,2014-10-01 12:08:15,8.5,2,8.209000000000005,7.972893597210549,8.2545,8.145464532403517,8.186959703315514,8.085007837657397
003,2014-10-01 12:18:15,8.4,2,8.455999999999996,8.38211406541699,8.5685,8.468871355138996,8.48981015126989,8.426885468336504
003,2014-10-01 12:23:15,8.4,2,8.106999999999998,7.464010226413041,8.108,7.893003408804347,7.996058770712468,7.757214593586841
003,2014-10-01 13:48:15,5.6,2,9.311500000000006,8.78389992685447,9.356,9.150466642284826,9.238563404207248,9.028792472887577
003,2014-10-01 14:03:15,5.2,2,7.0055000000000085,7.778205300896679,6.952999999999999,7.245568433632229,7.117570680750138,6.997848538006754
003,2014-10-01 15:13:15,5.1,2,5.715499999999992,5.675760920921758,5.769999999999999,5.720420306973916,5.7311958516084385,5.699248704279116
003,2014-10-01 15:23:15,4.9,2,5.458999999999992,6.232418142224827,5.4079999999999995,5.6998060474082735,5.5718155468737605,5.452506374174819
003,2014-10-01 15:28:15,4.8,2,5.586999999999992,6.9805506869680745,5.553,6.040183562322689,5.814255232533906,5.618852363366987
003,2014-10-01 16:28:15,5.2,2,5.330999999999992,4.5084432801038234,5.268000000000001,5.035814426701272,5.162447018168271,4.860870643041686
003,2014-10-01 16:43:15,5.3,2,5.441499999999992,5.650886942598912,5.4325,5.508295647532968,5.474033975828903,5.443358464916138
003,2014-10-01 17:48:15,5.8,2,7.6175,7.278428474077886,7.760999999999999,7.552309491359296,7.618226809331979,7.4471403570617305
003,2014-10-01 17:53:15,5.7,2,6.867500000000004,8.816724377622187,6.884000000000001,7.5227414592073965,7.211909913358122,6.951252373952949
003,2014-10-01 19:13:15,5.3,2,7.7495,7.999249406036814,7.8295,7.859416468678938,7.82589463786124,7.776380698937923
003,2014-10-01 19:23:15,5.2,2,9.104000000000003,7.927333491427809,9.001499999999998,8.677611163809269,8.857757000824394,8.42705291797141
003,2014-10-01 19:38:15,4.9,2,7.240500000000002,6.560479236552963,7.3185,7.039826412184322,7.155044821657297,6.878155034576439
003,2014-10-01 19:43:15,4.8,2,8.629500000000004,7.923124819258875,8.366,8.306208273086293,8.398005530718871,8.150876617029347
003,2014-10-01 19:58:15,4.8,2,7.4950000000000045,8.512750651587286,7.774000000000001,7.9272502171957635,7.786840973704453,7.594794255568543
003,2014-10-01 20:03:15,4.9,2,7.758499999999999,8.145378613898838,7.7905,7.898126204632945,7.83875798448021,7.781079200352757
003,2014-10-01 20:58:15,6.5,2,9.691000000000013,10.227540298950519,9.573500000000001,9.830680099650179,9.735242778075763,9.624715872337283
003,2014-10-01 21:23:16,7.5,2,10.188500000000001,10.915245715689618,10.16,10.42124857189654,10.302553833736756,10.197009798725642
003,2014-10-01 21:43:16,8.2,2,9.181,9.187557675263376,9.287000000000003,9.218519225087793,9.226048901269204,9.192433350768763
004,2014-10-01 08:29:56,12.7,2,11.806500000000002,13.018548222340497,11.721000000000002,12.1820160741135,11.980986724718697,11.792128568463374
004,2014-10-01 08:39:56,13.8,2,9.6155,9.745622731312201,9.5955,9.652207577104067,9.6297496551287,9.605816478856367
004,2014-10-01 08:54:56,15.1,2,13.609499999999995,14.293345636262792,13.637,13.846615212087597,13.73932366428894,13.643384672816678
004,2014-10-01 09:09:56,15.9,2,11.234000000000005,11.579797314898519,11.119999999999997,11.31126577163284,11.24665912053221,11.162488077060273
004,2014-10-01 09:34:56,14.4,2,9.854500000000016,9.861379659533705,10.046499999999998,9.920793219844573,9.935232368298898,9.87445980961951
004,2014-10-01 09:44:56,14.0,2,10.778000000000013,10.11851691929216,11.043,10.646505639764058,10.773571162111748,10.445265735832386
004,2014-10-01 10:29:56,12.0,2,12.611000000000008,14.435045011311608,12.329,13.125015003770537,12.810069580248411,12.474021982964118
004,2014-10-01 10:30:00,15.5,2,12.026000000000002,13.090836734821481,12.257,12.457945578273828,12.306110296873081,12.117781915936963
004,2014-10-01 11:04:56,9.9,2,10.427000000000007,9.247536509279511,10.67,10.114845503093173,10.32340483997117,9.80914866891696
004,2014-10-01 11:29:56,9.5,2,11.347500000000009,11.244032626264122,11.4855,11.359010875421378,11.38675114963608,11.304802552761625
004,2014-10-01 11:34:56,9.3,2,8.756500000000003,9.148256086299272,8.682500000000001,8.86241869543309,8.793689467183295,8.716974353130269
004,2014-10-01 11:39:56,9.1,2,9.198500000000006,8.423007887452524,9.505,9.04216929581751,9.191172699252663,8.806730430794696
004,2014-10-01 11:44:56,8.9,2,8.645500000000006,8.496174880026272,8.520000000000001,8.553891626675428,8.567647694722515,8.519355908554886
004,2014-10-01 11:59:56,8.3,2,10.029500000000008,8.296925795716527,10.059,9.461808598572178,9.741667097286175,9.08962497943873
004,2014-10-01 12:19:56,7.8,2,8.482500000000003,8.797837541390594,8.551499999999999,8.610612513796866,8.5656964178454,8.509802845554953
004,2014-10-01 12:24:56,7.7,2,10.252000000000004,9.638504793611137,10.310500000000001,10.067001597870382,10.1699876051404,9.923932655451235
004,2014-10-01 12:34:56,7.3,2,8.591000000000005,8.619759630110808,8.3045,8.505086543370272,8.47729073702916,8.37664962890664
004,2014-10-01 13:14:56,8.5,2,12.792000000000003,11.01860770486763,12.777499999999998,12.196035901622544,12.478869931431749,11.821819207538777
004,2014-10-01 13:29:56,9.9,2,8.814499999999999,9.359432934167025,9.295499999999999,9.156477644722342,9.108140214690849,8.936693457093071
004,2014-10-01 13:49:56,11.0,2,9.979000000000006,9.93603436096253,10.167499999999999,10.027511453654178,10.04964999818503,9.974203134652289
004,2014-10-01 13:54:56,10.8,2,9.509000000000004,9.638394849801294,9.687000000000001,9.611464949933767,9.605150173269571,9.545954393192467
004,2014-10-01 13:59:56,10.4,2,9.435999999999998,10.271386232101825,9.3445,9.683962077367275,9.542769261901956,9.401591807594203
004,2014-10-01 14:04:56,9.8,2,10.951500000000005,11.180950185053625,11.023499999999999,11.051983395017876,11.021064933639888,10.975885323959607
004,2014-10-01 14:44:56,6.2,2,12.696,9.008992098910582,12.757500000000002,11.487497366303527,12.082947381735336,10.69577119330136
004,2014-10-01 15:24:56,4.6,2,9.742500000000009,9.137779662052596,10.1105,9.6635932206842,9.790225580187387,9.449719061127182
004,2014-10-01 16:04:56,4.1,2,7.469999999999999,7.89690337816172,7.478000000000001,7.614967792720574,7.547247015795726,7.489252272324304
004,2014-10-01 16:24:56,4.2,2,11.115000000000004,10.104573844682847,10.740500000000003,10.653357948227617,10.784864188400359,10.431224514940517
004,2014-10-01 17:19:56,3.6,2,7.9835,6.988520105108684,7.935,7.63567336836956,7.791093089383932,7.424732605107536
004,2014-10-01 17:24:56,3.4,2,9.455999999999998,6.146723395616308,9.555,8.385907798538769,8.923899713734297,7.665011202750373
004,2014-10-01 17:29:56,3.3,2,9.056000000000001,6.547426151204868,9.5865,8.396642050401622,8.84132851096426,7.743253696862753
004,2014-10-01 17:54:56,3.0,2,7.777500000000004,7.44299881364438,7.834,7.684832937881461,7.742976338605529,7.601050563985815
004,2014-10-02 07:29:56,10.1,2,9.21800000000001,8.460178626789428,9.118,8.932059542263147,9.045329942363553,8.769862412468107
004,2014-10-02 07:49:56,9.3,2,7.985000000000003,8.57178854293082,7.869500000000001,8.142096180976942,8.03877351841378,7.9222913054973665
004,2014-10-02 08:04:56,8.4,2,11.805500000000002,10.73967227125116,12.040500000000002,11.528557423750387,11.718270524333356,11.248695097208728
004,2014-10-02 08:14:56,7.6,2,10.349999999999998,11.646341519852237,10.1735,10.723280506617414,10.501385887738083,10.27064262211036
004,2014-10-02 09:54:56,18.0,2,10.19400000000001,9.439008171017857,10.304499999999997,9.979169390339289,10.109024994949317,9.794063359269948
004,2014-10-02 10:29:56,19.2,2,8.871000000000004,8.241298277141624,8.7675,8.626599425713875,8.719068243992481,8.491327067782603
004,2014-10-02 10:34:56,18.6,2,9.831,7.939904514981525,9.365499999999999,9.045468171660508,9.31064731785629,8.63545810157148
004,2014-10-02 10:39:56,17.8,2,9.936500000000004,9.356180833534363,9.671,9.654560277844789,9.726007857164117,9.525754858011851
004,2014-10-02 10:44:56,16.9,2,9.340000000000002,9.386938969219065,9.396,9.374312989739689,9.371328511319104,9.35256054423489
004,2014-10-02 11:59:56,9.2,2,10.047000000000004,9.434977409458423,10.036,9.839325803152809,9.9364504819979,9.710032399671215
004,2014-10-02 12:44:56,6.2,2,9.031000000000004,10.152483989609767,8.883500000000002,9.355661329869923,9.164117364403966,8.96625329284902
004,2014-10-02 12:49:56,5.9,2,6.878000000000002,7.0060891592331584,6.975999999999999,6.9533630530777195,6.94078199790751,6.9035991748000445
004,2014-10-02 13:39:56,6.3,2,9.628000000000005,9.216672411811386,9.6505,9.498390803937129,9.5660858677792,9.406393511660868
004,2014-10-02 14:34:56,7.4,2,9.482500000000002,8.886903580715146,9.429499999999999,9.266301193571715,9.357395654492517,9.13944825902787
004,2014-10-02 14:39:56,7.4,2,9.693500000000004,9.546040904349967,9.858,9.69918030144999,9.736110794033952,9.6294768404168
004,2014-10-02 15:04:56,7.0,2,10.875000000000005,9.621345996236473,10.819499999999998,10.438615332078825,10.634894957568788,10.172970899449119
004,2014-10-02 16:44:56,6.8,2,9.73950000000001,9.125206066167319,9.831,9.56523535538911,9.671020374293471,9.414251276996449
004,2014-10-02 17:00:00,6.6,2,8.942000000000007,8.792386744866388,8.7185,8.817628914955465,8.823498782207295,8.751488916219067
004,2014-10-02 17:09:56,9.3,2,11.025000000000004,9.833720801486526,11.513,10.790573600495511,11.020856079424385,10.424872051275756
004,2014-10-02 17:39:56,11.9,2,9.642999999999999,9.388877092131555,9.480500000000001,9.504125697377184,9.53167020203774,9.446595931592508
004,2014-10-02 17:44:56,12.3,2,9.055500000000002,8.281010226947258,8.908499999999998,8.748336742315752,8.860472288341308,8.581481414835267
004,2014-10-02 19:00:00,11.5,2,8.675500000000005,7.892704363928694,8.634500000000001,8.4009014546429,8.522947063429513,8.234875617932428
004,2014-10-02 19:04:56,10.4,2,10.149500000000003,10.767329911101887,10.280500000000002,10.399109970367299,10.310768328760432,10.202124861962007
004,2014-10-02 19:34:56,10.2,2,9.052000000000007,8.549130900880611,9.284500000000001,8.961876966960206,9.061230231018978,8.801283544147271
004,2014-10-03 08:39:57,5.3,2,8.003999999999998,10.439382770160307,8.073500000000001,8.83896092338677,8.454561349773416,8.118777443408327
004,2014-10-03 09:19:57,4.9,2,8.055500000000002,7.671836714347467,8.201,7.976112238115824,8.049332783781345,7.861072841103485
004,2014-10-03 09:24:57,5.9,2,10.09100000000001,9.572814391083625,9.988999999999999,9.884271463694544,9.959002457872053,9.772545269519124
004,2014-10-03 09:44:57,10.8,2,8.000500000000006,8.418132459469675,8.046999999999999,8.155210819823226,8.09209105344136,8.027353210236445
004,2014-10-03 10:19:57,17.2,2,9.590500000000006,10.057242878197984,9.482999999999997,9.710247626065994,9.626797741810954,9.528862451458842
004,2014-10-03 11:04:57,18.0,2,10.457500000000003,9.287046788226757,10.2605,10.001682262742253,10.173183996656245,9.75013333671433
004,2014-10-03 12:44:57,7.3,2,6.565500000000004,6.494487341342631,6.6099999999999985,6.556662447114211,6.571637013414919,6.531245298761102
004,2014-10-03 12:49:57,6.8,2,11.117500000000005,10.676770457784256,10.878999999999998,10.891090152594751,10.94236798094682,10.792370093929772
004,2014-10-03 12:59:57,5.8,2,8.582000000000008,9.287511147469953,8.905499999999998,8.92500371582332,8.838201370631412,8.678153412018125
004,2014-10-03 13:09:57,5.3,2,10.447500000000005,11.933493220688108,10.675,11.018664406896036,10.7990978734046,10.555912813111506
004,2014-10-03 13:54:57,3.2,2,6.195500000000001,6.176362998227485,6.2444999999999995,6.2054543327424945,6.212485284623213,6.18991715162391
004,2014-10-03 14:04:57,3.1,2,5.8044999999999956,6.2455819473570315,5.797000000000001,5.949027315785675,5.877781244001832,5.81703549643186
004,2014-10-03 14:09:57,3.3,2,6.225,6.356319613057011,6.231,6.270773204352338,6.250228102313687,6.231656025611134
004,2014-10-03 14:14:57,3.7,2,6.268499999999998,6.835989281416365,6.192499999999999,6.432329760472121,6.33529508373195,6.234712026366659
004,2014-10-03 14:24:57,4.8,2,6.485499999999997,6.700388980096806,6.587499999999999,6.591129660032267,6.564971435756471,6.51550575696373
004,2014-10-03 14:30:00,11.0,2,8.528500000000006,9.137139171181913,9.011,8.892213057060639,8.833794525523512,8.653629933405343
004,2014-10-03 14:34:57,5.7,2,7.073,7.8288457609622,7.225999999999999,7.375948586987399,7.267284521917436,7.135874465952234
004,2014-10-03 14:49:57,6.7,2,7.979500000000006,8.69851914369276,8.077,8.251673047897588,8.144414445408772,8.029348799519383
004,2014-10-03 14:59:57,7.4,2,6.558500000000002,7.1370292506894994,6.4895000000000005,6.728343083563168,6.630106958589959,6.530433144097948
004,2014-10-03 15:24:57,8.7,2,7.281999999999997,7.197641030158636,7.4110000000000005,7.296880343386211,7.320831937679494,7.248813173439016
004,2014-10-03 15:54:57,9.0,2,7.729999999999997,7.444105619998185,7.689,7.62103520666606,7.663502382718778,7.559765289949482
004,2014-10-04 06:39:57,8.0,2,9.529500000000006,8.871959571484805,9.808499999999999,9.403319857161604,9.531207457156205,9.199203000219914
004,2014-10-04 06:59:57,11.0,2,10.064000000000005,8.643199349629693,9.6775,9.461566449876566,9.657822607234783,9.15262639428661
004,2014-10-04 07:09:57,12.9,2,9.087500000000011,8.854776634594325,9.03,8.990758878198113,9.023375200770404,8.94029670425138
004,2014-10-04 07:44:57,22.2,2,8.950500000000007,8.121071917735913,8.9755,8.682357305911973,8.817213264324815,8.501629868006717
004,2014-10-04 07:54:57,22.2,2,10.481000000000009,9.93248218374927,10.4505,10.28799406124976,10.373370114407484,10.171613913493573
004,2014-10-04 08:29:58,22.2,2,9.100500000000011,8.566208110470557,8.610500000000002,8.759069370156856,8.804974162681457,8.634502001167542
004,2014-10-04 09:29:58,22.2,2,12.223500000000008,10.963608773103271,12.343499999999999,11.843536257701095,12.055020144433875,11.549758026427348
004,2014-10-04 09:44:58,22.2,2,9.581000000000007,10.041343915227808,9.69,9.770781305075937,9.705880218927108,9.62257285781845
004,2014-10-04 10:04:58,22.2,2,8.632000000000001,8.682888769339833,8.801499999999999,8.705462923113279,8.71103283774072,8.656342142649477
004,2014-10-04 10:19:58,22.2,2,11.10850000000001,10.644460838902283,11.261999999999999,11.004986946300763,11.091727177743776,10.87112483719557
004,2014-10-04 10:24:58,22.2,2,10.896500000000003,10.800774090272057,11.007,10.901424696757353,10.925699266970112,10.855304041652596
004,2014-10-04 10:54:58,22.2,2,9.549000000000003,8.336695952875539,9.356500000000002,9.08073198429185,9.259300344284718,8.820469683122386
004,2014-10-04 11:04:58,22.2,2,9.918500000000005,10.13401262132275,9.9525,10.001670873774252,9.96990869729172,9.934431597692901
004,2014-10-04 11:19:58,22.2,2,13.155,13.90317289294544,12.999499999999998,13.352557630981812,13.220151671284253,13.068850016830016
004,2014-10-04 11:24:58,22.2,2,11.641499999999999,10.636679288273676,12.148500000000002,11.475559762757891,11.677518932598646,11.144706840736283
004,2014-10-04 11:44:58,22.2,2,9.982500000000002,9.035823430240667,10.164000000000001,9.727441143413557,9.893741845556725,9.485257195966526
004,2014-10-04 11:54:58,20.6,2,10.58000000000001,9.181990817477356,10.068,9.943330272492455,10.125778131458695,9.636139839749013
004,2014-10-04 12:04:58,18.6,2,9.4825,9.310704132756078,9.434500000000002,9.409234710918694,9.432862483721202,9.371848446662284
004,2014-10-04 12:14:58,17.6,2,9.597999999999995,7.414860250674173,9.784000000000002,8.932286750224725,9.296970515899929,8.428377257995868
004,2014-10-04 12:19:58,17.4,2,8.286500000000009,8.417046662180628,7.755500000000001,8.153015554060213,8.089128224175319,7.892405692986822
004,2014-10-04 14:09:58,13.6,2,9.453000000000008,9.14968960459941,9.621500000000001,9.40806320153314,9.470276953806449,9.304564421340471
004,2014-10-04 14:14:58,13.8,2,10.054500000000004,9.44265949845484,9.873,9.790053166151615,9.873348021291736,9.656647409279984
004,2014-10-04 14:24:58,13.7,2,10.754000000000001,10.088791794772401,10.9585,10.600430598257468,10.7235159866108,10.412186106988727
004,2014-10-04 14:44:58,11.4,2,9.736000000000002,8.352972811728609,10.2825,9.457157603909536,9.722883530898883,9.037299179091534
004,2014-10-04 14:54:58,10.5,2,9.997500000000008,9.96362537774764,9.615499999999999,9.858875125915882,9.833380167130514,9.705054127798395
004,2014-10-04 15:19:58,9.6,2,10.683500000000008,9.407923363013438,10.768000000000002,10.286474454337815,10.497596898244806,9.997723074760554
004,2014-10-04 15:24:58,9.5,2,10.429500000000012,9.94726096383242,10.8345,10.40375365461081,10.513765573550016,10.207015055721008
004,2014-10-04 15:59:58,10.3,2,12.31150000000001,10.31319380964099,12.683,11.769231269880335,12.119328850726328,11.26074196749124
004,2014-10-04 16:34:58,14.5,2,8.423499999999997,8.593745260324484,8.622,8.546415086774827,8.535217458973694,8.468602070437093
005,2014-10-01 11:30:12,9.4,2,8.645500000000002,10.515243432067335,8.697499999999998,9.286081144022445,8.990851874743484,8.733337776198034
005,2014-10-01 11:40:12,9.0,2,8.627000000000004,9.176852952657946,8.5135,8.772450984219317,8.675205418485499,8.56427373417135
005,2014-10-01 12:05:12,7.8,2,7.677500000000006,8.148317355308908,7.7715000000000005,7.8657724517696375,7.797979916077302,7.716394223965032
005,2014-10-01 12:20:12,7.0,2,8.627500000000005,9.272604810466644,8.613999999999999,8.838034936822217,8.733629074291017,8.643929815228596
005,2014-10-01 12:45:12,5.5,2,9.101500000000005,7.755496479787103,8.986,8.614332159929036,8.820544966046556,8.327758080090353
005,2014-10-01 13:10:12,4.5,2,9.591000000000006,9.204222850477912,9.700000000000001,9.498407616825974,9.569172451914495,9.391280134559445
005,2014-10-01 13:45:12,4.7,2,8.810000000000004,8.355179120792084,8.887,8.684059706930697,8.763131550157194,8.570099355063654
005,2014-10-01 13:55:12,4.9,2,8.906,8.348562601541644,8.7535,8.669354200513881,8.746283758634412,8.548123609094008
005,2014-10-01 14:50:12,8.2,2,8.978500000000002,8.224924460442361,9.003,8.735474820147454,8.858142569013795,8.5708558677387
005,2014-10-01 14:55:12,8.3,2,9.578000000000005,9.949107463760289,9.460500000000001,9.662535821253433,9.593592467215542,9.50489808410763
005,2014-10-01 15:00:12,8.4,2,8.577000000000004,8.970403144415881,8.6555,8.734301048138628,8.677651745388623,8.609489904611438
005,2014-10-01 15:35:12,8.9,2,9.285500000000006,8.455850059689478,9.443000000000001,9.061450019896496,9.207066363578113,8.849571437066189
005,2014-10-01 15:55:12,9.4,2,9.590000000000005,9.459834270381542,9.588000000000001,9.54594475679385,9.566628834307078,9.518454738930753
005,2014-10-01 17:05:12,13.8,2,7.680000000000006,8.040664396734005,7.629499999999999,7.783388132244671,7.7215403631586845,7.656872193995276
005,2014-10-01 17:10:12,13.7,2,8.429500000000003,8.60002176227905,8.363999999999999,8.464507254093016,8.431896577297142,8.387251483170072
005,2014-10-01 17:20:12,13.3,2,9.092000000000002,9.414824653552087,9.168499999999998,9.225108217850694,9.179600132713452,9.121166534764367
005,2014-10-01 17:50:12,11.7,2,8.147500000000004,9.42294188591848,8.227,8.599147295306162,8.401320969009502,8.216547677371073
005,2014-10-01 18:25:12,8.8,2,9.101000000000006,9.358381766596631,9.086000000000002,9.18179392219888,9.139360254934944,9.100322584246554
005,2014-10-01 18:45:12,6.6,2,10.70300000000001,9.60503270999521,11.163999999999998,10.490677569998406,10.703830761641242,10.150986136199663
005,2014-10-01 19:05:12,5.7,2,8.741500000000006,8.699795642917667,8.881499999999999,8.77426521430589,8.792276063719559,8.732608171058216
005,2014-10-01 19:25:12,5.6,2,9.373000000000005,8.719766697059951,9.6205,9.237755565686653,9.362403699679529,9.041941354564953
005,2014-10-01 19:45:12,5.5,2,8.680500000000002,9.676023878361018,8.809,9.05517462612034,8.906143170538671,8.748171940534048
005,2014-10-01 20:50:12,8.1,2,8.984000000000007,9.318948711460724,9.11,9.137649570486909,9.094206468761898,9.023930058414333
005,2014-10-01 21:20:12,9.9,2,9.410500000000003,9.148217920436146,9.556500000000002,9.371739306812051,9.425561197592497,9.282171924566601
005,2014-10-01 22:00:00,13.2,2,10.001500000000004,9.266853239661572,10.1065,9.79161774655386,9.917769918190363,9.61209195490984
005,2014-10-01 22:00:12,12.5,2,8.027000000000003,8.131641094511432,7.8839999999999995,8.014213698170478,7.985880741786962,7.923732722503839
005,2014-10-02 10:10:12,7.5,2,12.568499999999988,12.842726031863526,12.174499999999998,12.528575343954506,12.452766945941747,12.283392874043033
005,2014-10-02 10:25:12,7.1,2,10.01650000000001,10.468888241044592,9.791000000000002,10.092129413681535,10.001427224322686,9.865498787944997
005,2014-10-02 10:45:12,6.8,2,9.305,10.20136395027552,9.240000000000002,9.582121316758508,9.433307927930464,9.29304091367961
005,2014-10-02 10:50:12,6.8,2,7.999000000000002,8.754253914317093,8.068500000000002,8.273917971439033,8.158590008142353,8.044536275386928
005,2014-10-02 11:15:12,5.9,2,9.030000000000008,9.363926286532152,8.931000000000001,9.108308762177387,9.046817383530732,8.969283437171228
005,2014-10-02 11:20:12,5.6,2,7.902000000000007,7.964651111249132,7.9864999999999995,7.95105037041638,7.947856457613028,7.91972666671215
005,2014-10-02 11:35:12,4.9,2,9.048000000000002,9.092364435041588,9.353000000000002,9.16445481168053,9.182037276201953,9.084721670672668
005,2014-10-02 11:50:12,4.8,2,9.032500000000008,9.407489913012618,8.985000000000003,9.141663304337543,9.077764139469204,9.012219491952973
005,2014-10-02 11:55:00,4.4,2,9.596000000000005,9.976124272739261,9.490000000000002,9.687374757579756,9.617918203547516,9.53192119975964
005,2014-10-02 12:20:12,7.0,2,10.043500000000002,10.92411050342095,9.8135,10.260370167806983,10.100724204263358,9.906761230712982
005,2014-10-02 12:25:12,7.5,2,9.622500000000002,9.558865419506246,9.813500000000001,9.664955139835417,9.690606158470962,9.606702553023688
005,2014-10-02 12:30:12,7.9,2,9.355500000000006,9.429985531553337,9.555499999999999,9.446995177184446,9.451254824922703,9.386387962149001
005,2014-10-02 12:55:12,9.7,2,9.622500000000004,9.206390089264874,9.254500000000002,9.36113002975496,9.397983011222914,9.264447626349675
005,2014-10-02 13:15:12,10.0,2,8.202500000000004,8.840539255391757,8.4465,8.496513085130587,8.41408140935139,8.279388376625622
005,2014-10-02 13:35:12,10.3,2,8.899000000000013,8.56750213179242,8.942000000000002,8.80283404393081,8.859403744028427,8.722853949528432
005,2014-10-02 13:55:12,10.4,2,9.829500000000003,9.349806881631025,9.389000000000003,9.522768960543678,9.563936437089804,9.410917070145953
005,2014-10-02 14:00:12,10.5,2,10.597500000000004,8.362564179594884,10.295,9.751688059864962,10.085126620820136,9.27315828296874
005,2014-10-02 14:05:12,10.5,2,9.491999999999999,9.202175446995895,9.273500000000002,9.322558482331965,9.351287814823058,9.256138860136705
005,2014-10-02 14:25:12,10.9,2,8.463500000000002,8.339544753165049,8.464,8.422348251055018,8.442240079294471,8.396098831190516
005,2014-10-02 14:50:12,11.4,2,10.628000000000004,9.031091586380372,10.386999999999999,10.015363862126792,10.25160067497846,9.672839180448182
005,2014-10-02 15:05:12,11.4,2,9.327000000000012,8.40458583485344,9.360499999999998,9.030695278284485,9.181130910645987,8.828369289734828
005,2014-10-02 15:30:12,11.2,2,8.889000000000003,6.310490575899318,8.941000000000003,8.046830191966441,8.463985901340903,7.491026001823757
005,2014-10-02 16:20:12,11.6,2,8.122,8.721245608142588,8.302,8.38174853604753,8.300349331943941,8.18401916272466
005,2014-10-02 17:20:12,12.8,2,7.641000000000006,7.7183815623423415,7.527,7.628793854114115,7.607173821881123,7.558426175374761
005,2014-10-02 17:50:12,11.4,2,6.772499999999996,6.520241266402429,6.81,6.700913755467475,6.744348173889881,6.638929852326164
005,2014-10-02 18:00:12,10.5,2,9.620000000000003,9.738426599238016,9.8965,9.751642199746007,9.755056798327418,9.665019841632025
005,2014-10-02 18:05:12,9.9,2,9.841500000000002,9.825065666073508,10.084000000000001,9.916855222024504,9.939115678478704,9.85646369064698
005,2014-10-02 18:10:12,9.3,2,5.865999999999997,7.073203278068815,5.710999999999999,6.216734426022938,6.01085550159853,5.799143647339705
005,2014-10-02 18:25:12,7.8,2,9.232000000000001,9.426634624229488,9.3195,9.326044874743163,9.301956709831844,9.258164450160038
005,2014-10-02 18:40:12,7.0,2,8.176500000000003,8.33536445194372,7.8450000000000015,8.118954817314576,8.066680399673642,7.933657725021662
005,2014-10-02 19:00:12,6.7,2,8.843500000000004,7.637137971373964,8.9355,8.47204599045799,8.672690824355938,8.196125697893379
005,2014-10-02 19:20:12,7.0,2,10.678000000000011,10.32408098533632,10.565500000000002,10.522526995112111,10.570100900370111,10.445175601455333
005,2014-10-02 19:25:12,7.3,2,8.380500000000001,8.342622243396262,8.347999999999999,8.357040747798754,8.36047622261772,8.34826422336465
005,2014-10-02 19:30:12,7.4,2,9.873500000000007,9.68233317894711,9.8615,9.805777726315705,9.835421668366065,9.76518411168616
005,2014-10-02 20:05:12,9.0,2,9.516000000000009,8.979103162892192,9.330000000000002,9.275034387630734,9.345962820321498,9.157318582662672
005,2014-10-02 20:20:12,8.8,2,9.363000000000005,9.031821453221225,9.131499999999999,9.175440484407076,9.209740383840314,9.099986201263766
005,2014-10-02 20:30:12,8.3,2,11.489500000000007,8.557815618267295,11.390999999999996,10.479438539422432,10.94097318635035,9.858987639122102
005,2014-10-02 21:00:12,7.8,2,9.242000000000012,9.445323383428686,9.286999999999999,9.3247744611429,9.295854748973232,9.259710116827382
005,2014-10-02 21:45:12,8.9,2,8.3675,8.96232451854001,8.580500000000002,8.636774839513336,8.558754766131871,8.436179541013985
005,2014-10-02 21:50:12,8.9,2,8.495000000000003,8.664314821750102,8.62,8.593104940583368,8.576107062852886,8.5278966334699
005,2014-10-02 22:10:12,9.0,2,10.028500000000006,9.751275311394,10.296500000000002,10.025425103798002,10.09151500497319,9.90406804654093
005,2014-10-02 22:35:12,9.0,2,11.439500000000004,9.746406506296955,11.544500000000001,10.910135502098987,11.189782332822066,10.52855151862639
005,2014-10-02 22:50:13,8.9,2,8.956,8.659824239026234,8.943499999999998,8.85310807967541,8.899528668181562,8.7903644777265
005,2014-10-02 22:55:13,8.9,2,8.7475,9.469711319321307,8.666999999999998,8.961403773107103,8.839226216122258,8.716703027107652
005,2014-10-03 08:50:13,8.2,2,9.700000000000012,9.960853203344664,9.6135,9.758117734448225,9.709340744211328,9.64567578474798
005,2014-10-03 08:55:13,8.0,2,8.3385,8.154221900220735,8.2125,8.235073966740245,8.254387262009322,8.193157345627046
005,2014-10-03 09:05:13,7.5,2,9.116000000000009,9.49758350036918,9.232999999999999,9.282194500123062,9.230554384725242,9.155985804912977
005,2014-10-03 09:30:13,7.3,2,8.933500000000008,8.742867200366954,8.9945,8.890289066788988,8.925756273583596,8.83578041880565
005,2014-10-03 09:35:13,7.3,2,11.366499999999998,11.228427722433565,11.164000000000001,11.252975907477856,11.258697282533598,11.193512988406985
005,2014-10-03 10:25:13,8.3,2,9.1275,7.569549094332729,9.142499999999998,8.613183031444242,8.863902052156428,8.281217088797433
005,2014-10-03 10:35:13,8.3,2,6.826500000000005,8.466089132290366,7.113,7.468529710763456,7.229140481559296,6.953476482808792
005,2014-10-03 10:55:13,8.4,2,9.293000000000008,8.114073719009145,9.024999999999999,8.810691239669717,8.977803027097737,8.555627573776292
005,2014-10-03 11:35:13,8.2,2,8.851000000000004,8.78097767507215,8.982000000000001,8.871325891690718,8.8931433656569,8.825811650089037
005,2014-10-03 11:45:13,8.2,2,8.581999999999995,8.154990645721345,8.542,8.426330215240448,8.491477810554427,8.335335012159577
005,2014-10-03 12:00:13,8.4,2,9.100500000000004,9.745227124347018,9.378999999999998,9.40824237478234,9.327532150246752,9.184817601653771
005,2014-10-03 12:05:13,8.4,2,8.860000000000003,9.787487902549104,8.652,9.099829300849704,8.934456681075345,8.741743860948985
005,2014-10-03 12:15:13,8.5,2,6.476499999999998,6.616868255695037,6.525500000000001,6.539622751898345,6.521109034195235,6.49244502500201
005,2014-10-03 12:30:00,8.5,2,8.033000000000005,8.899469021331997,8.075,8.335823007110667,8.200458099069174,8.077417502829057
005,2014-10-03 12:40:13,8.7,2,9.060000000000008,8.879244831439316,9.0015,8.980248277146442,9.004460982426979,8.940717609974406
005,2014-10-03 13:05:13,7.5,2,8.086000000000002,8.354486335480475,8.1955,8.21199544516016,8.177860704403113,8.119769733218009
005,2014-10-03 13:40:13,7.8,2,6.862000000000005,5.9614684061066106,6.7725,6.531989468702206,6.668964717657996,6.339962018237311
005,2014-10-03 14:05:13,7.8,2,5.7909999999999995,5.477832976575235,5.889499999999999,5.719444325525078,5.7775706497111,5.630300085970341
005,2014-10-03 14:25:13,8.2,2,9.890500000000005,8.168965290143714,10.0565,9.371988430047907,9.661127584511272,8.970088766178911
005,2014-10-03 15:00:13,9.1,2,7.9550000000000045,9.400496360620831,8.068999999999999,8.474832120206946,8.252564183000976,8.038209537552937
005,2014-10-03 15:10:13,9.5,2,8.2635,6.7855748596106595,8.432,7.827024953203552,8.077352539625144,7.475895790220147
005,2014-10-03 15:45:13,10.7,2,8.506500000000003,8.9012118004041,8.7365,8.714737266801366,8.67014114214471,8.57045749685518
005,2014-10-03 15:50:13,10.9,2,11.191500000000005,11.078991986009338,11.745,11.338497328669781,11.401316981827058,11.184844453576044
005,2014-10-03 16:00:13,11.2,2,10.635500000000002,10.565876386236038,10.278000000000002,10.493125462078682,10.47533876882058,10.356140294963591
005,2014-10-03 16:40:13,10.7,2,9.195000000000014,8.682650565245838,9.2815,9.053050188415284,9.142104146539845,8.924731634544283
005,2014-10-03 17:55:13,11.1,2,8.517,9.012822092770374,8.378,8.635940697590124,8.545284112407172,8.432863226545715
005,2014-10-03 18:15:13,10.8,2,8.023499999999999,7.291004804896712,8.178000000000003,7.83083493496557,7.960649178626407,7.64014260851189
005,2014-10-03 18:35:00,11.1,2,9.4395,10.275384172894663,9.666000000000002,9.793628057631556,9.678095148863795,9.520913285146856
005,2014-10-03 19:20:13,9.8,2,9.039500000000006,9.471960426151577,9.301,9.270820142050527,9.222728280502016,9.111544739525801
005,2014-10-03 19:40:13,10.6,2,9.581000000000007,8.673455075161133,9.099,9.117818358387046,9.224146935000153,8.914757143714736
005,2014-10-03 19:50:13,11.5,2,9.478499999999999,9.87823492981431,9.427999999999999,9.594911643271436,9.5268067521705,9.456982361772756
005,2014-10-03 20:05:13,12.9,2,7.4120000000000035,8.713801429406542,7.530999999999999,7.8856004764688485,7.686749906254921,7.49032436236996
005,2014-10-03 20:10:13,13.2,2,8.240000000000004,8.13641664010738,8.225,8.200472213369126,8.21584689069426,8.178269768950845
005,2014-10-03 20:25:13,13.5,2,8.273500000000011,7.963190801810105,8.181000000000001,8.139230267270039,8.181438933062772,8.07155951511614
005,2014-10-03 20:40:13,13.4,2,8.7765,9.018143280881876,8.7885,8.861047760293959,8.823320044024715,8.788946770106163
005,2014-10-03 20:55:13,13.7,2,11.362,9.79909360964713,11.2375,10.799531203215713,11.03975239083153,10.467010910026698
005,2014-10-03 21:10:13,14.2,2,10.412500000000009,10.667607353969954,10.3215,10.467202451323322,10.41898141500217,10.354553611799032
005,2014-10-03 21:40:13,13.7,2,13.152000000000003,11.32338779689002,13.1655,12.54696259896334,12.840906447734534,12.1582884038586
005,2014-10-03 22:30:13,10.5,2,12.849500000000004,10.885824178478405,13.091,12.275441392826137,12.609470442162907,11.804770307050005
005,2014-10-04 08:45:00,11.1,2,8.419500000000001,8.117346500254667,8.292,8.276282166751557,8.314351721895276,8.209478727477189
005,2014-10-04 08:50:13,9.3,2,7.831500000000005,8.04599236831237,7.9665,7.947997456104125,7.924573844885367,7.868331991308583
005,2014-10-04 09:10:13,11.0,2,9.129000000000005,8.818045390482055,9.284500000000001,9.077181796827354,9.139567515415083,8.975123225585186
005,2014-10-04 09:25:13,11.0,2,8.471499999999999,8.514622175238413,8.641000000000002,8.542374058412806,8.54918778834303,8.494677313798327
005,2014-10-04 11:05:13,5.9,2,6.880999999999993,6.973841972991342,6.905,6.919947324330445,6.907021354264462,6.889802608091127
005,2014-10-04 11:30:14,4.7,2,7.912999999999999,6.469566158736093,7.4435,7.275355386245365,7.468518024349362,6.9596232425449225
005,2014-10-04 11:50:14,4.7,2,7.0349999999999975,8.425005044686241,6.8130000000000015,7.424335014895413,7.18375736502795,6.925272753158901
005,2014-10-04 12:00:14,5.2,2,11.295499999999999,10.385533648831466,11.542000000000003,11.074344549610489,11.240027382206137,10.824641042034152
005,2014-10-04 12:05:14,5.4,2,9.828000000000005,9.765371799223797,9.817000000000002,9.803457266407934,9.812596769211915,9.789986300556295
005,2014-10-04 12:20:14,5.9,2,8.662000000000008,9.353400278421246,8.604,8.873133426140418,8.75771144030636,8.646860128228578
005,2014-10-04 12:45:14,5.5,2,8.24,8.327245259787077,8.362,8.309748419929027,8.305651105530323,8.26511215700922
005,2014-10-04 13:15:14,4.0,2,9.885500000000015,8.760382819801793,10.238999999999999,9.628294273267267,9.837094205924402,9.308114766997637
005,2014-10-04 14:05:14,5.6,2,9.686000000000009,10.355150305521025,9.3375,9.792883435173678,9.657511030569783,9.451398335411056
005,2014-10-04 14:10:14,6.0,2,10.266500000000013,9.917632020323518,10.363500000000002,10.182544006774512,10.246266403852971,10.086225474281758
006,2014-10-01 22:15:06,7.7,2,7.809999999999999,7.347934367085748,7.976,7.711311455695249,7.798747406563097,7.574931027785821
006,2014-10-01 22:30:06,7.9,2,8.951000000000013,8.507610011530415,8.914,8.790870003843475,8.85888377462253,8.69649449549529
006,2014-10-01 22:40:06,8.8,2,8.609000000000005,9.13419325410798,8.764,8.835731084702662,8.764167762362082,8.662783558136194
006,2014-10-02 00:10:06,11.7,2,8.511500000000005,9.187431205408187,8.5395,8.746143735136064,8.640160149756271,8.545162180162762
006,2014-10-02 00:45:06,7.9,2,8.461499999999996,9.052514924115618,8.325499999999998,8.61317164137187,8.507512809279111,8.383543213737626
006,2014-10-02 00:55:06,7.9,2,9.413000000000004,8.121495615777128,9.615499999999999,9.049998538592376,9.27322299297168,8.730188798705779
006,2014-10-02 01:45:06,6.4,2,10.166000000000007,10.544392923648058,10.070000000000002,10.260130974549355,10.191761118023498,10.10937290557614
006,2014-10-02 09:25:07,15.0,2,9.2585,8.504786854665472,9.487,9.083428951555158,9.222630967238299,8.870891992136132
006,2014-10-02 10:00:07,14.2,2,7.717500000000004,8.01582801797702,7.716000000000001,7.816442672659008,7.768544209298723,7.728666181904952
006,2014-10-02 10:25:07,12.5,2,9.800500000000007,9.34130787770323,9.716500000000002,9.619435959234414,9.68617614396529,9.520584878002492
006,2014-10-02 10:55:07,9.8,2,9.931500000000014,9.333460049071473,9.7535,9.672820016357162,9.754188019795468,9.542408875098879
006,2014-10-02 11:10:07,8.5,2,10.169999999999995,9.056538414245619,10.494000000000002,9.906846138081873,10.11139163653653,9.596048969994307
006,2014-10-02 12:05:07,6.1,2,10.383500000000002,10.007552347506872,10.741,10.37735078250229,10.466495441969755,10.21417098573475
006,2014-10-02 12:20:07,5.6,2,9.782500000000004,9.026518959896393,10.0165,9.608506319965466,9.748516720264677,9.394200121711268
006,2014-10-02 12:25:07,5.9,2,8.636,8.479863813009848,8.564,8.559954604336616,8.579131873692882,8.525285420029327
006,2014-10-02 12:40:07,7.6,2,11.003499999999997,10.048026057038703,10.971499999999999,10.674342019012899,10.824770433910395,10.472131521331988
006,2014-10-02 12:45:07,8.2,2,9.873000000000006,9.203310227372748,10.309000000000001,9.795103409124252,9.937644660363981,9.551569499253965
006,2014-10-02 15:15:07,4.7,2,9.055000000000005,9.117330752942863,8.954,9.042110250980956,9.023952846591373,8.981585879349335
006,2014-10-02 15:20:07,4.7,2,9.136500000000002,9.293349269717169,9.150500000000001,9.19344975657239,9.169463634014257,9.14586695636321
006,2014-10-02 15:26:00,4.2,2,10.484000000000007,10.01677750698228,10.222000000000001,10.240925835660763,10.294544349840598,10.136048479630247
006,2014-10-02 16:35:07,5.7,2,7.524000000000001,8.156712738907935,7.5285,7.736404246302645,7.635439927876503,7.551008322536052
006,2014-10-02 16:45:07,5.8,2,10.440500000000002,9.40741363943582,10.767999999999999,10.205304546478608,10.397261299751362,9.910630328557012
006,2014-10-02 16:55:07,6.0,2,7.8455,8.698676822457351,7.8685,8.137558940819117,8.002784866598073,7.885430040171991
006,2014-10-02 17:15:07,6.2,2,7.315500000000002,8.208547696307674,7.373000000000001,7.632349232102559,7.493982371153907,7.36422679722568
006,2014-10-02 17:30:07,6.0,2,7.113500000000005,8.775163938080398,7.477500000000001,7.788721312693468,7.552069845123235,7.257455919867505
006,2014-10-02 17:55:07,5.8,2,7.114000000000001,7.904547384024203,7.039,7.352515794674734,7.219839441309819,7.09015696253223
006,2014-10-02 18:10:07,5.6,2,8.633000000000004,8.894629967793986,8.6125,8.71337665593133,8.669817459186083,8.628359978524713
006,2014-10-02 18:25:07,5.3,2,7.017,8.789664372626584,7.161500000000001,7.656054790875529,7.383859836497581,7.120016928988944
006,2014-10-02 18:35:07,5.2,2,7.507000000000006,7.781399945265259,7.432,7.573466648421754,7.523450992196045,7.46188558718109
006,2014-10-02 19:00:07,4.8,2,7.416500000000001,8.340713442688399,7.490999999999999,7.749404480896133,7.607422463806828,7.470036159521582
006,2014-10-02 19:10:07,4.8,2,7.103500000000005,7.60850643773913,7.145499999999999,7.285835479246377,7.208358583245334,7.1330209718892075
006,2014-10-02 20:00:07,4.8,2,8.205000000000002,8.277391880552212,8.217500000000001,8.233297293517404,8.222715556810346,8.21057528730328
006,2014-10-02 20:55:07,4.3,2,8.0125,7.216430036922136,8.113000000000001,7.780643345640712,7.916268165335745,7.589224788570449
006,2014-10-02 21:05:07,4.3,2,5.813999999999997,7.532025403248695,5.7045,6.35017513441623,6.066171233250737,5.802425470105644
006,2014-10-03 09:00:07,8.5,2,10.314000000000007,9.5570144374699,10.265500000000001,10.045504812489972,10.162809886504522,9.884737629864546
006,2014-10-03 09:05:07,8.7,2,9.281500000000005,8.99602874088856,9.349,9.208842913629521,9.260024566752172,9.132814699932975
006,2014-10-03 09:50:07,12.9,2,12.489500000000003,10.425323172420224,12.623000000000001,11.84594105747341,12.187323513089078,11.37943551048145
006,2014-10-03 10:20:07,14.7,2,12.16300000000001,9.706767534655881,12.255999999999998,11.375255844885297,11.776147608308833,10.835605136199051
006,2014-10-03 10:25:07,14.6,2,8.175000000000004,8.486413465442327,8.1895,8.28363782181411,8.234938808843337,8.190840503625376
006,2014-10-03 11:05:07,14.0,2,9.520000000000008,9.18744528421614,9.695500000000001,9.467648428072051,9.53511223650177,9.356341157600978
006,2014-10-03 12:05:07,10.2,2,10.9585,10.554036679771855,10.7535,10.755345559923953,10.803526942042431,10.665086629091522
006,2014-10-03 12:45:07,10.1,2,9.915000000000008,9.947462980922223,10.0275,9.963320993640744,9.967228075893917,9.930959403816733
006,2014-10-03 13:00:07,9.5,2,10.036500000000004,9.630244130073951,9.8825,9.849748043357986,9.902344558549904,9.760352780745382
006,2014-10-03 13:05:07,9.4,2,8.744499999999999,8.96749641780862,8.755499999999998,8.822498805936206,8.787676431101039,8.755970948049136
006,2014-10-03 13:15:07,9.8,2,10.011000000000003,9.228195137918545,10.186999999999998,9.808731712639515,9.948343278210325,9.602386058772439
006,2014-10-03 14:00:07,8.3,2,10.314000000000012,9.479473879026875,10.1135,9.968991293008962,10.086411210408055,9.788176767699218
006,2014-10-03 14:45:07,6.3,2,9.398500000000004,9.076134467521943,9.394500000000003,9.289711489173982,9.341014363149789,9.221653530351468
006,2014-10-03 14:50:07,6.2,2,8.926500000000006,7.981235772820569,9.015,8.640911924273526,8.799458806653105,8.420857473323007
006,2014-10-03 15:15:07,5.4,2,8.089500000000005,7.620242446540837,7.974000000000001,7.894580815513614,7.960383290427889,7.792840903885159
006,2014-10-03 15:25:07,5.1,2,8.211500000000006,8.292792168466057,8.2125,8.23893072282202,8.225992773982746,8.215057549108124
006,2014-10-03 15:45:07,4.9,2,8.3375,8.072398979768382,8.266,8.225299659922795,8.261968051935199,8.167670857780138
006,2014-10-03 15:55:07,4.6,2,7.077499999999999,7.631188863880096,7.2625,7.3237296212933645,7.250031013468167,7.138678440839662
006,2014-10-03 16:15:07,4.3,2,8.175500000000001,9.02801381958962,8.241,8.481504606529874,8.350276759591507,8.22421512953013
006,2014-10-03 16:25:07,5.0,2,8.395500000000004,8.099511136600126,8.566,8.35367037886671,8.414873476862224,8.251245612249136
006,2014-10-03 16:50:07,9.0,2,8.3055,8.635212127944897,8.2245,8.388404042648299,8.329044520338048,8.25815126818054
006,2014-10-03 16:55:07,9.8,2,7.077000000000001,8.256696690261338,6.905,7.41289889675378,7.210049116458931,6.99622085242536
006,2014-10-03 17:20:07,11.9,2,8.579000000000002,8.448854910807807,8.657499999999999,8.56178497026927,8.588981597434367,8.515920118916736
006,2014-10-03 17:45:07,11.7,2,8.475499999999997,8.246480796729422,8.471,8.397660265576473,8.433973310779967,8.349269256802671
006,2014-10-03 18:05:07,11.2,2,10.139000000000003,9.663154881535313,10.052999999999999,9.951718293845104,10.020963561142029,9.849307765821075
006,2014-10-03 18:10:07,11.0,2,7.144000000000005,8.123368580550544,7.013000000000001,7.426789526850183,7.2593408053252935,7.085809503663478
006,2014-10-03 18:15:07,10.9,2,9.096499999999999,9.286718780026067,9.2325,9.205239593342021,9.185784324765661,9.132538983448898
006,2014-10-03 18:40:07,10.1,2,7.777999999999997,8.048997666133687,7.995500000000001,7.940832555377895,7.915037395022066,7.834267126068519
006,2014-10-03 19:10:07,9.4,2,8.358000000000004,8.49415150401069,8.433,8.42838383467023,8.41264992699176,8.379162368184353
006,2014-10-03 20:05:07,8.6,2,8.762499999999998,8.399226723177158,8.6635,8.608408907725718,8.658573613415438,8.529414114688302
006,2014-10-03 20:25:07,8.2,2,9.070500000000003,9.138804131149895,8.933000000000002,9.0474347103833,9.025366279147146,8.96987289193463
006,2014-10-03 20:30:07,8.0,2,8.534000000000006,8.714737924720772,8.634000000000002,8.627579308240259,8.606728470027754,8.562183628031864
006,2014-10-03 20:45:07,8.3,2,10.198000000000008,9.91055574758372,10.459000000000001,10.189185249194578,10.256345211168894,10.067316969909424
006,2014-10-03 20:50:07,8.7,2,9.959500000000006,9.295284930233743,9.712000000000003,9.655594976744583,9.741935395159645,9.509540959529149
006,2014-10-04 10:55:07,11.8,2,7.872500000000006,11.015882862292548,8.169,9.019127620764184,8.539716166976925,8.063524068281117
006,2014-10-04 11:10:07,12.2,2,11.460500000000003,9.721947462907485,11.488499999999998,10.890315820969164,11.171010332580947,10.517223984350995
006,2014-10-04 11:25:07,12.0,2,9.235,9.341620687207708,9.142999999999999,9.23987356240257,9.215351632791469,9.17018190022634
006,2014-10-04 11:40:07,11.7,2,9.003999999999998,9.511556079020608,8.956,9.157185359673536,9.072015333118314,8.988806632034363
006,2014-10-04 11:50:07,11.3,2,8.383500000000007,9.147521027981291,8.509,8.680007009327099,8.567807766967851,8.441009234053325
006,2014-10-04 12:30:07,9.5,2,6.8935,7.432055476109633,6.9215,7.082351825369877,6.998368879150727,6.9215006763314655
006,2014-10-04 12:45:07,8.4,2,8.174500000000005,7.861253121123272,7.9905,8.008751040374426,8.044023953424455,7.938233447309253
006,2014-10-04 13:10:07,6.3,2,9.410999999999994,8.88976204167575,9.674999999999999,9.325254013891914,9.43009872200661,9.15339347329379
006,2014-10-04 13:55:07,8.8,2,11.6635,9.25504994817266,11.318499999999998,10.745683316057553,11.103470027442752,10.229538907019233
006,2014-10-04 14:30:07,7.2,2,7.211500000000004,7.519529043664554,7.1205,7.283843014554852,7.227146601944982,7.155734610950005
006,2014-10-04 14:45:07,6.8,2,7.622000000000002,8.012713497291621,7.651999999999999,7.76223783243054,7.702093573442839,7.644322541092809
006,2014-10-04 15:40:07,3.7,2,7.929500000000003,7.996105455814344,8.1385,8.021368485271449,8.027618603033435,7.9600933635182045
006,2014-10-04 15:45:07,3.6,2,9.816500000000003,10.061925414805229,9.625,9.834475138268411,9.77966995737552,9.682547869935085
006,2014-10-04 16:10:08,3.7,2,7.064000000000006,8.016556126096265,7.047500000000001,7.3760187086987585,7.222131878808223,7.090843526154874
006,2014-10-04 16:25:08,3.9,2,9.443000000000005,9.449477360947725,9.535000000000002,9.475825786982577,9.482235133243288,9.4530411384187
006,2014-10-04 16:40:08,4.8,2,9.575500000000007,9.981709962884567,9.532500000000002,9.696569987628193,9.62803519118993,9.559891503068023
006,2014-10-04 17:05:08,5.3,2,5.675499999999995,7.106068578479084,5.6865,6.156022859493025,5.927808540513126,5.736737194598709
006,2014-10-04 17:10:08,5.1,2,6.3054999999999986,7.037748882123253,6.364999999999998,6.569416294041083,6.456963149595902,6.348014687219838
006,2014-10-04 17:20:08,4.9,2,9.421000000000003,10.03102489485855,9.648,9.700008298286184,9.620687086128507,9.493208888676085
006,2014-10-04 17:45:08,4.8,2,5.491499999999997,7.282628587948129,5.666499999999998,6.146876195982709,5.874192948966205,5.601602075115778
006,2014-10-04 17:50:08,4.9,2,5.9460000000000015,7.277735829424182,6.0375,6.420411943141393,6.214541483775367,6.019855863944024
006,2014-10-04 18:10:08,5.1,2,9.897500000000003,8.769405779261385,9.823500000000001,9.496801926420462,9.671475796767966,9.257177430721853
006,2014-10-04 19:05:08,4.9,2,7.619500000000006,8.063800875983008,7.499499999999999,7.727600291994338,7.646732701931825,7.547533753373065
006,2014-10-04 19:20:08,4.6,2,7.716000000000001,7.578324900156947,7.745000000000001,7.679774966718983,7.7041708766088055,7.64394277500317
006,2014-10-04 20:05:08,3.9,2,8.362000000000004,7.422918079910607,8.1425,7.97580602663687,8.108432587706297,7.7724866707525475
006,2014-10-04 20:50:08,4.4,2,7.067,7.408612600867575,7.188,7.221204200289191,7.176289169241556,7.10616793496486
006,2014-10-04 21:05:08,4.5,2,9.058000000000007,9.382342435961585,9.021500000000001,9.153947478653864,9.099049841615408,9.043907580894166
006,2014-10-04 21:25:08,5.6,2,9.325500000000003,9.71452475067924,9.121000000000002,9.387008250226415,9.308153473471535,9.187685884697723
006,2014-10-04 21:40:08,6.8,2,6.4275,7.093816045509231,6.574999999999999,6.698772015169744,6.604000896705877,6.485544353525945
006,2014-10-04 21:50:08,7.2,2,8.944999999999999,8.301645842130913,8.7915,8.679381947376969,8.769990079752626,8.540014179025613
007,2014-10-01 11:49:59,3.8,2,7.965000000000001,7.779307857983786,7.9925,7.912269285994596,7.944233682416533,7.866666344005099
007,2014-10-01 12:44:59,8.5,2,8.886500000000002,8.801421316087525,8.835,8.840973772029175,8.850430542821432,8.821783878430459
007,2014-10-01 13:34:59,6.8,2,7.909500000000004,8.32115744814088,7.986500000000002,8.072385816046962,8.012691684251129,7.942431171353082
007,2014-10-01 13:44:59,6.1,2,8.349499999999999,8.189312111096234,8.429499999999997,8.322770703698744,8.354900080343443,8.270220152869907
007,2014-10-01 13:54:59,5.7,2,7.765000000000003,8.098834962681986,7.791,7.8849449875606625,7.833586021955972,7.784149069593059
007,2014-10-01 14:04:59,5.3,2,7.692000000000004,7.812615361967605,7.737,7.74720512065587,7.731531047618726,7.706301568732517
007,2014-10-01 14:09:59,5.2,2,8.152999999999999,7.792744223049381,8.1895,8.045081407683126,8.105730544351012,7.9605644923320344
007,2014-10-01 14:19:59,5.1,2,8.319500000000003,8.065481292330132,8.1965,8.193827097443378,8.224552135382028,8.137280907617704
007,2014-10-01 15:04:59,5.9,2,8.689000000000004,8.485143502978389,8.8285,8.66754783432613,8.71148677878486,8.591823513908098
007,2014-10-01 15:24:59,6.3,2,8.341000000000015,9.071573329028176,8.303,8.57185777634273,8.451781096387737,8.342520636667208
007,2014-10-01 15:34:59,6.4,2,8.4185,8.405938102229191,8.290500000000002,8.371646034076397,8.36329719984853,8.320326556815779
007,2014-10-01 16:39:59,8.0,2,7.815000000000003,7.792509848485373,7.909000000000001,7.838836616161792,7.850046976456081,7.8120287800535
007,2014-10-01 16:54:59,8.1,2,8.532500000000002,8.897402979897642,8.459500000000002,8.629800993299215,8.56545321594284,8.492619993528567
007,2014-10-01 17:19:59,8.2,2,10.381000000000004,10.428904544007622,10.3315,10.380468181335877,10.368789653982361,10.345735097020857
007,2014-10-01 17:39:59,9.7,2,8.917500000000008,9.166653081343302,8.976499999999998,9.020217693781102,8.985091575684969,8.940001754578503
007,2014-10-01 17:54:59,10.5,2,9.644499999999999,9.127053873229515,10.0325,9.601351291076504,9.715625584965755,9.401181139992804
007,2014-10-01 17:59:59,10.7,2,7.7845000000000075,8.06046738821774,7.813000000000001,7.885989129405917,7.84409997626733,7.801782618759287
007,2014-10-01 18:09:59,10.7,2,8.587000000000003,7.772602643790417,9.002000000000002,8.453867547930141,8.617883842003002,8.184756368793538
007,2014-10-01 18:24:59,10.6,2,9.857500000000003,9.585478691860029,10.1155,9.852826230620012,9.917273390584283,9.734913641487925
007,2014-10-01 18:44:59,10.0,2,8.384500000000001,9.14451421779035,8.567,8.698671405930117,8.591727562914151,8.453663106960889
007,2014-10-01 19:59:59,8.6,2,8.036499999999998,7.9313875377050715,7.985999999999999,7.984629179235024,7.997375289702553,7.961240141367545
007,2014-10-01 20:14:59,8.4,2,7.362500000000006,7.99445891637422,7.559,7.638652972124742,7.553350299644745,7.429288627415007
007,2014-10-01 20:44:59,8.2,2,8.338000000000001,8.96057675681654,8.5165,8.605025585605514,8.519768498837626,8.400669655486622
007,2014-10-01 20:54:59,8.0,2,8.105,7.926446018100465,8.0275,8.019648672700155,8.041970955568397,7.9801195102148945
007,2014-10-01 21:04:59,7.9,2,8.202,8.2183301996609,8.11,8.176776733220299,8.16671477005523,8.133460864903828
007,2014-10-01 21:24:59,8.1,2,9.121,9.700462767410931,9.256,9.359154255803643,9.277280858033198,9.172873085709723
007,2014-10-01 22:29:59,10.7,2,9.104499999999991,8.727174250798097,9.374500000000001,9.06872475026603,9.1510076597717,8.925795049168448
007,2014-10-01 22:49:59,10.6,2,8.017000000000007,8.329494643865266,7.9735000000000005,8.106664881288424,8.053098064814852,7.997153171314078
007,2014-10-01 22:54:59,10.6,2,7.626499999999998,7.170459776407459,7.723,7.506653258802486,7.587498754150573,7.387858221991591
007,2014-10-01 23:44:59,11.4,2,8.2695,7.895275313700879,8.3095,8.158091771233627,8.221261318256087,8.069808328030668
007,2014-10-02 08:14:59,8.8,2,8.436000000000005,8.101756578980728,8.333000000000002,8.290252192993579,8.335444015800363,8.217280049164764
007,2014-10-02 08:44:59,11.9,2,8.983500000000006,10.461108053820572,8.937999999999999,9.460869351273526,9.220548449054096,9.010165003898077
007,2014-10-02 08:59:59,13.4,2,9.936000000000002,8.914697263314046,10.077,9.642565754438015,9.81753962846815,9.39415661348879
007,2014-10-02 09:29:59,11.8,2,7.5595000000000026,7.5347792025152645,7.685999999999999,7.593426400838422,7.607624622494325,7.558518928999454
007,2014-10-02 09:54:59,9.9,2,8.570500000000003,7.709811712095422,8.847000000000001,8.375770570698476,8.535989820573294,8.129413285218426
007,2014-10-02 10:29:59,7.9,2,8.027999999999999,7.962247822820709,8.1325,8.040915940940236,8.059904582384366,8.002522799621937
007,2014-10-02 11:00:00,4.4,2,6.8495000000000035,7.90030606170579,6.7955,7.181768687235265,7.009111853876841,6.8521811178297565
007,2014-10-02 11:19:59,5.3,2,8.115,8.92000530061814,7.78,8.27166843353938,8.115631655487565,7.896153295134058
007,2014-10-02 11:34:59,5.0,2,7.818000000000001,8.633103143321836,8.0615,8.170867714440613,8.060038893980607,7.902081826261419
007,2014-10-02 12:34:59,5.1,2,7.753000000000004,8.110100623512,7.7445,7.869200207837335,7.8113227514846155,7.761322167441954
007,2014-10-02 13:14:59,6.3,2,7.991500000000006,7.311448380433163,8.000000000000002,7.767649460144391,7.877247321309892,7.62228670153937
007,2014-10-02 13:19:59,6.4,2,7.491000000000006,10.036321099143343,7.496999999999999,8.341440366381116,7.934294400421169,7.597141420389464
007,2014-10-02 13:24:59,6.4,2,7.82650000000001,8.556225613735112,7.898499999999999,8.09374187124504,7.982704605449737,7.871502584888049
007,2014-10-02 13:44:59,6.2,2,9.803500000000003,9.110930955758914,9.7915,9.568643651919638,9.678586853839503,9.422345230680154
007,2014-10-02 13:54:59,6.0,2,8.229000000000005,8.188809162480581,8.3655,8.261103054160197,8.278588216287744,8.220586713613143
007,2014-10-02 14:00:00,4.3,2,8.685000000000004,7.8855602753235035,8.718499999999999,8.42968675844117,8.560428109253971,8.253286042749696
007,2014-10-02 14:09:59,5.7,2,7.695000000000002,8.166613035146248,7.723499999999999,7.86170434504875,7.788482661022775,7.72034553194866
007,2014-10-02 14:39:59,5.6,2,8.185500000000003,7.563344858601772,8.194,7.980948286200591,8.081274061741047,7.847791169583546
007,2014-10-02 15:34:59,8.1,2,8.188999999999997,7.349914834859632,7.835999999999999,7.791638278286542,7.89744462297369,7.606150082959386
007,2014-10-02 15:49:59,9.1,2,7.374500000000005,7.312438627111172,7.220999999999998,7.302646209037058,7.300160656856238,7.249741410277575
007,2014-10-02 15:59:59,9.5,2,9.427500000000002,7.742040396224299,9.4275,8.865680132074766,9.135605458417682,8.510354261493003
007,2014-10-02 16:14:59,9.3,2,7.7920000000000025,7.850053468533875,7.8675,7.836517822844626,7.833331739008652,7.808149865053156
007,2014-10-02 17:24:59,6.2,2,7.322500000000006,7.320106909518783,7.468,7.37020230317293,7.3823626598989485,7.335541672713429
007,2014-10-02 18:29:59,4.8,2,8.112,7.762888460428901,8.113499999999998,7.996129486809633,8.052160900142981,7.922178231094522
007,2014-10-03 08:15:00,7.9,2,9.499500000000001,8.84512484979028,9.3435,9.229374949930092,9.321545731747628,9.087622892472954
007,2014-10-03 08:40:00,5.4,2,7.2505000000000015,7.736493182662959,7.2635000000000005,7.416831060887653,7.340051799357601,7.273224225172922
007,2014-10-03 09:50:00,7.9,2,8.907499999999997,8.551374049933655,8.755,8.73795801664455,8.782647669233052,8.659167579529015
007,2014-10-03 10:25:00,8.7,2,8.234500000000002,7.806679758650843,8.136999999999999,8.059393252883615,8.120016528978542,7.966827289852899
007,2014-10-03 10:30:00,8.7,2,8.177500000000002,7.904994785216266,8.159500000000001,8.080664928405424,8.122849510739663,8.022777617887218
007,2014-10-03 10:45:00,8.5,2,8.544499999999998,8.044057465461856,8.6675,8.418685821820619,8.508787291120631,8.284309086920036
007,2014-10-03 11:25:00,8.5,2,8.1635,8.249931387798062,8.2915,8.23497712926602,8.23149580977337,8.18908159308802
007,2014-10-03 11:45:00,8.7,2,7.564500000000001,7.747769575205348,7.582000000000001,7.6314231917351165,7.603489171438559,7.5756815133601725
007,2014-10-03 11:55:00,9.5,2,8.6235,8.053288096358855,8.496,8.390929365452953,8.471928310294562,8.267614286553604
007,2014-10-03 12:00:00,10.5,2,7.839500000000002,7.612950882588636,7.896500000000003,7.782983627529546,7.823879041481909,7.721842159404575
007,2014-10-03 12:30:00,17.7,2,9.327000000000004,8.75235497848342,9.459500000000002,9.179618326161142,9.282372230296385,9.02736821797104
007,2014-10-03 12:45:00,18.9,2,8.86450000000001,8.091367466320783,8.962,8.639289155440265,8.770997732921522,8.453410480135897
007,2014-10-03 13:50:00,17.1,2,10.149000000000008,8.991673595087162,10.211500000000003,9.784057865029057,9.974461875862621,9.52540030802463
007,2014-10-03 13:55:00,16.9,2,9.541500000000003,8.50102900195895,9.472000000000001,9.171509667319652,9.332514972410998,8.950467308214627
007,2014-10-03 14:00:00,16.7,2,9.245500000000009,8.081102344897417,9.136500000000002,8.821034114965808,8.998688977635254,8.572904129597731
007,2014-10-03 14:10:00,16.3,2,8.705500000000004,8.202741900583993,8.714500000000001,8.540913966861332,8.62215885018676,8.432810566739937
007,2014-10-03 20:30:00,4.8,2,7.678500000000007,8.25972659851641,7.710999999999999,7.883075532838806,7.7926230727757115,7.709192309962568
007,2014-10-03 20:50:00,4.5,2,7.782500000000003,7.780461661339187,7.681500000000001,7.748153887113063,7.740305153437745,7.706212335460959
007,2014-10-03 21:15:00,5.6,2,7.548500000000003,7.646994266815771,7.672,7.622498088938592,7.616720666384287,7.575447150960411
007,2014-10-03 21:30:00,5.9,2,7.375000000000008,7.856336226101786,7.5440000000000005,7.591778742033931,7.528372288157188,7.429879042680277
007,2014-10-03 21:35:00,6.1,2,7.854,7.420401290471565,7.6775,7.650633763490522,7.705788015983287,7.554926375851164
007,2014-10-03 22:00:00,7.1,2,7.4855000000000045,7.609470058730292,7.560500000000001,7.551823352910099,7.538040296254859,7.506160348653847
007,2014-10-03 22:10:00,7.5,2,7.190000000000002,7.363274985389637,7.142,7.231758328463212,7.200123214929031,7.1610302997667645
007,2014-10-03 23:10:00,8.8,2,9.101500000000003,9.469982789467602,9.148499999999999,9.239994263155868,9.184786257562624,9.126431338328194
007,2014-10-03 23:20:00,9.0,2,7.655500000000002,7.936126146739086,7.600999999999999,7.730875382246363,7.681521920820192,7.626064448896122
007,2014-10-03 23:25:00,9.1,2,8.67450000000001,8.400882470498578,8.492,8.52246082349953,8.551508533897195,8.460334342626979
007,2014-10-04 00:45:00,10.0,2,8.854000000000008,8.226152009149896,9.086500000000001,8.722217336383302,8.841585893636179,8.535276065535871
007,2014-10-04 00:55:00,10.5,2,7.9034999999999975,7.633936625318853,8.073,7.87014554177295,7.92703567158584,7.7735265039793235
007,2014-10-04 01:05:00,11.2,2,7.585500000000003,7.317755731797923,7.6425,7.515251910599308,7.562744702795575,7.445425747340935
007,2014-10-04 01:10:00,11.5,2,7.866999999999997,8.064516224971653,7.943000000000001,7.95817207499055,7.932691587022334,7.890898670912385
007,2014-10-04 01:25:00,12.6,2,7.867000000000006,8.399743775610835,7.943000000000001,8.069914591870281,7.990747616369101,7.9047140083958745
007,2014-10-04 01:30:00,12.9,2,8.077500000000004,7.561887964789281,7.946000000000001,7.861795988263096,7.933727028313541,7.749894187322554
007,2014-10-04 01:40:00,13.2,2,7.125000000000001,7.541035666150474,7.111999999999999,7.2593452220501575,7.191665114253735,7.13236561177354
007,2014-10-04 08:55:00,9.6,2,9.169500000000005,9.971535359875274,8.8875,9.342845119958426,9.191573918038275,8.990403105147998
007,2014-10-04 09:05:00,10.1,2,8.231499999999999,8.762563160229336,8.134999999999998,8.376354386743111,8.28349401390432,8.180788570995714
007,2014-10-04 09:45:01,8.5,2,8.509500000000001,8.106119263666674,8.405000000000001,8.340206421222225,8.396349129407847,8.252622343495663
007,2014-10-04 09:55:01,8.5,2,8.0155,7.256573616082086,8.0255,7.765857872027361,7.88820889199094,7.603514738055333
007,2014-10-04 10:40:01,7.8,2,8.0595,8.044448048343924,7.986999999999999,8.030316016114641,8.026858260182891,8.00270720567165
007,2014-10-04 10:55:01,6.3,2,7.844500000000004,7.983146858479155,7.6434999999999995,7.823715619493053,7.785242007336669,7.699000426319066
007,2014-10-04 11:20:01,5.1,2,6.659999999999999,7.377847759783991,6.792000000000001,6.9432825865946635,6.8390040898964894,6.7169541304329865
007,2014-10-04 11:30:01,4.9,2,6.7499999999999964,7.277601375311938,6.7155,6.914367125103978,6.8270795776470505,6.7457888632933365
007,2014-10-04 11:50:01,4.5,2,8.13400000000001,8.046864143417391,8.273000000000001,8.151288047805801,8.176493781821678,8.100287959220353
007,2014-10-04 12:40:01,6.5,2,7.280499999999998,6.874613821651218,7.288500000000002,7.14787127388374,7.213521235903036,7.060425005638333
007,2014-10-04 12:55:01,7.9,2,8.119500000000006,8.181059791876887,8.159500000000003,8.153353263958964,8.146732192907088,8.13033102674627
007,2014-10-04 13:15:01,8.8,2,8.1355,7.818215125984281,8.158500000000002,8.037405041994761,8.09007969373821,7.965116307788705
007,2014-10-04 13:30:01,8.9,2,8.454500000000003,8.617138554883246,8.6085,8.560046184961083,8.546464834011845,8.493134668231408
007,2014-10-04 13:40:01,8.9,2,7.9110000000000005,8.57527853288527,7.9585,8.148259510961756,8.045720468833938,7.948225294715341
007,2014-10-04 14:10:01,8.2,2,8.876999999999997,8.005287227265866,8.776,8.55276240908862,8.68419150497591,8.366530533930302
007,2014-10-04 14:55:01,6.8,2,8.489499999999996,7.546483730884428,8.5395,8.191827910294808,8.346898504987541,7.981285244699739
007,2014-10-04 15:00:00,6.7,2,8.504500000000005,10.021065770767025,8.576,9.033855256922344,8.796765549300718,8.581826024379984
007,2014-10-04 15:10:01,6.8,2,7.878000000000005,8.090434999048757,7.863500000000003,7.943978333016255,7.908783334279343,7.875846399044967
007,2014-10-04 16:05:01,8.9,2,7.938500000000005,8.160125618419718,7.986500000000001,8.028375206139907,7.99676722911442,7.957586437918048
007,2014-10-04 16:30:01,9.3,2,7.849500000000002,7.561151001153424,7.8889999999999985,7.766550333717809,7.815926470683169,7.69648843919299
007,2014-10-04 17:10:01,8.5,2,9.754500000000009,9.332632481713588,9.798500000000002,9.6285441605712,9.699667447246673,9.529277732557311
007,2014-10-04 17:15:01,8.3,2,8.235000000000003,7.911036500381935,8.260500000000002,8.13551216679398,8.189458752101102,8.061228580563178
007,2014-10-04 17:40:01,7.3,2,7.505,7.564309340552989,7.483499999999999,7.517603113517663,7.506364499380203,7.491269671461678
007,2014-10-04 18:05:01,6.8,2,8.680000000000005,9.005150216529549,8.782,8.822383405509852,8.778566911548797,8.714549823195046
007,2014-10-04 18:45:01,6.2,2,8.176999999999996,8.77894982499928,8.2545,8.40348327499976,8.3133544063997,8.217877141985829
007,2014-10-04 18:50:01,6.1,2,9.4785,8.715327315476333,9.387999999999998,9.19394243849211,9.308838799687926,9.030848426856217
007,2014-10-04 19:00:01,6.0,2,8.254000000000005,8.149124505366126,8.314,8.23904150178871,8.260693786253507,8.20284682027905
007,2014-10-04 19:30:01,6.5,2,8.465500000000004,8.401171192016983,8.2995,8.38872373067233,8.385589528078954,8.330998552465424
007,2014-10-04 20:35:01,7.5,2,8.613000000000005,9.299245262426147,8.745,8.885748420808717,8.78653104476479,8.66865173399962
007,2014-10-04 20:45:01,7.6,2,7.2574999999999985,7.627031948627769,7.095999999999999,7.326843982875922,7.254591485395178,7.151231699661512
007,2014-10-04 21:35:01,8.2,2,8.766500000000013,7.654000822427428,8.796999999999999,8.405833607475813,8.586468411602658,8.16413845367293
007,2014-10-04 21:45:01,8.0,2,7.667000000000006,7.596718696660302,7.7195,7.661072898886769,7.676577877485264,7.6339319337906115
007,2014-10-04 21:55:01,7.6,2,7.604500000000009,7.3026636956684445,7.6465000000000005,7.517887898556151,7.569626375010765,7.4443957571140675
008,2014-10-01 06:56:54,6.6,2,6.403000000000003,6.391674383062319,6.4585,6.417724794354108,6.4240308826777595,6.4023085218558275
008,2014-10-01 07:21:54,5.1,2,6.154999999999996,6.4817732549510065,6.020500000000001,6.219091084983668,6.155871808303228,6.0672817923051525
008,2014-10-01 08:01:54,3.1,2,6.989500000000009,6.517500314312636,6.937,6.814666771437548,6.8860077620956215,6.713882472844894
008,2014-10-01 08:31:54,3.2,2,5.416000000000002,6.6917904987178245,5.3055,5.804430166239276,5.591168972689326,5.385447859026144
008,2014-10-01 09:11:54,3.2,2,5.598000000000004,6.91307451113908,5.6465,6.052524837046362,5.845842158701103,5.662253132334493
008,2014-10-01 09:31:54,3.4,2,4.834500000000002,5.841334818673493,4.794,5.156611606224498,4.992089461646265,4.8455251109916695
008,2014-10-01 09:51:54,3.5,2,6.344000000000002,6.104356300940582,6.270500000000001,6.239618766980196,6.272048299950692,6.187308147112204
008,2014-10-01 10:11:54,4.0,2,8.615000000000006,8.368710960127977,8.71,8.56457032004266,8.611702877948467,8.490346813881818
008,2014-10-01 10:41:54,4.3,2,7.958500000000003,7.81428737777164,7.9655000000000005,7.912762459257213,7.936424618750369,7.880716537330551
008,2014-10-01 10:46:54,4.3,2,8.320000000000006,8.461381724564779,8.314,8.365127241521595,8.34199939086128,8.321312763469027
008,2014-10-01 10:51:54,4.4,2,6.2535000000000025,6.427409316026188,6.218500000000001,6.299803105342065,6.269118654052428,6.23433641690953
008,2014-10-01 11:00:00,9.2,2,5.1685,5.5664650488883884,5.0945,5.276488349629463,5.206764759812434,5.129230235779016
008,2014-10-01 12:01:54,9.2,2,8.061500000000002,8.447537230737925,7.890499999999999,8.133179076912642,8.057514316724353,7.948765007406793
008,2014-10-01 12:16:54,7.4,2,8.495,8.748454559559157,8.298499999999997,8.513984853186384,8.457489098160709,8.357617236671794
008,2014-10-01 12:26:54,6.2,2,7.9375000000000036,8.402362013853605,7.831,8.05695400461787,7.973886281939722,7.876537243402362
008,2014-10-01 12:36:54,5.4,2,6.920000000000003,7.488991223007608,6.910500000000001,7.10649707433587,7.014604525561225,6.936302258906435
008,2014-10-01 13:11:54,4.1,2,9.173000000000007,9.35527854428657,9.255999999999998,9.26142618142886,9.238952594822342,9.197722154602934
008,2014-10-01 13:21:54,4.7,2,5.529000000000001,6.068306030109204,5.5465,5.714602010036401,5.629648968895552,5.554854423661073
008,2014-10-01 13:51:54,5.8,2,7.822000000000007,7.692996706450506,7.8725,7.795832235483505,7.8205796203550255,7.756781095256954
008,2014-10-01 14:16:54,4.1,2,8.031500000000007,7.82159711310812,8.0325,7.961865704369376,7.9955624658315845,7.917379566894927
008,2014-10-01 14:21:54,3.8,2,8.046000000000003,7.70142376945974,7.776999999999999,7.8414745898199145,7.8748847838515115,7.762282909035413
008,2014-10-01 14:26:54,3.7,2,9.63,9.687518542930558,10.102,9.806506180976852,9.83549938736328,9.685157934393308
008,2014-10-01 14:31:54,3.6,2,8.77,9.264359903845891,8.794999999999998,8.943119967948629,8.865972088738129,8.795557243685334
008,2014-10-01 14:51:54,3.9,2,9.138500000000004,8.227553051558866,9.267000000000001,8.877684350519624,9.03397303369122,8.655474613380953
008,2014-10-01 15:31:54,5.9,2,6.918000000000001,6.758468739440814,6.9035,6.859989579813605,6.884364750417037,6.826004461629427
008,2014-10-01 15:36:54,6.2,2,7.825499999999998,8.346010545002814,7.695500000000001,7.955670181667604,7.861788236641262,7.74915143467303
008,2014-10-01 16:21:54,6.3,2,6.750500000000004,7.187629809795193,6.829,6.922376603265065,6.858724501755625,6.78479196007523
008,2014-10-01 17:31:54,5.7,2,8.280499999999996,8.616633808823137,8.2045,8.367211269607711,8.30722803052944,8.237177446268955
008,2014-10-01 17:36:54,5.8,2,8.417000000000002,8.968553956524122,8.361500000000001,8.582351318841376,8.489527991815653,8.397977571245674
008,2014-10-01 17:46:54,6.2,2,5.269499999999997,5.872017168469579,5.226999999999999,5.456172389489859,5.356239585099671,5.262357833186868
008,2014-10-01 19:41:54,4.8,2,6.77,5.808202214160988,6.7989999999999995,6.459067404720329,6.615446059533691,6.24949499982367
008,2014-10-01 19:51:54,4.8,2,5.353500000000001,6.568800021042822,5.332000000000001,5.7514333403476074,5.555063524618852,5.387410151333565
008,2014-10-01 20:26:54,5.7,2,7.281500000000009,6.922203854705546,7.295,7.166234618235184,7.224868397564025,7.087319260561797
008,2014-10-01 20:41:54,7.3,2,5.631999999999998,6.277822133398934,5.639500000000001,5.8497740444663116,5.746953091419494,5.660170637218627
008,2014-10-01 21:16:54,9.0,2,6.059999999999998,6.939877747164393,6.047999999999999,6.34929258238813,6.207409390856514,6.087233693921453
008,2014-10-01 21:31:54,10.0,2,6.817000000000003,6.496755494927406,6.779000000000001,6.697585164975803,6.74579631948519,6.629146643956746
008,2014-10-01 21:36:54,10.0,2,5.791500000000002,6.236051133979718,5.876,5.967850377993241,5.903495409751363,5.827341911704272
008,2014-10-01 21:51:55,9.3,2,5.761499999999996,6.414521965132799,5.818,5.998007321710932,5.897999492740995,5.800127549099688
008,2014-10-01 22:01:55,8.3,2,7.734000000000001,8.109475377632858,7.801000000000001,7.8814917925442876,7.826782774239601,7.763366533454561
008,2014-10-02 11:16:55,6.4,2,7.620000000000001,7.468188721060789,7.49,7.526062907020264,7.539852891554545,7.490893510531782
008,2014-10-02 11:31:55,6.3,2,6.91,7.873562693932864,7.11,7.2978542313109545,7.159728714396364,6.991180350736735
008,2014-10-02 11:51:55,6.1,2,7.7165000000000035,8.001943911902899,7.831499999999998,7.849981303967634,7.813576000355095,7.752109015711934
008,2014-10-02 12:16:55,6.6,2,7.398999999999998,7.1279889450047635,7.501000000000001,7.342662981668255,7.394321351304553,7.261584370317541
008,2014-10-02 12:21:55,6.8,2,7.519499999999998,7.20893634935842,7.6355,7.454645449786139,7.513771335672284,7.361941924317135
008,2014-10-02 12:36:55,7.5,2,6.843,6.577420499443224,6.816,6.745473499814408,6.785820452538303,6.688827156476988
008,2014-10-02 12:41:55,7.7,2,6.844500000000004,6.330012301922351,6.837999999999999,6.6708374339741185,6.752706199702388,6.562215729292623
008,2014-10-02 12:46:55,8.0,2,8.564000000000005,8.946475614498025,8.503,8.67115853816601,8.604967821716842,8.53387186321941
008,2014-10-02 12:51:55,8.2,2,8.798500000000006,8.830156967878528,8.514000000000001,8.714218989292846,8.686121060678781,8.585773645041996
008,2014-10-02 13:26:55,9.8,2,8.116500000000002,8.940965694390371,8.173,8.410155231463458,8.282690793942578,8.16219305721382
008,2014-10-02 13:31:55,9.8,2,8.389000000000003,7.880336072965846,8.133500000000002,8.134278690988618,8.19506015047489,8.020822958189658
008,2014-10-02 13:56:55,9.3,2,8.453500000000002,7.603229642611269,8.471499999999999,8.17607654753709,8.31370378747945,7.992598424766876
008,2014-10-02 14:11:55,9.8,2,9.441000000000003,8.26825949422973,9.347500000000002,9.018919831409912,9.199165402179652,8.769408359842892
008,2014-10-02 16:41:55,13.2,2,9.342000000000011,8.75786410080651,9.562999999999999,9.22095470026884,9.332391956277425,9.045928366802888
008,2014-10-02 16:46:55,13.3,2,10.676500000000003,9.163891399583772,10.6495,10.163297133194591,10.403355034780521,9.843754129767701
008,2014-10-02 17:16:55,13.5,2,10.196500000000007,9.025990850887455,10.076500000000003,9.766330283629154,9.944073533025085,9.516644093219572
008,2014-10-02 18:31:55,10.3,2,8.9105,8.590210521766187,8.990000000000002,8.83023684058873,8.887965917850561,8.744051306356035
008,2014-10-02 18:46:55,10.6,2,9.208000000000006,8.894475783393005,9.177999999999999,9.09349192779767,9.141274370618259,9.026664923315957
008,2014-10-02 19:06:55,11.5,2,10.456000000000008,9.278049957617183,10.601,10.111683319205731,10.312067932791445,9.829311046409481
008,2014-10-02 21:36:55,11.1,2,10.8225,9.964789866943258,10.774000000000001,10.520429955647753,10.653866008126132,10.338428181797967
008,2014-10-02 21:51:55,11.4,2,10.239500000000007,10.180033639795871,10.336999999999998,10.252177879931958,10.269593255521206,10.21675315429611
008,2014-10-02 21:56:55,11.5,2,9.947000000000005,10.303976169023775,10.15,10.133658723007926,10.092920494556148,10.0038038687204
008,2014-10-02 22:06:55,11.8,2,10.644500000000003,10.051261823142918,10.600999999999999,10.43225394104764,10.52373968273998,10.306129440326767
008,2014-10-02 22:11:55,11.8,2,11.046000000000006,10.27923276411391,10.9895,10.771577588037971,10.889801652662129,10.60855349265869
008,2014-10-02 22:31:55,11.3,2,10.947500000000014,10.24213319886865,10.8045,10.664711066289554,10.766100379773514,10.512525510162373
008,2014-10-02 22:41:55,11.2,2,10.463000000000008,9.238480522927912,10.3595,10.020326840975974,10.208055359374963,9.759655965109289
008,2014-10-02 23:01:55,10.6,2,10.14950000000001,8.807901334177519,10.216999999999999,9.724800444725842,9.945120257124193,9.426121157462067
008,2014-10-02 23:11:55,10.4,2,9.844000000000001,9.365959150969122,9.931500000000002,9.71381971698971,9.797460118361395,9.592499293744574
008,2014-10-02 23:36:55,11.4,2,9.805000000000001,8.67735574172639,9.9755,9.485951913908798,9.680344115554885,9.208198900594866
008,2014-10-02 23:51:55,10.4,2,8.7995,8.87755669979215,9.0045,8.89385223326405,8.89794467209287,8.831416480429299
008,2014-10-03 00:01:55,8.9,2,8.809,7.866108212324856,8.742,8.472369404108285,8.61794981399654,8.271959397786713
008,2014-10-03 00:06:55,8.3,2,9.290000000000004,9.2390229091866,9.312999999999999,9.2806743030622,9.290699925942832,9.26452814545489
008,2014-10-03 00:56:55,9.5,2,8.660499999999999,8.651067384729645,8.6145,8.642022461576547,8.639809743321614,8.62448353346846
008,2014-10-03 01:21:55,8.8,2,7.911500000000003,8.143167732502224,7.8975,7.984055910834076,7.945821272729117,7.910515167887769
008,2014-10-03 01:41:00,9.1,2,9.054500000000012,8.572843193199263,8.990500000000003,8.872614397733093,8.944571133982842,8.769514238460143
008,2014-10-03 01:41:55,8.2,2,9.524500000000009,9.1236556127523,9.652000000000001,9.43338520425077,9.507900331433396,9.318949214909928
008,2014-10-03 01:51:55,7.8,2,7.3455000000000075,7.530314020247405,7.375499999999999,7.417104673415804,7.3899350899471665,7.359337048902166
008,2014-10-03 02:11:55,7.2,2,7.914000000000008,8.021161278315532,7.990999999999999,7.975387092771847,7.964457836637319,7.93438233000474
008,2014-10-03 02:31:55,7.0,2,7.113499999999998,7.7863171549665005,6.9985,7.2994390516555,7.1823794305572966,7.054712854066535
008,2014-10-03 02:36:55,7.0,2,8.515500000000003,8.190738719059842,8.3475,8.351246239686615,8.389658254006637,8.278690711342602
008,2014-10-03 03:01:55,7.2,2,8.145000000000003,7.854424393576165,8.150000000000002,8.049808131192057,8.096748348628328,7.987375701378729
008,2014-10-03 03:11:55,7.0,2,8.418500000000005,7.914590489206816,8.389,8.240696829735606,8.319009832314393,8.133745277387845
008,2014-10-03 03:16:55,6.6,2,8.88350000000001,8.427195811447946,8.8065,8.705731937149318,8.77257621715911,8.607660097101597
008,2014-10-03 10:56:56,2.2,2,7.105500000000002,7.105943733745068,7.1325,7.114647911248357,7.1167622896779985,7.108228301278169
008,2014-10-03 11:00:00,3.1,2,7.951499999999999,7.3439772153667455,7.938,7.744492405122248,7.840694087047201,7.616086782145786
008,2014-10-03 11:01:56,2.3,2,8.204000000000002,7.856798049320502,8.130000000000003,8.063599349773503,8.113213799911717,7.9886013008124745
008,2014-10-03 11:06:56,2.5,2,8.571,7.833861277480175,8.738000000000001,8.380953759160057,8.512523439659462,8.186348116931292
008,2014-10-03 11:36:56,4.8,2,8.398000000000003,7.9339670443270975,8.314499999999999,8.2154890147757,8.283044927166111,8.115629569133723
008,2014-10-03 12:26:56,11.4,2,9.058000000000002,7.921511894486511,9.064499999999999,8.681337298162171,8.863871299234296,8.440218836996667
008,2014-10-03 13:31:56,11.8,2,9.63,8.96219812396415,9.616999999999999,9.403066041321383,9.50896185407623,9.261964649945673
008,2014-10-03 14:01:56,10.6,2,9.477000000000006,8.779092233980503,9.350499999999997,9.202197411326836,9.303727712853355,9.051986041553256
008,2014-10-03 14:26:56,9.6,2,9.293000000000005,9.316765315178788,9.539499999999999,9.38308843839293,9.39923471479292,9.32086510194923
008,2014-10-03 14:41:56,9.0,2,9.432999999999996,8.702045413921986,9.5155,9.216848471307328,9.340588141725636,9.043382932564956
008,2014-10-03 14:46:56,8.7,2,10.294500000000006,9.86126696298324,10.297500000000003,10.151088987661083,10.220713820893765,10.059051248784762
008,2014-10-03 15:29:00,5.2,2,9.075,8.194535827665915,9.1085,8.792678609221971,8.936395975850719,8.599196450381196
008,2014-10-03 15:36:56,6.1,2,8.669000000000002,7.734808767803744,8.884499999999997,8.429436255934581,8.596489477113625,8.181902947650409
008,2014-10-03 15:41:56,5.8,2,6.7025,7.526062194936211,6.932999999999998,7.0538540649787365,6.940618282659442,6.784234877577193
008,2014-10-03 16:16:56,6.4,2,7.1465,7.737119980368615,7.1835,7.355706660122872,7.264114096045073,7.178512507339175
008,2014-10-03 17:26:56,7.7,2,7.825500000000005,7.156041088456919,7.8325,7.604680362818975,7.71246039481176,7.461902866784866
008,2014-10-03 17:41:56,6.2,2,9.0225,8.554222538703744,9.198,8.924907512901248,9.014107236147629,8.784987392499566
008,2014-10-03 18:06:56,4.1,2,7.830500000000006,8.123287608882615,7.785500000000001,7.91309586962754,7.862563709321624,7.808712549855652
008,2014-10-03 18:26:56,5.2,2,7.602500000000005,8.462785305912378,7.588499999999999,7.8845951019707945,7.745687743340516,7.6274216421860475
008,2014-10-03 18:31:56,5.7,2,6.956500000000001,6.8984474702694545,7.093000000000001,6.982649156756485,7.0029948579846595,6.938367243115445
008,2014-10-03 18:46:56,7.1,2,7.792000000000004,9.1141649002833,7.850000000000001,8.252054966761103,8.045005718780358,7.8585151736504635
008,2014-10-03 19:01:56,7.6,2,7.214500000000002,7.689171380599633,7.171000000000001,7.358223793533212,7.278684471702532,7.20133676980019
008,2014-10-03 19:46:56,9.0,2,6.023000000000001,6.166566352779752,5.907,6.032188784259918,5.999807413651837,5.941649159473757
008,2014-10-03 19:51:56,9.2,2,7.965500000000004,7.7062639551998755,7.881500000000001,7.851087985066627,7.88580532608673,7.794391321036665
008,2014-10-03 20:46:56,7.3,2,7.8115000000000085,7.653301840841373,7.687499999999999,7.717433946947128,7.732732440252482,7.681064145825065
008,2014-10-03 21:16:56,4.1,2,7.592000000000008,7.221902389308513,7.632999999999999,7.482300796436173,7.544890337120877,7.394652666658782
008,2014-10-03 21:26:56,3.3,2,7.028500000000003,6.814088319237909,7.123000000000001,6.988529439745971,7.0305163869054415,6.921143641923626
008,2014-10-03 21:31:56,3.2,2,6.492000000000001,7.000920209450657,6.6155,6.702806736483552,6.631299849836993,6.538581363248337
008,2014-10-03 22:16:56,4.3,2,7.445500000000003,6.445100520492418,7.479,7.123200173497473,7.286125106333278,6.904433446969971
008,2014-10-03 22:21:56,4.1,2,7.181500000000004,6.623859501913593,7.235500000000001,7.013619833971199,7.107296503460466,6.883382465853453
008,2014-10-03 23:26:56,4.4,2,6.408999999999996,6.491523119596837,6.263999999999999,6.388174373198944,6.363221712390645,6.30331658892967
008,2014-10-04 00:26:56,4.9,2,5.791000000000002,6.340942622071958,5.829999999999999,5.987314207357319,5.9023979819730155,5.82175082115421
008,2014-10-04 00:51:56,5.4,2,5.545999999999996,7.144462703577018,5.6435,6.111320901192339,5.863219949607669,5.63209226922916
008,2014-10-04 01:06:56,5.3,2,6.306500000000001,6.223572695704701,6.218999999999999,6.249690898568233,6.255889204404568,6.228273639089494
008,2014-10-04 01:51:56,4.2,2,6.422500000000005,6.595568647954278,6.409000000000001,6.475689549318095,6.44687998997113,6.419476345855087
008,2014-10-04 02:31:56,4.6,2,5.912999999999999,6.393748790034226,5.8679999999999986,6.058249596678074,5.977615567986531,5.8989587722244625
008,2014-10-04 02:36:56,4.7,2,6.718999999999999,6.989904339621764,6.6114999999999995,6.7734681132072545,6.721381651319195,6.649291588853598
008,2014-10-04 02:41:56,4.8,2,6.420500000000001,6.851185945172745,6.345,6.538895315057581,6.463810080230163,6.381450264788111
008,2014-10-04 02:51:56,5.0,2,6.522000000000003,6.249307852346614,6.446000000000001,6.405769284115539,6.443289150196135,6.346430582402748
008,2014-10-04 03:31:56,4.4,2,6.045500000000005,7.1635809510504505,6.194000000000001,6.467693650350152,6.3006536004282925,6.122369758397607
008,2014-10-04 03:41:56,4.1,2,4.9369999999999985,6.195232635489762,4.888,5.340077545163254,5.134606184178718,4.95199107338822
008,2014-10-04 03:46:56,4.0,2,4.709500000000005,5.764007628239814,4.629000000000001,5.034169209413274,4.858774601467113,4.692397562784904
008,2014-10-04 04:26:56,3.0,2,5.724500000000006,7.164624837338041,5.982,6.290374945779349,6.080582474892503,5.8372430203142835
008,2014-10-04 05:06:56,4.2,2,4.7009999999999925,4.175408156215645,4.6045,4.493636052071879,4.56999833289464,4.380482382301495
008,2014-10-04 05:11:56,4.3,2,5.1519999999999975,4.391326087930911,5.484,5.009108695976969,5.157803002320986,4.770807655390379
008,2014-10-04 05:26:56,4.2,2,6.073499999999997,6.306224356049173,6.031499999999999,6.137074785349722,6.096404545210312,6.051494151249013
008,2014-10-04 05:46:56,3.8,2,4.305999999999999,5.663854206644794,4.306499999999999,4.758784735548264,4.541365684658653,4.362063318626898
008,2014-10-04 06:16:56,3.8,2,4.568999999999997,5.382922024718296,4.6819999999999995,4.8779740082394305,4.756771372965766,4.6259738587989
008,2014-10-04 07:01:56,4.2,2,4.743999999999999,5.021509947398322,4.748,4.8378366491327744,4.793717369717067,4.756266093574878
008,2014-10-04 07:06:56,4.3,2,4.537499999999995,4.630887468329555,4.390499999999999,4.51962915610985,4.4927746918848355,4.430759716941575
009,2014-10-02 06:55:19,3.6,2,8.935999999999998,9.60931808944146,8.915500000000002,9.15360602981382,9.044115231778184,8.948326395299397
009,2014-10-02 07:30:19,3.4,2,8.330000000000005,7.6801519556378945,8.3205,8.110217318545967,8.21352113417384,7.972986130785881
009,2014-10-02 07:45:19,3.5,2,8.372500000000008,7.252629460182617,8.14,7.921709820060875,8.082237318275114,7.679960420660377
009,2014-10-02 08:05:19,3.4,2,9.126500000000004,9.27034566451486,9.106,9.167615221504954,9.142919109006561,9.117005873016513
009,2014-10-02 08:15:19,3.3,2,9.30750000000001,10.505141675296754,9.216,9.676213891765586,9.4770060882787,9.288021013721277
009,2014-10-02 08:20:19,3.2,2,8.246000000000008,7.114602753532036,7.9830000000000005,7.781200917844015,7.941105670919443,7.536278968832018
009,2014-10-02 08:40:19,2.8,2,7.513500000000001,8.944785333781462,7.76,8.072761777927155,7.863494582829864,7.623597868471843
009,2014-10-02 09:15:19,2.2,2,8.727000000000002,8.973879532297245,8.8035,8.834793177432415,8.801447657089335,8.753036698095636
009,2014-10-02 09:30:19,2.2,2,8.157500000000006,9.617918584150253,8.245,8.673472861383418,8.446670168223633,8.235829710903499
009,2014-10-02 09:35:19,2.2,2,8.557000000000004,6.803887827933151,8.435,7.931962609311053,8.202847492473593,7.559404301830492
009,2014-10-02 10:35:19,2.4,2,9.24500000000001,10.481721453084315,9.817,9.847907151028108,9.696145961483278,9.414572252206659
009,2014-10-02 11:15:19,2.2,2,7.7265,7.573791150845314,7.866500000000002,7.722263716948439,7.75805186798419,7.657204886024726
009,2014-10-02 11:25:19,2.2,2,8.109500000000006,7.398179041782906,8.195,7.900893013927637,8.02173119773501,7.730862354931575
009,2014-10-03 08:35:19,7.2,2,9.005000000000003,9.193766546407451,9.016500000000002,9.071755515469151,9.042455504787235,9.0151639481956
009,2014-10-03 08:50:19,6.2,2,10.403000000000006,8.792192511226185,10.517999999999999,9.904397503742063,10.171675704029147,9.537813423022662
009,2014-10-03 09:30:19,5.0,2,8.921500000000004,7.452494138366686,8.616,8.32999804612223,8.54053056498226,8.012867352103912
009,2014-10-03 09:40:19,4.7,2,8.703000000000005,8.481483818417907,8.596,8.593494606139304,8.620309461182838,8.54419005871237
009,2014-10-03 10:00:19,4.2,2,9.193499999999998,11.074236008916234,9.3355,9.86774533630541,9.578040419616409,9.300452380583058
009,2014-10-03 10:50:19,4.5,2,9.2775,8.329573494810413,9.427999999999999,9.011691164936805,9.175682832155257,8.776520957693688
009,2014-10-03 11:00:19,4.8,2,7.338000000000001,7.645187994165481,7.336500000000001,7.439895998055161,7.3905786149185095,7.349531317649032
009,2014-10-03 11:05:19,5.0,2,8.297000000000006,8.370994714660442,8.2125,8.29349823822015,8.274808405444901,8.2364796179154
009,2014-10-03 12:10:19,5.7,2,6.639500000000001,7.440394951755694,6.6265,6.902131650585232,6.772816563207942,6.662726363385842
009,2014-10-03 12:15:19,5.4,2,10.718500000000006,9.723041004605602,10.737,10.392847001535202,10.553766584347143,10.178643069679271
009,2014-10-03 12:25:19,4.2,2,8.616500000000002,8.030553912548857,8.474,8.373684637516286,8.45598926777724,8.246687335568259
009,2014-10-04 19:00:00,6.9,2,8.48,8.532716395571061,8.646,8.552905465190355,8.557899388540552,8.504271207155998
001,2014-10-01 19:23:00,9.4,3,10.4,9.890189589932094,10.271500000000001,10.187229863310698,10.24646244974346,10.07382795685082
001,2014-10-01 20:14:00,7.9,3,8.2865,8.45652863619431,8.4455,8.39617621206477,8.384636598614597,8.331138362514391
001,2014-10-01 20:39:00,7.5,3,7.675000000000006,6.892309357525856,7.636500000000001,7.401269785841954,7.503438236185432,7.228633470310349
001,2014-10-01 20:49:00,7.6,3,7.450000000000002,8.030795087134976,7.77,7.750265029044993,7.695064973139744,7.5523079075728745
001,2014-10-01 22:14:00,8.0,3,8.514,9.588327535404066,8.542,8.881442511801355,8.739447860711218,8.576442635640106
001,2014-10-02 10:59:00,14.4,3,8.348500000000003,7.7310417048032924,8.443500000000002,8.174347234934432,8.263815135533578,8.016834422306465
001,2014-10-02 11:49:00,14.7,3,9.889500000000007,8.844939855976882,10.1995,9.644646618658962,9.80655997908753,9.344234821328168
001,2014-10-02 12:09:00,14.3,3,8.4235,9.824180893417962,8.402000000000001,8.883226964472655,8.693995000606586,8.481071445642524
001,2014-10-02 12:29:00,13.4,3,9.729500000000005,9.367056683962893,9.612,9.5695188946543,9.60978026121704,9.488656024348396
001,2014-10-02 13:39:00,11.0,3,9.387500000000006,8.432852555755371,9.376000000000001,9.06545085191846,9.19257377081085,8.85521354785255
001,2014-10-02 13:44:00,10.8,3,9.419500000000003,9.256782092851596,9.310499999999998,9.328927364283865,9.343023916941906,9.29210526007217
001,2014-10-02 14:39:00,10.8,3,11.381000000000013,10.562531320740463,11.183000000000002,11.042177106913492,11.137858311310016,10.860194012645294
001,2014-10-02 14:44:00,10.9,3,10.03300000000001,8.587696481580931,10.27,9.630232160526981,9.840687287004853,9.258210314762433
001,2014-10-02 14:49:00,11.0,3,10.021000000000003,9.511753295165335,10.2055,9.912751098388446,9.994047763563799,9.758706148633898
001,2014-10-02 16:29:00,9.4,3,10.14800000000001,10.255667969928993,9.963500000000002,10.122389323309669,10.094909928700543,10.01949027260116
001,2014-10-02 17:04:00,8.8,3,9.168000000000006,8.6669295622033,9.372,9.068976520734436,9.150556755267212,8.912297261017006
001,2014-10-02 17:14:00,9.2,3,9.454,8.526307801990267,9.4955,9.158602600663423,9.285862014505827,8.944968115315017
001,2014-10-02 17:29:00,10.4,3,9.891000000000005,10.483338092327745,9.6245,9.999612697442585,9.901380445893281,9.728203855789936
001,2014-10-02 18:19:00,13.2,3,12.483499999999994,9.820782930498265,12.639999999999997,11.648094310166087,12.016006136866949,11.026407321771913
001,2014-10-02 18:39:00,12.2,3,7.474,7.2767572744303335,7.710000000000001,7.4869190914767785,7.530045560709969,7.389840204247289
001,2014-10-02 19:19:00,11.0,3,10.702500000000002,10.167659000459071,11.075999999999999,10.648719666819693,10.74681498635968,10.446065167277833
001,2014-10-02 19:28:00,11.0,3,11.688999999999997,10.329839335908305,11.501999999999999,11.173613111969436,11.34253281377943,10.872717662137823
001,2014-10-02 19:39:00,10.5,3,8.6885,8.846600774464454,8.677,8.737366924821485,8.715365732417443,8.688401858188666
001,2014-10-02 20:04:00,11.2,3,10.325000000000005,9.64389738059294,10.166000000000002,10.044965793530983,10.12499660047122,9.893578694187093
001,2014-10-02 20:09:00,11.7,3,8.603999999999997,8.948188210780916,8.585,8.712396070260304,8.66492600860467,8.608174470972202
001,2014-10-02 20:29:00,15.0,3,9.439500000000002,10.024746385978512,9.2885,9.58424879532617,9.495136666630652,9.36030497316196
001,2014-10-02 20:44:00,17.3,3,10.963500000000003,10.545184914068326,10.5945,10.701061638022777,10.731021111987706,10.605580293657923
001,2014-10-02 20:49:00,17.7,3,8.023000000000001,8.01843340455582,7.839999999999999,7.960477801518607,7.9481455377700385,7.889182202512278
001,2014-10-02 21:39:00,17.2,3,11.786500000000004,10.438394697827658,11.626999999999999,11.283964899275887,11.453348199684816,10.985756601467447
001,2014-10-03 07:54:01,2.2,3,7.511,7.669596104256379,7.396,7.525532034752126,7.496143531359967,7.435680337347842
001,2014-10-03 09:44:01,3.4,3,9.158500000000005,9.073802486391365,9.0135,9.081934162130457,9.083028460386888,9.038768873585727
001,2014-10-03 10:10:00,4.0,3,7.416500000000002,8.597507602034385,7.3195,7.777835867344796,7.612702865189794,7.407700233070355
001,2014-10-03 12:39:01,9.5,3,8.768500000000001,7.888535763956018,8.7805,8.47917858798534,8.597955133276983,8.282757569010975
001,2014-10-03 14:24:01,13.4,3,9.839500000000001,9.532450988741722,9.600000000000001,9.657316996247241,9.681525235209827,9.587521622120281
001,2014-10-03 14:44:01,14.2,3,8.727500000000003,8.973063146853242,8.7555,8.818687715617749,8.787759297516192,8.746629653636987
001,2014-10-03 14:54:01,14.1,3,8.689,7.590886841028602,8.52,8.266628947009535,8.401837769944125,8.023359757448752
001,2014-10-03 15:04:01,14.1,3,9.110000000000003,9.32969682866256,9.005000000000003,9.148232276220854,9.111362741646154,9.045143871546315
001,2014-10-03 15:14:01,14.5,3,10.424500000000002,9.890870353084768,11.176000000000002,10.497123451028257,10.621793740679447,10.208783809374724
001,2014-10-03 15:24:01,15.5,3,9.819000000000003,9.179620801796492,9.712,9.570206933932164,9.648324356398005,9.42848348887744
001,2014-10-03 15:44:01,17.6,3,9.096000000000005,7.961374113857769,8.5875,8.548291371285925,8.664379355527496,8.29385302177989
001,2014-10-03 16:09:01,19.6,3,9.956000000000012,9.568879952621367,10.019499999999999,9.848126650873793,9.904497836275068,9.748477144615492
001,2014-10-03 16:14:01,20.2,3,10.802500000000007,10.054069704624165,10.860500000000002,10.572356568208058,10.676759438431613,10.3944282624243
001,2014-10-03 16:29:01,22.2,3,10.036000000000001,9.540656895530645,9.8895,9.822052298510215,9.878072854748156,9.711668781060322
001,2014-10-03 16:39:01,22.2,3,9.454500000000001,9.625574461203366,9.435500000000001,9.505191487067789,9.480921133688385,9.44962717981982
001,2014-10-03 16:49:01,22.2,3,12.170499999999995,11.536470130355756,12.117999999999997,11.94165671011858,12.02291222868876,11.801613539470424
001,2014-10-03 17:04:01,22.2,3,7.990999999999998,8.755494476967797,7.855500000000002,8.200664825655933,8.088627270677993,7.932441793458421
001,2014-10-03 17:19:01,22.2,3,9.04400000000001,7.82925217175936,9.1355,8.669584057253124,8.838849695401914,8.381395344656738
001,2014-10-03 17:34:01,22.2,3,8.048500000000004,9.156393271855631,8.196,8.466964423951879,8.32892415373819,8.139567295866552
001,2014-10-03 17:39:01,22.2,3,9.344500000000005,8.041196023038811,9.2725,8.886065341012939,9.055633817502963,8.598525707221182
001,2014-10-03 17:49:01,22.2,3,9.362000000000002,9.223722105972927,9.276,9.287240701990976,9.2996888180428,9.256010381413642
001,2014-10-03 17:54:01,22.2,3,8.5825,7.770499482716841,8.474499999999999,8.275833160905613,8.3770135653261,8.096104132033872
001,2014-10-03 18:14:01,22.2,3,8.961500000000003,8.741852424215649,8.8995,8.86761747473855,8.892667894072227,8.818697975359981
001,2014-10-03 18:39:01,22.2,3,10.452000000000009,10.271454825018766,10.607999999999999,10.443818275006258,10.479048344966124,10.368605603774729
001,2014-10-03 19:14:01,22.2,3,7.306000000000004,9.159251994570164,7.621999999999999,8.029083998190055,7.803073657325247,7.473909771131732
001,2014-10-04 07:49:01,8.0,3,8.040500000000003,6.91311750767618,7.914,7.622539169225394,7.764676678620651,7.373219493114326
001,2014-10-04 08:04:01,7.4,3,8.490500000000003,10.446945627158959,8.704,9.213815209052987,8.966725255410987,8.640755018732872
001,2014-10-04 08:14:01,6.7,3,7.569000000000001,7.708162584579327,7.796,7.691054194859777,7.688460958188486,7.616870820426198
001,2014-10-04 08:34:01,5.3,3,8.305000000000001,8.3754725075097,8.426000000000002,8.368824169169901,8.36793861745541,8.32988256863114
001,2014-10-04 08:39:01,5.1,3,9.387000000000004,8.47984432666071,9.460000000000003,9.108948108886906,9.235683444952608,8.892671350663456
001,2014-10-04 08:54:01,4.5,3,7.682500000000001,9.338852552004361,7.696500000000001,8.239284184001454,8.018299619631023,7.772212493770972
001,2014-10-04 08:59:01,4.3,3,7.180499999999995,8.093966657117393,7.056499999999999,7.443655552372462,7.312467039932071,7.13808821816002
001,2014-10-04 09:29:01,4.8,3,8.993000000000011,10.487097654363172,9.214500000000001,9.564865884787729,9.380303014151911,9.120890592729223
001,2014-10-04 10:39:01,6.1,3,10.059000000000003,11.488133788155709,10.2555,10.600877929385236,10.423252801649719,10.177874011760021
001,2014-10-04 10:54:01,4.9,3,9.004000000000001,7.243798246740817,9.065999999999999,8.437932748913605,8.678210340652344,8.036389903069175
001,2014-10-04 11:09:01,4.1,3,11.885000000000007,10.276555629900638,11.401000000000002,11.187518543300216,11.368837927170834,10.829012177611471
001,2014-10-04 11:24:01,3.7,3,10.746000000000002,11.458847458380806,10.738499999999998,10.98111581946027,10.885053604080507,10.77780220704558
001,2014-10-04 12:14:01,2.5,3,9.764500000000012,8.422351950077083,9.645499999999998,9.277450650025697,9.448900305415679,8.98092727621847
001,2014-10-04 12:34:01,2.6,3,8.656500000000007,10.54174896141007,8.761500000000002,9.319916320470027,9.074693136319999,8.778637116420457
001,2014-10-04 13:14:01,4.9,3,9.560000000000004,10.435996847011053,9.8975,9.964498949003685,9.870975490782095,9.681670778910727
001,2014-10-04 13:29:01,6.3,3,9.736000000000002,9.211581934698428,9.6065,9.518027311566144,9.579146798251024,9.401400830704002
002,2014-10-01 20:12:01,4.5,3,9.429500000000008,9.65799067637422,9.461,9.51616355879141,9.487770662586756,9.448524410620529
002,2014-10-01 20:17:01,5.0,3,10.000000000000005,12.713197789273847,9.898499999999999,10.87056592975795,10.499779316697554,10.06800411051626
002,2014-10-02 06:47:01,2.2,3,8.828500000000005,8.822972460176603,8.949,8.866824153392201,8.876088323754939,8.83820749338365
002,2014-10-02 06:52:01,2.2,3,10.522000000000007,10.432605756231792,10.3265,10.427035252077266,10.425186931230913,10.364760308715972
002,2014-10-02 07:12:01,2.2,3,9.1355,8.609970585604225,9.165000000000001,8.970156861868075,9.042671930849975,8.847772637403462
002,2014-10-02 07:52:01,9.2,3,10.309500000000005,10.169577678382147,9.8195,10.09952589279405,10.083618002811003,9.929612379628518
002,2014-10-02 08:12:01,12.3,3,9.410000000000002,9.490348955690598,9.363000000000001,9.421116318563534,9.407023933838172,9.380028886116278
002,2014-10-02 08:17:01,12.7,3,9.044500000000001,9.59217007338906,9.027999999999999,9.221556691129686,9.14699399553992,9.061126434258806
002,2014-10-02 08:27:01,12.8,3,9.330000000000005,9.324097945114634,9.317,9.323699315038214,9.323570737392885,9.319551314813307
002,2014-10-02 08:57:01,9.6,3,11.959499999999991,11.404046320167927,11.5015,11.62168210672264,11.663724813432179,11.495193539854798
002,2014-10-02 09:22:01,7.3,3,7.558000000000005,8.08929802791432,7.736000000000001,7.794432675971442,7.735821756901288,7.625791354107399
002,2014-10-02 10:52:01,7.8,3,8.744500000000006,8.310449571675136,8.765500000000001,8.606816523891714,8.666470869937333,8.506500877138459
002,2014-10-02 11:22:01,9.0,3,7.965000000000006,9.102940713415517,8.313,8.460313571138508,8.332428606706548,8.102721521416598
002,2014-10-02 11:27:01,9.1,3,8.961000000000002,9.286674648715394,8.992500000000001,9.080058216238465,9.038641283451263,8.985103450819594
002,2014-10-02 11:57:01,7.5,3,7.588500000000003,9.394029833804852,7.722,8.234843277934951,8.002319500592968,7.712879258185566
002,2014-10-02 12:17:01,6.2,3,8.170500000000006,8.304977161516158,8.030000000000003,8.168492387172057,8.140532458330014,8.075380613903468
002,2014-10-02 12:22:01,6.0,3,8.125000000000007,8.48690239172034,8.1655,8.25913413057345,8.213498766781619,8.153020504817261
002,2014-10-02 12:37:01,5.5,3,8.314500000000004,7.8721455742539685,8.389000000000001,8.191881858084658,8.256433306773333,8.077573253219661
002,2014-10-02 13:02:01,6.0,3,9.802500000000007,10.888343758436685,9.8025,10.164447919478897,10.018929389086193,9.8592484942851
002,2014-10-02 13:27:01,8.6,3,6.989000000000001,7.576182196026257,7.004,7.189727398675418,7.112097624892923,7.023060244077226
002,2014-10-02 13:57:01,5.9,3,7.912000000000002,7.391391526018968,7.8325,7.711963842006323,7.776109470224489,7.596637201287053
002,2014-10-02 14:22:01,3.7,3,7.747000000000007,7.800704152767236,7.723,7.756901384255747,7.74800665592645,7.732358018473615
002,2014-10-02 14:57:01,2.2,3,9.465,9.62256470878756,9.579,9.555521569595854,9.542469287023748,9.498868394126143
002,2014-10-02 15:12:01,2.2,3,9.883500000000003,8.504536033127433,9.828500000000002,9.405512011042479,9.586422475433364,9.101475399751642
002,2014-10-02 15:17:01,2.2,3,10.289500000000006,10.24225860990741,10.445,10.325586203302471,10.342916300497352,10.279829245609871
002,2014-10-02 16:47:01,16.6,3,9.283000000000008,8.67489252154121,9.5205,9.159464173847072,9.257758472757367,8.971607150410586
002,2014-10-02 17:07:01,19.0,3,11.18800000000001,9.839675896374697,11.298,10.775225298791568,10.96370063248543,10.453427951905285
002,2014-10-02 17:12:01,19.6,3,10.207499999999998,9.897820715617435,10.4405,10.181940238539143,10.239922607337945,10.06079465481917
002,2014-10-02 17:27:01,20.6,3,9.8945,9.578518001488225,9.8895,9.787506000496075,9.829498421041908,9.717907829650358
002,2014-10-02 17:47:01,21.0,3,9.744500000000011,9.837193964676265,10.0045,9.862064654892093,9.868033084669479,9.787912980689889
002,2014-10-02 18:42:01,19.9,3,10.966999999999999,9.561800011654066,10.808,10.445600003884687,10.622670172308123,10.134828982965463
002,2014-10-02 19:00:00,19.7,3,9.548999999999996,9.231531112400685,9.5425,9.441010370800226,9.483095955232022,9.371071076065636
002,2014-10-02 19:17:01,19.3,3,12.512,10.000933145434576,12.5035,11.672144381811526,12.008061872192322,11.119345153783634
002,2014-10-02 19:37:01,20.2,3,12.553000000000003,9.874806539274454,12.704500000000003,11.71076884642482,12.080401061892038,11.086812216927285
002,2014-10-02 19:42:01,20.1,3,10.560000000000002,9.802381741065334,10.933499999999999,10.431960580355112,10.559911225893904,10.18026970150419
002,2014-10-02 19:47:01,20.0,3,11.098500000000003,9.473527371781618,10.9735,10.515175790593874,10.724103566305613,10.156343430276273
002,2014-10-03 06:37:02,9.3,3,10.578999999999999,10.040537028027423,10.437000000000001,10.352179009342475,10.414296543318452,10.232345724797849
002,2014-10-03 06:42:02,9.2,3,9.802000000000005,9.33690915835872,10.046000000000001,9.728303052786243,9.807890853767956,9.570447977364715
002,2014-10-03 06:47:02,9.2,3,9.960499999999998,10.622915025117255,10.45,10.344471675039085,10.290322733555024,10.105186845631788
002,2014-10-03 06:52:02,9.3,3,9.829000000000006,9.12272831040746,10.330499999999995,9.76074277013582,9.890866147449273,9.491248622859061
002,2014-10-03 07:52:02,7.1,3,10.915500000000002,10.632967197799667,10.898500000000002,10.815655732599888,10.852316680941348,10.753309484953094
002,2014-10-03 08:07:02,4.6,3,9.401499999999999,9.523507252547272,9.284,9.403002417515758,9.378340507372643,9.322450556236745
002,2014-10-03 08:37:02,2.2,3,9.916500000000008,10.985919377415767,9.912500000000001,10.271639792471925,10.128039428602237,9.969482008971672
002,2014-10-03 08:57:02,2.2,3,10.836000000000004,11.066292206528574,10.719000000000001,10.87376406884286,10.834625799265337,10.762973271292113
002,2014-10-03 09:02:02,2.2,3,9.899500000000002,9.01599767088794,9.637000000000002,9.517499223629315,9.617333544911656,9.320606244905058
002,2014-10-03 09:07:02,2.2,3,9.074000000000002,8.290764036568815,9.071,8.811921345522938,8.916673920176402,8.63949251741262
002,2014-10-03 09:12:02,2.2,3,12.484500000000002,11.029593261945505,12.3,11.938031087315169,12.11995896089529,11.61608365713344
002,2014-10-03 09:57:02,5.7,3,7.1560000000000015,7.913768700618778,7.038499999999999,7.36942290020626,7.2595599002333335,7.1101767958520234
002,2014-10-03 10:02:02,5.6,3,8.384499999999997,9.217127919360134,8.238,8.613209306453378,8.491262829874383,8.321505282398473
002,2014-10-03 10:12:02,5.1,3,6.118000000000003,7.6872508248884905,6.113,6.639416941629498,6.428761310576944,6.196377230804539
002,2014-10-03 10:22:02,4.6,3,6.837000000000004,7.886593857915526,6.814500000000001,7.1793646193051766,7.037112585460683,6.8754958655823835
002,2014-10-03 10:32:02,4.3,3,6.509500000000005,7.425617182761568,6.517,6.817372394253858,6.69513014474265,6.559064653538373
002,2014-10-03 11:07:02,3.9,3,7.485500000000001,7.755478142469918,7.683499999999999,7.641492714156638,7.619317054391,7.544131368901105
002,2014-10-03 11:27:02,3.4,3,7.819500000000006,7.755636030320555,7.7715000000000005,7.7822120101068535,7.787375477929796,7.767711816238501
002,2014-10-03 11:37:02,3.4,3,8.206000000000007,8.141488186241014,8.064,8.137162728747008,8.135764056560452,8.091860905686092
002,2014-10-03 12:27:02,10.4,3,8.912499999999996,8.972302719595262,8.977999999999998,8.954267573198418,8.95088620909714,8.92967610666227
002,2014-10-03 12:47:02,12.0,3,7.794000000000006,7.340853321213883,7.790000000000001,7.641617773737963,7.702062948835413,7.541836971223088
002,2014-10-03 13:07:02,12.5,3,8.632500000000007,8.460050496930105,8.623500000000002,8.57201683231004,8.59449091950658,8.533975260230378
002,2014-10-03 13:12:02,12.5,3,7.827500000000012,8.506462845641813,7.955499999999998,8.09648761521394,8.01455082619607,7.891765766691543
002,2014-10-03 13:27:02,11.7,3,8.840500000000002,8.329209096354989,8.865499999999999,8.67840303211833,8.748691636553167,8.560176137739857
002,2014-10-03 13:37:02,11.2,3,10.702000000000014,10.140396904349632,10.3175,10.386632301449884,10.434698038591455,10.259468267591885
002,2014-10-03 15:02:02,7.0,3,7.374500000000004,8.684919010199376,7.4110000000000005,7.823473003399794,7.650439967575107,7.451192562873519
002,2014-10-03 15:07:02,6.6,3,8.998500000000007,8.188393967415035,8.996,8.72763132247168,8.836020235939447,8.549292630652328
002,2014-10-03 15:22:02,5.3,3,7.699000000000003,7.819034785190623,7.818000000000001,7.778678261730209,7.771009191599859,7.7320312871923225
002,2014-10-03 15:42:02,4.5,3,7.839000000000004,8.315405465880898,7.809500000000001,7.987968488626968,7.92203672846775,7.842450629720806
002,2014-10-03 15:52:02,4.3,3,8.189500000000008,8.306456643895002,8.136999999999999,8.210985547965002,8.191598176666469,8.15744342690311
002,2014-10-03 16:32:02,3.8,3,8.262000000000008,8.381782305559256,8.1485,8.264094101853088,8.240013300781246,8.185742388175129
002,2014-10-03 16:47:02,4.8,3,8.297000000000006,8.030076685314919,8.390999999999998,8.239358895104974,8.281779381673426,8.159231102229441
002,2014-10-03 17:22:02,9.2,3,8.3045,8.171931257437167,8.452000000000002,8.309477085812391,8.337676394675931,8.24675747400268
002,2014-10-03 17:27:02,9.5,3,7.692000000000003,9.37165209053824,7.67,8.244550696846082,8.017897252088874,7.763787557128186
002,2014-10-03 17:47:02,9.5,3,8.775000000000007,8.53312648544023,8.8585,8.72220882848008,8.760529582005146,8.64998239507477
002,2014-10-03 19:12:02,7.8,3,7.87650000000001,7.9039756223597335,8.005999999999998,7.928825207453247,7.934303086572421,7.894923273556085
002,2014-10-03 19:42:02,11.1,3,11.091499999999998,10.191191988496033,10.488500000000002,10.590397329498678,10.668399053759728,10.386663760092798
002,2014-10-03 20:12:02,10.1,3,9.595500000000003,9.752066814975645,9.8095,9.71902227165855,9.71317708313938,9.644972612482926
002,2014-10-04 07:12:02,14.3,3,9.252500000000007,9.80710777869081,9.1195,9.393035926230274,9.309303012499997,9.184790240370994
002,2014-10-04 08:37:02,4.5,3,7.455499999999998,8.06739056279691,7.384000000000001,7.635630187598969,7.548570682534208,7.435496187812828
002,2014-10-04 09:12:02,2.2,3,9.359500000000002,9.740588842295569,9.1955,9.431862947431856,9.369191300541742,9.260183902354798
002,2014-10-04 09:22:02,2.2,3,9.634500000000005,8.781920850066964,9.532499999999999,9.316306950022323,9.423349870944163,9.127701354140632
002,2014-10-04 09:32:02,2.2,3,9.229500000000007,10.704355662594851,9.3545,9.762785220864954,9.573975256813336,9.334686238941678
002,2014-10-04 09:52:02,2.2,3,8.842000000000004,9.593656640570991,8.76,9.065218880190331,8.958686026858201,8.821666864020369
002,2014-10-04 10:00:00,2.3,3,9.267500000000005,9.360906051651288,8.949,9.192468683883765,9.157422284299361,9.040823149829887
002,2014-10-04 10:17:02,3.3,3,9.9775,9.60970426864373,9.831,9.80606808954791,9.84499548100348,9.723759526358915
002,2014-10-04 10:57:02,12.9,3,7.618000000000008,8.279026080492404,7.3660000000000005,7.7543420268308045,7.64793024397538,7.469335542886981
002,2014-10-04 11:27:02,15.8,3,8.677500000000014,9.696999254431757,8.5925,8.988999751477257,8.846359971874637,8.668983801940804
002,2014-10-04 11:37:02,15.9,3,7.764500000000001,8.652972562758508,7.774999999999999,8.064157520919503,7.945832245120809,7.813294458964386
002,2014-10-04 12:02:02,14.4,3,8.745000000000008,7.2734039074577,8.606000000000002,8.208134635819237,8.395517500364946,7.882933425504122
002,2014-10-04 12:37:02,13.0,3,9.899500000000007,8.897128453009017,10.097000000000001,9.631209484336342,9.779511439501428,9.365664871354124
002,2014-10-04 12:52:03,13.9,3,7.818000000000004,8.31585876298226,7.834999999999999,7.989619587660755,7.924101893470801,7.847841726847817
002,2014-10-04 13:52:03,11.8,3,9.36400000000001,8.216302961994835,9.324000000000002,8.968100987331615,9.119079393397568,8.71510783871031
002,2014-10-04 14:17:03,8.9,3,8.49,9.426236301990334,8.242500000000001,8.719578767330113,8.5766031959917,8.3589902382967
002,2014-10-04 14:27:03,8.2,3,8.477,7.618812637645595,8.1865,8.094104212548531,8.188565426319796,7.902525085022238
002,2014-10-04 14:57:03,7.5,3,8.191,8.374638264430422,8.1305,8.232046088143475,8.203156560914511,8.156612124843202
002,2014-10-04 15:32:03,7.1,3,8.937500000000005,8.314708441672343,9.1145,8.788902813890783,8.884885604612366,8.611570451990872
002,2014-10-04 15:42:03,7.0,3,8.822000000000003,8.002586330290443,8.871500000000001,8.565362110096816,8.678676527792723,8.373742152502214
002,2014-10-04 15:57:03,6.8,3,7.650500000000001,8.4512511654946,7.496,7.865917055164867,7.747676648690995,7.580023110977313
002,2014-10-04 16:22:03,6.4,3,7.8165,8.148225650614746,7.5680000000000005,7.844241883538249,7.782208616515258,7.653170203401
002,2014-10-04 17:57:03,7.6,3,10.053500000000007,9.13947941815551,9.771,9.65465980605184,9.757169335488795,9.450864816211677
002,2014-10-04 18:57:03,11.0,3,8.968500000000002,8.738733483618965,9.176499999999999,8.961244494539656,9.006749073631479,8.863373466065262
002,2014-10-04 19:02:03,11.1,3,10.026500000000004,9.75171637113281,10.1575,9.978572123710938,10.024663148307345,9.888300896900073
002,2014-10-04 19:22:03,10.5,3,9.858500000000003,9.38058317508633,9.698500000000001,9.645861058362113,9.698591341040405,9.539188757965416
002,2014-10-04 19:27:03,10.1,3,11.093000000000002,10.853602445594122,11.617,11.187867481864709,11.257014581371708,11.016022660631059
002,2014-10-04 19:30:00,10.4,3,9.232499999999998,8.944258286844564,9.275,9.150586095614853,9.192220769772582,9.077476187401293
003,2014-10-01 08:58:15,7.5,3,9.834500000000011,8.64589368629177,9.716000000000001,9.398797895430594,9.549706137929133,9.136075810407888
003,2014-10-01 09:13:15,7.2,3,7.537499999999998,8.231120810046177,7.531999999999999,7.766873603348724,7.673529499951611,7.56975143787758
003,2014-10-01 09:23:15,7.0,3,8.422500000000003,7.977268365605382,8.426,8.27525612186846,8.335171070430642,8.176458584811199
003,2014-10-01 09:48:15,7.8,3,8.629500000000005,8.048979705593116,8.579500000000001,8.41932656853104,8.493587875880545,8.2910846658765
003,2014-10-01 10:03:15,9.1,3,8.2385,7.813755395779905,8.145,8.065751798593302,8.116060032088676,7.971396968639808
003,2014-10-01 10:08:15,9.6,3,8.145499999999997,8.218273870224705,8.2955,8.219757956741567,8.220615264642406,8.17384897948427
003,2014-10-01 11:58:15,8.8,3,10.253000000000004,9.964273163633651,10.128499999999999,10.115257721211218,10.14514489413552,10.050556293917532
003,2014-10-01 12:03:15,8.7,3,7.862499999999999,8.429585272740146,7.997499999999999,8.096528424246715,8.030079958926965,7.922492808700427
003,2014-10-01 12:33:15,8.4,3,6.702000000000006,6.892878584221487,6.751499999999998,6.7821261947404965,6.760047059803343,6.7231061538932115
003,2014-10-01 13:28:15,6.9,3,7.268000000000011,7.766611924729627,7.17,7.401537308243213,7.327784313272718,7.222809761784068
003,2014-10-01 13:43:15,5.9,3,8.442,8.688329361690032,8.5585,8.562943120563345,8.538171944189992,8.481069566036776
003,2014-10-01 13:53:15,5.4,3,7.522000000000002,8.011524759970687,7.630500000000001,7.721341586656897,7.6634128938724055,7.571980614401331
003,2014-10-01 14:18:15,5.6,3,7.277000000000007,7.742414428264953,7.1745,7.39797147608832,7.328349117216278,7.2268031638900005
003,2014-10-01 14:28:15,5.8,3,7.477500000000003,7.996491934173841,7.605,7.692997311391281,7.632463536325984,7.533292919456111
003,2014-10-01 14:43:15,5.7,3,6.940500000000002,6.762086049586597,7.064999999999999,6.922528683195533,6.955245029654675,6.854947772333217
003,2014-10-01 14:48:15,5.7,3,7.390500000000004,7.701392927977881,7.357,7.482964309325961,7.438930652324176,7.382392481607766
003,2014-10-01 15:33:15,4.8,3,5.270999999999997,4.803704742979238,5.2935,5.122734914326412,5.186950641387755,5.014760539010323
003,2014-10-01 15:48:15,4.8,3,5.746499999999994,6.220501502313924,5.844499999999999,5.9371671674379725,5.880576109275668,5.7933083347485095
003,2014-10-01 15:58:15,4.9,3,5.124500000000003,6.090549242262171,5.166,5.460349747420725,5.333820833807176,5.184319355885988
003,2014-10-01 16:23:15,5.2,3,5.740999999999997,4.979061526973352,5.862999999999999,5.527687175657783,5.638427285820681,5.332232849790088
003,2014-10-01 16:48:15,5.4,3,5.220999999999998,5.107124518581405,5.292999999999999,5.207041506193801,5.227395263435695,5.165604158637768
003,2014-10-01 16:58:15,5.5,3,6.020999999999992,6.513590921754089,5.832999999999999,6.12253030725136,6.04321818658145,5.910062562874787
003,2014-10-01 17:18:15,5.8,3,6.9410000000000025,7.515339016630383,7.022500000000001,7.159613005543463,7.0884081865136155,6.9893420407753695
003,2014-10-01 17:23:15,5.8,3,8.477499999999997,9.155437306437655,8.415999999999999,8.682979102145884,8.587775728870035,8.46821821145058
003,2014-10-01 17:33:15,5.8,3,8.954500000000001,8.08215005423566,8.8505,8.629050018078553,8.73860104001571,8.436074142677928
003,2014-10-01 17:43:15,5.8,3,7.5415,7.698828966084598,7.4289999999999985,7.556442988694865,7.5274011339185485,7.467931684260902
003,2014-10-01 18:08:15,5.7,3,6.428000000000005,7.331829853062587,6.443999999999999,6.734609951020864,6.614615614485876,6.478833778462178
003,2014-10-01 18:58:15,5.4,3,7.920000000000001,7.823963047893829,7.946500000000001,7.896821015964611,7.911565776445567,7.869656224615779
003,2014-10-01 20:33:15,5.8,3,10.430500000000006,8.701593869364283,10.119499999999999,9.750531289788096,9.960231181806186,9.367105696084163
003,2014-10-01 21:08:16,6.9,3,10.299500000000005,12.565552310908329,10.468000000000002,11.111017436969446,10.819252764735712,10.455817142526012
003,2014-10-01 21:28:16,7.7,3,9.347500000000004,9.006286715032656,9.405000000000003,9.252928905010888,9.302723528628883,9.164748430825655
003,2014-10-01 21:48:16,8.4,3,8.157000000000005,8.422781873498682,8.517999999999999,8.36592729116623,8.355843571385465,8.240741449433743
004,2014-10-01 09:04:56,15.8,3,14.2465,12.448146030511758,14.421,13.705215343503918,13.9585634079843,13.269693776974728
004,2014-10-01 09:59:56,13.5,3,10.784,9.962470848533199,11.064,10.6034902828444,10.73339230479576,10.358992284686815
004,2014-10-01 10:09:56,13.2,3,10.445500000000006,9.229455741748133,10.7135,10.129485247249379,10.311409109536287,9.800877604179707
004,2014-10-01 10:19:56,12.5,3,10.272500000000004,11.231505847340236,10.409,10.637668615780079,10.518803311376942,10.353312693796157
004,2014-10-01 10:24:56,12.3,3,9.1925,10.271081291765014,9.164,9.542527097255006,9.395965932653484,9.228148641691906
004,2014-10-01 10:44:56,11.0,3,9.116000000000005,8.700291649606797,8.946000000000002,8.920763883202268,8.964450007990283,8.827692275753922
004,2014-10-01 11:09:56,9.8,3,13.609499999999993,11.31222303678363,13.924,12.948574345594542,13.278687904790702,12.3713988836527
004,2014-10-01 11:14:56,9.7,3,8.762500000000003,8.397455241033674,8.6635,8.607818413677892,8.649736982630715,8.526553609052513
004,2014-10-01 11:19:56,9.7,3,9.981500000000004,11.373051067632783,9.9515,10.435350355877596,10.246740682936219,10.032414562806085
004,2014-10-01 12:00:00,10.0,3,11.503000000000009,9.899908875059445,11.69,11.030969625019816,11.259033857264706,10.635585810973133
004,2014-10-01 13:19:56,9.0,3,9.685500000000001,10.040626993707235,9.379499999999998,9.701875664569078,9.632639101053705,9.481589091689393
004,2014-10-01 14:14:56,8.5,3,10.713000000000006,11.01135577306627,10.515999999999998,10.746785257688758,10.692866811043004,10.585368169822226
004,2014-10-01 14:39:56,6.4,3,10.746500000000003,10.722224416820145,10.6745,10.71440813894005,10.712568592178581,10.690051927296645
004,2014-10-01 16:34:56,4.5,3,6.839499999999992,6.300260537899484,6.876,6.671920179299826,6.746767725304897,6.544926482691645
004,2014-10-01 16:59:56,4.3,3,9.397000000000004,6.761872001935465,9.385,8.514624000645156,8.8669198837098,7.934484895356493
004,2014-10-01 17:34:56,3.3,3,10.226000000000004,9.813762455073228,9.801,9.946920818357745,9.972104732501347,9.847353807619914
004,2014-10-01 17:44:56,3.2,3,7.271500000000003,9.648499226148035,7.427,8.115666408716011,7.808113732443062,7.4306923187572185
004,2014-10-01 19:34:56,5.7,3,9.042499999999999,9.292785971721727,9.0165,9.117261990573908,9.08188103115125,9.036677744439638
004,2014-10-01 19:49:56,6.6,3,10.415500000000007,9.757614004332693,10.232499999999998,10.1352046681109,10.21042650987599,9.988706449105603
004,2014-10-02 07:24:56,10.3,3,10.395,9.99962547046606,10.250500000000002,10.215041823488688,10.257806633973923,10.126681234336136
004,2014-10-02 07:39:56,9.7,3,9.361,9.597006554817586,9.557500000000001,9.505168851605863,9.487439768046023,9.417518655884544
004,2014-10-02 07:44:56,9.5,3,8.909500000000008,8.786561485085814,8.8585,8.851520495028607,8.864388592508984,8.823989492759425
004,2014-10-02 08:19:56,7.3,3,10.466000000000006,10.274004840390248,10.415500000000003,10.385168280130086,10.40732631845309,10.342441560983342
004,2014-10-02 08:24:56,7.1,3,10.147500000000003,9.098081216404843,9.796499999999998,9.680693738801613,9.796503302868933,9.446463742385767
004,2014-10-02 09:04:56,12.0,3,13.669499999999996,11.871848174448834,13.947000000000003,13.162782724816276,13.423322254937931,12.703994987455925
004,2014-10-02 09:49:56,17.4,3,9.042000000000005,9.142921990309056,8.8745,9.01980733010302,8.994434464404305,8.925497191034115
004,2014-10-02 10:09:56,19.5,3,7.650500000000001,8.139845021954047,7.468500000000001,7.75294834065135,7.674495618513341,7.543755093847013
004,2014-10-02 10:14:56,19.8,3,10.317500000000003,9.399087183638159,10.5975,10.104695727879387,10.247581540937936,9.838872284954352
004,2014-10-02 10:24:56,19.6,3,9.002500000000005,7.937033439515108,8.900000000000002,8.613177813171704,8.748715312666155,8.37770811857117
004,2014-10-02 10:59:56,14.2,3,9.357500000000002,8.73432641200982,9.1945,9.095442137336606,9.167426694442938,8.956769121398265
004,2014-10-02 11:09:56,12.9,3,8.555500000000004,8.701187507264478,8.283000000000001,8.513229169088161,8.474430056305701,8.364998781782141
004,2014-10-02 11:24:56,11.4,3,9.045500000000002,8.715800832032139,8.995999999999999,8.919100277344047,8.959783347864082,8.846072212901095
004,2014-10-02 11:29:56,11.0,3,8.937499999999996,8.83659812637459,8.802,8.858699375458196,8.862637258168307,8.821937453215634
004,2014-10-02 11:39:56,10.3,3,8.93500000000001,8.842347339640183,8.865,8.880782446546732,8.88824786933206,8.85974249043229
004,2014-10-02 11:49:56,9.7,3,8.895000000000003,8.686732814697773,8.715499999999999,8.765744271565925,8.780958356042616,8.718245709113313
004,2014-10-02 12:09:56,8.6,3,9.326000000000004,8.826615278926154,9.485000000000001,9.212538426308718,9.290709737858618,9.066462570822065
004,2014-10-02 12:39:56,6.5,3,9.280000000000003,9.164183465290558,9.236,9.22672782176352,9.239136607795722,9.200829048026531
004,2014-10-02 13:04:56,5.7,3,7.094500000000004,7.1485953362890164,7.115,7.1193651120963395,7.1135656057234256,7.10193671086486
004,2014-10-02 13:09:56,5.9,3,8.205500000000002,7.883243527567033,8.203999999999999,8.097581175855678,8.140662032952964,8.026634196582183
004,2014-10-02 13:14:56,6.1,3,9.06900000000001,8.948478802436371,8.848500000000001,8.955326267478794,8.955881061296429,8.888324822642254
004,2014-10-02 13:29:56,6.4,3,7.8960000000000035,7.603691196031662,7.689000000000002,7.729563732010557,7.75409541590887,7.663312725323521
004,2014-10-02 13:44:56,6.2,3,10.176000000000005,9.922101700709886,10.074499999999999,10.05753390023663,10.084380426370586,10.000710915469242
004,2014-10-02 13:49:56,6.1,3,8.613500000000002,8.631142066859677,8.625499999999999,8.623380688953226,8.621865204148545,8.617120299013633
004,2014-10-02 14:44:56,7.4,3,8.636500000000009,8.513129347832722,8.655500000000002,8.60170978261091,8.619587146086262,8.570233855384151
004,2014-10-02 14:49:56,7.4,3,8.720000000000006,8.947830403928164,8.689,8.785610134642724,8.752884873058179,8.709369028438426
004,2014-10-02 15:09:56,6.9,3,8.798,9.119515611586149,8.623,8.846838537195381,8.791372481954136,8.687573170116735
004,2014-10-02 15:54:56,5.6,3,8.528,9.475934793078695,8.652000000000001,8.8853115976929,8.767045801998425,8.605423381181232
004,2014-10-02 16:09:56,5.2,3,8.731500000000006,9.475297372342595,8.639999999999999,8.948932457447533,8.84278088860898,8.703849355117555
004,2014-10-02 16:34:56,5.8,3,9.800500000000008,9.699132620471886,9.924,9.807877540157298,9.830197815045514,9.757483038886013
004,2014-10-02 16:49:56,7.4,3,8.808000000000007,8.80134773613038,8.661,8.75678257871013,8.747276234583367,8.700002780959059
004,2014-10-02 17:14:56,9.7,3,9.881000000000002,9.8209838924555,9.6105,9.770827964151835,9.759737533038129,9.674197472854233
004,2014-10-02 17:19:56,10.2,3,9.248000000000005,10.287197412434683,9.281,9.60539913747823,9.468466091362988,9.309730947369092
004,2014-10-02 17:49:56,12.7,3,8.97250000000001,8.788138044897428,9.000000000000002,8.92021268163248,8.94686498423728,8.87337894061417
004,2014-10-02 17:59:56,13.4,3,9.293000000000006,8.988872263404744,9.479500000000002,9.25379075446825,9.307740023425604,9.144440576751652
004,2014-10-02 18:04:56,13.8,3,9.047000000000008,9.486473419730443,8.995000000000001,9.176157806576816,9.113583960196621,9.032162350642938
004,2014-10-02 18:14:56,14.4,3,9.053000000000008,7.92744356285291,9.0695,8.683314520950972,8.835322220699647,8.43181200061041
004,2014-10-02 19:24:56,10.3,3,10.112499999999999,7.95763371287065,10.116,9.395377904290216,9.68440824836066,8.920265955521623
004,2014-10-03 08:24:57,6.8,3,9.046000000000008,8.354512073294439,8.770000000000001,8.723504024431483,8.796650776858355,8.56875154157581
004,2014-10-03 08:49:57,4.2,3,9.359499999999997,9.934296780309202,9.190000000000001,9.494598926769735,9.405578622095515,9.266308834884658
004,2014-10-03 08:59:57,3.4,3,8.349499999999999,8.689264619695031,7.926000000000003,8.32158820656501,8.246099219558921,8.059360420337285
004,2014-10-03 09:09:57,3.6,3,8.845499999999998,9.21162114292745,8.769999999999998,8.942373714309149,8.887967877764622,8.809743645089858
004,2014-10-03 09:34:57,8.3,3,10.067500000000006,10.047433616022913,10.316,10.143644538674307,10.163911024692196,10.082722312582119
004,2014-10-03 09:54:57,12.9,3,9.263499999999999,9.213518804383943,9.3415,9.272839601461314,9.285055016019331,9.244101962678554
004,2014-10-03 10:24:57,18.0,3,9.440000000000005,9.835829298274904,9.5755,9.617109766091636,9.573647407531253,9.491155037444562
004,2014-10-03 10:29:57,18.7,3,10.85600000000001,10.101910345329664,10.440500000000002,10.466136781776557,10.537805717364886,10.296317770355518
004,2014-10-03 10:34:57,19.4,3,10.615000000000002,9.786059600269986,10.566500000000001,10.322519866756663,10.430179107147314,10.1396110759378
004,2014-10-03 10:54:57,19.8,3,9.50750000000001,8.87371293249805,9.49,9.290404310832686,9.374102967181171,9.150737491522833
004,2014-10-03 10:59:57,19.0,3,9.346500000000006,8.518215133987463,9.565999999999999,9.143571711329155,9.270099711206845,8.911343518401646
004,2014-10-03 11:19:57,14.3,3,10.758000000000004,10.745453428483964,10.6675,10.72365114282799,10.718931169452883,10.690083857485883
004,2014-10-03 11:39:57,10.9,3,8.773,9.339990204535892,8.9785,9.030496734845297,8.969047730277104,8.848840277765625
004,2014-10-03 12:19:57,9.6,3,6.855000000000002,6.6493706912326935,6.9035,6.802623563744231,6.833611400706671,6.746333483051313
004,2014-10-03 12:29:57,8.7,3,9.408000000000003,9.382505842822061,9.958,9.582835280940687,9.625155352516142,9.452161551253605
004,2014-10-03 12:54:57,6.3,3,10.875500000000004,9.45725160921211,10.96,10.430917203070704,10.626959679918762,10.099526880359061
004,2014-10-03 13:24:57,5.1,3,8.288500000000004,10.125920647473084,8.2655,8.893306882491029,8.645439470228009,8.367805847921934
004,2014-10-03 13:59:57,3.1,3,6.311499999999998,7.322481466049351,6.2905,6.64149382201645,6.504522499108085,6.349068442357167
004,2014-10-03 15:19:57,8.5,3,8.109000000000004,8.290163481966687,8.1635,8.187554493988896,8.167130989239242,8.130722708425608
004,2014-10-03 15:29:57,8.8,3,9.40350000000001,9.279148687685833,9.304000000000002,9.328882895895282,9.3385097477481,9.300593460105844
004,2014-10-03 15:49:57,9.2,3,7.860499999999998,6.719379389827765,7.948999999999999,7.509626463275921,7.668812804595155,7.238326284375727
004,2014-10-04 06:44:57,8.9,3,9.608500000000003,9.342094871800183,9.649000000000001,9.533198290600062,9.571765084091986,9.465349690349967
004,2014-10-04 07:04:57,11.8,3,11.769000000000004,9.57173941065075,11.701500000000001,11.014079803550253,11.303769500914372,10.529809378263867
004,2014-10-04 07:14:57,14.3,3,12.202500000000004,11.215935711732518,12.267999999999999,11.895478570577508,12.032325289985058,11.663428262022974
004,2014-10-04 07:24:57,17.2,3,8.821000000000002,8.687427951696082,8.811000000000002,8.773142650565362,8.790335871431983,8.74364932213707
004,2014-10-04 07:59:57,22.2,3,7.5504999999999995,9.223167208144375,7.6465,8.140055736048124,7.922684932264785,7.659503428385266
004,2014-10-04 08:04:57,22.2,3,8.489499999999996,6.940253038883996,8.423,7.950917679627996,8.153835054121217,7.6092933102414
004,2014-10-04 08:14:57,22.2,3,11.238500000000005,10.217343428356434,11.392000000000001,10.94928114278548,11.096988279517989,10.689606652931614
004,2014-10-04 08:49:58,22.2,3,10.186000000000002,9.903163435290361,10.228000000000002,10.105721145096789,10.146596085561487,10.033914678207344
004,2014-10-04 09:04:58,22.2,3,9.415000000000003,9.236793489482684,9.702999999999998,9.451597829827561,9.495851323367257,9.346885024734735
004,2014-10-04 09:14:58,22.2,3,10.662500000000007,10.784998583594476,10.668999999999999,10.705499527864825,10.689542741327354,10.670363607646028
004,2014-10-04 09:59:58,22.2,3,11.555000000000001,12.671822132113205,11.635499999999997,11.954107377371068,11.810131360114497,11.631468499925996
004,2014-10-04 10:39:58,22.2,3,9.195500000000004,9.041150300392276,9.092500000000001,9.109716766797428,9.123116262172328,9.074791977201293
004,2014-10-04 11:34:58,22.2,3,8.466000000000006,7.867743348569965,8.579,8.304247782856658,8.392415594855056,8.146868577811091
004,2014-10-04 12:39:58,19.8,3,11.192000000000005,10.372931121961507,11.115500000000003,10.89347704065384,10.997832815148758,10.712482783561473
004,2014-10-04 13:14:58,22.2,3,9.485500000000007,10.187601524525808,9.624999999999998,9.766033841508603,9.681809576570691,9.553560901654652
004,2014-10-04 13:39:58,17.8,3,10.91500000000001,11.071880809985196,10.6945,10.893793603328403,10.857172576819355,10.762889228422237
004,2014-10-04 14:04:58,13.6,3,9.4815,9.455951904952247,9.583499999999999,9.506983968317416,9.517622606270466,9.478167139730324
004,2014-10-04 14:49:58,10.9,3,8.708,7.783480196767727,8.396999999999998,8.296160065589243,8.398060732053686,8.089791112086925
004,2014-10-04 14:59:58,10.2,3,11.636500000000003,9.436334683741737,11.376,10.816278227913912,11.092705611267277,10.329587829178251
004,2014-10-04 15:04:58,10.0,3,8.992500000000001,8.781618926177051,8.982000000000001,8.918706308725683,8.946224673391539,8.872191573479295
004,2014-10-04 15:39:58,9.4,3,10.384999999999998,10.148796547199558,10.509500000000001,10.347765515733187,10.38822647866606,10.267464330068835
004,2014-10-04 16:04:58,10.8,3,10.181000000000004,9.282811711136782,10.21,9.891270570378929,10.013691869883404,9.686972627277246
004,2014-10-04 16:09:58,11.3,3,9.506500000000006,9.229286546078363,9.6065,9.44742884869279,9.491652762215807,9.363671738841036
004,2014-10-04 16:19:58,12.5,3,11.411,11.328921269818812,11.570500000000003,11.436807089939606,11.459088821412273,11.382472405595905
004,2014-10-04 16:44:58,15.7,3,9.433000000000003,10.18101550257671,9.480500000000001,9.698171834192237,9.601286949093959,9.482773594544069
005,2014-10-01 11:45:12,8.7,3,9.7735,9.352514239417292,9.913499999999997,9.679838079805764,9.746158875141843,9.555339255504133
005,2014-10-01 11:50:12,8.5,3,8.5885,8.629712490366542,8.448,8.555404163455513,8.539943029009812,8.488506404684493
005,2014-10-01 12:25:12,6.7,3,8.563000000000004,6.782419428648289,8.345500000000001,7.896973142882764,8.120211739541416,7.503035908195734
005,2014-10-01 12:40:12,5.8,3,8.960000000000003,8.681523618957785,8.866,8.835841206319262,8.86651204765339,8.773677437650626
005,2014-10-01 13:00:12,4.8,3,9.518000000000006,9.054234370899737,9.6175,9.396578123633248,9.465767319069677,9.271871973151143
005,2014-10-01 13:15:12,4.4,3,9.041500000000008,7.884652442798001,8.917499999999999,8.614550814266003,8.760813896107123,8.358768531564536
005,2014-10-01 13:25:12,4.4,3,9.283000000000003,9.138563423903065,9.664,9.361854474634356,9.408160542666025,9.243428036765588
005,2014-10-01 14:10:12,5.8,3,8.547500000000007,8.434977622255591,8.464499999999997,8.482325874085198,8.491534584955529,8.456792379318411
005,2014-10-01 14:15:12,6.2,3,8.826,8.660599055815018,8.869499999999999,8.78536635193834,8.810609346930377,8.739068023169613
005,2014-10-01 14:20:12,6.5,3,8.034,9.07076123386475,8.068000000000001,8.390920411288251,8.254384581422997,8.09582848478792
005,2014-10-01 14:25:12,6.9,3,9.987000000000002,8.704595823923746,10.0645,9.58536527464125,9.76270755640772,9.28546785623427
005,2014-10-01 15:20:12,8.6,3,8.915500000000002,7.68585537929541,8.732499999999998,8.444618459765136,8.596464101417023,8.172268199636544
005,2014-10-01 15:40:12,9.0,3,9.5695,9.085117363392074,9.422,9.358872454464025,9.41335341826691,9.250892262810137
005,2014-10-01 16:00:12,9.7,3,10.510000000000009,9.592138749307026,10.421499999999998,10.17454624976901,10.291292805950347,9.971695703691408
005,2014-10-01 16:45:12,13.4,3,9.914500000000007,9.057692690388663,9.8325,9.601564230129556,9.710588457087837,9.412212475782912
005,2014-10-01 17:00:12,13.8,3,9.277500000000005,7.904165838755078,9.4255,8.869055279585028,9.063570194829154,8.533112215586955
005,2014-10-01 18:15:12,9.8,3,10.359500000000008,9.625908467415055,10.333999999999998,10.106469489138354,10.202977496457649,9.944760508876083
005,2014-10-01 18:20:12,9.3,3,9.0305,9.049843314272994,8.9365,9.005614438091,8.996373198108135,8.963170281643933
005,2014-10-01 18:35:12,7.7,3,8.478999999999997,9.202462697074592,8.7205,8.800654232358196,8.720782095339631,8.571112723302198
005,2014-10-01 19:00:12,5.7,3,9.754000000000005,9.231725862578063,9.879000000000001,9.621575287526023,9.700409163800323,9.478192264805664
005,2014-10-01 19:10:12,5.7,3,10.237500000000002,10.201973232729411,10.367500000000001,10.268991077576471,10.282947541122702,10.231611005826618
005,2014-10-01 19:30:12,5.6,3,9.924000000000001,9.557538816721847,9.6355,9.70567960557395,9.734383974440991,9.622354714361524
005,2014-10-01 19:55:12,5.6,3,8.471999999999998,8.44526573150281,8.412,8.443088577167602,8.442427332708355,8.423860799657465
005,2014-10-01 20:15:12,6.2,3,8.845000000000004,9.224627498468763,8.890499999999998,8.986709166156254,8.939052053687062,8.875071142781737
005,2014-10-01 21:00:12,8.9,3,9.823,9.14677133120524,9.752,9.573923777068414,9.659525963821995,9.424421383143404
005,2014-10-01 22:15:12,13.2,3,10.702,10.733521563095229,10.392999999999999,10.60950718769841,10.583426160459856,10.478995702308211
005,2014-10-02 09:25:12,9.6,3,8.308999999999997,7.363889095631365,8.1515,7.94146303187712,8.056980809968142,7.731977868801131
005,2014-10-02 09:30:12,9.3,3,9.234499999999999,9.441751012224115,9.130499999999998,9.268917004074703,9.233786119801687,9.169720454917911
005,2014-10-02 09:35:12,8.9,3,9.976500000000005,8.753487334237532,9.7345,9.488162444745845,9.6349460263497,9.216727641034321
005,2014-10-02 09:40:12,8.6,3,10.384500000000008,9.437102997883674,10.252000000000002,10.024534332627894,10.142126820897325,9.814776615581977
005,2014-10-02 09:45:12,8.3,3,9.146000000000004,9.435552351506631,9.1975,9.259684117168879,9.2245227591474,9.172712768470841
005,2014-10-02 10:00:12,7.8,3,10.00600000000001,9.457177173121796,10.015500000000001,9.826225724373936,9.900447770006302,9.70326200832228
005,2014-10-02 11:10:12,6.1,3,8.5225,8.518342810681501,8.541,8.527280936893835,8.529146631460137,8.522159246969096
005,2014-10-02 11:40:12,4.7,3,9.210500000000005,9.286220037992463,9.0875,9.194740012664155,9.17589221367288,9.125032833860537
005,2014-10-02 11:45:12,4.7,3,9.058500000000008,8.341961742765426,8.960999999999999,8.787153914255144,8.876283719081519,8.6285343312971
005,2014-10-02 12:05:12,5.6,3,9.171500000000004,9.413531740842163,9.295,9.293343913614057,9.269643814994414,9.211918964159874
005,2014-10-02 12:35:12,8.4,3,8.986500000000007,8.41655112097168,9.072999999999999,8.82535037365723,8.907850099989734,8.680227823666343
005,2014-10-02 13:50:12,10.4,3,10.009500000000008,9.756720239333248,9.818000000000001,9.86140674644442,9.881737346609055,9.803999634807179
005,2014-10-02 14:10:12,10.7,3,10.988500000000002,9.984808854190701,10.6725,10.548602951396902,10.660760037380134,10.324761152499253
005,2014-10-02 14:30:12,11.0,3,8.549500000000009,9.081673545418354,8.4585,8.696557848472787,8.618802253622933,8.511152959818494
005,2014-10-02 14:55:12,11.5,3,8.970000000000008,9.222416244885347,8.722500000000002,8.971638748295119,8.920304804943996,8.803252354000596
005,2014-10-02 15:10:12,11.3,3,8.125000000000007,7.413946404101697,7.820499999999999,7.7864821347005675,7.8602350573033055,7.627160036675219
005,2014-10-02 15:15:12,11.2,3,9.93800000000001,9.523786325804446,9.972,9.811262108601484,9.86917758410784,9.712356794348565
005,2014-10-02 16:00:12,11.0,3,9.137000000000006,8.12918913431332,9.0935,8.786563044771109,8.918547143534886,8.564328501343049
005,2014-10-02 16:40:12,12.4,3,9.044000000000006,9.5153609494333,9.266,9.275120316477768,9.227654098978,9.118552635335877
005,2014-10-02 16:55:12,12.7,3,8.215500000000008,8.398588441897882,7.942,8.185362813965964,8.141480709582906,8.026226405734354
005,2014-10-02 17:00:12,12.8,3,9.90700000000001,8.849886417476105,9.432499999999997,9.396462139158706,9.504567313733068,9.159399009136287
005,2014-10-02 17:35:12,12.3,3,8.357500000000005,7.225855304003219,8.518,8.033785101334407,8.196794355868237,7.74819893601402
005,2014-10-02 17:40:12,12.0,3,8.400500000000005,8.415836200028119,8.516,8.444112066676041,8.450226530612085,8.415362080389713
005,2014-10-02 18:30:12,7.5,3,8.083500000000006,8.115737338196412,8.253999999999998,8.15107911273214,8.158818932551236,8.107082199395592
005,2014-10-02 18:55:12,6.8,3,9.043000000000005,9.29259189510148,8.735000000000001,9.023530631700496,8.968295807399235,8.832119547756882
005,2014-10-02 19:35:12,7.6,3,7.9760000000000035,8.590190291354396,7.998499999999999,8.188230097118133,8.107511356013374,8.01315817385813
005,2014-10-02 20:45:12,7.8,3,9.592500000000008,8.182286839990708,9.49,9.088262279996906,9.27000073439936,8.776909054618617
005,2014-10-02 21:55:12,9.0,3,11.620000000000003,10.793105984640068,11.6075,11.340201994880024,11.450133400960906,11.158075774901747
005,2014-10-02 22:30:12,9.0,3,7.945999999999998,8.603576519966389,7.837999999999999,8.12919217332213,8.033428322090858,7.901847307217974
005,2014-10-02 23:00:00,9.4,3,7.843999999999999,7.949368484601054,7.798499999999999,7.863956161533683,7.846616903987088,7.81642700182287
005,2014-10-03 09:20:13,7.2,3,8.879000000000001,7.6735011840626575,8.958999999999998,8.503833728020886,8.671046430140235,8.220295786958244
005,2014-10-03 09:50:13,7.7,3,9.812000000000003,8.143296483925546,10.1455,9.366932161308517,9.61415186397829,8.923794147128374
005,2014-10-03 10:15:13,8.3,3,10.049500000000007,8.670402578039456,10.084499999999998,9.601467526013154,9.788761901148085,9.289950467067055
005,2014-10-03 11:05:13,8.4,3,6.650999999999997,7.621838034155484,6.4665,6.913112678051827,6.76995619983902,6.567601368075285
005,2014-10-03 11:10:13,8.4,3,8.290499999999994,8.604478778648762,8.614000000000003,8.502992926216253,8.483797623852947,8.378518358159322
005,2014-10-03 11:40:13,8.2,3,9.504500000000002,10.811558982336201,9.554999999999998,9.957019660778734,9.785427187237499,9.584164962481106
005,2014-10-03 11:50:13,8.3,3,8.9575,8.47558565442409,9.181,8.87136188480803,8.951754235727064,8.71446512766001
005,2014-10-03 11:55:13,8.3,3,12.017999999999999,10.682069964492364,12.14,11.613356654830788,11.80101981030391,11.291558787191295
005,2014-10-03 12:45:13,8.5,3,13.347499999999993,13.4525043210019,13.302,13.367334773667297,13.350044319230134,13.319907969861998
005,2014-10-03 12:55:13,8.0,3,7.053499999999999,6.153711854931795,6.985499999999999,6.730903951643931,6.8466784934621385,6.532220679334314
005,2014-10-03 13:25:13,7.5,3,11.223000000000004,13.92443304571881,11.713499999999996,12.28697768190627,11.959642015502661,11.474475102645277
005,2014-10-03 13:45:13,7.9,3,7.362000000000002,6.371412029948987,7.248499999999999,6.9939706766496625,7.11869530862758,6.774881318154557
005,2014-10-03 13:50:13,7.9,3,6.581999999999994,6.352722742274891,6.466999999999998,6.4672409140916285,6.4898329660744745,6.415712813758425
005,2014-10-03 14:00:13,7.9,3,7.0685,7.726531492893506,7.037499999999999,7.277510497631169,7.187132162339493,7.0803522483758305
005,2014-10-03 14:45:13,8.7,3,9.065499999999997,8.889972553081316,9.063999999999998,9.006490851027104,9.029907928696735,8.967840975014274
005,2014-10-03 14:50:13,8.8,3,9.215499999999999,7.766569461508942,9.2255,8.735856487169647,8.930741154105782,8.414652827497164
005,2014-10-03 14:55:13,8.9,3,8.625500000000004,8.046516598497995,8.447000000000001,8.373005532832666,8.437971604383854,8.243916390992084
005,2014-10-03 15:20:13,9.9,3,8.977000000000007,8.34858305932953,9.025,8.783527686443179,8.87113972145877,8.634289849031386
005,2014-10-03 15:40:13,10.6,3,9.302000000000007,9.67749812146233,8.9625,9.313999373820778,9.239663212726986,9.074798288785423
005,2014-10-03 15:55:13,11.0,3,8.811500000000006,8.777515070851269,8.74,8.776338356950426,8.775835367659084,8.753774771331672
005,2014-10-03 16:45:13,10.5,3,9.901000000000005,9.717439616285544,9.8185,9.812313205428516,9.831077387774771,9.77114786855636
005,2014-10-03 17:05:13,10.4,3,8.471000000000005,7.726608195607064,8.4275,8.20836939853569,8.3050515909441,8.044117061379445
005,2014-10-03 17:20:13,10.5,3,9.516500000000008,9.734060660487499,9.6735,9.641353553495836,9.623302504502696,9.563172772221677
005,2014-10-03 17:45:13,11.0,3,9.594500000000007,8.992349470599628,9.3515,9.312783156866544,9.376291635014814,9.17799953548368
005,2014-10-03 18:25:13,10.7,3,9.815500000000009,9.049668179728165,9.947499999999998,9.604222726576056,9.716191936933477,9.405637564170835
005,2014-10-03 19:05:13,9.7,3,9.461000000000007,9.883782666573998,9.3145,9.553094222191335,9.486072847322859,9.376585901566934
005,2014-10-03 19:10:13,9.7,3,8.404500000000011,9.500571364600681,8.3255,8.74352378820023,8.591046656865664,8.404347791142976
005,2014-10-03 19:15:13,9.8,3,8.925000000000004,6.72061934012382,8.943,8.196206446707942,8.492898059509233,7.706898602487412
005,2014-10-03 19:35:13,10.3,3,11.32450000000001,9.94350646382662,11.499499999999998,10.922502154608877,11.119953342951975,10.57873374275845
005,2014-10-03 19:45:13,11.0,3,8.823000000000011,9.433358374834784,8.7395,8.998619458278265,8.910916484776742,8.79419177528615
005,2014-10-03 19:55:13,12.0,3,9.860000000000007,10.649992117201577,9.743500000000001,10.084497372400529,9.970386709235733,9.816587887936441
005,2014-10-03 20:00:13,12.4,3,9.537500000000005,9.00234437417694,9.859000000000002,9.466281458058981,9.560740793726884,9.275381758963823
005,2014-10-03 20:30:00,13.5,3,9.887500000000006,10.206205860528822,9.843499999999999,9.979068620176276,9.933245215908073,9.872167007011457
005,2014-10-03 20:30:13,13.5,3,9.280500000000007,9.493061225177838,9.333,9.368853741725948,9.344081024915075,9.303413906436303
005,2014-10-03 20:45:13,13.4,3,8.578000000000005,6.5999634685911435,8.824,8.000654489530383,8.28314003058587,7.509324212798563
005,2014-10-03 20:50:13,13.5,3,10.333500000000013,9.748942015951146,10.405500000000002,10.162647338650387,10.246079255647906,10.017606213060962
005,2014-10-03 21:20:13,14.2,3,10.480000000000008,9.518328257399563,10.607000000000001,10.201776085799857,10.339636967190424,9.961220755635878
005,2014-10-03 21:30:13,14.0,3,11.481500000000013,14.551602353564558,11.3115,12.448200784521525,12.024738623079672,11.51835527435328
005,2014-10-03 21:35:13,13.9,3,10.912000000000004,11.210328328752409,10.363500000000002,10.828609442917474,10.749831806531192,10.528816360158253
005,2014-10-03 22:25:13,11.0,3,11.131500000000019,9.99029299032519,11.008500000000002,10.710097663441736,10.854335422750884,10.457767309130224
005,2014-10-03 22:35:13,10.1,3,11.64100000000001,10.243228745303336,11.4635,11.11590958176778,11.290675622084702,10.80660304912631
005,2014-10-03 22:40:13,9.6,3,10.207,9.997582152045617,10.125500000000002,10.110027384015206,10.132327568504103,10.063179684846776
005,2014-10-04 08:10:13,4.1,3,8.513999999999996,8.026456723563363,8.349,8.29648557452112,8.350152270719294,8.187648228394174
005,2014-10-04 09:15:13,11.1,3,9.186000000000014,7.320853354418899,9.1635,8.556784451472971,8.805149162670675,8.146032099793915
005,2014-10-04 09:40:13,10.7,3,7.528500000000003,7.856229207732912,7.656499999999999,7.68040973591097,7.645543257346025,7.5744095529741005
005,2014-10-04 09:50:13,10.3,3,10.071500000000007,9.501410487164994,9.9625,9.845136829055,9.913826979477584,9.718646557497355
005,2014-10-04 10:25:13,7.9,3,8.271500000000003,8.081403690693712,8.2215,8.191467896897905,8.213406829043358,8.149163754124464
005,2014-10-04 10:55:13,6.5,3,6.788999999999998,6.250065867984116,6.4735000000000005,6.504188622661371,6.554097015606141,6.382650932089416
005,2014-10-04 11:10:14,5.6,3,6.548999999999996,6.131992098516285,6.470499999999999,6.383830699505427,6.434163108942725,6.291317214440548
005,2014-10-04 11:25:00,3.6,3,6.554499999999994,6.380319204113179,6.562500000000001,6.4991064013710576,6.5230149780171915,6.458947695654315
005,2014-10-04 11:45:14,4.6,3,6.9545,6.09239592645738,7.089000000000001,6.711965308819128,6.837013206468839,6.491620817727025
005,2014-10-04 11:55:14,4.9,3,6.962999999999998,6.267337457419068,6.978999999999998,6.736445819139688,6.830806246796058,6.579682628614881
005,2014-10-04 12:25:14,6.0,3,9.291,8.449099392178962,8.954,8.89803313072632,8.987022574039845,8.709609939552909
005,2014-10-04 12:30:14,5.9,3,8.767500000000005,7.223043955973183,8.595,8.19518131865773,8.389958878226935,7.853633549356633
005,2014-10-04 12:50:14,5.2,3,7.941500000000001,7.433671493484559,7.875500000000001,7.75022383116152,7.813611665580595,7.637834789298134
005,2014-10-04 13:05:14,4.4,3,9.818000000000007,9.312476031208831,10.475999999999999,9.868825343736278,9.983115478647763,9.607932712276085
005,2014-10-04 13:55:14,4.9,3,8.601,7.853782252803263,8.7635,8.406094084267755,8.517726119124973,8.204670876256296
005,2014-10-04 14:20:14,6.8,3,11.120500000000007,10.978409019370721,11.0705,11.056469673123578,11.071975207438243,11.024732172171063
005,2014-10-04 14:35:14,7.5,3,9.983500000000006,9.118589571098767,9.812500000000002,9.638196523699591,9.742011391822938,9.446240052987902
005,2014-10-04 14:40:14,7.7,3,10.783000000000007,11.43122314281306,10.555000000000001,10.92307438093769,10.820075980992739,10.651115108529531
005,2014-10-04 14:45:14,7.8,3,9.395500000000013,8.9858568983315,9.428000000000003,9.269785632777172,9.32698248603063,9.172227443713709
005,2014-10-04 14:50:00,6.7,3,9.381000000000004,8.440696218537159,9.212,9.01123207284572,9.125292191356854,8.802698926429986
006,2014-10-01 22:00:00,6.9,3,7.815500000000003,8.049233670357397,7.726000000000002,7.863577890119134,7.825923589937065,7.762646402090153
006,2014-10-01 23:00:06,12.2,3,8.686000000000005,7.985918356346347,8.4075,8.359806118782117,8.433927717637262,8.203138974268043
006,2014-10-01 23:05:06,12.9,3,8.176000000000005,8.73153216288917,7.9845000000000015,8.297344054296392,8.209349343106746,8.065807407093658
006,2014-10-01 23:10:06,13.4,3,8.959000000000001,9.613719304470619,8.982999999999999,9.185239768156874,9.099195662430162,8.99861359181596
006,2014-10-01 23:20:06,13.4,3,8.990000000000006,8.794804134271919,9.1335,8.972768044757307,9.009077345703222,8.897172873018748
006,2014-10-01 23:45:06,13.1,3,7.529,7.960732506129448,7.495500000000001,7.6617441687098164,7.601516286996358,7.527207813861478
006,2014-10-01 23:50:06,13.2,3,10.126500000000007,8.725251021002153,10.128,9.65991700700072,9.847810430012679,9.351141501110018
006,2014-10-01 23:55:06,13.0,3,7.0340000000000025,8.105099958791536,7.1240000000000006,7.421033319597179,7.283856694228978,7.110215106387736
006,2014-10-02 00:25:06,9.5,3,9.450000000000005,9.000594373985232,9.224,9.224864791328413,9.26910574827567,9.123859292401626
006,2014-10-02 00:30:06,8.8,3,8.616500000000002,8.88828216605937,8.595500000000001,8.700094055353125,8.662185967800761,8.6154363215524
006,2014-10-02 01:00:06,7.9,3,9.628000000000007,9.046918179651886,9.8195,9.498139393217299,9.589558122435852,9.326690833891561
006,2014-10-02 01:05:06,7.9,3,8.978000000000007,8.356049157354734,9.165,8.833016385784914,8.929593844836713,8.653595220569454
006,2014-10-02 08:15:06,13.1,3,10.182500000000001,9.109834183238497,10.2465,9.8462780610795,9.994557511304691,9.595616684716992
006,2014-10-02 08:25:06,13.4,3,9.004000000000003,8.799101360042991,8.697,8.833367120014332,8.839111234796318,8.746178924911666
006,2014-10-02 09:15:06,15.3,3,8.952000000000007,9.226242753958303,9.355500000000001,9.177914251319436,9.169702831919233,9.041692489122871
006,2014-10-02 09:40:07,14.6,3,8.856500000000004,8.512123750522722,8.849500000000003,8.739374583507576,8.785030770889232,8.663507990495573
006,2014-10-02 10:30:07,12.0,3,10.196000000000007,10.007514770108134,10.035499999999999,10.079671590036048,10.093578549506454,10.036702604122794
006,2014-10-02 11:25:07,7.7,3,8.521500000000005,9.371986527984062,8.29,8.727828842661355,8.597476700390757,8.397641223035379
006,2014-10-02 11:30:07,7.6,3,8.911000000000007,9.233697760101265,9.249,9.131232586700426,9.111894454129162,9.002047042451874
006,2014-10-02 11:40:07,7.5,3,9.966999999999999,9.498440313198138,9.8955,9.786980104399378,9.844716322717884,9.683183934425788
006,2014-10-02 12:00:00,7.2,3,10.560000000000004,9.91113197574949,10.297,10.256043991916497,10.324398607405215,10.110792680482792
006,2014-10-02 12:00:07,6.5,3,9.885000000000009,10.390261139887391,10.129000000000001,10.1347537132958,10.084300527055746,9.966271191017466
006,2014-10-02 12:15:07,5.6,3,9.485000000000003,9.40033993028756,9.7705,9.551946643429188,9.583486747373504,9.468393177713883
006,2014-10-02 15:35:07,5.1,3,7.918000000000007,8.72415500566772,7.76,8.13405166855591,8.014839502854135,7.845260928776127
006,2014-10-02 15:40:07,5.2,3,9.784500000000007,8.534600419990364,9.86,9.393033473330123,9.565878208986728,9.1007455407964
006,2014-10-02 15:45:07,5.3,3,11.290000000000003,8.796452030196287,11.142999999999997,10.409817343398762,10.733590447218067,9.859596476108933
006,2014-10-02 15:50:07,5.4,3,9.927000000000007,8.613253317851546,9.7925,9.444251105950517,9.61079820238898,9.153836267216796
006,2014-10-02 16:50:07,5.9,3,8.365000000000004,9.164067399336586,8.263499999999999,8.59752246644553,8.483256590516513,8.332967602823224
006,2014-10-02 17:00:07,6.1,3,7.256,8.214204137284115,7.2725,7.580901379094705,7.4536554807768844,7.309787922337876
006,2014-10-02 17:45:07,5.8,3,6.879000000000002,7.23717662704093,6.8425,6.986225542346978,6.9356429952995295,6.871182543567754
006,2014-10-02 17:50:07,5.8,3,6.9190000000000005,7.957559552459768,7.0009999999999994,7.2925198508199225,7.159138234440386,6.991715617683149
006,2014-10-02 18:15:07,5.5,3,8.092500000000006,8.291442662718758,8.006,8.129980887572922,8.097201278839707,8.040009234639523
006,2014-10-02 18:20:07,5.4,3,7.914500000000003,8.366739777868876,7.9615,8.080913259289627,8.023631167522286,7.948703300177642
006,2014-10-02 18:40:07,5.1,3,6.608500000000003,7.760448924848679,6.697500000000002,7.0221496416162275,6.874067369562741,6.688715587296149
006,2014-10-02 18:50:07,4.9,3,7.4565,8.570997084152651,7.5139999999999985,7.84716569471755,7.701874393730014,7.527675270787215
006,2014-10-02 19:05:07,4.8,3,6.820499999999998,8.136035616599493,7.006,7.320845205533164,7.157665781051424,6.9309637007806
006,2014-10-02 19:50:07,4.7,3,7.862000000000006,8.292158846674393,8.025500000000001,8.0598862822248,8.013803816567759,7.921245175901268
006,2014-10-02 20:20:07,4.6,3,8.2495,8.089723073301593,8.484499999999999,8.274574357767198,8.312609142667991,8.185969600629893
006,2014-10-02 20:25:07,4.4,3,6.5215,7.537596131106534,6.319000000000001,6.792698710368845,6.642203797335845,6.427380146355454
006,2014-10-03 09:25:07,10.3,3,9.845500000000007,9.422902607435772,9.998000000000001,9.755467535811926,9.822888483048139,9.62777164816092
006,2014-10-03 09:45:07,12.4,3,12.019500000000003,9.6905579773846,11.756999999999998,11.155685992461533,11.449229821521236,10.640631594246377
006,2014-10-03 09:55:07,13.4,3,11.229000000000008,9.456427513246409,11.0605,10.581975837748805,10.80760718441751,10.190253364163127
006,2014-10-03 10:00:07,13.9,3,12.152000000000008,9.761927552209158,12.209500000000002,11.374475850736388,11.69884678612962,10.835312922900037
006,2014-10-03 10:15:07,14.7,3,11.7395,9.859349778123654,11.6545,11.084449926041218,11.33040447888089,10.669818458131235
006,2014-10-03 10:30:07,14.5,3,12.133000000000003,9.274484448968613,12.249,11.218828149656206,11.610115050198685,10.563252305963966
006,2014-10-03 10:45:07,14.7,3,10.476000000000006,9.454455136641418,10.586999999999998,10.172485045547141,10.317238040021332,9.92238897762623
006,2014-10-03 11:00:07,14.5,3,11.111000000000006,9.580197032909915,11.313000000000002,10.66806567763664,10.88750327136702,10.285182709676189
006,2014-10-03 11:10:07,13.3,3,9.718000000000002,9.084614722447611,9.725000000000001,9.50920490748254,9.594582691961376,9.368196281754205
006,2014-10-03 11:54:00,10.4,3,8.589,9.753919843933389,8.6395,8.994139947977795,8.841596143612911,8.661236470103017
006,2014-10-03 12:20:07,10.5,3,9.649000000000001,8.45416352198893,9.8225,9.308554507329644,9.480951897826202,9.006102936658728
006,2014-10-03 12:55:07,9.7,3,8.396,9.481272342050811,8.324000000000002,8.733757447350271,8.583222674203471,8.40037260802012
006,2014-10-03 13:20:07,10.0,3,9.969000000000005,9.019330332446568,10.033500000000002,9.67394344414886,9.805775025232942,9.450241541414442
006,2014-10-03 13:30:07,10.2,3,9.3885,9.366781743621427,9.349,9.368093914540475,9.368210492233208,9.356112473442801
006,2014-10-03 13:55:07,8.6,3,9.551000000000005,9.077496554279099,9.499999999999998,9.376165518093034,9.436014309749579,9.271470289249404
006,2014-10-03 14:55:07,6.1,3,8.038000000000004,8.003248254139127,7.9595,8.000249418046378,7.9993540577722335,7.975055999185114
006,2014-10-03 15:00:07,5.9,3,7.325500000000006,7.978722540892427,7.456500000000001,7.586907513630812,7.508632492956389,7.389095095665442
006,2014-10-03 15:05:07,5.7,3,8.534,8.788770719919572,8.7535,8.692090239973192,8.673473364288526,8.59667102809792
006,2014-10-03 15:30:07,5.1,3,7.552000000000005,8.197855432133633,7.86,7.869951810711213,7.805183938408192,7.655009811740175
006,2014-10-03 15:35:07,5.0,3,8.670000000000002,8.378635517570071,8.4815,8.510045172523357,8.535758875867211,8.444172703688235
006,2014-10-03 16:10:07,4.2,3,7.797500000000002,8.179228211779993,7.836,7.937576070593333,7.889142297273098,7.826106929618427
006,2014-10-03 16:45:07,8.2,3,9.190499999999997,8.280415848116064,9.179,8.883305282705352,9.004456085661722,8.682876980300595
006,2014-10-03 17:05:07,10.9,3,8.025500000000003,8.035507916301011,7.9975,8.019502638767005,8.016180894050796,8.005666248241562
006,2014-10-03 17:10:07,11.4,3,7.8485000000000085,7.921977695783098,7.957999999999999,7.9094925652610355,7.907390838874161,7.87267857354823
006,2014-10-03 17:15:07,11.7,3,6.8695,7.140367087067373,6.983,6.997622362355791,6.969350580404388,6.909177387718211
006,2014-10-03 18:00:07,11.3,3,6.993500000000004,7.617815890629021,7.0865,7.232605296876343,7.155516301497749,7.047039796649873
006,2014-10-03 18:35:07,10.3,3,7.494500000000005,7.560197237587616,7.6185,7.557732412529208,7.557699015865279,7.518883020548894
006,2014-10-03 19:00:07,9.6,3,9.944500000000003,10.36104516286927,10.1575,10.15434838762309,10.113591663733022,10.014164130818292
006,2014-10-03 19:05:07,9.5,3,8.603499999999999,7.855299522131462,8.675500000000001,8.378099840710489,8.483462182804082,8.197038721788438
006,2014-10-03 19:45:07,9.0,3,9.064,8.693092065315911,9.165000000000001,8.974030688438637,9.030881730589005,8.869422732034643
006,2014-10-03 19:50:07,8.9,3,8.3825,8.371386141862752,8.670999999999998,8.474962047287583,8.496858112150381,8.406914970678617
006,2014-10-03 20:10:07,8.5,3,8.635,8.957803528115553,8.743500000000003,8.778767842705186,8.743182169767076,8.676267409762426
006,2014-10-03 20:35:07,7.9,3,8.917000000000003,9.609405137248997,8.966500000000002,9.164301712416334,9.075010875627564,8.964316993626987
006,2014-10-03 20:55:07,9.2,3,10.702500000000002,9.396173847877662,10.614,10.237557949292555,10.406364335560804,9.949200864950738
006,2014-10-03 21:00:07,9.8,3,8.651000000000005,7.777096531026257,8.653,8.360365510342087,8.477622490309917,8.167552407212865
006,2014-10-03 21:05:07,10.3,3,10.571999999999994,9.705486334404602,10.6455,10.307662111468199,10.428986206401662,10.100217532688955
006,2014-10-03 21:10:07,10.7,3,9.810000000000008,8.755039276684748,9.819,9.461346425561587,9.603362791936094,9.227088398038038
006,2014-10-03 21:20:07,11.2,3,11.025500000000005,9.58398750942863,11.22,10.609829169809544,10.816770065677455,10.248305672454691
006,2014-10-03 21:40:07,11.5,3,10.591500000000002,9.67480754058836,10.5775,10.281269180196121,10.403128756438253,10.079363232414096
006,2014-10-03 21:50:07,11.2,3,11.113000000000005,9.824528606263232,11.3255,10.754342868754412,10.942047282900845,10.422412907724311
006,2014-10-03 21:55:07,10.9,3,10.8475,10.004285344297784,10.791000000000002,10.547595114765928,10.656601439813954,10.361470553927699
006,2014-10-03 22:00:07,10.6,3,10.603499999999995,10.20606939153446,10.6335,10.481023130511483,10.536406501669248,10.386721545527676
006,2014-10-03 22:30:07,9.4,3,10.117500000000007,9.777791607893372,10.122499999999999,10.005930535964458,10.051809967417649,9.930019056572863
006,2014-10-03 22:50:07,8.5,3,10.07900000000001,9.605264344630447,10.130500000000001,9.938254781543487,10.005384888720384,9.822268600796686
006,2014-10-04 10:40:07,10.7,3,9.300500000000005,8.565180537542352,9.401,9.088893512514119,9.194545523254845,8.904187193411426
006,2014-10-04 11:15:07,12.2,3,8.629500000000002,8.329347475260032,8.5195,8.492782491753346,8.525226507167135,8.425699887067074
006,2014-10-04 11:45:07,11.5,3,8.912000000000011,10.069126611341924,8.794500000000001,9.258542203780644,9.09515955531538,8.887048085978527
006,2014-10-04 12:50:07,7.9,3,7.130000000000003,8.153827768106703,7.1935,7.492442589368902,7.359726669949658,7.197785843941743
006,2014-10-04 12:55:07,7.4,3,7.796000000000001,8.057384210933034,7.8875,7.913628070311012,7.88507098918074,7.830234932591026
006,2014-10-04 13:00:07,7.0,3,7.960000000000007,7.804539960645396,8.110000000000001,7.958179986881802,7.9896238896308525,7.889853217507882
006,2014-10-04 13:05:07,6.6,3,7.498000000000003,7.920161414860079,7.5945,7.6708871382866946,7.621137289822565,7.541761776092571
006,2014-10-04 13:20:07,6.3,3,6.490500000000003,7.695550619398294,6.601500000000001,6.929183539799433,6.775541023950569,6.578437654244402
006,2014-10-04 13:25:07,6.6,3,8.536499999999998,7.722343872423828,8.368499999999997,8.209114624141273,8.306339893804664,8.028357560198986
006,2014-10-04 13:30:07,7.1,3,6.774000000000002,7.5486459162130926,6.744,7.022215305404365,6.9162797099523035,6.7926737931854255
006,2014-10-04 13:35:07,7.7,3,9.860000000000007,8.795969755534355,9.827,9.494323251844788,9.634584251171121,9.25981091186228
006,2014-10-04 14:05:07,8.3,3,8.502000000000002,8.23451004112665,8.402000000000001,8.379503347042219,8.408277449590996,8.319702487473881
006,2014-10-04 14:10:07,8.0,3,10.213000000000005,10.09529830741124,9.931999999999999,10.080099435803747,10.075996991742489,9.988816058415875
006,2014-10-04 14:20:07,7.5,3,7.108500000000004,8.56790431210539,7.037500000000001,7.571301437368465,7.370698384717979,7.133152565161748
006,2014-10-04 14:55:07,6.4,3,6.0855,7.404872305770321,6.061999999999999,6.517457435256773,6.338980513053925,6.137368030476669
006,2014-10-04 15:00:07,6.2,3,9.781000000000008,9.041619567346993,9.569499999999998,9.464039855782334,9.548167204721128,9.299340636806676
006,2014-10-04 15:05:07,5.9,3,5.393999999999997,7.112630540727374,5.3759999999999994,5.960876846909123,5.729282669100121,5.470732765858637
006,2014-10-04 16:35:08,4.4,3,8.950500000000007,8.487993109352956,9.0805,8.839664369784321,8.910842251769326,8.70830002269013
006,2014-10-04 16:45:08,5.1,3,7.305499999999999,8.193762050001983,7.281499999999999,7.593587350000661,7.47284997599638,7.3344737815093515
006,2014-10-04 16:50:08,5.3,3,10.234500000000008,9.284921903527113,9.891,9.803473967842374,9.906433959859331,9.591289492394516
006,2014-10-04 16:55:08,5.4,3,6.2564999999999955,7.689679770340298,6.270500000000001,6.7388932567800985,6.547817024026512,6.334549011592753
006,2014-10-04 17:00:08,5.4,3,10.460000000000006,9.611440759125857,10.432000000000002,10.167813586375289,10.279552070154061,9.980775546583772
006,2014-10-04 17:35:08,4.8,3,6.4775,6.627751337276883,6.5755,6.56025044575896,6.547046521210072,6.507388465524552
006,2014-10-04 18:20:08,5.1,3,9.077500000000002,9.491033398579312,9.3375,9.30201113285977,9.26498250845616,9.157575021325798
006,2014-10-04 18:45:08,4.9,3,7.292499999999997,8.306208566906578,7.2135,7.604069522302193,7.462630179034607,7.288043336917461
006,2014-10-04 18:50:08,4.9,3,8.155000000000006,7.75863130821516,8.161500000000002,8.025043769405057,8.07862258851565,7.936319489980703
006,2014-10-04 19:15:08,4.7,3,7.065,7.014749859354394,7.0985000000000005,7.059416619784798,7.068520430687309,7.040738444114234
006,2014-10-04 19:25:08,4.4,3,8.571000000000007,8.927779566596172,8.796000000000003,8.764926522198726,8.733028042958786,8.640238941431976
006,2014-10-04 20:25:08,4.1,3,11.099000000000007,9.78261021596119,11.2775,10.719703405320397,10.908744338333786,10.389359329807972
006,2014-10-04 20:30:08,4.2,3,5.255999999999998,7.111467343369094,5.283499999999999,5.883655781123031,5.636941902397156,5.359154227573237
006,2014-10-04 20:45:08,4.4,3,9.181999999999999,8.741654458827613,9.264,9.06255148627587,9.127364217972229,8.946979672485591
006,2014-10-04 21:10:08,4.6,3,7.574500000000004,6.830929562515771,7.712000000000001,7.372476520838592,7.481851423725008,7.17754077790464
006,2014-10-04 21:15:08,4.8,3,7.6535,8.019202552033985,7.869,7.847234184011328,7.813467928227212,7.7210691314825315
006,2014-10-04 21:35:08,6.5,3,5.4430000000000005,7.48629693887079,5.5760000000000005,6.168432312956931,5.904008989970315,5.579693041975892
007,2014-10-01 11:59:59,4.2,3,9.391000000000005,8.66270670795252,9.288,9.113902235984176,9.204218348000488,8.952644463490808
007,2014-10-01 12:09:59,4.9,3,9.007,7.8262871615961505,8.8485,8.56059572053205,8.707616780077858,8.299242062619832
007,2014-10-01 13:14:59,8.1,3,8.141500000000006,7.610442850570882,7.894,7.881980950190297,7.935643601475005,7.762804455821765
007,2014-10-01 13:24:59,7.5,3,7.933000000000004,6.971244295481545,8.025500000000001,7.643248098493849,7.778679922063876,7.410519092249697
007,2014-10-01 14:29:59,5.0,3,7.57,7.674482096702569,7.397999999999999,7.54749403223419,7.52132576027551,7.450411623306242
007,2014-10-01 14:54:59,5.5,3,7.982000000000002,8.49242701009162,7.967500000000001,8.147309003363874,8.077878875987649,7.998134089091859
007,2014-10-01 15:19:59,6.2,3,8.113999999999999,8.4089087282948,7.8424999999999985,8.121802909431599,8.063076761144178,7.9320244268908455
007,2014-10-01 15:39:59,6.5,3,8.348000000000008,8.542034485891545,8.390500000000001,8.42684482863052,8.403847622572131,8.36769708710809
007,2014-10-01 15:49:59,6.9,3,8.465000000000005,8.665098969008362,8.636500000000002,8.588866323002788,8.574181026892127,8.514020617660858
007,2014-10-01 16:04:59,7.3,3,8.368,8.762378114259096,8.201500000000001,8.4439593714197,8.379329938742332,8.267560857612722
007,2014-10-01 16:44:59,8.2,3,8.264000000000003,8.30391611365126,8.377000000000002,8.314972037883756,8.317615609226221,8.282804597031166
007,2014-10-01 17:04:59,7.9,3,9.271500000000003,8.598753474073467,9.226499999999998,9.03225115802449,9.119225762171789,8.883755106192627
007,2014-10-01 17:14:59,7.9,3,10.554000000000006,9.955411015702575,10.585,10.36480367190086,10.447215864341366,10.225996939494987
007,2014-10-01 18:14:59,10.7,3,9.148499999999999,9.163303497151096,9.3485,9.220101165717033,9.232264010373992,9.17222347552091
007,2014-10-01 18:29:59,10.5,3,9.833000000000013,10.076248631857561,9.936000000000002,9.948416210619191,9.92310299204612,9.868872987427531
007,2014-10-01 18:54:59,9.8,3,8.572000000000008,8.912874415173109,8.702499999999999,8.729124805057706,8.692673515507098,8.61915869252712
007,2014-10-01 18:59:59,9.6,3,7.699000000000001,7.5797069100279915,7.5905,7.623068970009331,7.631381345432832,7.595809886165526
007,2014-10-01 19:09:59,9.4,3,7.271999999999999,7.7695092987644125,7.144500000000001,7.395336432921471,7.319644563726021,7.205304807415837
007,2014-10-01 19:19:59,9.2,3,8.8435,8.463875872437631,8.713,8.673458624145878,8.715102927107681,8.588694080838563
007,2014-10-01 19:39:59,9.0,3,7.833000000000003,7.478259565928573,7.9125,7.741253188642858,7.7944167825765485,7.645092716015272
007,2014-10-01 21:00:00,8.7,3,8.407000000000005,7.986184790363728,8.248500000000002,8.213894930121244,8.259078883427788,8.119805329867829
007,2014-10-01 21:34:59,8.3,3,8.366500000000004,7.801560628164133,8.242,8.136686876054712,8.203590463104225,8.011187220539437
007,2014-10-01 21:39:59,8.4,3,7.637500000000001,7.999037496980137,7.798999999999999,7.811845832326713,7.774818137730077,7.692709164308324
007,2014-10-01 21:54:59,9.2,3,8.67,7.553917587560014,8.829500000000001,8.351139195853337,8.511992149100653,8.06920589166759
007,2014-10-01 22:14:59,10.3,3,8.513,8.014635827756708,8.653999999999998,8.393878609252235,8.470639947549873,8.25212033258056
007,2014-10-01 22:19:59,10.5,3,9.6785,8.336424378835003,9.514000000000001,9.176308126278336,9.344529695442075,8.879380915685882
007,2014-10-01 23:04:59,10.7,3,8.317500000000003,7.855964884926323,8.194999999999999,8.122821628308776,8.176009039302931,8.020101142538918
007,2014-10-01 23:14:59,10.9,3,8.186500000000006,7.580832722397529,8.2805,8.015944240799179,8.103761243468721,7.861254181112946
007,2014-10-01 23:19:59,11.0,3,8.232999999999997,7.726969550703338,8.2325,8.064156516901113,8.131936438195964,7.952767550254453
007,2014-10-02 07:54:59,8.5,3,8.29700000000001,7.423374041841703,8.318999999999999,8.013124680613904,8.131759142593227,7.815824948376312
007,2014-10-02 09:04:59,13.5,3,7.975500000000011,7.989838142802491,7.729500000000001,7.898279380934167,7.878957394878465,7.7974004303549895
007,2014-10-02 09:59:59,9.5,3,7.98800000000001,8.085068894967598,8.013,8.02868963165587,8.017449357597576,7.998694457760374
007,2014-10-02 10:49:59,6.7,3,7.3355000000000015,7.68773149419178,7.159,7.394077164730594,7.3343886432720335,7.2255879050457175
007,2014-10-02 11:14:59,5.4,3,8.0145,8.715028040053236,8.002000000000002,8.243842680017746,8.149077774068308,8.042023227680579
007,2014-10-02 11:39:59,5.0,3,8.915500000000007,9.664723538213556,9.1945,9.258241179404521,9.177569233511377,9.017391187036141
007,2014-10-02 13:04:59,5.9,3,7.914499999999996,7.846902192226359,7.825,7.862134064075452,7.864862474129541,7.838008414254222
007,2014-10-02 13:29:59,6.4,3,7.500999999999997,7.83075501489451,7.566000000000002,7.632585004964837,7.592990821281706,7.532849417940058
007,2014-10-02 13:49:59,6.1,3,7.4760000000000035,7.701017384385017,7.393,7.523339128128341,7.487312702955807,7.427416553143944
007,2014-10-02 14:04:59,5.8,3,8.61950000000001,8.885346810034976,8.559000000000001,8.687948936678328,8.648042293359554,8.589408517527861
007,2014-10-02 14:14:59,5.7,3,7.816500000000002,8.119929435781629,7.847,7.927809811927211,7.889303320913338,7.839216011613498
007,2014-10-02 14:19:59,5.6,3,9.969500000000002,9.844460298387954,9.936,9.916653432795984,9.93104095758511,9.888821383655088
007,2014-10-02 14:54:59,5.6,3,7.190500000000001,7.671924434114268,7.202000000000001,7.354808144704756,7.291103849760003,7.218246119033854
007,2014-10-02 15:14:59,6.6,3,7.783999999999995,7.58780744658547,7.814500000000001,7.728769148861822,7.757219121017548,7.6786491713236185
007,2014-10-02 16:44:59,8.2,3,8.765000000000006,8.074186221571667,9.088,8.642395407190557,8.757821252933844,8.41689210104704
007,2014-10-02 17:34:59,5.7,3,7.832000000000004,7.779877555117277,7.699,7.770292518372426,7.767870096868374,7.726497694609006
007,2014-10-02 18:24:59,4.8,3,8.052000000000001,7.52156879628476,8.136499999999998,7.903356265428253,7.980418593137541,7.767386877783661
007,2014-10-02 18:34:59,4.8,3,8.032000000000004,8.029202171680808,7.986000000000001,8.015734057226938,8.012855259522643,7.9980839350040895
007,2014-10-03 07:35:00,10.0,3,7.741500000000006,8.016011037779958,7.600999999999999,7.786170345926654,7.739443883022252,7.653699080823898
007,2014-10-03 08:05:00,9.1,3,8.836000000000004,9.030581799321403,9.156500000000001,9.007693933107136,9.004287325802633,8.903263130053528
007,2014-10-03 08:10:00,8.5,3,9.056000000000003,8.047047712892876,8.909999999999998,8.671015904297626,8.795902773670313,8.447584461299215
007,2014-10-03 08:55:00,5.6,3,8.089,8.071057424433878,8.163,8.107685808144627,8.115324656775014,8.086909858730843
007,2014-10-03 09:05:00,5.8,3,6.770000000000002,8.221190412957025,6.851500000000001,7.28089680431901,7.092181408307119,6.86416815163773
007,2014-10-03 09:10:00,5.7,3,8.013499999999999,8.634234283105277,8.063,8.236911427701758,8.157225506248137,8.057071323013528
007,2014-10-03 09:15:00,5.7,3,8.327999999999994,8.50171104460653,8.4165,8.415403681535508,8.398383852647823,8.356978375445296
007,2014-10-03 10:00:00,8.5,3,8.514499999999996,8.562817951329617,8.425500000000001,8.50093931710987,8.48816873115,8.452319698010132
007,2014-10-03 10:05:00,8.8,3,9.7015,10.039346831171438,9.880999999999998,9.873948943723812,9.84136934096773,9.759518470802867
007,2014-10-03 10:20:00,8.8,3,8.311000000000007,7.797989806633552,8.402000000000001,8.17032993554452,8.245517368256568,8.036717148289014
007,2014-10-03 10:40:00,8.5,3,8.862500000000008,8.203755452757242,8.601999999999999,8.556085150919083,8.625940195221691,8.40868294394055
007,2014-10-03 11:15:00,8.5,3,8.084500000000004,7.466649035947794,8.130999999999998,7.894049678649265,7.980139621865178,7.747478638416469
007,2014-10-03 12:05:00,11.7,3,7.956000000000009,7.429728811162562,7.988500000000001,7.791409603720858,7.864236281905823,7.668179947398707
007,2014-10-03 12:10:00,13.2,3,8.505000000000006,7.933827650067238,8.609499999999999,8.349442550022415,8.433379444055504,8.199957755240263
007,2014-10-03 12:15:00,14.5,3,7.996,8.029717784915768,8.035499999999999,8.020405928305257,8.018681242867213,8.005956464169833
007,2014-10-03 12:50:00,19.0,3,10.356000000000005,8.916717077367917,10.076999999999998,9.783239025789307,9.956388758402754,9.463858765659332
007,2014-10-03 13:00:00,19.0,3,8.364000000000003,7.841414729900545,8.521999999999998,8.242471576633514,8.323681358600863,8.091516342649964
007,2014-10-03 13:20:00,18.6,3,9.3365,8.805329132131485,9.4585,9.200109710710494,9.279923674727652,9.055450550604213
007,2014-10-03 13:40:00,17.7,3,7.1575000000000015,7.555356995660147,7.0955,7.269452331886716,7.211748342909612,7.1332171072415225
007,2014-10-03 14:15:00,16.1,3,8.350000000000001,8.815840277423387,8.424999999999999,8.530280092474463,8.473155881420334,8.391210094644222
007,2014-10-03 14:20:00,15.8,3,7.826500000000001,7.842212674452439,7.6525,7.773737558150813,7.759324185964242,7.700818289124405
007,2014-10-03 20:45:00,4.4,3,8.087000000000003,8.272427799793867,8.255,8.204809266597957,8.191842548465836,8.134466870844076
007,2014-10-03 21:05:00,5.2,3,7.470999999999999,8.150232529555517,7.5035,7.708244176518505,7.619516185239748,7.5138059916645545
007,2014-10-03 21:25:00,5.8,3,7.041500000000001,7.1572930053223125,7.048500000000001,7.082431001774104,7.067408225049722,7.049125588560225
007,2014-10-03 21:50:00,6.7,3,7.981000000000002,7.7303790320878925,8.022000000000002,7.911126344029299,7.947613202023377,7.846638364591325
007,2014-10-03 22:05:00,7.3,3,7.815999999999998,7.165891677666518,8.058,7.679963892555506,7.784205204098237,7.48183866262981
007,2014-10-03 22:25:00,8.1,3,7.875000000000001,7.707388128241179,7.832499999999999,7.804962709413727,7.824418908814522,7.767676899077456
007,2014-10-03 22:30:00,8.2,3,8.016500000000002,7.897801488581608,8.205499999999999,8.039933829527202,8.069209775108046,7.970830744186069
007,2014-10-03 23:00:00,8.6,3,7.634500000000003,7.660785129186619,7.428000000000001,7.574428376395541,7.556299302008364,7.485742414912836
007,2014-10-03 23:05:00,8.7,3,7.479000000000005,7.805332092384007,7.5685,7.617610697461338,7.580208207857429,7.516179531874579
007,2014-10-03 23:40:00,9.2,3,7.615999999999999,7.268689745289539,7.664499999999999,7.516396581763179,7.566371683585877,7.428920550470805
007,2014-10-04 00:25:00,9.4,3,8.235999999999999,8.248689486328498,8.333000000000002,8.2725631621095,8.277723751398486,8.248449005837424
007,2014-10-04 00:30:00,9.5,3,8.790500000000003,8.280008965095929,8.81,8.626836321698645,8.696628697415115,8.510036110680817
007,2014-10-04 01:55:00,13.2,3,7.638999999999999,7.967783428341248,7.857500000000001,7.821427809447083,7.792821442975961,7.705314231705297
007,2014-10-04 08:30:00,8.0,3,8.515500000000001,8.400856932533834,8.391,8.435785644177946,8.442343112419826,8.405612796934658
007,2014-10-04 09:40:01,8.7,3,8.6685,8.155189151876195,8.560499999999998,8.46139638395873,8.522548118175202,8.347413113664215
007,2014-10-04 10:20:01,9.0,3,7.808500000000005,7.753187638737855,7.853500000000001,7.805062546245954,7.815658203455205,7.782655170237011
007,2014-10-04 10:30:01,8.7,3,8.362000000000007,7.863225960420671,8.461000000000002,8.228741986806893,8.302587441097096,8.096443690145666
007,2014-10-04 11:05:01,5.6,3,7.6145000000000005,7.444947189049945,7.5975,7.552315729683315,7.573835749909856,7.5148379525454025
007,2014-10-04 11:10:01,5.4,3,7.546499999999997,7.495789714192499,7.2635000000000005,7.435263238064166,7.422041524027029,7.332182104790011
007,2014-10-04 11:15:01,5.2,3,6.770500000000002,6.967171694819377,6.801500000000001,6.846390564939793,6.822226498682829,6.787749054627089
007,2014-10-04 12:05:01,4.6,3,8.010500000000006,7.684675285885893,8.023,7.906058428628633,7.950607751626777,7.831497547824645
007,2014-10-04 12:15:01,4.9,3,7.559,7.596096398911654,7.434499999999999,7.529865466303884,7.516087684673661,7.470423738547291
007,2014-10-04 13:20:01,8.8,3,8.322000000000008,7.459211564188983,8.2825,8.021237188062997,8.134069150006177,7.830961006093616
007,2014-10-04 13:25:01,8.9,3,8.397999999999998,7.965208750313549,8.2945,8.219236250104515,8.269915512502012,8.123017982148784
007,2014-10-04 14:05:01,8.4,3,8.496999999999998,8.05879493769462,8.406,8.320598312564874,8.372887273226189,8.223303713008583
007,2014-10-04 14:30:01,7.4,3,9.943000000000005,9.30462426854451,9.9615,9.736374756181505,9.823234769205236,9.59165272696853
007,2014-10-04 14:45:01,7.0,3,7.705499999999994,7.604407150680118,7.718000000000001,7.675969050226704,7.690401102260974,7.650874784618863
007,2014-10-04 15:00:01,6.7,3,8.037500000000009,8.170333102282584,8.0335,8.08044436742753,8.06235990516378,8.041534026843545
007,2014-10-04 15:05:01,6.7,3,7.800000000000004,8.231403793483649,7.9385,7.989967931161218,7.941950284381676,7.8536888077093785
007,2014-10-04 15:25:01,7.4,3,7.782999999999998,8.05141019816822,7.9225,7.9189700660560725,7.892866616350805,7.828395274519917
007,2014-10-04 15:40:01,8.3,3,8.132500000000004,7.688972813191786,8.130500000000001,7.983990937730597,8.043288431124292,7.886345971292845
007,2014-10-04 15:45:01,8.5,3,7.753500000000002,7.839932657101369,7.823500000000001,7.80564421903379,7.799012365282841,7.773757162592701
007,2014-10-04 16:00:01,8.9,3,8.289000000000005,8.020265021874183,8.192499999999999,8.167255007291397,8.196443527826446,8.107212392355923
007,2014-10-04 16:35:01,9.3,3,8.067500000000003,7.449600315453162,8.1805,7.899200105151055,7.990000363382535,7.737497194780639
007,2014-10-04 16:50:01,9.2,3,8.145,7.266027034106984,8.2415,7.88417567803566,8.008796369954993,7.668758763562088
007,2014-10-04 17:00:01,8.9,3,8.629500000000005,8.502457696389664,8.853000000000002,8.661652565463223,8.694487007960298,8.582868090077541
007,2014-10-04 18:55:01,6.1,3,7.915500000000009,8.50464834769218,7.8025,8.074216115897398,7.987268946338582,7.864135965551359
007,2014-10-04 19:15:01,6.1,3,7.485999999999994,7.047486515556297,7.758500000000001,7.430662171852098,7.508704136590788,7.272176651942795
007,2014-10-04 19:20:01,6.2,3,7.472499999999996,6.603229852975797,7.715999999999999,7.2639099509919305,7.397628169216017,7.017203070835306
007,2014-10-04 19:50:01,7.0,3,9.432000000000011,10.041826450316325,9.2895,9.58777548343878,9.495970511779264,9.360269318183818
007,2014-10-04 21:15:01,8.0,3,7.6300000000000034,7.662998942746954,7.504499999999999,7.599166314248986,7.58586691648833,7.540482568716101
007,2014-10-04 21:20:01,8.2,3,8.084000000000001,7.741353317557363,7.980500000000001,7.935284439185788,7.973883045553092,7.858908246691658
007,2014-10-04 21:30:01,8.2,3,7.969000000000007,7.498096595624951,7.7825,7.749865531874986,7.799781475353863,7.644492496192053
007,2014-10-04 21:50:01,7.9,3,8.195000000000006,7.3580278018696275,8.3265,7.959842600623211,8.081310268127117,7.745712142500961
008,2014-10-01 07:26:54,4.8,3,6.456,8.335828687054697,6.534,7.108609562351565,6.862202964413167,6.5717826951158145
008,2014-10-01 07:51:54,3.4,3,6.647000000000003,7.1589961328439164,6.7725,6.859498710947974,6.799761005667741,6.70197758952386
008,2014-10-01 07:56:54,3.2,3,7.435500000000002,7.640154102980195,7.484500000000001,7.520051367660066,7.496090750180367,7.457213663040704
008,2014-10-01 08:26:54,3.1,3,5.345500000000005,5.902097273236302,5.391000000000002,5.546199091078769,5.474825508032653,5.384819957976374
008,2014-10-01 08:46:54,3.2,3,9.043500000000005,7.676147111300774,8.961500000000001,8.560382370433594,8.737826977202618,8.258652419412616
008,2014-10-01 09:01:54,3.2,3,6.726000000000004,6.715387618735465,6.837500000000001,6.759629206245157,6.768938215203371,6.7319397726732575
008,2014-10-01 10:21:54,4.3,3,6.999499999999997,6.831754634526875,7.051000000000001,6.960751544842291,6.986874594646337,6.912118091034877
008,2014-10-01 10:31:54,4.4,3,7.137499999999999,7.256802670450699,6.918500000000002,7.1042675568169,7.072788636699644,6.98451585741409
008,2014-10-01 10:56:54,4.7,3,6.266500000000002,6.016773317029216,6.218,6.1670911056764055,6.1971274576991675,6.111675325559403
008,2014-10-01 11:41:54,8.9,3,8.810500000000005,8.937420677105292,8.864999999999998,8.870973559035098,8.857819362771567,8.82938786457467
008,2014-10-01 11:51:54,9.4,3,8.0535,8.676187655780145,7.868,8.199229218593382,8.102659116517362,7.951179263935505
008,2014-10-01 12:06:54,8.7,3,7.5000000000000036,6.84162360130748,7.446999999999998,7.2628745337691605,7.34735746721351,7.117467739835936
008,2014-10-01 12:31:54,5.7,3,7.686500000000006,8.173295858635006,7.48,7.779931952878338,7.700087881228679,7.561809680847995
008,2014-10-01 12:41:54,5.1,3,7.5395000000000065,8.057490258271846,7.360500000000001,7.652496752757284,7.570417361791892,7.43643323884319
008,2014-10-01 12:46:54,4.9,3,6.568000000000003,6.645379237343269,6.639000000000001,6.61745974578109,6.61211191285535,6.588008868973843
008,2014-10-01 13:01:54,4.2,3,6.295999999999998,7.152521056195476,6.4155000000000015,6.621340352065158,6.515006997917548,6.367634047991968
008,2014-10-01 13:06:54,4.1,3,9.879000000000005,8.467621577091974,9.738499999999998,9.361707192363992,9.540913931006996,9.049746891419662
008,2014-10-01 13:31:54,5.6,3,7.8315,7.814679939449441,7.740999999999999,7.795726646483146,7.791579381510258,7.762861730029522
008,2014-10-01 13:36:54,5.9,3,5.717500000000004,6.01428068477584,5.751999999999999,5.827926894925281,5.7905943657337415,5.740767962885778
008,2014-10-01 14:36:54,3.6,3,7.621,7.644330215697536,7.593500000000001,7.619610071899179,7.6145383161113,7.602226013867847
008,2014-10-01 16:01:54,6.9,3,6.4505,7.338480523030044,6.4305,6.739826841010014,6.61941013011277,6.482367180693314
008,2014-10-01 16:31:54,6.0,3,6.954500000000005,6.914494625120518,6.779,6.882664875040175,6.875612414681142,6.820146524007969
008,2014-10-01 16:51:54,6.2,3,8.8585,8.56920988771433,8.743,8.723569962571444,8.75416922507837,8.658827583679201
008,2014-10-01 17:06:54,5.8,3,8.386000000000006,7.823185090953766,8.566,8.258395030317926,8.346552296590245,8.093582207764612
008,2014-10-01 17:41:54,6.0,3,8.288000000000004,7.540059671191566,8.076,7.96801989039719,8.053259020537661,7.801431906031091
008,2014-10-01 17:51:54,6.3,3,7.255000000000003,8.015767754630362,7.312500000000001,7.527755918210122,7.4298693859003455,7.30768862694099
008,2014-10-01 17:56:54,6.5,3,8.284500000000012,8.284402172657588,8.4075,8.325467390885867,8.33418073648701,8.297477422121972
008,2014-10-01 18:06:54,7.1,3,7.010500000000003,7.252472120882114,7.007000000000001,7.089990706960706,7.057315428438405,7.020601377124493
008,2014-10-01 18:16:54,7.6,3,7.691,7.877062134371561,7.789,7.785687378123853,7.767684296675163,7.722760013616515
008,2014-10-01 18:21:54,7.7,3,8.502500000000003,8.73080775136011,8.582,8.605102583786705,8.580129415932232,8.532307999529104
008,2014-10-01 18:26:54,7.7,3,8.052500000000007,7.6866311083637004,7.9145,7.884543702787902,7.9238141060508775,7.802737684193563
008,2014-10-01 19:46:54,4.8,3,5.489500000000004,6.694921806893206,5.491999999999999,5.8921406022977365,5.730773744193431,5.55306003950029
008,2014-10-01 20:06:54,4.9,3,5.324000000000005,6.1569901076680456,5.320000000000001,5.600330035889351,5.48841456186518,5.36462571465321
008,2014-10-01 20:07:00,3.4,3,5.808,5.739074534821461,5.835999999999999,5.7943581782738205,5.805575713761383,5.7728199245274165
008,2014-10-01 20:11:54,5.0,3,6.281000000000001,5.971106857872592,6.202999999999999,6.151702285957531,6.1877151587084285,6.082770865086674
008,2014-10-01 20:46:54,7.8,3,7.3555000000000055,7.850777125754053,7.2865,7.497592375251354,7.426337565844232,7.331219292880382
008,2014-10-01 21:46:55,9.7,3,7.603499999999998,7.055328757454254,7.757000000000001,7.4719429191514175,7.55626328458018,7.316379091527532
008,2014-10-01 21:56:55,8.8,3,6.5065,6.508854992696041,6.565499999999999,6.526951664232013,6.53080934528642,6.513154021129513
008,2014-10-02 10:56:55,5.7,3,7.168500000000002,7.083161373280077,7.100499999999999,7.117387124426693,7.124013829764519,7.097975540881425
008,2014-10-02 13:01:55,8.7,3,9.081500000000002,8.044826128833853,9.058500000000002,8.728275376277951,8.865577568124694,8.499876814484816
008,2014-10-02 13:43:00,10.1,3,9.609000000000004,8.528685417772534,9.6575,9.265061805924178,9.413269928550292,9.016241307350338
008,2014-10-02 14:06:55,9.6,3,7.812999999999995,7.554048208841084,7.9895000000000005,7.785516069613693,7.8327037821894425,7.688383603590887
008,2014-10-02 14:26:55,10.4,3,7.704000000000002,8.193898375792992,7.8,7.899299458597665,7.840436525712684,7.751189424481134
008,2014-10-02 14:41:55,11.0,3,7.469000000000001,7.008419740119345,7.2385,7.238639913373116,7.284060129136859,7.135133205167724
008,2014-10-02 14:56:55,11.6,3,8.040999999999999,7.919597964498109,8.0015,7.987365988166036,8.000841612157382,7.9602792845081956
008,2014-10-02 15:06:55,12.0,3,7.987499999999996,7.501762089783035,7.929499999999999,7.806254029927676,7.8672472787496766,7.698801243514222
008,2014-10-02 15:11:55,12.3,3,9.012000000000002,7.407247890610869,8.95,8.456415963536957,8.667090119807362,8.102615654162864
008,2014-10-02 15:16:55,12.7,3,9.960000000000003,8.837950112606201,9.829999999999998,9.5426500375354,9.683825334240007,9.29447185136172
008,2014-10-02 15:46:55,13.2,3,5.785500000000004,6.441375912088372,5.69,5.9722919706961255,5.87764019540249,5.750346281035487
008,2014-10-02 16:21:55,12.9,3,8.380500000000001,8.34730069878233,8.231,8.319600232927444,8.313474735889708,8.266199334099824
008,2014-10-02 16:31:55,13.1,3,10.793500000000005,8.55067083351986,10.665999999999999,10.003390277839955,10.294942796377699,9.508536018499822
008,2014-10-02 16:36:55,13.2,3,11.116499999999997,10.095668081026972,11.115499999999999,10.77588936034232,10.912624644597354,10.551180803234722
008,2014-10-02 17:06:55,13.7,3,9.449000000000005,8.760300872802768,9.447999999999999,9.219100290934257,9.311325050190717,9.067498789738995
008,2014-10-02 17:36:55,12.2,3,8.379999999999995,8.053786435408247,8.237499999999999,8.22376214513608,8.257399868431404,8.150643300001358
008,2014-10-02 19:16:55,11.5,3,9.123000000000003,8.711077915239393,9.178500000000001,9.004192638413132,9.063321781138447,8.900902943340263
008,2014-10-02 19:21:55,11.3,3,8.589500000000005,7.815159447188631,8.2635,8.222719815729546,8.303433319173614,8.049269019269133
008,2014-10-02 19:26:55,11.2,3,9.092999999999996,7.867165920753809,9.007000000000001,8.655721973584603,8.81391810960979,8.385105380981784
008,2014-10-02 20:27:00,10.8,3,8.272500000000003,8.089530419807641,8.295499999999999,8.219176806602547,8.245324209843318,8.173672782154316
008,2014-10-02 20:51:55,10.6,3,8.252500000000005,7.3211081602018195,8.198,7.923869386733942,8.0448341776883,7.718354250721639
008,2014-10-02 21:01:55,11.3,3,9.172499999999994,7.789965442060792,9.243,8.735155147353595,8.925421191202433,8.414809336116981
008,2014-10-02 21:06:55,11.5,3,6.899000000000004,7.033726724640399,7.0660000000000025,6.999575574880136,6.993332789384185,6.939754666015258
008,2014-10-02 21:16:55,11.6,3,7.3969999999999985,8.03277173977659,7.260999999999999,7.5635905799255285,7.468768338447976,7.331350956571827
008,2014-10-02 21:26:55,11.3,3,9.130000000000003,9.449172621039102,9.2805,9.286557540346369,9.254429272743772,9.180521656207057
008,2014-10-02 21:41:55,11.2,3,10.672500000000003,8.869098317528906,10.725500000000002,10.089032772509638,10.334463167516578,9.680027491130023
008,2014-10-02 22:21:55,11.6,3,10.364000000000003,10.519743183667927,10.216000000000001,10.366581061222645,10.335240680343862,10.264539310543805
008,2014-10-02 22:36:55,11.3,3,8.215500000000002,8.316462235092276,8.444,8.32532074503076,8.327952999747666,8.256990922814488
008,2014-10-02 22:46:55,11.0,3,10.295000000000002,9.948896461657624,10.291000000000002,10.178298820552543,10.224398690107673,10.102079704950942
008,2014-10-02 23:06:55,10.5,3,9.466000000000001,8.919176845945902,9.429,9.271392281981967,9.342057229610873,9.150687526467376
008,2014-10-02 23:31:55,11.2,3,9.909000000000004,9.308055787211822,9.853000000000002,9.690018595737277,9.766592597344147,9.55722574850858
008,2014-10-03 00:31:55,8.5,3,8.814500000000002,7.624176227522116,8.732000000000001,8.390225409174041,8.54391022595573,8.127457420665763
008,2014-10-03 00:41:55,9.1,3,8.284000000000002,7.7822523777155235,8.3665,8.14425079257184,8.217327644559013,8.015049832231334
008,2014-10-03 00:46:55,9.3,3,8.609500000000004,8.90942555791761,8.555,8.69130851930587,8.64725924007711,8.585551713629624
008,2014-10-03 01:06:55,9.4,3,8.765,8.282593733702033,8.624,8.557197911234011,8.611873781798366,8.449712714707687
008,2014-10-03 01:36:55,8.4,3,8.3205,7.690315188134084,8.344999999999999,8.11860506271136,8.204791777562692,7.9743216551129255
008,2014-10-03 01:56:55,7.5,3,8.131499999999999,8.316287417283947,8.035499999999999,8.161095805761315,8.129541232147254,8.071362684635039
008,2014-10-03 02:16:55,7.2,3,7.895000000000001,7.398333152616386,7.895,7.729444384205462,7.796004816279131,7.620121089786554
008,2014-10-03 02:41:55,7.0,3,7.333000000000002,7.791759552280463,7.367000000000001,7.497253184093489,7.4381778126184495,7.364620892885945
008,2014-10-03 02:51:55,7.0,3,8.832500000000005,9.456920120319857,8.702,8.99714004010662,8.904228112242524,8.770256351422013
008,2014-10-03 10:51:56,2.2,3,11.969500000000004,9.718567681115202,11.954500000000001,11.214189227038403,11.514785215746354,10.718589266942715
008,2014-10-03 11:16:56,3.1,3,7.430000000000002,7.429635123554449,7.355999999999999,7.405211707851483,7.400026318562068,7.376138264727628
008,2014-10-03 11:21:56,3.4,3,6.199499999999998,6.665668566734263,6.243500000000001,6.369556188911421,6.310195240172359,6.233756676370631
008,2014-10-03 11:26:56,3.9,3,7.141500000000001,6.718186853154507,7.0105,6.9567289510515025,7.004192838093444,6.862343232810814
008,2014-10-03 12:01:56,8.4,3,6.819000000000002,7.8606015084457646,6.770499999999999,7.150033836148588,7.00701381683838,6.838175438005816
008,2014-10-03 12:11:56,9.8,3,6.761000000000004,7.631496999958313,6.714499999999999,7.035665666652772,6.915717555934445,6.772687210237581
008,2014-10-03 12:16:56,10.4,3,7.2345,7.7558328457442025,7.183000000000001,7.3911109485814,7.317602139919758,7.224304011645915
008,2014-10-03 12:31:56,11.7,3,9.602,9.36307872149734,9.670499999999999,9.545192907165779,9.582057014697313,9.47702708688716
008,2014-10-03 13:21:56,11.9,3,9.678500000000003,8.79316632453085,9.628,9.366555441510284,9.481630716874628,9.171215252991544
008,2014-10-03 13:51:56,11.2,3,9.841499999999998,8.900734032936088,9.822499999999998,9.521578010978695,9.64631011204595,9.314327019085148
008,2014-10-03 14:11:56,10.1,3,10.768500000000007,9.991537545363036,10.755,10.505012515121015,10.608181647219018,10.333867701559932
008,2014-10-03 14:31:56,9.4,3,10.032499999999997,8.404179682425506,10.069500000000001,9.502059894141835,9.722895154462172,9.135230631510353
008,2014-10-03 14:51:56,8.4,3,10.331499999999998,8.796650798467514,10.226,9.784716932822505,9.982946191243224,9.445901900076894
008,2014-10-03 14:56:56,8.2,3,8.255,7.585284898934833,8.283499999999998,8.041261632978276,8.133028904134607,7.887367515230811
008,2014-10-03 15:11:56,7.3,3,8.243000000000006,8.31419577350074,8.0895,8.215565257833582,8.195166399297054,8.135122029322055
008,2014-10-03 16:36:56,9.3,3,7.651500000000001,7.772415096857731,7.726500000000002,7.716805032285912,7.7059057085430265,7.674683574266837
008,2014-10-03 16:41:56,9.9,3,7.204499999999997,7.460707503675901,7.415500000000001,7.360235834558633,7.340825173609275,7.265334830665166
008,2014-10-03 17:51:56,5.1,3,8.550000000000008,8.329877606845807,8.512,8.46395920228194,8.490770860802826,8.415156611065644
008,2014-10-03 18:00:00,3.9,3,5.8744999999999985,6.881461664580112,6.0175,6.257820554860037,6.1329882563983595,5.959280538614785
008,2014-10-03 18:01:56,4.3,3,6.4095,7.918370931129955,6.483500000000001,6.9371236437099855,6.740147734506315,6.504996228141742
008,2014-10-03 18:36:56,6.3,3,7.049000000000003,7.785016612143097,7.2035,7.345838870714367,7.2581305052593335,7.122206235003942
008,2014-10-03 19:26:56,8.0,3,7.328500000000003,7.247542568986131,7.417000000000001,7.331014189662045,7.348123564006127,7.293070700417635
008,2014-10-03 19:36:56,8.4,3,6.921000000000003,6.988740488596172,6.9224999999999985,6.944080162865391,6.935108072928776,6.924877547291603
008,2014-10-03 20:26:56,8.7,3,7.787000000000005,7.541391668216994,7.416,7.581463889405666,7.588136731037718,7.475770067133754
008,2014-10-03 20:51:56,6.9,3,7.530500000000006,7.683555534167241,7.5074999999999985,7.573851844722415,7.551713349744785,7.521777360154898
008,2014-10-03 21:21:56,3.7,3,6.576499999999999,7.1201524615010525,6.551000000000001,6.7492174871670185,6.67455660621099,6.586373212499204
008,2014-10-03 21:51:56,4.2,3,5.443499999999999,6.071988160697404,5.389500000000001,5.634996053565801,5.546950072328056,5.437086605088684
008,2014-10-03 22:01:56,4.7,3,5.404500000000004,6.578025682575549,5.3229999999999995,5.768508560858518,5.605474613604048,5.40657814758646
008,2014-10-03 22:11:56,4.5,3,5.772000000000004,5.948840767689397,5.644500000000001,5.788446922563135,5.755729204135385,5.688545990908645
008,2014-10-03 22:26:56,4.0,3,7.355000000000006,6.78910069433165,7.474500000000001,7.206200231443884,7.290491466746503,7.054465322357354
008,2014-10-03 22:41:56,3.9,3,7.083999999999996,7.139736857742459,7.037500000000001,7.087078952580819,7.076320306365655,7.053106119804433
008,2014-10-03 23:06:56,4.1,3,9.434500000000003,9.70220547791245,9.3725,9.503068492637484,9.462806660917234,9.403415113304812
008,2014-10-03 23:11:56,4.2,3,6.381499999999996,7.253839970079288,6.6755,6.770279990026428,6.6741696929026215,6.493198371535718
008,2014-10-03 23:21:56,4.3,3,7.124500000000007,7.25889019523871,7.175,7.186130065079573,7.171691912507596,7.142878808330605
008,2014-10-03 23:36:56,4.4,3,8.043000000000005,7.877079999346177,8.017500000000002,7.979193333115394,7.999625269240686,7.942436767827994
008,2014-10-03 23:41:56,4.4,3,6.6655,7.104400688747856,6.458000000000001,6.742633562915953,6.6691373926294535,6.537579549748141
008,2014-10-04 00:01:56,4.5,3,6.269499999999998,6.857766747280243,6.532,6.553088915760081,6.492820367779835,6.35926909933301
008,2014-10-04 00:21:56,4.8,3,5.3229999999999995,6.335010027901343,5.370999999999999,5.676336675967114,5.544108130946758,5.386682936128327
008,2014-10-04 00:36:56,5.2,3,6.646999999999995,6.599821505471011,6.5565,6.601107168490334,6.601028366096193,6.573231809598982
008,2014-10-04 00:56:56,5.4,3,5.843500000000002,7.248189323204698,5.930499999999999,6.3407297744015665,6.158635221691916,5.936474621197541
008,2014-10-04 01:01:56,5.4,3,6.0654999999999974,7.452331421926212,5.9205,6.479443807308737,6.283332267740334,6.032559673210426
008,2014-10-04 01:16:56,4.9,3,7.035500000000001,7.123957013921789,7.1745,7.111319004640596,7.109296478067779,7.065368065544388
008,2014-10-04 02:06:56,4.2,3,7.158500000000001,6.680330060418979,7.110000000000001,6.982943353472994,7.043594355828051,6.877244029100973
008,2014-10-04 03:56:56,3.8,3,5.151000000000002,5.506397574335778,5.0825,5.246632524778593,5.194158934516667,5.119772405350649
008,2014-10-04 04:51:56,3.6,3,6.311000000000003,7.262721091189648,6.288,6.620573697063217,6.491402641249671,6.344017313482663
008,2014-10-04 05:16:56,4.3,3,6.224999999999993,6.215255131103405,6.3255,6.255251710367799,6.2636663904843655,6.2302544705656775
008,2014-10-04 05:41:56,3.8,3,6.361500000000001,5.430603945274225,6.1175,5.9698679817580755,6.077362309331648,5.762713663091825
008,2014-10-04 05:56:56,3.7,3,5.412499999999995,5.980359810793759,5.549499999999999,5.6474532702645845,5.58104247305449,5.4729830022392125
008,2014-10-04 06:51:56,4.1,3,4.684499999999995,4.061684986122909,4.708499999999999,4.484894995374301,4.57005868550936,4.342347475842811
008,2014-10-04 07:26:56,4.4,3,5.244499999999993,5.4338703562072395,5.194,5.290790118735743,5.261839745767567,5.217681977047437
008,2014-10-04 07:56:56,5.8,3,4.751999999999999,4.911870199588081,4.801500000000001,4.82179006652936,4.803866496816618,4.77148559004644
009,2014-10-02 07:50:19,3.5,3,8.189500000000008,8.998835341358586,8.6085,8.598945113786199,8.520120036934282,8.326012774957851
009,2014-10-02 08:45:19,2.7,3,9.710500000000003,9.596827249210886,9.776000000000002,9.69444241640363,9.71430923631905,9.654527699443786
009,2014-10-02 09:00:19,2.4,3,9.441000000000004,9.279558527945747,9.253,9.32451950931525,9.332857045455302,9.277038592097073
009,2014-10-02 09:20:19,2.2,3,12.194000000000003,12.326202190018863,11.799,12.106400730006287,12.06074397328618,11.913733068917033
009,2014-10-02 09:40:19,2.2,3,11.736500000000005,12.827072691914667,11.338,11.96719089730489,11.792851274625669,11.50377494253555
009,2014-10-02 09:45:19,2.2,3,10.305000000000009,12.17794244835059,10.5605,11.014480816116865,10.781552289923368,10.460334971112914
009,2014-10-02 09:55:19,2.2,3,8.406000000000002,9.887542192004384,8.2335,8.842347397334796,8.63159809094665,8.358016186011351
009,2014-10-02 10:10:19,2.3,3,9.202000000000004,9.284948772020371,9.4115,9.299482924006792,9.303185300566216,9.238394521662247
009,2014-10-02 10:25:19,2.4,3,10.830000000000007,10.931016535410158,11.259500000000003,11.006838845136722,11.023681280594532,10.892795700776363
009,2014-10-02 10:30:19,2.4,3,8.336500000000004,8.651633869805211,8.324500000000002,8.437544623268407,8.394463392498418,8.344245226249502
009,2014-10-02 10:50:19,2.2,3,10.236000000000011,9.487007283066392,9.993500000000001,9.9055024276888,9.988725217397485,9.738401407467974
009,2014-10-02 10:55:19,2.2,3,10.42900000000001,8.446778990143988,10.292,9.722592996714667,9.978548340764835,9.285014578116279
009,2014-10-02 11:10:19,2.2,3,8.4975,8.869777507694991,8.680499999999999,8.682592502564997,8.64564626639647,8.558104891315926
009,2014-10-03 08:55:19,6.1,3,9.071000000000016,8.517530918557197,9.037500000000001,8.875343639519071,8.947146803755063,8.753208313492102
009,2014-10-03 09:10:19,5.7,3,9.233500000000006,8.09934831279296,9.3985,8.910449437597656,9.074112965956315,8.623288213126795
009,2014-10-03 09:20:19,5.4,3,9.528500000000006,9.787740783916423,9.429000000000002,9.581746927972143,9.53996697504294,9.469709176911397
009,2014-10-03 09:45:19,4.5,3,6.895000000000005,6.653067112573228,6.963000000000001,6.837022370857745,6.874254710072137,6.76830734631425
009,2014-10-03 10:05:19,4.1,3,8.879000000000001,8.708063822450189,8.945,8.844021274150064,8.871597575722202,8.791388386137024
009,2014-10-03 10:15:19,3.9,3,7.651000000000005,7.01987647539057,7.6725,7.447792158463525,7.533892473331471,7.30398428407471
009,2014-10-03 10:40:19,4.2,3,8.710000000000004,8.316387523079124,9.0025,8.676295841026375,8.749735103600532,8.523145945485537
009,2014-10-03 11:15:19,5.2,3,10.1795,10.25408288311021,10.482999999999999,10.305527627703404,10.317000112884587,10.224421599889858
009,2014-10-03 11:20:19,5.3,3,7.991000000000007,8.135760608105873,8.0015,8.042753536035294,8.024096255595667,8.000926497270594
009,2014-10-03 11:25:19,5.3,3,7.006500000000001,7.718842213060219,7.031000000000001,7.252114071020074,7.158383041571791,7.049237515680682
009,2014-10-03 11:35:19,5.4,3,9.385000000000002,8.850231594757187,9.153999999999998,9.129743864919062,9.18507098208719,9.00990269910918
009,2014-10-03 12:00:00,8.1,3,7.308500000000002,7.221497980292943,7.167500000000001,7.232499326764316,7.234185396146054,7.191287574149094
009,2014-10-03 12:30:19,3.3,3,8.031500000000005,8.06575754311336,7.983,8.026752514371122,8.018730935026325,7.99802950914576
009,2014-10-03 12:40:19,2.2,3,7.081,8.370344201219789,7.0889999999999995,7.513448067073263,7.341223447652072,7.150182716533216
009,2014-10-03 19:00:00,11.8,3,10.601000000000008,10.600725723774469,10.8665,10.689408574591491,10.708225107803406,10.628977311088505
001,2014-10-01 19:24:00,9.8,4,9.158500000000005,9.830666326390645,9.0305,9.339888775463551,9.212742499695358,9.093835916351093
001,2014-10-01 19:34:00,9.4,4,7.911500000000001,8.000413545728497,8.0375,7.983137848576166,7.978726403445363,7.939219952248125
001,2014-10-01 19:54:00,8.4,4,8.025,8.77610297841444,8.04,8.28036765947148,8.152007939160544,8.061429370995189
001,2014-10-01 19:59:00,8.2,4,7.868500000000004,8.191084548842474,7.787500000000001,7.949028182947493,7.886309587203938,7.823045839770469
001,2014-10-01 20:24:00,7.8,4,8.91200000000001,9.517524590537134,9.089,9.172841530179047,9.083675385526181,8.977572102569049
001,2014-10-01 21:09:00,8.3,4,7.098500000000007,7.243057767590144,7.1495000000000015,7.16368592253005,7.143158237799201,7.116073882586219
001,2014-10-01 21:24:00,8.2,4,6.938500000000005,7.047354150905323,6.854000000000001,6.946618050301777,6.920491600127978,6.881037721481189
001,2014-10-01 21:29:00,8.0,4,7.8420000000000085,6.887424724115207,7.6065000000000005,7.445308241371738,7.589652339125573,7.2756318968174165
001,2014-10-02 11:04:00,14.4,4,10.261000000000003,9.71853716675256,9.925999999999998,9.968512388917521,10.033076908005624,9.861269379556902
001,2014-10-02 11:14:00,14.2,4,10.605000000000002,11.601629744848823,10.2995,10.835376581616275,10.636810573375882,10.423857757792256
001,2014-10-02 11:39:00,14.5,4,11.057000000000007,11.802009071511003,10.993,11.284003023837004,11.149837602615815,11.04270848128208
001,2014-10-02 12:14:00,14.0,4,7.469499999999997,8.391324085606655,7.603000000000001,7.821274695202217,7.673730163829762,7.539476327522882
001,2014-10-02 12:19:00,13.8,4,10.431500000000003,9.78039649670296,10.505999999999998,10.23929883223432,10.358164936348725,10.115963576973268
001,2014-10-02 12:44:00,13.0,4,8.974500000000008,9.046360936458662,8.9285,8.98312031215289,8.96672198212368,8.943774766736167
001,2014-10-02 12:54:00,12.6,4,9.124000000000008,8.436610480893176,9.141,8.900536826964393,9.020675581405582,8.783767971967535
001,2014-10-02 13:14:00,11.8,4,9.278000000000004,9.441381052122232,9.136499999999998,9.285293684040745,9.244806385791033,9.180942316789512
001,2014-10-02 13:24:00,11.5,4,8.563000000000004,8.008507584713852,8.192499999999999,8.254669194904618,8.318228746078372,8.143538185345115
001,2014-10-02 13:54:00,10.4,4,11.162000000000008,10.351114857588318,11.205500000000002,10.906204952529443,11.049962938442059,10.763346441909388
001,2014-10-02 14:09:00,10.1,4,8.732000000000003,9.262685947714735,8.7945,8.929728649238244,8.843542490084225,8.769133331251574
001,2014-10-02 14:19:00,10.3,4,8.188000000000002,8.9805765244921,8.1965,8.455025508164034,8.318942030307465,8.224832054796003
001,2014-10-02 14:29:00,10.6,4,8.772000000000002,8.250521045635027,8.6185,8.547007015211676,8.623704427959973,8.45297738343357
001,2014-10-02 14:34:00,10.7,4,9.208500000000008,9.023753189766781,8.9965,9.076251063255595,9.08974073912566,9.024929710065093
001,2014-10-02 15:24:00,10.9,4,8.867500000000001,8.481273554316088,8.9735,8.77409118477203,8.84996634128039,8.687456448069913
001,2014-10-02 15:34:00,10.5,4,11.576000000000008,10.161692102898998,11.403500000000001,11.047064034299668,11.276239889478264,10.805158571863668
001,2014-10-02 15:49:00,9.9,4,8.496500000000005,9.609217055947234,8.619,8.908239018649079,8.726786044851966,8.57248300371828
001,2014-10-02 16:09:00,9.7,4,8.225500000000006,7.3249293298500735,8.347000000000001,7.965809776616694,8.131820921478871,7.79119594404343
001,2014-10-02 16:34:00,9.2,4,9.332,8.732231897574026,9.1995,9.087910632524675,9.179945915195558,8.98213335523702
001,2014-10-02 16:39:00,9.1,4,9.4945,9.69124867895634,9.4285,9.538082892985447,9.498389251733093,9.454547241695142
001,2014-10-02 16:50:00,9.4,4,8.68050000000001,8.672162064832785,8.7115,8.688054021610931,8.692184376802055,8.679924702456525
001,2014-10-02 16:59:00,8.7,4,10.243500000000008,10.198592282956316,10.071000000000002,10.171030760985442,10.163809059671124,10.109742168118288
001,2014-10-02 17:24:00,9.9,4,8.168500000000002,9.23327944978459,8.1015,8.501093149928197,8.311465816183617,8.166105166377413
001,2014-10-02 18:04:00,13.3,4,10.97,10.980820405021126,10.863499999999998,10.938106801673706,10.926994039563544,10.892001884605731
001,2014-10-02 18:09:00,13.4,4,8.955500000000006,8.83516474511759,8.789000000000001,8.859888248372533,8.866208329638456,8.814994466778668
001,2014-10-02 18:24:00,13.0,4,12.034,12.002912446635836,11.512499999999998,11.849804148878611,11.80990135832972,11.645124803014593
001,2014-10-02 18:34:00,12.5,4,8.234000000000002,7.959350694840678,8.219,8.137450231613562,8.18356044898163,8.091468707914206
001,2014-10-02 18:44:00,11.9,4,9.091500000000002,8.58431617916836,9.052,8.909272059722786,8.993397621650093,8.823725165493588
001,2014-10-02 18:59:00,11.2,4,8.988500000000005,8.622941993534129,8.9655,8.858980664511378,8.920089869511768,8.79761605599548
001,2014-10-02 19:04:00,11.1,4,9.162500000000001,10.08988534217375,9.231000000000002,9.494461780724585,9.34031482019101,9.218451688391681
001,2014-10-02 19:09:00,11.1,4,9.607000000000008,9.260152392036742,9.342,9.403050797345584,9.439922973429491,9.33174781706149
001,2014-10-02 19:49:00,10.5,4,10.237000000000004,9.26574561630066,10.2315,9.911415205433554,10.078603999960492,9.751365926639982
001,2014-10-02 19:54:00,10.6,4,11.659999999999998,11.2474305915593,11.67,11.525810197186432,11.597899513799145,11.45577016377505
001,2014-10-02 21:14:00,18.0,4,9.758000000000004,7.886393840524525,9.613999999999997,9.086131280174842,9.39672384195426,8.770541536280152
001,2014-10-02 21:19:00,18.0,4,8.741000000000007,9.397855257272186,8.697000000000001,8.945285085757398,8.828073651282224,8.73755659153933
001,2014-10-02 21:29:00,17.7,4,9.193000000000005,9.332223081748431,9.138,9.221074360582811,9.192266146581334,9.158614841920006
001,2014-10-03 06:44:01,2.2,4,10.097500000000004,9.484415632130572,9.998500000000002,9.860138544043524,9.957380599093014,9.753972772396622
001,2014-10-03 06:49:01,2.2,4,8.940500000000002,8.848278823640376,8.6905,8.826426274546792,8.820644752731125,8.74262970814885
001,2014-10-03 07:34:01,2.2,4,8.099000000000004,8.504302996496346,8.033499999999998,8.212267665498784,8.136614999540505,8.06861643078674
001,2014-10-03 07:39:01,2.2,4,9.10250000000001,9.735342937673977,9.075500000000003,9.30444764589133,9.19285712711251,9.110523845684334
001,2014-10-03 08:34:01,2.2,4,8.375000000000004,9.490246186277226,8.266500000000002,8.710582062092412,8.508640275388508,8.344251953645058
001,2014-10-03 09:29:01,3.6,4,9.667500000000008,10.126203748753548,9.248499999999998,9.680734582917852,9.565177460904904,9.378992666921832
001,2014-10-03 10:19:01,3.9,4,9.336,9.271484445611684,8.993,9.20016148187056,9.181524210129046,9.073704307763485
001,2014-10-03 10:59:01,6.5,4,9.854500000000003,9.148770831062517,9.9125,9.63859027702084,9.765454029234238,9.50986704291633
001,2014-10-03 11:04:01,7.0,4,8.823500000000001,8.820240448060158,8.8325,8.825413482686718,8.8267574294308,8.822915380567771
001,2014-10-03 11:24:01,8.9,4,8.8375,8.657178493076831,9.0925,8.86239283102561,8.915657029468813,8.777144231111077
001,2014-10-03 11:44:01,10.1,4,8.232000000000006,7.315241269044325,8.038499999999999,7.86191375634811,8.003375495964836,7.7007164928854355
001,2014-10-03 11:59:01,10.1,4,9.939500000000006,9.049796532914893,10.129,9.706098844304966,9.876136815643141,9.51844872464074
001,2014-10-03 12:04:01,10.0,4,8.326500000000005,8.574101484882329,8.4365,8.445700494960777,8.412506084403399,8.361572601781955
001,2014-10-03 12:34:00,8.8,4,10.136500000000007,9.481887499806817,10.151999999999997,9.923462499935606,10.037812796216553,9.812411855358835
001,2014-10-03 12:59:01,10.5,4,7.613000000000005,7.316869596312008,7.5635,7.497789865437338,7.544613522518503,7.446419525760399
001,2014-10-03 13:04:01,10.9,4,10.14250000000001,11.82035253633524,10.1805,10.714450845445084,10.428104240825395,10.224864021609623
001,2014-10-03 13:09:01,11.2,4,8.614000000000006,8.499331564592168,8.514000000000001,8.542443854864059,8.553558288068793,8.518204542498818
001,2014-10-03 13:34:01,12.0,4,10.263500000000006,10.281231560596167,10.358000000000002,10.300910520198725,10.306052724719718,10.277029267230535
001,2014-10-03 13:59:01,12.6,4,9.105000000000008,9.854264566636681,9.087,9.348754855545563,9.217847895747212,9.124791731768251
001,2014-10-03 14:34:01,13.9,4,9.169500000000001,9.117657743840732,9.124500000000001,9.137219247946911,9.142262425815762,9.12627184162124
001,2014-10-03 15:39:01,17.2,4,8.941000000000004,8.852131407610347,8.995999999999999,8.929710469203451,8.94982606112395,8.90310343077689
001,2014-10-03 16:04:01,19.1,4,9.472500000000007,8.773704583209774,9.49,9.245401527736595,9.367552668723091,9.126647614476557
001,2014-10-03 17:29:01,22.2,4,11.094500000000007,10.472626041517243,10.787,10.78470868050575,10.865368994555022,10.665883081341239
001,2014-10-03 18:09:01,22.2,4,7.861000000000006,8.168345759913567,7.859000000000001,7.962781919971192,7.90955165731628,7.8730854090107805
001,2014-10-03 18:19:01,22.2,4,7.983000000000008,8.102975446367804,7.832000000000001,7.972658482122604,7.938839572205541,7.877027238203318
001,2014-10-03 18:54:01,22.2,4,10.5645,9.712583901411023,10.292,10.189694633803676,10.313105001161672,10.034913801294767
001,2014-10-03 18:59:01,22.2,4,10.539000000000009,9.79050655932457,10.955499999999999,10.42833551977486,10.593701598499552,10.214426711043288
001,2014-10-04 06:44:01,7.3,4,7.5125,8.455554506125084,7.491499999999999,7.819851502041694,7.655230449187505,7.538630556697089
001,2014-10-04 06:49:01,7.8,4,7.505999999999999,8.003536110442797,7.4225,7.6440120368142646,7.5508747927813324,7.466422004273168
001,2014-10-04 06:59:01,8.8,4,8.86850000000001,9.239990784593234,8.98,9.029496928197748,8.97504589763651,8.909367514807787
001,2014-10-04 07:19:01,8.8,4,9.527999999999997,8.773166974150563,9.8715,9.39088899138352,9.55101261697637,9.191851160544896
001,2014-10-04 07:24:01,8.5,4,8.440500000000004,9.8656574576485,8.408000000000001,8.904719152549502,8.655875099746195,8.479425542607668
001,2014-10-04 07:34:01,8.2,4,8.73450000000001,8.881377258551856,8.6445,8.753459086183955,8.720291328736264,8.674662457037101
001,2014-10-04 07:44:01,8.0,4,8.822500000000005,7.908025771256136,8.607999999999999,8.446175257085379,8.58541969797742,8.284224274304943
001,2014-10-04 07:59:01,7.7,4,8.338500000000005,8.40580689774852,8.562000000000001,8.435435632582841,8.443217707912664,8.374260668773115
001,2014-10-04 08:19:01,6.3,4,10.504500000000005,8.98304654357515,10.639,10.042182181191718,10.316503895708857,9.762610611453287
001,2014-10-04 09:09:01,4.1,4,8.944500000000003,7.442317684461659,8.8325,8.406439228153888,8.656036486091804,8.153334013804221
001,2014-10-04 09:15:00,3.8,4,9.414500000000007,9.767221750297875,8.9125,9.364740583432628,9.260274071652384,9.060157782565863
001,2014-10-04 09:24:01,4.5,4,9.3195,9.289369967741347,9.4735,9.360789989247117,9.379359434669835,9.322262738209265
001,2014-10-04 09:39:01,5.5,4,8.696499999999999,9.18085201829505,8.4535,8.776950672765016,8.672243803814792,8.53881136201366
001,2014-10-04 09:44:01,5.9,4,10.16050000000001,10.642551794182486,9.892499999999998,10.23185059806083,10.125370660542243,9.98428840975955
001,2014-10-04 09:49:01,6.3,4,8.411500000000002,7.91693299854298,8.0485,8.125644332847662,8.179510093074514,8.024773335455812
001,2014-10-04 10:29:01,7.0,4,8.220500000000001,8.339694736921684,8.063500000000001,8.207898245640562,8.173693271760142,8.110071642094834
001,2014-10-04 10:34:01,6.5,4,8.380500000000003,8.65402285230412,8.7525,8.595674284101372,8.580748308104768,8.46397375815203
001,2014-10-04 10:44:01,5.7,4,7.595500000000005,7.08775674288547,7.324500000000001,7.335918914295159,7.4000454350088525,7.237828854210556
001,2014-10-04 11:29:01,3.6,4,8.863499999999998,8.419601977715486,8.852,8.711700659238494,8.787331857285096,8.638069084129508
001,2014-10-04 11:34:01,3.4,4,8.220999999999998,8.120572339335347,8.485500000000002,8.275690779778449,8.315987678130767,8.201512282607009
001,2014-10-04 11:49:01,3.1,4,8.381000000000006,8.47635942949451,8.287500000000001,8.381619809831506,8.357041678694358,8.316310646376014
001,2014-10-04 11:54:01,2.9,4,8.177000000000003,7.688536314255484,7.979500000000001,7.948345438085163,8.01552400403829,7.857379685051964
001,2014-10-04 11:59:01,2.8,4,8.67600000000001,9.322855014954804,8.814499999999999,8.937785004984937,8.838142013953856,8.734943249275155
001,2014-10-04 12:49:01,3.1,4,7.240499999999996,8.142462558817963,7.4105,7.597820852939319,7.456873411216865,7.317613244522306
001,2014-10-04 13:04:01,4.0,4,11.190999999999999,9.516646077084966,11.106,10.604548692361655,10.886211448989624,10.324576604492787
001,2014-10-04 13:09:01,4.4,4,10.5015,8.776273049082143,10.3455,9.874424349694047,10.158706008728048,9.582265874514661
002,2014-10-01 19:47:01,2.4,4,8.434500000000007,7.5663654966305405,8.4325,8.144455165543514,8.294146346884707,8.00155545470892
002,2014-10-02 06:57:01,2.2,4,9.927500000000009,8.98206278703131,10.003999999999998,9.637854262343772,9.807704377851444,9.465670538772152
002,2014-10-02 07:27:01,3.5,4,9.24350000000001,8.214399100010091,9.2215,8.893133033336701,9.06887548671435,8.722681620799644
002,2014-10-02 07:37:01,5.7,4,9.578000000000001,10.089659490238455,9.626000000000001,9.764553163412819,9.68039282518844,9.6111106396942
002,2014-10-02 07:57:01,10.2,4,9.14050000000001,9.866957403518066,9.1885,9.398652467839357,9.277411879021649,9.18308684709255
002,2014-10-02 08:22:01,12.9,4,8.165500000000005,8.250482505316555,8.295,8.236994168438853,8.23356515448934,8.193040588379832
002,2014-10-02 08:32:01,12.4,4,9.557000000000007,9.045949826174319,9.636000000000001,9.412983275391442,9.508062804960039,9.311703231214345
002,2014-10-02 08:47:01,10.7,4,8.422999999999998,8.745501181912777,8.724,8.630833727304259,8.601289459432852,8.503308740395823
002,2014-10-02 09:02:01,9.2,4,9.208500000000006,8.441888782180927,9.375499999999999,9.008629594060311,9.155465192263767,8.846130797598924
002,2014-10-02 10:07:01,3.1,4,7.812000000000003,8.194783086423552,7.7875,7.931427695474518,7.863221659519217,7.810834140006147
002,2014-10-02 10:22:01,3.0,4,11.079000000000002,11.183703341712707,11.105,11.122567780570904,11.106749954368198,11.0893271753608
002,2014-10-02 10:37:01,5.2,4,8.789500000000002,8.589601185062357,8.6145,8.66453372835412,8.683850899001339,8.622241738305883
002,2014-10-02 10:47:01,7.2,4,7.7465,7.549787752696096,7.838000000000001,7.711429250898699,7.7533301589692565,7.6591270554166275
002,2014-10-02 10:57:01,8.2,4,8.661000000000008,7.991803116856791,8.3885,8.347101038952266,8.438968854553133,8.22237415311631
002,2014-10-02 11:17:01,8.8,4,7.773500000000005,7.714364709813527,7.931500000000002,7.806454903271178,7.830378708544717,7.762284836537642
002,2014-10-02 11:32:01,9.1,4,9.470000000000004,10.933718401377394,9.299,9.900906133792466,9.633382714411606,9.408571766186292
002,2014-10-02 13:07:01,6.6,4,8.151000000000003,7.953665039574305,8.219,8.107888346524769,8.147856808924631,8.060606637005348
002,2014-10-02 13:52:01,6.5,4,9.445000000000007,9.169299183975001,9.6495,9.421266394658335,9.486612075303984,9.33133846286918
002,2014-10-02 14:07:01,4.9,4,7.192000000000002,7.488016518942702,7.1485,7.276172172980902,7.221295206857434,7.173005952387658
002,2014-10-02 14:12:01,4.4,4,7.729000000000005,8.543640753073541,7.814999999999999,8.029213584357848,7.896048664890855,7.783819671063048
002,2014-10-02 14:27:01,3.3,4,7.973000000000002,7.789404531130158,8.170999999999998,7.977801510376719,8.026682939478071,7.904440187659145
002,2014-10-02 14:42:01,2.4,4,8.719000000000012,10.98579970280878,8.813,9.505933234269598,9.122778681491793,8.839640655905617
002,2014-10-02 14:52:01,2.2,4,8.079500000000001,8.872012911693666,7.9110000000000005,8.28750430389789,8.136067124871435,7.990302441396508
002,2014-10-02 15:22:01,2.2,4,10.767500000000002,10.889782897920966,10.820500000000003,10.825927632640324,10.809418838415878,10.78453026193279
002,2014-10-02 15:47:01,2.9,4,7.782000000000004,8.250393259614276,7.819,7.950464419871427,7.872818200679979,7.810786949459617
002,2014-10-02 16:02:01,5.9,4,8.878500000000006,8.81538612646705,8.7445,8.812795375489019,8.8120586118957,8.770415379602106
002,2014-10-02 16:12:01,8.8,4,10.117000000000004,9.833046943850464,10.1555,10.035182314616822,10.087542752166243,9.98008441121559
002,2014-10-02 16:32:01,14.2,4,9.825500000000009,9.73882588450241,9.9615,9.841941961500806,9.868710019481297,9.798038181553633
002,2014-10-02 17:37:01,20.9,4,10.528000000000011,9.506570093498759,10.2035,10.079356697832923,10.227516068660455,9.893897162707486
002,2014-10-02 18:17:01,20.6,4,9.855500000000005,9.902069140171653,9.512,9.756523046723887,9.718665983064303,9.604443436371435
002,2014-10-02 19:07:01,19.0,4,9.852000000000002,9.314098174987151,9.8985,9.688199391662385,9.78509308385148,9.589587621909835
002,2014-10-02 19:57:01,19.6,4,11.1645,9.858706314179358,11.091,10.704735438059785,10.923772448655763,10.486003246772619
002,2014-10-03 06:57:02,9.5,4,11.59,9.701484503577932,11.418500000000002,10.903328167859312,11.214452595628446,10.583478071213914
002,2014-10-03 07:47:02,7.9,4,9.498500000000003,10.236700538366543,10.009999999999998,9.915066846122182,9.832033691882112,9.643360881864586
002,2014-10-03 08:17:02,3.2,4,6.293999999999998,8.06901751382013,6.334,6.8990058379400425,6.596059397156275,6.38108971082041
002,2014-10-03 08:42:02,2.2,4,10.161000000000007,10.199029650600766,10.044500000000001,10.134843216866924,10.118165301202252,10.076833681376995
002,2014-10-03 08:47:02,2.2,4,9.619500000000002,9.200384413484526,9.226999999999999,9.348961471161509,9.387241383209682,9.258914194816477
002,2014-10-03 09:22:02,2.8,4,11.0845,10.837336670737882,11.206000000000001,11.042612223579296,11.095826611854259,10.975471867897056
002,2014-10-03 09:32:02,3.9,4,9.526500000000013,9.304322278074332,9.2755,9.368774092691448,9.38533997374361,9.308649667521223
002,2014-10-03 09:52:02,5.6,4,6.787999999999993,7.63618367350204,6.7095,7.044561224500678,6.89132623348287,6.767575765064871
002,2014-10-03 10:42:02,4.1,4,7.545000000000003,8.245401969565616,7.481,7.757133989855205,7.630669027605535,7.528740556440447
002,2014-10-03 11:17:02,3.7,4,6.8260000000000005,7.628638444407615,6.7935,7.082712814802538,6.94133331162005,6.837461964452679
002,2014-10-03 11:52:02,4.4,4,6.092499999999998,7.552273637170994,6.14,6.594924545723664,6.347049241610088,6.167328680531378
002,2014-10-03 11:57:02,5.2,4,6.1454999999999975,7.40393775936827,6.343499999999999,6.630979253122756,6.430924588522988,6.244486877743562
002,2014-10-03 12:32:02,11.0,4,10.534500000000005,11.221284896881068,10.6455,10.800428298960357,10.691505102436755,10.589167528870123
002,2014-10-03 12:57:02,12.4,4,8.6115,8.614566002282242,8.652999999999999,8.62635533409408,8.629428508409623,8.616741233991853
002,2014-10-03 13:02:02,12.5,4,8.212,7.976117878342161,8.2335,8.140539292780721,8.183125611022268,8.097054108486784
002,2014-10-03 13:22:02,12.0,4,9.50050000000001,10.079954611945162,9.987,9.855818203981725,9.798018974664465,9.632869056100303
002,2014-10-03 13:32:02,11.4,4,10.304500000000003,9.218616809428173,10.2555,9.926205603142725,10.10940653541931,9.744962363462083
002,2014-10-03 15:12:02,6.2,4,8.511999999999999,8.446837916866164,8.430500000000002,8.463112638955389,8.467286775895857,8.442297187657651
002,2014-10-03 15:17:02,5.7,4,9.303500000000001,8.514754252082053,9.3875,9.068584750694018,9.212036492917653,8.920538916550527
002,2014-10-03 15:32:02,4.8,4,8.190500000000009,8.109059745868132,8.1105,8.136686581956047,8.143801004996465,8.118988386814255
002,2014-10-03 16:17:02,3.7,4,7.672000000000006,7.60856803587,7.748499999999999,7.676356011956668,7.6939468473241375,7.649245912137161
002,2014-10-03 16:42:02,4.3,4,8.210000000000003,8.550428371006863,8.2585,8.339642790335622,8.285085233626669,8.235666231139303
002,2014-10-03 16:52:02,5.4,4,9.618500000000006,9.433682611890472,9.658,9.57006087063016,9.605394468462121,9.531050963108477
002,2014-10-03 17:02:02,6.8,4,9.394000000000007,9.410670115617117,9.371500000000001,9.39205670520571,9.38722582983895,9.378156106746186
002,2014-10-03 17:07:02,7.5,4,9.6145,9.232415165767907,9.535,9.460638388589302,9.519696050209609,9.39351658788783
002,2014-10-03 17:32:02,9.7,4,9.488000000000003,9.384893544118311,9.529499999999999,9.467464514706103,9.48886608567466,9.441458558646586
002,2014-10-03 18:02:02,8.9,4,8.959000000000001,8.33023917199912,8.966000000000001,8.751746390666375,8.860896098481511,8.646800837916562
002,2014-10-03 18:07:02,8.7,4,8.961000000000002,8.742016442037595,9.066999999999998,8.923338814012531,8.970343074654261,8.864212453026404
002,2014-10-03 18:12:02,8.5,4,10.146,8.846580370152779,9.884,9.625526790050927,9.827100503767614,9.397704605121557
002,2014-10-03 18:17:02,8.3,4,9.152500000000002,8.782180356583343,9.412,9.115560118861113,9.202014046111795,8.998079340862205
002,2014-10-03 18:22:02,8.2,4,9.069000000000008,8.738116934614073,9.339,9.04870564487136,9.129263157374606,8.935422497696031
002,2014-10-03 18:42:02,7.5,4,8.672000000000002,8.742760750518556,8.602500000000001,8.672420250172854,8.654171899909418,8.623910044803207
002,2014-10-03 19:02:02,7.4,4,9.09650000000001,9.25720911654246,9.201500000000001,9.185069705514158,9.166441367233269,9.126641493073722
002,2014-10-03 19:17:02,8.3,4,10.443500000000006,10.04416357583352,10.154,10.213887858611175,10.257694352662243,10.13263371031741
002,2014-10-03 19:22:02,8.9,4,10.082500000000008,10.119969276124852,10.303000000000003,10.168489758708288,10.181162240807263,10.113489202788038
002,2014-10-03 19:52:02,11.2,4,7.791000000000004,7.904618083097847,7.9830000000000005,7.892872694365951,7.889925744632784,7.829996328863259
002,2014-10-04 07:27:02,13.9,4,11.018000000000002,11.059267222437732,11.0145,11.03058907414591,11.0231613522978,11.017241573571605
002,2014-10-04 07:32:02,14.0,4,10.671000000000003,10.53174760644071,10.513,10.571915868813571,10.58223944013511,10.533956631973705
002,2014-10-04 07:42:02,14.2,4,10.721500000000002,9.954235528188956,10.898,10.524578509396319,10.672351535987172,10.359901300738407
002,2014-10-04 07:52:02,13.7,4,10.21400000000001,10.056034701322304,10.1445,10.138178233774104,10.159414527900017,10.108457816735516
002,2014-10-04 08:22:02,7.0,4,10.133500000000003,10.677955399734662,10.291500000000001,10.367651799911556,10.287378624421402,10.192206696049801
002,2014-10-04 08:32:02,5.2,4,8.319499999999998,8.28189618026935,8.3515,8.317632060089784,8.326901348379455,8.304471045570338
002,2014-10-04 08:52:02,2.8,4,8.543499999999995,8.549610798986112,8.607000000000001,8.566703599662036,8.571160889716714,8.55173024880365
002,2014-10-04 09:07:02,2.2,4,8.751000000000005,9.106590062306234,8.909500000000001,8.92236335410208,8.87473712950392,8.801484321329456
002,2014-10-04 10:22:02,4.3,4,8.537000000000003,9.245329189093361,8.194,8.658776396364454,8.506724063366109,8.315506634897847
002,2014-10-04 10:37:02,8.4,4,8.89350000000001,8.771000064792558,8.999,8.887833354930857,8.918138385391803,8.844685771511694
002,2014-10-04 10:52:02,12.0,4,7.937500000000003,8.521614940250311,7.995000000000001,8.151371646750105,8.055528087933695,7.975892759023749
002,2014-10-04 12:07:02,14.0,4,9.428999999999998,9.966301023738746,9.555,9.65010034124625,9.56828441953709,9.480365844496701
002,2014-10-04 12:32:02,12.9,4,8.496,8.115858402644044,8.577499999999999,8.396452800881349,8.469150789049467,8.316159816703708
002,2014-10-04 12:42:03,13.2,4,8.698000000000002,8.375071828922193,8.853,8.642023942974065,8.711225510316524,8.555118792962093
002,2014-10-04 12:47:03,13.5,4,8.754000000000007,8.288195575229375,8.885500000000002,8.64256519174313,8.734391334717497,8.537282439474513
002,2014-10-04 13:02:03,14.9,4,9.519500000000011,8.274815163575873,9.612499999999999,9.135605054525294,9.358546151882068,8.910603669336584
002,2014-10-04 13:07:03,15.2,4,10.464500000000005,9.823529465645878,10.513499999999999,10.267176488548628,10.382079797047076,10.15106682332279
002,2014-10-04 13:12:03,15.4,4,8.882500000000007,9.554585420746792,8.722,9.053028473582266,8.923074965663275,8.793884431354432
002,2014-10-04 13:32:03,14.2,4,8.513000000000005,8.491558720485719,8.8365,8.61368624016191,8.645469395550176,8.539637772309192
002,2014-10-04 14:42:03,7.7,4,9.452000000000004,8.966332731215713,9.3985,9.272277577071906,9.351473482364705,9.189516774240943
002,2014-10-04 14:52:03,7.5,4,8.905000000000005,8.320666664620575,8.7925,8.672722221540193,8.76382914520232,8.570559372451651
002,2014-10-04 15:12:03,7.3,4,10.44700000000001,10.079662386816947,10.5725,10.36638746227232,10.440694586430526,10.278608664743436
002,2014-10-04 16:32:03,6.1,4,11.034,9.616407041550401,10.674499999999998,10.4416356805168,10.655145887330567,10.18913215447563
002,2014-10-04 18:07:03,8.9,4,11.409500000000005,10.45605152634007,11.0295,10.965017175446691,11.096623271194936,10.787754285680666
002,2014-10-04 18:42:03,10.9,4,9.791500000000006,10.240785133396297,9.898000000000001,9.9767617111321,9.908447124980794,9.834701865356442
002,2014-10-04 19:37:03,9.2,4,11.952500000000002,10.639088357294863,11.984499999999999,11.525362785764955,11.754872918402324,11.30235487483089
002,2014-10-04 20:02:03,7.6,4,8.795499999999999,8.073659631990434,8.9815,8.616886543996811,8.75764273188013,8.457609800112571
003,2014-10-01 08:53:15,7.7,4,9.634499999999997,9.027445838033122,9.351500000000001,9.337815279344374,9.418044023373543,9.222744988021553
003,2014-10-01 09:03:15,7.4,4,8.734500000000008,10.543489403616602,8.558,9.278663134538869,8.951058651809117,8.684251311132154
003,2014-10-01 09:28:15,7.0,4,8.928000000000003,7.96881403629096,9.035,8.643938012096987,8.81880914094112,8.462843987936594
003,2014-10-01 09:53:15,8.2,4,9.858500000000006,8.877699682159063,9.806999999999999,9.514399894053023,9.679243507930963,9.350306390475733
003,2014-10-01 10:13:15,10.0,4,8.2725,8.17268864345908,8.279000000000002,8.241396214486363,8.259190743195532,8.223562108755626
003,2014-10-01 10:18:15,10.3,4,8.375500000000006,7.621274982014571,8.2585,8.085091660671525,8.205136110276673,7.954742726906819
003,2014-10-01 10:33:15,10.7,4,8.094500000000002,7.466358287262213,8.1755,7.912119429087404,8.027585912530766,7.791143990266402
003,2014-10-01 10:43:15,10.8,4,8.508000000000001,7.015078054574784,8.569,8.030692684858261,8.293708796695224,7.771836744381012
003,2014-10-01 11:03:15,10.8,4,7.792500000000002,7.06487184315167,8.125,7.660790614383891,7.815263035828478,7.468625441843147
003,2014-10-01 11:28:15,10.1,4,8.821500000000002,7.583925099248325,9.081499999999998,8.495641699749441,8.73185204067065,8.235404401918315
003,2014-10-01 11:33:15,9.9,4,8.132500000000007,7.925725306912952,8.324499999999999,8.12757510230432,8.179937090390133,8.051709201211153
003,2014-10-01 11:38:15,9.7,4,7.638000000000001,7.244260509684561,7.687,7.523086836561521,7.595311010391321,7.447642126005663
003,2014-10-01 11:43:15,9.4,4,8.007500000000004,8.0120316630998,8.0365,8.018677221033268,8.020412304007223,8.011516903675805
003,2014-10-01 11:53:15,8.9,4,7.5275,7.950973990618967,7.690000000000001,7.722824663539655,7.663826959836388,7.581857299314078
003,2014-10-01 12:13:15,8.5,4,8.454000000000011,7.648376826005615,8.469500000000004,8.190625608668542,8.331044657393686,8.054736488694449
003,2014-10-01 12:28:15,8.4,4,7.951499999999999,7.739194142634187,7.566500000000001,7.752398047544729,7.755627743450079,7.6363723351462856
003,2014-10-01 12:48:15,8.5,4,8.023500000000002,7.865633916363014,7.930499999999999,7.939877972121004,7.959057195170104,7.908909934609965
003,2014-10-01 12:53:15,8.5,4,8.036000000000001,7.682209020719018,8.122000000000002,7.946736340239674,8.015276087151378,7.869796564641545
003,2014-10-01 14:08:15,5.3,4,8.298000000000009,7.9874601098522335,7.965,8.08348670328408,8.108188315081627,8.0066430969937
003,2014-10-01 14:13:15,5.4,4,7.193500000000006,7.1973583373595575,7.172999999999999,7.187952779119854,7.185507194586334,7.178564609330808
003,2014-10-01 15:38:15,4.8,4,5.113999999999995,5.600380818662423,5.161499999999998,5.291960272887472,5.212120351822804,5.145885655213258
003,2014-10-01 15:53:15,4.9,4,5.312999999999995,4.57974675931758,5.241499999999999,5.044748919772524,5.165122720322571,4.920296659286148
003,2014-10-01 16:03:15,5.0,4,5.998499999999998,6.545788275003042,6.108,6.217429425001014,6.132457117751447,6.046684069947683
003,2014-10-01 17:08:15,5.7,4,8.283999999999999,8.09686173869757,8.2915,8.224120579565856,8.257077030637191,8.19170480968025
003,2014-10-01 18:03:15,5.7,4,5.922500000000005,5.949606965012684,5.852500000000001,5.908202321670896,5.897446457693899,5.8721157478080634
003,2014-10-01 18:33:15,5.6,4,8.723000000000004,8.045812680078663,8.4805,8.416437560026223,8.51228893656183,8.29200993427462
003,2014-10-01 19:08:15,5.4,4,8.503999999999998,7.976704178490961,8.6515,8.37740139283032,8.481231603827,8.25851649871993
003,2014-10-01 19:28:15,5.1,4,7.591500000000002,7.582136417817373,7.791,7.654878805939124,7.67381304764657,7.60984842627761
003,2014-10-01 19:33:15,5.1,4,9.607000000000003,9.963756573151727,8.965499999999997,9.512085524383908,9.394813033817433,9.150043963491795
003,2014-10-01 19:53:15,4.8,4,7.634000000000001,8.71059374691497,7.6475,7.99736458230499,7.812685656020328,7.684459691194556
003,2014-10-01 20:13:15,5.2,4,8.843000000000002,8.044025308982624,8.943999999999999,8.610341769660875,8.757035023392092,8.456907527238734
003,2014-10-01 20:18:15,5.3,4,8.060000000000006,9.037005637020085,8.4325,8.509835212340029,8.373511431956398,8.184880398183923
003,2014-10-01 20:48:15,6.2,4,8.739500000000005,6.255848231440188,8.9265,7.973949410480064,8.41893133782915,7.524669133874234
003,2014-10-01 21:03:16,6.7,4,9.107500000000003,8.552487126725108,9.216499999999998,8.958829042241703,9.06410197200226,8.843778057321593
004,2014-10-01 08:24:56,11.8,4,9.211500000000003,9.320317216229974,9.6365,9.389439072076657,9.40754671404887,9.276657825194379
004,2014-10-01 09:39:56,14.2,4,11.746000000000004,11.769237320034659,11.745,11.753412440011553,11.74931420921794,11.74628829842635
004,2014-10-01 10:14:56,12.9,4,11.448500000000001,10.661804672097297,11.219000000000001,11.109768224032434,11.22565228783245,10.968027747839791
004,2014-10-01 11:24:56,9.7,4,10.130999999999995,10.227663134118917,10.109000000000002,10.155887711372971,10.137291160910419,10.119053576245697
004,2014-10-01 11:54:56,8.4,4,9.207500000000005,8.442143507118827,9.290499999999998,8.980047835706277,9.119375118818404,8.836067099572531
004,2014-10-01 12:09:56,8.2,4,8.994000000000009,9.727198453169725,9.2185,9.313232817723245,9.206149810829112,9.075632736679136
004,2014-10-01 12:14:56,8.0,4,10.856000000000009,8.908254425612181,10.8335,10.199251475204063,10.533534816277728,9.877673035693654
004,2014-10-01 12:44:56,7.0,4,8.2625,9.982349161450703,8.3115,8.852116387150234,8.559474833645492,8.34913170084795
004,2014-10-01 12:54:56,7.2,4,11.136000000000001,10.912182342672116,11.0435,11.030560780890704,11.061168531006496,10.988771816153143
004,2014-10-01 12:59:56,7.4,4,9.667500000000002,9.303818080040003,9.644,9.538439360013335,9.599181295877493,9.477356440854512
004,2014-10-01 13:44:56,10.9,4,9.4715,9.95241090058261,9.384,9.60263696686087,9.512022484101976,9.42824111659974
004,2014-10-01 14:29:56,7.0,4,9.573000000000004,9.10753389979051,9.360999999999999,9.347177966596838,9.40912780420577,9.259215015371264
004,2014-10-01 14:49:56,6.0,4,7.7650000000000015,8.966553903119745,7.810499999999999,8.180684634373248,7.977211814231385,7.82799776272497
004,2014-10-01 14:54:56,5.8,4,11.751499999999997,11.334323126381438,11.802,11.629274375460477,11.705674719772299,11.549647652578962
004,2014-10-01 16:09:56,4.1,4,8.536000000000008,10.080422538473648,8.427499999999998,9.014640846157885,8.738610971514976,8.524185862554049
004,2014-10-01 16:49:56,4.6,4,5.696999999999998,8.074941516428458,5.824,6.5319805054761515,6.132504305290546,5.829788643903244
004,2014-10-01 16:54:56,4.4,4,6.748999999999999,7.518561735711767,7.0415,7.103020578570589,6.995563047125675,6.8471655690866555
004,2014-10-01 17:09:56,3.9,4,9.133000000000006,6.211749133831269,9.187999999999999,8.177583044610424,8.68664865882988,7.6851012726157695
004,2014-10-01 17:59:56,2.9,4,10.87500000000001,13.730503267059454,10.488500000000002,11.69800108901982,11.171509159478171,10.716179828314438
004,2014-10-01 19:54:56,6.8,4,10.940000000000005,10.25010389399129,11.045,10.745034631330432,10.873245032433081,10.608669822944442
004,2014-10-02 07:54:56,9.0,4,10.571500000000004,9.699257743276421,10.630499999999998,10.300419247758809,10.456114717656167,10.14408968038595
004,2014-10-02 07:59:56,8.7,4,9.791500000000006,10.438856852802372,9.9855,10.07195228426746,9.977040401145498,9.86264975995196
004,2014-10-02 08:00:00,8.8,4,10.834500000000006,10.942443185686098,10.812000000000001,10.862981061895368,10.842393849519066,10.822682787120549
004,2014-10-02 08:54:56,10.2,4,9.475000000000003,9.235286302910753,9.375,9.361762100970251,9.39446291538261,9.316955145420302
004,2014-10-02 09:39:56,16.4,4,9.247000000000007,9.708531948973752,9.273000000000001,9.40951064965792,9.332094021241131,9.273069329632417
004,2014-10-02 09:44:56,16.9,4,8.907500000000004,9.22463147914325,8.771,8.967710493047752,8.901115513330714,8.820909596093806
004,2014-10-02 11:04:56,13.5,4,10.058499999999999,9.911576492659407,9.966000000000001,9.978692164219803,9.996025789335233,9.949550871362518
004,2014-10-02 11:34:56,10.7,4,10.997500000000011,10.480705471450225,11.008,10.828735157150078,10.918860107344685,10.741443012395193
004,2014-10-02 11:44:56,10.0,4,10.385500000000004,10.37361951576007,10.378499999999999,10.379206505253359,10.380649773113017,10.376875891719134
004,2014-10-02 11:54:56,9.4,4,8.360000000000008,9.160526633498685,8.456000000000001,8.658842211166231,8.528981852744282,8.416392382754845
004,2014-10-02 12:04:56,8.9,4,10.423500000000006,9.11883390537524,10.643000000000002,10.061777968458415,10.306054516655578,9.799334250815608
004,2014-10-02 12:14:56,8.3,4,9.674000000000005,10.043535684088875,9.465500000000002,9.72767856136296,9.645787079790514,9.536667660561685
004,2014-10-02 12:24:56,7.5,4,9.101500000000003,8.388826660798715,9.097000000000001,8.86244222026624,8.985079352209697,8.744978546899839
004,2014-10-02 12:54:56,5.8,4,8.715500000000006,8.028520623565454,8.697000000000001,8.480340207855155,8.597326542842296,8.36634973303489
004,2014-10-02 13:59:56,6.1,4,9.565000000000003,9.141331023047297,9.3575,9.354610341015766,9.40973542969981,9.273764277959657
004,2014-10-02 14:04:56,6.2,4,8.620000000000006,8.543382013229003,8.677,8.613460671076338,8.63163507104257,8.588432639304107
004,2014-10-02 14:14:56,6.7,4,8.309000000000006,8.823259738927744,8.2665,8.46625324630925,8.373788077435291,8.300371014810825
004,2014-10-02 14:19:56,6.9,4,9.573500000000006,12.135246548576387,9.670499999999999,10.459748849525463,10.02593847114474,9.70781139642317
004,2014-10-02 14:54:56,7.3,4,9.289500000000011,9.263150075726795,9.535,9.36255002524227,9.38840967576052,9.304697879656459
004,2014-10-02 16:04:56,5.3,4,10.029500000000002,10.72951411551259,10.209000000000001,10.322671371837531,10.217410653544537,10.099789528351483
004,2014-10-02 16:14:56,5.1,4,9.133000000000004,7.814206521713692,9.119,8.6887355072379,8.915181616963054,8.471065276740287
004,2014-10-02 16:19:56,5.1,4,10.355500000000005,9.964771366427444,10.459000000000001,10.259757122142483,10.336192469491538,10.172926848939236
004,2014-10-02 16:24:56,5.2,4,8.714000000000006,9.732649422079048,8.683,9.043216474026352,8.864677519887415,8.736096976847946
004,2014-10-02 16:39:56,6.3,4,8.919000000000002,8.813589326401829,9.0245,8.919029775467276,8.946384711612819,8.878693060931456
004,2014-10-02 16:54:56,7.9,4,9.163000000000002,9.054650348938829,9.113000000000001,9.110216782979611,9.124580719461756,9.08970602731752
004,2014-10-02 17:04:56,8.8,4,9.106000000000007,8.182494232384252,8.927500000000002,8.738664744128087,8.882593306588147,8.577164487269116
004,2014-10-02 17:24:56,10.7,4,9.139500000000009,9.45878964533677,9.37,9.322763215112259,9.287653518930565,9.204189613056077
004,2014-10-02 17:29:56,11.1,4,9.987500000000006,9.800829267743676,9.982000000000001,9.923443089247895,9.955190351952007,9.892443375183525
004,2014-10-02 18:19:56,14.4,4,9.714000000000004,9.302717018063014,9.5635,9.526739006021005,9.584673867063566,9.450995936735183
004,2014-10-02 18:29:56,14.0,4,7.891000000000002,8.614761886284983,8.031500000000001,8.17908729542833,8.066341595562267,7.95377521464809
004,2014-10-02 18:34:56,13.5,4,8.02850000000001,7.7077980405159705,7.806000000000003,7.847432680171994,7.883480631014792,7.782716025730959
004,2014-10-02 18:39:56,13.0,4,9.783000000000001,9.506954067577688,9.658,9.649318022525897,9.686120664848088,9.59719046671055
004,2014-10-02 18:49:56,11.7,4,8.283500000000002,7.945483713176276,8.535000000000002,8.254661237725427,8.334844234696861,8.144237736745248
004,2014-10-02 19:14:56,10.3,4,9.876500000000012,8.642042835877364,9.586999999999998,9.36851427862579,9.556486448406453,9.149898145042812
004,2014-10-02 19:19:56,10.3,4,10.607499999999998,10.072790683134643,10.530999999999999,10.403763561044881,10.489428982923505,10.311699197088291
004,2014-10-03 08:14:57,7.7,4,8.586500000000003,8.862763105347296,8.6485,8.699254368449099,8.65694545056549,8.612299227676381
004,2014-10-03 08:44:57,4.8,4,11.144999999999992,10.507238672189251,11.412499999999998,11.021579557396413,11.154896001622127,10.858365576876015
004,2014-10-03 09:04:57,3.4,4,11.922000000000002,12.572702000175717,12.3175,12.270734000058575,12.192736081422439,12.037534288508581
004,2014-10-03 10:09:57,15.5,4,10.492500000000007,14.384475514478035,10.299000000000001,11.72532517149268,11.036662129471987,10.521619495636717
004,2014-10-03 10:14:57,16.4,4,10.804000000000007,10.61116877387857,10.808500000000002,10.741222924626193,10.77490172556549,10.708524755461514
004,2014-10-03 10:49:57,20.3,4,8.602500000000003,8.548053075565718,8.4685,8.539684358521908,8.537451432142129,8.495698729166516
004,2014-10-03 11:09:57,16.8,4,9.78900000000001,10.707110157252622,9.901499999999999,10.132536719084209,9.983810389309918,9.854202178095978
004,2014-10-03 11:14:57,15.6,4,10.16450000000001,9.707688224045384,9.917,9.929729408015133,9.987103645123462,9.841280578339164
004,2014-10-03 11:24:57,13.2,4,11.325000000000005,8.830930986769499,11.520500000000002,10.558810328923169,11.006328422018457,10.105963639635483
004,2014-10-03 11:29:57,12.3,4,9.065000000000001,8.64750263951093,9.2725,8.995000879836978,9.085085109561968,8.881096038660319
004,2014-10-03 12:04:57,10.0,4,10.392499999999998,10.632031893276924,10.2865,10.437010631092308,10.38645914128478,10.324960344581532
004,2014-10-03 12:14:57,9.9,4,7.8975000000000035,7.656707380154398,7.802,7.7854024600514675,7.818680154848753,7.740660072545361
004,2014-10-03 12:39:57,7.8,4,8.723000000000006,8.890230665054787,8.963500000000002,8.858910221684932,8.85091830672805,8.775541887370462
004,2014-10-03 14:44:57,6.4,4,6.310500000000002,7.290372182803639,6.3134999999999994,6.638124060934547,6.469230573022699,6.354387489121094
004,2014-10-03 14:54:57,7.1,4,7.828500000000003,8.121768662501388,7.881999999999998,7.944089554167129,7.898107139759089,7.853183384432564
004,2014-10-03 15:09:57,8.0,4,7.876,7.67545673921161,7.976500000000002,7.84265224640387,7.88599575179177,7.787757953900634
004,2014-10-04 06:54:57,10.4,4,9.800000000000006,10.12990845432843,9.601500000000001,9.843802818109479,9.769620188595207,9.668288021440516
004,2014-10-04 07:39:57,21.3,4,8.808500000000004,9.234455159716852,8.886000000000001,8.976318386572286,8.909513842394384,8.844306012038738
004,2014-10-04 07:49:57,22.2,4,8.585500000000001,8.349493898010657,8.365499999999999,8.433497966003552,8.455142009744225,8.382846682331996
004,2014-10-04 08:09:57,22.2,4,8.511499999999998,12.784188053418845,8.219999999999999,9.838562684472947,9.075670792554675,8.48520315719265
004,2014-10-04 08:19:57,22.2,4,11.373000000000006,11.087422014160314,11.525,11.328474004720107,11.390967445693233,11.248366261093162
004,2014-10-04 08:34:58,22.2,4,11.055000000000005,10.931151016435734,10.910999999999996,10.965717005478579,10.974596794216685,10.93055350127181
004,2014-10-04 08:44:58,22.2,4,9.078500000000012,9.149096295434294,9.086000000000002,9.104532098478103,9.092996208797889,9.083261022846642
004,2014-10-04 08:54:58,22.2,4,9.569500000000001,9.678006671108298,9.6025,9.616668890369432,9.600802143771325,9.58153173380978
004,2014-10-04 09:34:58,22.2,4,9.405000000000003,9.534687778091298,9.543,9.494229259363767,9.483820691342679,9.440151547977262
004,2014-10-04 10:14:58,22.2,4,8.308500000000006,9.501239996283887,8.445,8.751579998761299,8.557528067073385,8.391086898872993
004,2014-10-04 10:34:58,22.2,4,8.719999999999994,8.678046202349519,8.3005,8.566182067449837,8.537009324654052,8.404675407413077
004,2014-10-04 11:49:58,21.8,4,10.869500000000006,10.00322914736499,10.712,10.528243049121665,10.664114160095986,10.377286359823543
004,2014-10-04 12:54:58,22.2,4,8.926000000000007,8.781955222513576,8.979000000000001,8.895651740837861,8.925118704912286,8.860405228288379
004,2014-10-04 13:04:58,22.2,4,8.832500000000005,7.912888631831088,8.669500000000001,8.471629543943697,8.61623131670527,8.311603506325676
004,2014-10-04 13:09:58,22.2,4,10.466500000000005,9.787696163874324,10.4235,10.225898721291443,10.339346974829915,10.111935248141775
004,2014-10-04 13:19:58,22.2,4,10.274500000000005,10.3085650865865,10.296499999999998,10.293188362195501,10.289217490519894,10.280832685152298
004,2014-10-04 13:44:58,16.4,4,12.028999999999996,12.01157049974472,12.072500000000002,12.037690166581575,12.044475061849905,12.025340499809953
004,2014-10-04 14:34:58,12.6,4,10.167000000000009,10.457115484352267,10.168000000000001,10.26403849478409,10.214043087825907,10.180018519630341
004,2014-10-04 15:14:58,9.7,4,13.197000000000003,12.928960097136226,12.853499999999999,12.993153365712075,13.009606802450584,12.904199219936684
004,2014-10-04 15:44:58,9.5,4,8.3885,11.06184083527641,8.5555,9.33528027842547,8.8882819691655,8.54310226022237
004,2014-10-04 16:14:58,11.8,4,11.400000000000007,11.930161231544497,11.318,11.549387077181501,11.450748015234518,11.362966610275542
005,2014-10-01 11:35:12,9.2,4,11.060500000000005,10.406042352900192,10.728499999999999,10.731680784300066,10.815839223163044,10.606178044116055
005,2014-10-01 11:40:00,8.3,4,8.390999999999998,8.66864554080609,8.4565,8.505381846935363,8.46313810264054,8.417628600142228
005,2014-10-01 12:10:12,7.5,4,8.910500000000006,8.566516684453118,8.800500000000001,8.759172228151042,8.80900489361099,8.696676993596608
005,2014-10-01 13:40:12,4.6,4,9.653500000000001,7.6946321911796876,9.567,8.971710730393228,9.30235849514857,8.644860669836884
005,2014-10-01 14:00:12,5.2,4,10.197,10.17448962100514,10.049000000000001,10.140163207001713,10.131201835720544,10.084611675028786
005,2014-10-01 14:05:12,5.4,4,8.331500000000002,7.889751970469715,8.3595,8.193583990156572,8.272272879675736,8.114820679138457
005,2014-10-01 15:05:12,8.4,4,8.187499999999998,8.382078726404135,8.154000000000002,8.241192908801379,8.204695062068451,8.171399425917581
005,2014-10-01 15:15:12,8.5,4,8.435000000000004,7.683933024460291,8.607,8.241977674820099,8.386563923723065,8.080945638987053
005,2014-10-01 15:30:12,8.8,4,8.916000000000006,7.416624047225729,9.0505,8.461041349075245,8.731551856326265,8.1851011221913
005,2014-10-01 16:05:12,10.0,4,9.09500000000001,9.212399238409342,8.909999999999998,9.072466412803116,9.036140821961475,8.963860379911164
005,2014-10-01 16:25:12,11.9,4,9.625500000000004,9.176032639239034,9.513,9.438177546413014,9.506002753511833,9.358197666966117
005,2014-10-01 16:55:12,13.8,4,8.933500000000002,7.210969864217562,8.740499999999999,8.294989954739187,8.575594240211618,8.001285023559642
005,2014-10-01 17:25:12,13.0,4,10.403000000000006,8.820008423514174,10.637,9.953336141171393,10.246918300186525,9.641952061389517
005,2014-10-01 17:30:12,12.8,4,8.640999999999998,8.892810887807505,8.565999999999999,8.699936962602502,8.649956757471923,8.596844682423649
005,2014-10-01 18:10:12,10.2,4,8.712000000000002,9.32794251621572,8.748,8.929314172071907,8.82610993372457,8.747076819714898
005,2014-10-01 18:30:00,6.3,4,7.558000000000004,8.321184704490724,7.616499999999999,7.831894901496909,7.7052255964801635,7.604512291236508
005,2014-10-01 19:15:12,5.7,4,10.129000000000005,9.813753331552695,9.8795,9.940751110517567,9.973513557287092,9.875479565176658
005,2014-10-01 19:20:12,5.7,4,8.957500000000003,8.83086041329483,9.004,8.93078680443161,8.956684896043472,8.899820100626524
005,2014-10-01 19:40:00,4.8,4,8.996500000000001,8.791753760684028,9.1335,8.97391792022801,9.021155402909812,8.910375453679094
005,2014-10-01 20:25:12,6.5,4,8.340500000000006,8.357091563543726,8.372,8.356530521181243,8.35640073641526,8.34659394609839
005,2014-10-01 21:10:12,9.5,4,8.779000000000007,7.439455560810492,8.4345,8.217651853603499,8.418990750074329,7.97879264183978
005,2014-10-01 21:45:12,11.5,4,9.3425,8.448612597261496,9.2095,9.000204199087165,9.142969464685939,8.846022819959542
005,2014-10-01 21:50:12,11.9,4,9.793500000000002,9.123532194095738,9.575000000000001,9.49734406469858,9.594032493842553,9.37539474792554
005,2014-10-01 21:55:12,12.2,4,9.556000000000008,9.171844932244447,9.466,9.39794831074815,9.45645188954387,9.329921255815265
005,2014-10-01 22:25:12,13.1,4,8.275500000000008,7.9870814504575005,8.085000000000003,8.115860483485838,8.149113192055829,8.058174964704131
005,2014-10-02 10:15:12,7.4,4,11.342500000000012,10.465968176999054,11.171000000000001,10.993156058999688,11.129583220701967,10.839758643757811
005,2014-10-02 10:40:12,6.9,4,8.234999999999998,8.66850070993978,8.3995,8.434333569979925,8.373778580571553,8.290238723028594
005,2014-10-02 12:45:12,9.2,4,9.936000000000002,12.275577482850984,10.5825,10.931359160950327,10.583601465274432,10.181146248504984
005,2014-10-02 13:00:12,9.8,4,9.641500000000002,10.024730983554768,9.301,9.655743661184923,9.560029572704671,9.407506473372083
005,2014-10-02 13:10:12,9.9,4,9.255000000000003,9.71905562047619,9.255500000000001,9.409851873492064,9.329786031382087,9.275582441478104
005,2014-10-02 13:40:12,10.3,4,9.759500000000008,10.136970596535512,9.5085,9.80165686551184,9.714706331637451,9.591201218767797
005,2014-10-02 13:45:12,10.4,4,9.3665,9.031436912084176,9.746500000000001,9.381478970694726,9.47230674716682,9.24352870428223
005,2014-10-02 14:35:12,11.2,4,9.022500000000006,8.997285382734818,9.022499999999997,9.014095127578274,9.01844789019376,9.009947787295438
005,2014-10-02 14:45:12,11.3,4,8.274000000000006,8.159150502104495,8.007500000000002,8.1468835007015,8.1435759721243,8.060620870151892
005,2014-10-02 16:05:12,11.1,4,10.296500000000002,9.03803936627219,9.927000000000001,9.753846455424066,9.939017819875337,9.526979420214762
005,2014-10-02 16:15:12,11.4,4,9.877500000000001,10.024763585426028,9.632499999999999,9.844921195142009,9.798231798649564,9.703466364172943
005,2014-10-02 17:15:12,12.8,4,12.036500000000007,10.749271255359666,11.71,11.498590418453224,11.692460642940793,11.26930429908191
005,2014-10-02 18:20:12,8.3,4,8.726000000000003,8.83513972400941,8.891,8.817379908003138,8.812862285734507,8.761218005386336
005,2014-10-02 18:50:12,6.8,4,9.136500000000007,9.09914030295538,9.055,9.09688010098513,9.096254752550996,9.07091399735285
005,2014-10-02 19:10:12,6.8,4,9.972500000000005,10.854660394550525,10.225,10.350720131516844,10.220352613120752,10.066851538497362
005,2014-10-02 19:40:12,7.8,4,8.884000000000007,7.921665456565872,9.106,8.637221818855293,8.822619185781367,8.43054034778549
005,2014-10-02 19:50:12,8.3,4,11.611500000000001,10.123963861758407,12.158499999999998,11.297987953919469,11.602262094152712,10.93407172417432
005,2014-10-02 20:00:12,8.9,4,9.196,9.78326113818698,9.23,9.403087046062327,9.304660419954285,9.229372411213598
005,2014-10-02 20:35:12,8.1,4,9.772000000000004,8.959590518886527,9.9945,9.57536350629551,9.734922931362512,9.393232949420756
005,2014-10-02 20:50:12,7.8,4,9.6555,9.793654085052303,10.012500000000001,9.820551361684101,9.827691806868119,9.717166084407621
005,2014-10-02 21:05:12,7.9,4,9.465999999999994,8.835652112528539,9.703000000000001,9.33488403750951,9.464273123796394,9.179538315664086
005,2014-10-02 21:10:12,7.9,4,8.967,8.316117288020267,8.872499999999999,8.718539096006756,8.822696851612456,8.606398223677335
005,2014-10-02 21:20:12,8.2,4,8.769500000000003,8.862577136491536,8.792,8.808025712163847,8.793911079410977,8.778545880037198
005,2014-10-02 21:25:12,8.3,4,9.759500000000005,9.043527681188083,9.672500000000001,9.49184256039603,9.607887685799245,9.369399031140556
005,2014-10-02 21:35:12,8.7,4,9.225999999999999,8.723471004263855,9.2985,9.082657001421286,9.175701292685364,8.984195509475263
005,2014-10-02 21:40:12,8.8,4,8.586499999999997,8.063304420935088,8.544500000000001,8.398101473645028,8.484774106760625,8.30978647834755
005,2014-10-02 22:15:12,9.0,4,12.027500000000002,12.156571229105085,11.754499999999998,11.97952374303503,11.933544295238182,11.832031724266916
005,2014-10-02 22:40:12,9.0,4,8.781000000000004,7.604736332833668,8.750499999999999,8.378745444277891,8.57915453960228,8.183631296521181
005,2014-10-02 23:00:13,8.8,4,8.3425,8.218730338552977,8.046,8.202410112850991,8.198038275618238,8.105694257784712
005,2014-10-03 09:00:13,7.8,4,9.5595,8.522220902688277,9.732,9.27124030089609,9.465278334140324,9.063022642732182
005,2014-10-03 09:40:13,7.4,4,10.292500000000004,11.007650625814225,10.095000000000002,10.465050208604744,10.324450590827476,10.178520551617742
005,2014-10-03 09:45:13,7.5,4,9.738999999999999,9.20985926431795,9.817,9.58861975477265,9.686735425542278,9.48458214246223
005,2014-10-03 10:10:13,8.2,4,10.23150000000001,9.975542593772447,10.094000000000001,10.100347531257485,10.132597244140229,10.050851859871395
005,2014-10-03 10:45:13,8.4,4,8.160000000000002,8.575406145106571,8.1965,8.310635381702191,8.242092847774742,8.186339555748084
005,2014-10-03 10:50:13,8.4,4,9.023000000000007,7.850892394206957,9.166,8.67996413140232,8.89471663305948,8.456000554119113
005,2014-10-03 11:25:13,8.2,4,8.684500000000003,8.721764688114872,8.427000000000001,8.611088229371624,8.582302705691626,8.496402822474655
005,2014-10-03 12:10:13,8.5,4,7.591000000000007,8.857397778712578,7.611499999999999,8.019965926237528,7.8031290494914956,7.651370014798738
005,2014-10-03 12:25:13,8.7,4,9.444000000000008,9.120037326280691,9.417,9.327012442093567,9.380593880983552,9.272274361310041
005,2014-10-03 13:00:13,7.8,4,10.013000000000002,9.098645773499875,9.840499999999999,9.650715257833292,9.793584839790304,9.4910429689501
005,2014-10-03 13:20:13,7.4,4,6.968999999999999,6.88070994008831,6.903,6.917569980029437,6.927082160680365,6.899498103202939
005,2014-10-03 13:30:13,7.6,4,6.3045000000000035,6.162765998759684,6.405,6.290755332919896,6.323946681576122,6.245534080802814
005,2014-10-03 13:35:13,7.7,4,6.660999999999994,7.037827600610712,6.6145,6.771109200203568,6.702021516526218,6.643360505951902
005,2014-10-03 13:55:13,7.9,4,8.369000000000007,8.072192143895949,8.451,8.297397381298651,8.355752990273412,8.230702265094848
005,2014-10-03 14:10:13,7.9,4,9.347000000000008,8.254050972282956,9.257,8.952683657427654,9.133545304107384,8.768073046557188
005,2014-10-03 14:15:13,7.9,4,9.186500000000006,9.460386457687601,9.116499999999998,9.254462152562535,9.201105104570454,9.147002881758947
005,2014-10-03 14:20:13,8.1,4,8.332000000000003,7.360092495703976,8.240499999999999,7.977530831901326,8.13736704769767,7.812748645998846
005,2014-10-03 14:30:13,8.4,4,10.184500000000003,8.944968712627517,9.956,9.695156237542507,9.889299518905464,9.478986368396495
005,2014-10-03 15:30:13,10.3,4,12.056500000000002,11.55965909701411,12.453,12.023053032338035,12.143240578069141,11.854896356662376
005,2014-10-03 16:20:13,11.4,4,9.44450000000001,8.78479371406919,9.405000000000001,9.211431238023067,9.321886530722141,9.100797206563474
005,2014-10-03 16:30:13,11.2,4,8.5835,9.418841699964236,8.394,8.798780566654747,8.638126987914998,8.480717874806494
005,2014-10-03 16:55:13,10.3,4,7.489000000000003,8.095010454642097,7.374500000000001,7.652836818214034,7.538282816698014,7.431364923406575
005,2014-10-03 17:00:13,10.3,4,8.954500000000003,8.941012796777867,8.8585,8.918004265592623,8.91199915467225,8.881764437602357
005,2014-10-03 17:40:13,10.9,4,8.196500000000007,8.832393508455104,8.131,8.386631169485037,8.271171999649114,8.176289357897849
005,2014-10-03 18:05:13,11.0,4,9.516000000000009,8.763864806067593,9.8665,9.382121602022535,9.54238714763789,9.182001541429695
005,2014-10-03 18:10:13,10.9,4,9.402000000000006,9.549079238030549,9.119,9.356693079343518,9.30673687406034,9.199957591457554
005,2014-10-03 18:30:13,10.5,4,8.984500000000004,8.903545134554395,8.886000000000001,8.924681711518133,8.930106429468987,8.899932085621298
005,2014-10-03 18:35:13,10.4,4,9.409000000000006,6.960413641336594,9.4155,8.594971213778868,9.018231346582054,8.190806866380138
005,2014-10-03 18:40:13,10.2,4,9.478000000000003,9.209766962167052,9.341000000000001,9.342922320722352,9.377334561049283,9.291434426289115
005,2014-10-03 18:55:13,9.8,4,10.107000000000006,9.31737882626669,9.971499999999999,9.798626275422231,9.923175198638058,9.661460309541315
005,2014-10-03 19:00:13,9.8,4,10.063999999999997,8.373664855104748,10.0065,9.481388285034916,9.76819702490615,9.20026665856177
005,2014-10-03 19:30:13,10.0,4,9.930500000000013,8.961123739933242,10.39,9.760541246644419,9.967770667426167,9.50092744427452
005,2014-10-03 20:20:13,13.5,4,10.211500000000003,9.650578357914924,10.0295,9.963859452638308,10.04489182475052,9.861809362136029
005,2014-10-03 20:35:13,13.4,4,8.512,8.683897453775632,8.561,8.585632484591878,8.560211577463933,8.530340946992002
005,2014-10-03 21:00:13,13.9,4,10.64650000000001,11.064473188647037,10.3385,10.683157729549015,10.584267343632083,10.437987105729883
005,2014-10-03 21:45:13,13.6,4,8.932000000000002,9.64616036874372,9.047500000000003,9.208553456247909,9.095295099452766,8.988863170452776
005,2014-10-03 21:50:13,13.4,4,8.622500000000002,8.109828032917125,8.6195,8.45060934430571,8.538850740157274,8.366122891172527
005,2014-10-03 22:05:13,12.5,4,11.310500000000012,9.768646375090203,11.717999999999996,10.932382125030069,11.233923560591998,10.589942139361106
005,2014-10-03 22:10:13,12.2,4,9.546500000000004,9.256528552485445,9.5235,9.442176184161816,9.490236991695914,9.393244172876443
005,2014-10-03 22:45:13,9.1,4,10.157000000000002,9.607258149572965,10.196,9.986752716524322,10.085039289166915,9.887828452126108
005,2014-10-04 08:15:13,4.6,4,9.71050000000001,9.566992509747076,9.857500000000002,9.711664169915695,9.749198157794336,9.656014388000877
005,2014-10-04 08:20:13,5.1,4,7.680000000000008,8.231893659347213,7.820500000000001,7.910797886449075,7.827721548014788,7.735192929798204
005,2014-10-04 08:30:13,6.3,4,9.539000000000007,8.914027205156005,9.43,9.294342401718671,9.392768677422136,9.185683356122675
005,2014-10-04 08:35:13,7.0,4,9.912000000000013,8.997811702058142,9.770000000000001,9.559937234019387,9.705425758513192,9.401932669471737
005,2014-10-04 08:45:13,8.5,4,9.212500000000002,10.00254105299263,9.175999999999998,9.463680350997544,9.324128292663472,9.220458771442882
005,2014-10-04 08:55:13,9.9,4,7.921000000000008,7.1571181611472,7.985500000000001,7.687872720382404,7.8253395229713085,7.5481674674678265
005,2014-10-04 09:55:13,10.0,4,8.109500000000004,8.083520945800055,8.258000000000003,8.150340315266687,8.167715749760573,8.113694802815463
005,2014-10-04 10:10:13,8.9,4,12.789000000000005,14.462118568914821,12.703999999999999,13.318372856304942,13.02216631729524,12.800179711265745
005,2014-10-04 10:30:13,7.7,4,8.204000000000002,8.452862386762112,8.1585,8.271787462254037,8.224877032985756,8.18145194270538
005,2014-10-04 10:40:13,7.3,4,8.916000000000002,8.368027130050756,9.277500000000002,8.853842376683588,8.97981854525653,8.684905301053242
005,2014-10-04 11:20:14,5.1,4,6.790499999999996,6.353181618262939,6.8525,6.665393872754311,6.746269486581701,6.579947286285643
005,2014-10-04 11:40:14,4.6,4,6.9605,6.223826933632751,6.771999999999999,6.652108977877583,6.76291682236259,6.520801413763469
005,2014-10-04 12:10:14,5.7,4,9.167000000000002,8.90483323026047,9.331500000000002,9.134444410086825,9.193981483409807,9.055462427899508
005,2014-10-04 12:35:14,5.9,4,10.1205,8.330247063696024,10.399000000000001,9.616582354565342,9.949806612105737,9.261406766136762
005,2014-10-04 12:40:14,5.7,4,7.351,7.725577582010377,7.186,7.420859194003459,7.341873402995465,7.245943457301207
005,2014-10-04 13:30:14,3.9,4,8.007500000000004,9.842506422850393,8.305000000000001,8.718335474283466,8.42738581050063,8.153767324015263
005,2014-10-04 13:50:14,4.6,4,5.845500000000002,6.482027758010624,5.8855,6.071009252670208,5.964598638509685,5.882363128624073
005,2014-10-04 14:00:14,5.2,4,9.348000000000008,8.738412684192676,9.341000000000001,9.142470894730895,9.247095421465328,9.041828512518368
005,2014-10-04 14:15:14,6.4,4,11.178000000000008,9.440161851553722,11.158999999999999,10.592387283851243,10.890738433436844,10.305522997356277
005,2014-10-04 14:30:14,7.4,4,10.192500000000008,9.262624326593079,10.1015,9.852208108864362,10.004831834034945,9.694366277573689
005,2014-10-04 14:50:14,7.8,4,9.538000000000006,8.705473950694053,9.6485,9.297324650231353,9.450634484129134,9.136300863183296
005,2014-10-04 14:55:14,7.9,4,9.593500000000004,9.415216690305575,9.3955,9.46807223010186,9.4816614069235,9.42120281147488
005,2014-10-04 15:05:14,8.3,4,7.433500000000004,7.235709063593594,7.414499999999999,7.3612363545312,7.393731399296723,7.3276814787162
005,2014-10-04 15:10:14,8.4,4,8.2305,7.553945378473584,8.546,8.110148459491194,8.254328427024392,7.930089878609748
006,2014-10-01 22:05:06,8.0,4,8.567500000000006,8.70334275567806,8.8505,8.707114251892689,8.708230045903235,8.620288325260265
006,2014-10-01 22:20:06,7.7,4,10.045500000000008,9.40592481882748,9.8215,9.757641606275829,9.848605967286217,9.640395501042907
006,2014-10-01 22:45:06,9.5,4,8.607000000000005,8.996798310028359,8.561,8.72159943667612,8.650316041401407,8.590301162270602
006,2014-10-01 22:50:06,10.4,4,9.974500000000003,10.450917373417235,10.15,10.19180579113908,10.124797027964645,10.034046991461679
006,2014-10-01 22:55:06,11.3,4,9.091500000000002,7.840935028776287,9.367,8.76647834292543,9.006276635572629,8.50072547650811
006,2014-10-01 23:25:06,13.2,4,7.89000000000001,7.910400423385146,7.656500000000001,7.818966807795053,7.795175884334244,7.7188434388977925
006,2014-10-01 23:40:06,13.0,4,8.288000000000004,8.4420077473651,8.290999999999999,8.340335915788367,8.31401020125296,8.295452951403105
006,2014-10-02 00:00:06,12.8,4,8.396000000000008,7.98883538525216,8.181999999999999,8.188945128417389,8.240656853362598,8.110464128769165
006,2014-10-02 00:40:06,8.0,4,8.216000000000008,8.92683367922105,8.348500000000001,8.49711122640702,8.385902855148014,8.276448557117137
006,2014-10-02 00:50:06,7.9,4,8.410000000000007,8.571615321761639,8.276,8.419205107253882,8.379673670332833,8.318390860410757
006,2014-10-02 01:15:06,7.6,4,11.788499999999992,12.144311227407016,11.8215,11.918103742469002,11.859545170887978,11.81144203191398
006,2014-10-02 01:50:06,6.7,4,8.337000000000003,9.740458428594017,8.746999999999998,8.941486142864674,8.734799668196109,8.488926835400518
006,2014-10-02 01:55:06,6.8,4,8.177499999999998,8.673267289561158,8.2035,8.351422429853718,8.268095804506576,8.205079685030215
006,2014-10-02 02:05:06,7.2,4,8.217000000000006,8.15261757796173,8.139,8.169539192653911,8.173882559242648,8.149991641477207
006,2014-10-02 08:05:06,12.7,4,10.289000000000009,11.218103323521166,10.138,10.548367774507058,10.374870298868363,10.218723411683857
006,2014-10-02 08:10:06,12.9,4,9.378000000000009,8.881718046631269,9.457500000000001,9.239072682210427,9.33164619847172,9.140112740280408
006,2014-10-02 08:50:06,14.8,4,9.328500000000004,9.541432700093655,9.5025,9.457477566697884,9.43582356934351,9.376093570226876
006,2014-10-02 09:00:06,15.1,4,9.6335,9.19448370102926,9.588000000000001,9.471994567009753,9.54383163232994,9.397337267048187
006,2014-10-02 09:05:06,15.2,4,8.616500000000002,9.062172741807327,8.782,8.82022424726911,8.757654823862437,8.672495252956415
006,2014-10-02 09:30:07,14.8,4,9.968500000000008,9.310233130859135,10.215,9.831244376953048,9.966277734442754,9.669235532730958
006,2014-10-02 10:15:07,13.5,4,8.398000000000003,8.982778468793471,8.4,8.593592822931157,8.492816980704704,8.424237660641618
006,2014-10-02 10:20:07,13.1,4,8.51350000000001,8.810903840424217,8.631499999999999,8.651967946808075,8.610870677154532,8.552526030603563
006,2014-10-02 11:15:07,8.2,4,10.592499999999998,9.627808379242191,10.725000000000001,10.315102793080731,10.49313791143517,10.127544286492588
006,2014-10-02 12:10:07,5.7,4,8.087999999999997,8.082948473822537,8.181,8.117316157940843,8.126261164339555,8.096211627876409
006,2014-10-02 12:35:07,7.0,4,7.3770000000000024,7.185462525884487,7.203499999999999,7.255320841961496,7.273324815707647,7.214484815518215
006,2014-10-02 16:00:07,5.7,4,9.807999999999998,9.237318368882011,9.7835,9.609606122960669,9.705995311039581,9.514421777981841
006,2014-10-02 16:05:07,5.8,4,7.083000000000003,7.906789496604052,7.141,7.376929832201351,7.239755007226022,7.13207621467177
006,2014-10-02 16:10:07,5.8,4,8.660500000000006,8.397656252250739,8.683,8.580385417416915,8.627712887976607,8.532247545850057
006,2014-10-02 17:10:07,6.2,4,7.987000000000007,7.956329030499587,7.733500000000001,7.892276343499866,7.875565677808069,7.795664685352708
006,2014-10-02 17:35:07,5.9,4,7.734000000000002,8.53621239381566,7.9159999999999995,8.062070797938555,7.939384755157875,7.809347040050958
006,2014-10-02 18:05:07,5.7,4,7.917000000000004,8.510898017918782,8.1145,8.180799339306262,8.095419798313527,7.986559708300421
006,2014-10-02 18:30:07,5.2,4,7.232499999999999,7.639635366163007,7.041,7.304378455387668,7.217471899493399,7.109353042164999
006,2014-10-02 18:55:07,4.9,4,6.456000000000005,7.192973942760134,6.4625,6.703824647586714,6.577166150113515,6.489939967579349
006,2014-10-02 19:45:07,4.7,4,8.111500000000001,8.255422976311138,7.905500000000001,8.090807658770379,8.048080385287783,7.966056485853877
006,2014-10-02 19:55:07,4.7,4,9.289500000000004,9.50291912405101,8.9995,9.263973041350338,9.201957035454347,9.085226285671068
006,2014-10-02 20:30:07,4.3,4,6.288999999999998,8.131554735290822,6.486500000000001,6.96901824509694,6.668084915530248,6.413646509854907
006,2014-10-02 21:05:00,4.1,4,5.910499999999997,7.019099346505293,5.939500000000001,6.28969978216843,6.100841270690742,5.9657745198417125
006,2014-10-03 09:15:07,9.3,4,7.669500000000004,8.289330431732791,7.579999999999997,7.846276810577598,7.7315072394691695,7.630896090879034
006,2014-10-03 10:40:07,14.5,4,11.829000000000006,9.722554725124366,11.770500000000002,11.107351575041458,11.465905993845016,10.757733709040757
006,2014-10-03 11:35:07,9.4,4,10.172500000000008,9.761485167820489,10.389000000000001,10.107661722606833,10.197408137966441,9.992861172138845
006,2014-10-03 11:45:07,9.2,4,9.635500000000008,9.673467041831477,9.758000000000001,9.68898901394383,9.693068568094139,9.655259991746572
006,2014-10-03 11:55:07,9.7,4,6.881499999999994,6.813991322742242,6.9265,6.873997107580745,6.889557307333586,6.853083343954706
006,2014-10-03 12:25:07,10.6,4,8.950499999999998,8.678102648810961,8.896,8.84153421627032,8.88382684052083,8.79379860344898
006,2014-10-03 12:35:07,10.5,4,8.909000000000006,8.93785798494958,9.068999999999999,8.971952661649862,8.98085992836343,8.931734097518332
006,2014-10-03 12:50:07,9.9,4,9.325500000000003,8.751939269613652,9.356,9.144479756537885,9.24614029571276,9.043490692683228
006,2014-10-03 14:20:07,7.2,4,7.952000000000006,6.402856823837749,7.9785,7.444452274612584,7.714178964534534,7.18386984589232
006,2014-10-03 14:25:07,6.9,4,7.982000000000003,7.734173936986169,8.125,7.9470579789953915,8.002253105528382,7.875121697416745
006,2014-10-03 14:35:07,6.5,4,8.586500000000008,9.071806902714716,8.650500000000001,8.769602300904909,8.691380069300621,8.621960658042678
006,2014-10-03 15:40:07,5.0,4,8.0935,8.168063217263567,8.111500000000001,8.124354405754524,8.113045176362043,8.100741182246107
006,2014-10-03 16:20:07,4.6,4,7.646000000000004,7.7463548128760475,7.677000000000001,7.689784937625351,7.675151822196184,7.657233023061358
006,2014-10-03 16:22:00,3.3,4,7.430999999999998,8.256034368673982,7.348999999999998,7.678678122891327,7.529135541207771,7.406975484342215
006,2014-10-03 16:30:07,5.7,4,8.568000000000003,9.282830211569399,8.276000000000002,8.708943403856468,8.56019592074909,8.384373245700349
006,2014-10-03 17:35:07,12.0,4,7.443000000000003,8.22912279011328,7.346,7.672707596704427,7.528580172352677,7.4062059438868015
006,2014-10-03 17:55:07,11.3,4,8.762500000000006,9.063601192737746,8.804,8.876700397579251,8.828324191502839,8.784894472365272
006,2014-10-03 18:20:07,10.8,4,8.275500000000003,8.007244173994449,8.148000000000001,8.143581391331486,8.178822223650636,8.09260070293743
006,2014-10-03 18:45:07,10.0,4,9.36800000000001,9.396487343834803,9.504000000000001,9.422829114611604,9.429717017773365,9.387911033699298
006,2014-10-03 20:20:07,8.3,4,8.601500000000001,8.973526209161097,8.76,8.778342069720367,8.727878497054611,8.652709432360785
006,2014-10-03 20:30:00,7.9,4,8.673499999999997,8.823033703116767,8.771,8.755844567705589,8.738494378879627,8.701501932387064
006,2014-10-03 20:40:07,8.0,4,9.713500000000002,9.379555347199434,9.297499999999998,9.463518449066477,9.485055483277982,9.357518168472135
006,2014-10-03 21:30:07,11.5,4,10.892500000000014,10.279553207678898,11.067,10.746351069226305,10.867310847570286,10.60749226992116
006,2014-10-03 22:10:07,10.1,4,9.728000000000002,9.277002305610653,9.749999999999998,9.585000768536885,9.664765577517858,9.506024035183367
006,2014-10-03 22:45:07,8.7,4,10.477500000000004,9.946775222520213,10.529000000000002,10.317758407506739,10.413847167025,10.219237148905464
006,2014-10-04 10:35:07,10.2,4,8.823000000000006,8.520182784653906,8.792,8.711727594884637,8.7613114996613,8.660252414026822
006,2014-10-04 11:20:07,12.1,4,7.826499999999998,8.172270921241646,7.864000000000001,7.954256973747214,7.897822273103288,7.849987007216177
006,2014-10-04 12:00:07,10.8,4,7.795500000000001,7.846836225106943,7.769500000000001,7.803945408368982,7.792826351657862,7.778606460005639
006,2014-10-04 12:35:07,9.2,4,7.054499999999999,7.391089005749549,6.9215,7.122363001916516,7.052712919157021,6.971347007189078
006,2014-10-04 13:45:07,8.6,4,10.264000000000003,10.943991659661558,10.437999999999999,10.548663886553852,10.44638218198291,10.332198740456619
006,2014-10-04 14:00:07,8.5,4,6.480000000000001,6.795651387615936,6.4835,6.586383795871979,6.532197178455143,6.494693928801761
006,2014-10-04 14:40:07,6.9,4,5.966000000000001,7.330662983616815,5.934,6.410220994538939,6.1718634176446265,6.002625146421273
006,2014-10-04 14:50:07,6.6,4,5.915,6.3469458535787675,6.082999999999999,6.114981951192923,6.054999195777611,5.970938511430759
006,2014-10-04 15:35:07,3.8,4,6.900500000000001,7.540491602534313,6.951999999999998,7.130997200844771,7.024986898589883,6.940040632056642
006,2014-10-04 15:50:07,3.6,4,7.541500000000005,8.639289523085836,7.706999999999999,7.962596507695281,7.787453115125108,7.626264591414986
006,2014-10-04 17:15:08,5.0,4,6.908500000000001,7.672548794426817,6.9205000000000005,7.1671829314756055,7.036327975473118,6.944841884965106
006,2014-10-04 17:40:08,4.8,4,5.639999999999995,6.495758467538283,5.558,5.897919489179426,5.743073051104773,5.617330934814335
006,2014-10-04 18:00:08,5.0,4,8.867500000000001,9.453097723825435,9.1425,9.154365907941811,9.077146708616418,8.953707737464288
006,2014-10-04 18:15:08,5.1,4,8.5125,9.096059642225715,8.572000000000001,8.72685321407524,8.631279127779441,8.551307337462504
006,2014-10-04 18:25:08,5.1,4,6.569499999999998,6.748947960162255,6.515,6.611149320054085,6.575440546998107,6.537257866334062
006,2014-10-04 18:35:08,5.0,4,7.182500000000001,7.653412514482829,7.262,7.365970838160943,7.291578983610029,7.220728465370256
006,2014-10-04 18:55:08,4.9,4,7.465500000000009,7.846631720022808,7.152,7.488043906674272,7.395035976132246,7.251309051977001
006,2014-10-04 19:30:08,4.3,4,9.889000000000006,9.808716463673775,9.921,9.872905487891261,9.889542513429646,9.852724445820524
006,2014-10-04 20:35:08,4.3,4,8.333000000000004,8.327063916100363,8.473999999999997,8.378021305366788,8.3912857052495,8.34630746402794
006,2014-10-04 21:00:08,4.4,4,9.805000000000009,9.349128451792925,9.7795,9.64454281726431,9.721025702007699,9.568188832354467
006,2014-10-04 21:20:08,5.2,4,9.872000000000003,7.589300087035644,9.908999999999999,9.123433362345216,9.520704346432291,8.739905396687782
006,2014-10-04 21:55:08,7.2,4,10.145500000000013,9.943913026057329,10.3735,10.154304342019115,10.208895801893329,10.071443861845886
007,2014-10-01 09:00:00,5.4,4,8.152000000000008,8.328535655310871,8.251,8.24384521843696,8.221963931146867,8.181522480800478
007,2014-10-01 12:00:00,5.4,4,8.467,8.311941703159475,8.366,8.381647234386492,8.399647304365661,8.350710748822495
007,2014-10-01 12:04:59,4.5,4,8.499500000000006,8.244477065338552,8.5695,8.437825688446187,8.487926353961347,8.380619376920134
007,2014-10-01 12:14:59,5.4,4,7.981500000000002,7.534867511982274,8.258499999999998,7.924955837327424,8.026102646709413,7.791108067902468
007,2014-10-01 12:24:59,6.5,4,8.530000000000001,8.206086446307493,8.374500000000001,8.370195482102499,8.412613855551518,8.308554151794947
007,2014-10-01 12:29:59,7.2,4,8.579000000000002,8.467591193690229,8.597000000000001,8.547863731230079,8.568658581119186,8.525615102195557
007,2014-10-01 14:14:59,5.1,4,8.035000000000004,7.7629983978459,8.126,7.974666132615301,8.029520729183435,7.910089222607397
007,2014-10-01 14:24:59,5.0,4,8.37300000000001,8.33191001486238,8.2535,8.319470004954132,8.316189978301882,8.278860998895205
007,2014-10-01 14:39:59,5.1,4,7.802500000000009,7.86632827695312,7.8315,7.833442758984376,7.824941553963509,7.811682510903172
007,2014-10-01 15:29:59,6.3,4,7.608500000000003,8.054149193095341,7.657499999999999,7.773383064365114,7.700704793609427,7.638918011512058
007,2014-10-01 15:44:59,6.7,4,8.372500000000013,8.606871098162198,8.232000000000001,8.40379036605407,8.35113496577635,8.279311032972338
007,2014-10-01 16:09:59,7.4,4,7.1975000000000025,7.992057789972913,7.291999999999999,7.493852596657638,7.364892421816755,7.253299748849215
007,2014-10-01 16:19:59,7.7,4,7.551500000000005,7.7481110532424475,7.546500000000001,7.615370351080817,7.58099564103856,7.556489565693294
007,2014-10-01 17:24:59,8.4,4,8.475,9.62154415198657,8.3845,8.827014717328856,8.621232518527387,8.458896182314923
007,2014-10-01 17:29:59,8.9,4,8.862000000000002,9.126225862962471,8.9275,8.971908620987492,8.931981496112876,8.888036566222889
007,2014-10-01 17:44:59,10.0,4,8.706000000000007,8.726049072324043,8.541500000000003,8.657849690774684,8.640109042548065,8.585671205562345
007,2014-10-01 17:49:59,10.3,4,7.979000000000006,7.788197408391385,8.160499999999999,7.9758991361304625,8.0245924194061,7.904949311795729
007,2014-10-01 18:04:59,10.7,4,9.075000000000003,9.09974405426875,8.765,8.97991468475625,8.948733258745296,8.84766535696143
007,2014-10-01 18:15:00,11.0,4,9.309500000000005,8.571222083805154,9.4225,9.101074027935054,9.2383309593183,8.955007332954406
007,2014-10-01 18:19:59,10.7,4,9.131500000000006,8.575572453536196,8.985,8.897357484512067,8.980609350301107,8.798038186231983
007,2014-10-01 18:34:59,10.4,4,7.887500000000002,8.838915382538495,8.068000000000001,8.264805127512833,8.116232181153235,7.969100098649127
007,2014-10-01 18:39:59,10.2,4,8.218500000000002,8.91154966886133,8.252500000000001,8.460849889620444,8.344161143702149,8.256539467991434
007,2014-10-01 19:54:59,8.7,4,8.492500000000005,9.3106890781983,8.492,8.765063026066102,8.623776835361282,8.528227495658923
007,2014-10-01 20:24:59,8.4,4,8.163499999999999,8.258364752658016,8.280000000000001,8.233954917552673,8.227691466143298,8.19100692028142
007,2014-10-01 20:29:59,8.4,4,8.548499999999997,8.296070160671164,8.318999999999999,8.38785672022372,8.41151131169223,8.333993079883424
007,2014-10-01 20:39:59,8.3,4,8.920499999999999,8.642977243217876,9.082999999999998,8.882159081072624,8.944173423817432,8.801087314163729
007,2014-10-01 20:59:59,7.9,4,8.108000000000004,8.328174578173787,8.334,8.256724859391264,8.238334625221217,8.166722031175745
007,2014-10-01 21:14:59,7.9,4,8.610499999999996,8.762850380687148,8.781500000000001,8.718283460229047,8.706827281996196,8.652818943779824
007,2014-10-01 21:29:59,8.2,4,8.502500000000008,8.482057866223126,8.578,8.520852622074377,8.530935379591186,8.501031554013892
007,2014-10-01 21:44:59,8.6,4,8.387000000000002,8.689845862318075,8.765,8.613948620772693,8.594481493007196,8.47551490938934
007,2014-10-01 22:04:59,9.8,4,8.751499999999998,8.78314686217662,8.8625,8.799048954058874,8.803221281272691,8.76899621873283
007,2014-10-01 22:34:59,10.6,4,9.211999999999996,8.755950497042726,9.228499999999999,9.06548349901424,9.145642960704041,8.986874815291078
007,2014-10-01 23:09:59,10.8,4,8.575500000000005,7.6697253442398,8.902500000000002,8.382575114746603,8.56732327292141,8.16230710233356
007,2014-10-01 23:29:59,11.2,4,8.904000000000007,7.341116165171627,8.902999999999999,8.382705388390544,8.652416939990594,8.125585989074558
007,2014-10-01 23:34:59,11.3,4,8.426500000000006,8.461167459851525,8.505500000000001,8.464389153283845,8.465262243409013,8.440753439437255
007,2014-10-01 23:39:59,11.4,4,8.236000000000002,7.624898935700812,8.286,8.048966311900271,8.158800103449058,7.937551628330477
007,2014-10-02 08:29:59,9.9,4,7.449000000000004,7.517722126460884,7.3534999999999995,7.440074042153629,7.419920657569638,7.381661774575126
007,2014-10-02 09:19:59,12.7,4,7.466500000000004,7.267025650011537,7.427500000000001,7.387008550003848,7.418058077679073,7.352101090441586
007,2014-10-02 09:44:59,10.5,4,8.487000000000004,8.40240224072134,8.623000000000001,8.50413408024045,8.5305436998742,8.460571822660942
007,2014-10-02 10:24:59,8.2,4,6.828500000000004,7.982575348495521,6.833499999999999,7.214858449498507,7.016066135314366,6.880511860553221
007,2014-10-02 10:34:59,7.5,4,8.803000000000004,7.970083716959001,9.034,8.602361238986335,8.766198575358176,8.415004723032206
007,2014-10-02 10:44:59,6.9,4,7.1389999999999985,7.7191035530659615,7.1160000000000005,7.32470118435532,7.222562213111679,7.147644585923146
007,2014-10-02 10:59:59,6.1,4,6.320500000000002,7.465048519137812,6.325499999999998,6.703682839712603,6.506535128190332,6.372091566848017
007,2014-10-02 11:04:59,5.8,4,9.581000000000005,7.9264457401142225,9.823,9.110148580038077,9.416778949678909,8.785249786829395
007,2014-10-02 11:24:59,5.2,4,7.4759999999999955,7.897936877807878,7.664999999999999,7.679645625935957,7.623213633853525,7.536107249549852
007,2014-10-02 11:29:59,5.1,4,8.135500000000004,7.565907878632818,8.259,7.986802626210941,8.09585103899692,7.866192678450903
007,2014-10-02 12:04:59,5.4,4,9.689000000000009,8.465309859985863,9.201,9.118436619995292,9.287319080051194,8.890915208539798
007,2014-10-02 12:09:59,5.5,4,8.395500000000009,10.075098519818274,8.396999999999998,8.95586617327276,8.666049738831399,8.469927903896945
007,2014-10-02 12:19:59,5.4,4,7.3024999999999975,7.297175500797026,7.305499999999999,7.30172516693234,7.302904745814994,7.300195396235861
007,2014-10-02 12:29:59,5.2,4,8.382000000000007,8.536431301564694,8.278500000000001,8.398977100521568,8.363333417074672,8.312548121872315
007,2014-10-02 12:59:59,5.7,4,7.208999999999999,8.181087811367702,7.084500000000002,7.4915292704559,7.312911807429168,7.1601465139299
007,2014-10-02 13:34:59,6.3,4,8.207000000000004,8.291664258613064,8.357999999999999,8.285554752871022,8.284047008882665,8.236973134954102
007,2014-10-02 13:39:59,6.3,4,6.766500000000003,6.932057393622452,6.754000000000001,6.817519131207486,6.787854123278126,6.764593133955288
007,2014-10-02 14:34:59,5.6,4,8.331500000000007,8.862364206780072,8.205000000000002,8.466288068926692,8.363664781222068,8.261707400300994
007,2014-10-02 14:44:59,5.5,4,8.024999999999999,7.635374246864038,8.015999999999998,7.892124748954679,7.9586040195976455,7.827554424498281
007,2014-10-02 15:04:59,5.9,4,7.49,7.608166755548437,7.5075,7.535222251849479,7.516342404158935,7.4990550639102445
007,2014-10-02 15:19:59,6.9,4,7.773999999999996,7.321766992497974,7.67,7.588588997499323,7.65762948614981,7.508611389698816
007,2014-10-02 15:29:59,7.7,4,8.218999999999994,7.838160900346166,8.104,8.053720300115387,8.109481295269214,7.984894044370364
007,2014-10-02 15:39:59,8.4,4,7.6875000000000036,7.605797159736051,7.820499999999999,7.70459905324535,7.7302485088820125,7.662166945155343
007,2014-10-02 15:44:59,8.8,4,9.208000000000009,8.278160755562187,8.9795,8.821886918520732,8.962568514043989,8.656655688316928
007,2014-10-02 16:04:59,9.5,4,6.887000000000003,7.609294516015661,6.7485,7.081598172005221,6.944886875729807,6.8168103952750485
007,2014-10-02 16:09:59,9.4,4,7.786000000000001,8.613139602117903,7.9615,8.120213200705969,7.992659770545206,7.861019751544084
007,2014-10-02 16:24:59,8.9,4,8.851,8.050612553358864,8.775,8.558870851119622,8.690443304239835,8.423134218871459
007,2014-10-02 16:29:59,8.7,4,9.473500000000007,10.539990933944477,9.471499999999999,9.828330311314827,9.644049924103351,9.51907650305695
007,2014-10-02 16:54:59,7.8,4,11.487500000000002,12.104329343992791,11.536,11.709276447997597,11.607004194315696,11.525360171504586
007,2014-10-02 17:14:59,6.7,4,8.060500000000006,7.203585421483689,7.9,7.721361807161233,7.85535733982754,7.571782698704521
007,2014-10-02 17:19:59,6.4,4,8.281000000000002,8.12023871902154,8.323500000000001,8.241579573007181,8.273020818487378,8.20587246356854
007,2014-10-03 07:00:00,8.6,4,8.023500000000004,7.751118608277137,8.046999999999999,7.9405395360923805,7.989600282341442,7.890614901496646
007,2014-10-03 07:10:00,9.0,4,8.435000000000004,7.858119883293539,8.466,8.253039961097848,8.355316924151548,8.15139592120858
007,2014-10-03 07:25:00,9.8,4,8.326000000000008,8.479191745536909,8.543,8.449397248512305,8.441788908034008,8.373749241208369
007,2014-10-03 07:40:00,10.1,4,9.019000000000007,8.310561509660685,9.038499999999999,8.789353836553564,8.91334325949946,8.66857782283618
007,2014-10-03 08:35:00,5.7,4,7.010500000000004,8.048954350835563,7.041000000000001,7.36681811694519,7.190198842972503,7.063009250893037
007,2014-10-03 08:45:00,5.4,4,8.517499999999995,8.165373098617755,8.363000000000001,8.348624366205916,8.39599997484758,8.282396244334418
007,2014-10-03 09:00:00,5.7,4,8.468500000000004,7.579158309904732,8.5605,8.202719436634913,8.364231358616392,8.03638345256272
007,2014-10-03 09:20:00,5.7,4,8.941499999999998,8.535716376944416,9.2265,8.901238792314805,8.996028370625188,8.772365939421535
007,2014-10-03 10:10:00,8.8,4,8.554499999999996,8.568796637883015,8.4675,8.530265545961003,8.520245406104733,8.491023994467412
007,2014-10-03 10:35:00,8.6,4,8.498000000000006,8.175688301444538,8.449499999999999,8.374396100481514,8.425826202439357,8.31877320451527
007,2014-10-03 10:50:00,8.5,4,8.981000000000005,8.182079318064035,8.665,8.609359772688014,8.71984555248517,8.460956077726536
007,2014-10-03 11:10:00,8.5,4,8.154000000000005,7.432407500762315,8.044,7.876802500254107,7.991821288539051,7.752197507608969
007,2014-10-03 11:50:00,8.9,4,7.864500000000003,8.017223954864837,7.962,7.947907984954948,7.9300070676211165,7.892642676246057
007,2014-10-03 12:40:00,18.7,4,8.512500000000005,8.027523961255596,8.500499999999999,8.346841320418532,8.429520353496647,8.266426275609495
007,2014-10-03 13:05:00,19.0,4,10.538000000000006,8.913545673441956,10.196000000000002,9.882515224480654,10.133254714698593,9.596928043721702
007,2014-10-03 13:30:00,18.2,4,10.001999999999997,8.414181364108472,10.093499999999999,9.50322712136949,9.785272697063817,9.222113538332927
007,2014-10-03 14:05:00,16.5,4,8.329,7.834341844034858,8.3915,8.184947281344954,8.275764779853803,8.089960359666522
007,2014-10-03 14:30:00,15.2,4,8.189500000000002,7.576764957418372,8.0735,7.946588319139458,8.042294366699664,7.839565665843393
007,2014-10-03 14:35:00,14.8,4,8.972000000000003,8.435048685606622,8.943000000000001,8.783349561868876,8.873525307027968,8.693471201969066
007,2014-10-03 20:20:00,5.2,4,8.123000000000001,7.505392351734651,7.86,7.829464117244885,7.913250816549284,7.7137336649475685
007,2014-10-03 20:25:00,5.0,4,6.7669999999999995,7.000583476984544,6.8980000000000015,6.888527825661515,6.859576251807897,6.806064474030607
007,2014-10-03 21:10:00,5.4,4,7.862000000000005,7.316324581268059,7.945500000000001,7.707941527089356,7.809388989724959,7.599985284732856
007,2014-10-03 21:20:00,5.7,4,7.521000000000003,8.290695197664949,7.460999999999999,7.7575650658883175,7.619485339166142,7.510744991193425
007,2014-10-03 21:40:00,6.3,4,7.604500000000004,7.678501313573154,7.562000000000001,7.61500043785772,7.5985364390543575,7.576448199738607
007,2014-10-03 21:45:00,6.5,4,7.567500000000004,7.828628350740821,7.38,7.5920427835802755,7.530688430344093,7.440859108291519
007,2014-10-03 22:15:00,7.8,4,7.797000000000004,7.584876549722689,7.810000000000002,7.730625516574232,7.768372558028507,7.692901164010529
007,2014-10-03 22:35:00,8.3,4,7.943000000000004,7.804756166379116,7.839000000000001,7.862252055459707,7.8770890508204365,7.833919885522347
007,2014-10-03 22:55:00,8.5,4,8.206000000000007,7.987986112543543,8.416500000000001,8.203495370847849,8.259403477819223,8.121747899436357
007,2014-10-03 23:15:00,8.9,4,7.6170000000000035,7.175745116265898,7.626499999999998,7.473081705421966,7.550079550752989,7.398432437590582
007,2014-10-04 00:05:00,9.2,4,8.222500000000005,8.28091028180478,8.2575,8.253636760601596,8.246591692880493,8.232760715337792
007,2014-10-04 00:35:00,9.6,4,8.393500000000001,8.004862448633991,8.388499999999999,8.262287482877996,8.32894338615473,8.198094838059442
007,2014-10-04 01:00:00,10.8,4,7.942000000000002,7.6734731880951905,7.940499999999999,7.851991062698397,7.898216245550278,7.807742669326346
007,2014-10-04 01:20:00,12.3,4,7.781999999999996,7.56216921023393,7.624500000000001,7.656223070077975,7.680500175511162,7.611593868719888
007,2014-10-04 01:45:00,13.3,4,7.725000000000001,7.592375362858945,7.727,7.681458454286315,7.704526864261034,7.659208150982696
007,2014-10-04 02:00:00,13.1,4,7.803000000000005,8.907517880168433,7.769500000000001,8.160005960056147,7.966426643903443,7.827043075403224
007,2014-10-04 02:25:00,12.6,4,7.837000000000002,8.109523705078637,7.812500000000001,7.919674568359547,7.870502448647244,7.830969843378288
007,2014-10-04 02:40:00,12.3,4,7.425000000000003,7.371016912236578,7.418499999999999,7.404838970745526,7.413593752723764,7.395610146464638
007,2014-10-04 08:40:00,8.5,4,8.007500000000002,7.640598754978307,7.675999999999999,7.77469958499277,7.809260984481334,7.696521470726745
007,2014-10-04 08:45:00,8.9,4,8.482000000000008,8.378832189263731,8.4615,8.440777396421247,8.456807579789,8.422705605565778
007,2014-10-04 08:50:00,9.3,4,8.005500000000001,7.612887059791798,7.8735,7.8306290199306,7.886946812038862,7.7589518449698724
007,2014-10-04 09:25:00,9.6,4,8.227500000000004,8.312490798924678,8.2575,8.265830266308228,8.25376261209057,8.237835672937589
007,2014-10-04 09:30:01,9.3,4,8.702000000000004,8.118594412390735,8.681500000000002,8.50069813746358,8.599631068064516,8.403636074560007
007,2014-10-04 09:50:01,8.4,4,8.117500000000001,7.987177490930573,8.034500000000001,8.046392496976859,8.061684974068262,8.020492716947809
007,2014-10-04 10:00:01,8.6,4,8.285500000000003,7.584219199463943,8.174,8.014573066487982,8.125955266666402,7.893228297305001
007,2014-10-04 10:25:01,8.9,4,8.361000000000004,7.268141450405163,8.2525,7.960547150135056,8.13978726456011,7.774956405032011
007,2014-10-04 10:50:01,6.8,4,7.350000000000002,7.728367021499919,7.541999999999999,7.540122340499973,7.49147216753536,7.408843699376725
007,2014-10-04 11:35:01,4.8,4,6.569000000000005,7.433987977177805,6.401500000000001,6.801495992392604,6.637634354596656,6.483736671959934
007,2014-10-04 11:40:01,4.7,4,7.6865000000000006,7.522536198609384,7.784999999999999,7.6646787328697945,7.701533967282583,7.616237080337132
007,2014-10-04 11:45:01,4.6,4,8.539500000000007,8.26226798033746,8.496,8.432589326779157,8.476671420076682,8.384650131275567
007,2014-10-04 12:35:01,6.1,4,7.525000000000001,7.7441157666115,7.640000000000002,7.6363719222038355,7.608528990239905,7.559913592708067
007,2014-10-04 12:40:00,6.3,4,8.046000000000003,7.370544462625356,8.185499999999998,7.867348154208453,7.9960605120085955,7.725837684424622
007,2014-10-04 12:50:01,7.4,4,8.045500000000002,7.933316272221698,7.985499999999999,7.9881054240739,8.002263170468353,7.966426186781531
007,2014-10-04 13:50:01,8.8,4,8.397000000000006,7.991218762971085,8.3255,8.237906254323697,8.301749040338397,8.167317108949083
007,2014-10-04 13:55:01,8.7,4,8.840000000000005,8.415371772566612,8.885,8.713457257522206,8.79066648454028,8.633803903258901
007,2014-10-04 14:00:01,8.5,4,8.623999999999997,8.216113394056503,8.779500000000002,8.539871131352168,8.623782352493851,8.438882884976625
007,2014-10-04 14:25:01,7.6,4,8.114000000000003,8.124233878660593,8.196499999999999,8.144911292886865,8.150306137915221,8.125033180938779
007,2014-10-04 14:50:01,6.9,4,8.5105,9.074935419790705,8.727500000000001,8.770978473263568,8.692377736893592,8.58304090654401
007,2014-10-04 15:55:01,8.8,4,7.947000000000006,7.6517508038976905,8.074500000000002,7.891083601299234,7.953119819354217,7.81472602866276
007,2014-10-04 16:10:01,9.0,4,7.886,8.160408680183952,8.099,8.048469560061317,8.019588492425116,7.944867687394411
007,2014-10-04 16:20:01,9.2,4,7.983000000000001,8.129888664866789,8.1655,8.092796221622264,8.083281161763741,8.025835250317572
007,2014-10-04 16:40:01,9.3,4,8.461499999999997,7.079209646799052,8.396500000000001,7.979069882266351,8.212050253006856,7.748212567282787
007,2014-10-04 16:55:01,9.0,4,8.322500000000003,7.151147118853828,8.324000000000002,7.932549039617943,8.134888188827691,7.739556063579121
007,2014-10-04 17:05:01,8.7,4,8.539499999999999,7.921547812274447,8.5225,8.327849270758149,8.433049751974538,8.2252931745268
007,2014-10-04 17:20:01,8.0,4,7.323,8.458363291320751,7.170000000000001,7.650454430440251,7.44117698505583,7.260349233930164
007,2014-10-04 17:35:01,7.4,4,8.052000000000007,7.6715106978584044,8.0765,7.933336899286137,8.00114696260519,7.865412507729532
007,2014-10-04 17:45:01,7.2,4,7.301500000000001,7.353741035479228,7.355499999999998,7.336913678493076,7.332582914976788,7.315476487766478
007,2014-10-04 17:50:01,7.1,4,7.8284999999999965,7.3046296024440025,7.653999999999999,7.595709867481332,7.6709971831422905,7.500157409461273
007,2014-10-04 17:55:01,7.0,4,10.124000000000006,8.852900146220929,10.03,9.66896671540698,9.880235054980743,9.454838435161278
007,2014-10-04 18:15:01,6.7,4,7.780000000000006,9.017454266591901,8.009500000000001,8.268984755530637,8.075286833352855,7.884976606040864
007,2014-10-04 18:20:01,6.5,4,8.449000000000002,7.789653394271616,8.460999999999999,8.233217798090537,8.348081514701239,8.122151467034392
007,2014-10-04 18:30:01,6.4,4,7.523500000000002,7.475100944088806,7.369000000000001,7.455866981362935,7.450810494877222,7.402488652710136
007,2014-10-04 19:05:01,6.0,4,8.646000000000003,9.541971280057464,8.552,8.913323760019155,8.750493769356215,8.616262690113556
007,2014-10-04 19:40:01,6.8,4,8.706500000000004,8.738788867820437,8.807500000000001,8.750929622606813,8.754123060161115,8.722938068399552
007,2014-10-04 20:15:01,7.2,4,8.952500000000004,10.001144059877053,8.999999999999998,9.317881353292352,9.140978748678629,9.009190938490288
007,2014-10-04 20:25:01,7.3,4,8.192499999999997,7.824392462388557,8.1495,8.055464154129519,8.115277358651797,7.9926045014743154
007,2014-10-04 20:40:01,7.5,4,7.945499999999997,7.6380334924284545,7.9590000000000005,7.847511164142817,7.90176054162534,7.793995636030086
007,2014-10-04 20:55:01,7.7,4,8.164000000000001,7.766329566699658,8.316500000000001,8.08227652223322,8.164163722038351,7.983622636768462
007,2014-10-04 21:00:01,7.8,4,8.64700000000001,8.076145485901986,8.7975,8.506881828633999,8.618491931571965,8.380178342991819
007,2014-10-04 21:25:01,8.2,4,9.059500000000012,8.127540603826672,9.05,8.745680201275562,8.90573833493361,8.59187908578006
008,2014-10-01 06:51:54,6.9,4,6.146000000000004,6.4337082801667025,6.1375,6.239069426722235,6.188664913809682,6.152429482116394
008,2014-10-01 07:06:54,5.9,4,7.2685,7.8047039408890315,7.366499999999999,7.479901313629678,7.39584420848175,7.313670374516169
008,2014-10-01 07:31:54,4.5,4,6.063500000000004,6.719824173316238,6.125,6.3027747244387475,6.194813015463996,6.105956555830944
008,2014-10-01 08:06:54,3.1,4,7.603000000000005,7.41730258062591,7.826999999999999,7.615767526875305,7.667268771646863,7.536392570684487
008,2014-10-01 08:11:54,3.0,4,5.604500000000004,6.541483988879161,5.694500000000001,5.946827996293056,5.792890366870324,5.665595222167185
008,2014-10-01 08:16:54,3.0,4,5.531000000000005,5.955376636643633,5.800500000000002,5.762292212214547,5.712426940469723,5.608887710679612
008,2014-10-01 08:21:54,3.1,4,7.191499999999996,8.018817591229714,7.202000000000001,7.470772530409904,7.328865365087274,7.230303797677312
008,2014-10-01 09:21:54,3.4,4,5.508500000000002,5.894025857816629,5.600499999999999,5.667675285938877,5.60910868188579,5.5457057027565035
008,2014-10-01 09:26:54,3.4,4,7.060000000000002,6.537965028403799,6.889499999999999,6.829155009467933,6.904472702686019,6.73411958386566
008,2014-10-01 11:06:54,5.4,4,7.111999999999995,7.341050557684046,7.028,7.160350185894679,7.113517808323526,7.06020883784538
008,2014-10-01 12:11:54,8.1,4,7.722499999999999,8.586305463757153,7.571500000000001,7.960101821252384,7.797876619940235,7.649342675775653
008,2014-10-01 12:21:54,6.7,4,7.565500000000006,7.633685741836307,7.445500000000001,7.548228580612104,7.526041041478686,7.480085066835993
008,2014-10-01 13:04:00,4.2,4,7.4710000000000045,7.300798721990199,7.569,7.446932907330068,7.4848215051793,7.397574302841639
008,2014-10-01 13:26:54,5.2,4,4.961000000000002,5.635761425435438,4.919,5.171920475145146,5.051791537199462,4.959820273169642
008,2014-10-01 13:41:54,6.0,4,6.9185,7.58736003476567,6.6615,7.055786678255224,6.9180131738092445,6.758635249344749
008,2014-10-01 14:01:54,5.2,4,6.7669999999999995,7.25278421984532,6.9674999999999985,6.995761406615106,6.929305811301868,6.832448682706607
008,2014-10-01 14:06:54,4.8,4,7.926000000000004,7.330229881779517,8.035499999999999,7.763909960593174,7.876262157182542,7.642046161208957
008,2014-10-01 14:41:54,3.6,4,7.764000000000003,7.929819515031906,7.7995,7.831106505010635,7.805562941018647,7.77910904151728
008,2014-10-01 14:56:54,4.1,4,7.679000000000002,8.411874190120177,7.606000000000002,7.898958063373393,7.766106213988857,7.657541398035583
008,2014-10-01 15:06:54,4.7,4,7.400000000000003,7.478276200920447,7.435,7.437758733640149,7.427284241266691,7.41113713711873
008,2014-10-01 15:11:54,4.9,4,8.741500000000004,8.720950128779435,8.971499999999999,8.811316709593145,8.834829610609445,8.75779750711228
008,2014-10-01 15:16:54,5.2,4,8.015499999999998,8.32586656258321,7.978,8.106455520861068,8.04962216432312,8.001560184782313
008,2014-10-01 15:26:54,5.7,4,9.023499999999995,8.9421843559915,8.898000000000001,8.954561451997165,8.957704685489876,8.918983472207021
008,2014-10-01 15:46:54,6.7,4,7.410999999999999,7.5438238295611555,7.162000000000002,7.372274609853719,7.327730702898501,7.2333818918464
008,2014-10-01 16:06:54,6.9,4,6.569000000000006,6.761042596790268,6.5394999999999985,6.623180865596758,6.587468051685895,6.555734975644689
008,2014-10-01 16:11:54,6.8,4,7.851000000000003,8.648776573170831,7.978999999999998,8.159592191056944,8.032984367255866,7.914296281772717
008,2014-10-01 16:36:54,6.0,4,6.035500000000001,6.492008649199839,6.0525,6.193336216399946,6.116005497853993,6.0593718734941895
008,2014-10-01 16:41:54,6.1,4,6.290500000000005,6.568582828213308,6.0095,6.289527609404438,6.217130057583968,6.095710775131494
008,2014-10-01 18:01:54,6.8,4,8.03,8.451919616233802,8.225,8.235639872077934,8.179731696532631,8.09142371733942
008,2014-10-01 18:15:00,7.8,4,8.594000000000001,8.687745239795198,8.543000000000001,8.608248413265066,8.587638197277625,8.560555938549527
008,2014-10-01 18:56:54,5.3,4,9.867500000000007,10.474603105584594,9.608,9.983367701861534,9.856038190767942,9.703068580780105
008,2014-10-01 19:21:54,4.6,4,6.248000000000003,6.519277426023349,6.336,6.367759142007785,6.328567853696037,6.279287268909694
008,2014-10-01 19:26:54,4.7,4,7.771499999999998,7.374267721113199,7.8825,7.676089240371065,7.754298348399335,7.586554265726507
008,2014-10-01 20:01:54,4.8,4,6.551500000000005,7.46416576878378,6.563500000000001,6.859721922927929,6.703211435326282,6.594398397784149
008,2014-10-01 20:51:54,8.1,4,8.330499999999999,9.332843455422989,8.1255,8.596281151807665,8.405452808712255,8.223664152623446
008,2014-10-01 21:21:54,9.4,4,7.319500000000006,6.319158730095429,7.308500000000001,6.982386243365146,7.154118831010208,6.8172568917128835
008,2014-10-02 10:31:55,3.5,4,7.647000000000003,8.781036509107397,7.629,8.019012169702465,7.8216825904742695,7.6837666579779365
008,2014-10-02 10:41:55,4.3,4,6.719999999999999,7.059030273290128,6.806500000000001,6.861843424430043,6.810825851704335,6.753947003805234
008,2014-10-02 11:06:55,6.2,4,7.372999999999998,7.8854681952014545,7.331,7.529822731733817,7.437710237499314,7.364660407016555
008,2014-10-02 11:11:55,6.4,4,6.936999999999999,6.9841885485769195,6.7865,6.90256284952564,6.881352438708722,6.828184538997345
008,2014-10-02 11:44:00,8.7,4,8.393499999999996,8.447975172762096,8.4955,8.445658390920697,8.445108645116758,8.413344032592015
008,2014-10-02 12:11:55,6.4,4,6.499500000000005,6.621530956489328,6.544,6.555010318829777,6.537807164900263,6.514653072206237
008,2014-10-02 12:26:55,7.0,4,7.850000000000001,7.467712288216618,7.9254999999999995,7.7477374294055394,7.820285061481459,7.668399426146312
008,2014-10-02 12:56:55,8.4,4,7.97,8.30728770906338,7.8595,8.045595903021127,7.977778341740141,7.903457158028647
008,2014-10-02 13:06:55,9.0,4,6.972000000000001,7.449705364015653,6.946999999999999,7.122901788005218,7.03826605460815,6.974653382450526
008,2014-10-02 13:16:55,9.6,4,6.972500000000008,6.448823179272363,6.780000000000001,6.7337743930907905,6.807465781775814,6.637285651007245
008,2014-10-02 13:21:55,9.8,4,6.951500000000003,6.7865702013253255,7.065499999999999,6.934523400441776,6.972890888357258,6.882543917972365
008,2014-10-02 13:36:55,9.7,4,6.624500000000004,8.364022811542345,6.544,7.17750760384745,6.870228424773155,6.641925122551187
008,2014-10-02 14:21:55,10.2,4,6.949,6.99679192076746,7.1075,7.017763973589152,7.0232724933940345,6.974369334197436
008,2014-10-02 14:36:55,10.8,4,6.688500000000005,6.865366803628917,6.556499999999999,6.70345560120964,6.661464935442813,6.599037425642992
008,2014-10-02 14:46:55,11.2,4,8.124,7.2077139203883585,8.219,7.850237973462787,8.016661684469842,7.678816144807911
008,2014-10-02 14:51:55,11.4,4,7.710000000000003,7.54037902368943,7.625,7.625126341229811,7.647029243191493,7.592655117591095
008,2014-10-02 15:31:55,13.5,4,9.446999999999997,8.21036508473826,9.301000000000002,8.986121694912754,9.186926484361654,8.774865460134981
008,2014-10-02 15:36:55,13.5,4,7.338000000000003,8.336644268565689,7.241499999999999,7.6387147561885635,7.457943461926715,7.310950151622735
008,2014-10-02 15:56:55,12.9,4,9.456000000000005,8.298407668346648,9.493,9.082469222782217,9.285514525518469,8.884000738512992
008,2014-10-02 16:06:55,12.8,4,9.3645,8.393469065828086,9.304999999999998,9.020989688609362,9.183452379099295,8.858072791486144
008,2014-10-02 16:16:55,12.8,4,10.567999999999994,9.382924244006462,10.546,10.16564141466882,10.368309580026473,9.969535010163801
008,2014-10-02 17:01:55,13.7,4,9.510000000000007,8.554714493957864,9.3175,9.127404831319291,9.275604198063142,8.959924407379084
008,2014-10-02 17:11:55,13.7,4,9.152500000000003,8.830529218343635,9.154499999999999,9.045843072781212,9.10159803161625,8.992448814989235
008,2014-10-02 17:41:55,11.8,4,9.40150000000001,8.9223755143393,9.4765,9.266791838113102,9.356012858217037,9.171634966634077
008,2014-10-02 17:51:55,11.1,4,9.163500000000008,8.955584363150182,9.145500000000002,9.08819478771673,9.12252445087408,9.053028369757504
008,2014-10-02 18:01:55,10.7,4,9.452000000000004,8.810723602916,9.151000000000002,9.137907867638669,9.222481836129674,9.01624052485911
008,2014-10-02 18:06:55,10.5,4,9.502500000000003,9.225746650930697,9.4475,9.391915550310232,9.43491674106569,9.343436563711006
008,2014-10-02 18:26:55,10.3,4,9.386000000000001,8.318704458767852,9.440500000000002,9.048401486255953,9.237378092747063,8.860970227867234
008,2014-10-02 18:36:55,10.3,4,8.65150000000001,8.195971753618792,8.572,8.473157251206267,8.544893341985118,8.393955361463123
008,2014-10-02 19:31:55,10.9,4,8.786000000000003,9.069833971377903,8.8905,8.915444657125969,8.875518051613254,8.82146360476075
008,2014-10-02 19:46:55,10.5,4,7.7604999999999995,7.935690979794174,7.813000000000001,7.836396993264725,7.810711350948617,7.779754630754105
008,2014-10-02 19:51:55,10.5,4,7.530500000000005,7.318587253047159,7.696000000000001,7.515029084349055,7.565977685105046,7.44409496741712
008,2014-10-02 20:06:55,10.7,4,8.324000000000002,7.961955171808318,8.37,8.218651723936105,8.285144076106032,8.149074190343745
008,2014-10-02 20:11:55,10.7,4,7.855500000000001,7.927369292906891,7.8214999999999995,7.868123097635631,7.852764998438474,7.833617442729688
008,2014-10-02 20:36:55,10.2,4,8.9015,8.285830847968862,8.809999999999999,8.665776949322954,8.764116257764607,8.559589413226238
008,2014-10-02 21:11:55,11.7,4,8.352500000000003,7.714965080525056,8.100999999999999,8.056155026841687,8.144380012256429,7.937765428930691
008,2014-10-02 22:26:55,11.4,4,11.098500000000001,9.400242507478001,11.108000000000002,10.535580835826002,10.829573208797761,10.254177783067794
008,2014-10-02 22:51:55,10.9,4,10.646000000000006,9.65064285556808,10.8255,10.374047618522695,10.561456368976536,10.171199376299484
008,2014-10-02 23:21:55,10.6,4,9.047499999999996,8.497187348524418,8.8135,8.786062449508137,8.860749489000758,8.682960540284101
008,2014-10-02 23:36:00,9.3,4,10.290500000000003,9.900802137975393,10.42,10.203767379325134,10.282281745104044,10.111438747745833
008,2014-10-02 23:41:55,11.4,4,9.079,8.218339633465995,8.818,8.70511321115533,8.831031359074968,8.549512631165758
008,2014-10-03 00:16:55,7.8,4,8.681000000000004,7.968192913514408,8.723499999999998,8.457564304504803,8.58430441250493,8.331055824453546
008,2014-10-03 00:36:55,8.8,4,9.360500000000009,8.202460875014207,9.351500000000001,8.971486958338073,9.170616309014022,8.780526782414674
008,2014-10-03 01:01:55,9.5,4,9.022000000000004,7.64598396788563,8.917,8.528327989295212,8.756752988489433,8.296351298189338
008,2014-10-03 01:46:55,8.0,4,7.692000000000003,7.43161338275983,7.7205,7.614704460919945,7.66212859731912,7.565662764853609
008,2014-10-03 03:06:55,7.2,4,8.110500000000007,8.251658329651972,7.9545,8.10555277655066,8.067643065796334,8.001777465573186
008,2014-10-03 12:36:56,11.9,4,8.818500000000006,7.896063243551089,8.814,8.509521081183697,8.668369366010797,8.357555187891952
008,2014-10-03 12:46:56,12.1,4,8.287,7.611174905891946,8.204,8.034058301963983,8.143520094965876,7.918433390614117
008,2014-10-03 12:51:56,12.1,4,8.271500000000003,7.763759940577637,8.3095,8.114919980192546,8.205869038776637,8.023122233272538
008,2014-10-03 13:01:56,12.1,4,10.206500000000007,8.934976963380096,10.107500000000002,9.749658987793369,9.960566350223306,9.535192178459987
008,2014-10-03 13:06:56,12.1,4,8.851,8.327971215623332,8.702500000000002,8.627157071874445,8.704556060098641,8.533141444897343
008,2014-10-03 13:41:56,11.5,4,9.573500000000003,8.725860661616196,9.509500000000001,9.269620220538734,9.410391372230583,9.126756938036557
008,2014-10-03 13:46:56,11.4,4,10.82500000000001,9.438418029572645,10.812499999999998,10.358639343190886,10.596917890652675,10.129899830863883
008,2014-10-03 13:56:56,10.9,4,9.435500000000001,8.341552245480866,9.551999999999998,9.109684081826956,9.308643600238668,8.904353260400429
008,2014-10-03 14:06:56,10.3,4,9.151500000000008,8.653138134090112,9.195500000000001,9.000046044696708,9.089896996104942,8.908482860709086
008,2014-10-03 14:36:56,9.2,4,9.538000000000004,9.170932553897165,9.524499999999998,9.41114418463239,9.47333862009975,9.350042255362354
008,2014-10-03 15:01:56,7.9,4,9.828500000000002,8.447921003328563,9.657,9.311140334442856,9.534580424833278,9.07483643976373
008,2014-10-03 15:26:56,6.5,4,8.555500000000002,8.736653985569921,8.65,8.647384661856641,8.624315491424897,8.584238304998552
008,2014-10-03 15:31:56,6.3,4,8.196999999999997,7.894765743173775,7.989500000000003,8.027088581057926,8.06125057105879,7.966216293578854
008,2014-10-03 16:01:56,5.3,4,6.354499999999998,7.694137116046971,6.375000000000003,6.807879038682324,6.578398961915472,6.418101103684565
008,2014-10-03 16:11:56,5.8,4,5.876500000000004,6.860412564048457,5.860999999999999,6.199304188016153,6.028107301832548,5.90848580971905
008,2014-10-03 16:26:56,7.8,4,5.1480000000000015,6.141089473707965,5.1805,5.489863157902657,5.321248768758607,5.1989469718356975
008,2014-10-03 17:31:56,7.2,4,8.312000000000001,7.898039289409717,8.572000000000001,8.260679763136572,8.354710787242668,8.135911835014639
008,2014-10-03 17:56:56,4.7,4,6.998000000000001,6.994586600847817,7.081999999999999,7.024862200282605,7.032743164156192,7.005989077792721
008,2014-10-03 18:11:56,4.1,4,8.060000000000002,8.102664049712187,8.411,8.191221349904064,8.214325263967266,8.106811176222916
008,2014-10-03 18:41:56,6.8,4,7.226999999999997,8.45163934244052,7.523499999999999,7.734046447480172,7.548376756754967,7.346120312643282
008,2014-10-03 20:11:56,9.4,4,6.883000000000007,6.625616135593457,6.989,6.832538711864488,6.886171961419884,6.767096207503501
008,2014-10-03 20:21:56,8.9,4,7.532500000000006,7.125780568843365,7.506,7.38809352294779,7.456004543272597,7.319770371632332
008,2014-10-03 20:41:56,7.8,4,5.401000000000002,6.311502651862093,5.488500000000001,5.733667550620699,5.584084340507021,5.460378103436331
008,2014-10-03 21:41:56,3.4,4,5.4525,6.767799252203831,5.4544999999999995,5.89159975073461,5.664715170769951,5.51096593673006
008,2014-10-03 23:46:56,4.4,4,5.565500000000002,6.1814139280697535,5.625,5.790637976023252,5.689478616534863,5.605734706649674
008,2014-10-03 23:56:56,4.4,4,5.698999999999997,6.432672411485738,5.682,5.937890803828577,5.809762301156643,5.7188407139370705
008,2014-10-04 02:11:56,4.2,4,7.080000000000005,7.270706601885937,7.208499999999999,7.186402200628646,7.164635383918346,7.116624035799601
008,2014-10-04 03:01:56,5.0,4,5.404000000000004,6.792542249041058,5.3685,5.855014083013688,5.612230441938798,5.439099618095203
008,2014-10-04 03:06:56,4.9,4,6.039000000000001,7.253351189546774,6.0495,6.447283729848924,6.238563518745198,6.094878501019547
008,2014-10-04 03:16:56,4.7,4,6.628499999999999,8.868075987135613,6.650499999999999,7.382358662378537,6.997653659583951,6.732132879524783
008,2014-10-04 03:51:56,3.9,4,5.604500000000001,5.8452831217557355,5.4510000000000005,5.633594373918579,5.578703595847004,5.50201474497994
008,2014-10-04 04:06:56,3.5,4,6.350000000000005,6.514367810210542,6.3389999999999995,6.401122603403516,6.371793160698328,6.349145941698578
008,2014-10-04 04:16:56,3.2,4,5.938499999999997,6.664738631817917,5.81,6.137746210605971,6.001222108531421,5.875852986686163
008,2014-10-04 05:01:56,4.1,4,8.774000000000006,7.327021653788641,9.083,8.394673884596216,8.671286736686392,8.089311761550691
008,2014-10-04 05:51:56,3.7,4,4.917499999999997,4.897145278472928,4.8405,4.885048426157642,4.881878161115801,4.8577478568445205
008,2014-10-04 06:26:56,3.8,4,4.491999999999996,4.674275163591125,4.624999999999999,4.59709172119704,4.577171038909078,4.529239989284887
008,2014-10-04 06:36:56,3.8,4,4.494499999999996,5.241743119256268,4.4719999999999995,4.736081039752087,4.605132411945165,4.510886686626646
008,2014-10-04 07:16:56,4.3,4,5.990999999999997,6.047610074862785,6.1884999999999994,6.075703358287593,6.083075051536864,6.022175372679467
008,2014-10-04 07:31:56,4.4,4,7.102999999999996,7.875412138011592,7.1525,7.37697071267053,7.24792723421356,7.147943532566602
008,2014-10-04 07:41:56,4.7,4,5.458999999999998,5.4700058498484285,5.3845,5.4378352832828085,5.42946830381856,5.404589552069686
008,2014-10-04 07:46:56,5.0,4,4.406999999999999,4.694957085573698,4.4935,4.531819028524566,4.489618145729454,4.43869381562521
009,2014-10-02 06:20:19,5.8,4,9.027500000000002,9.482189565059153,9.128,9.212563188353052,9.142794806346702,9.069623062543556
009,2014-10-02 06:30:19,4.6,4,9.332000000000011,10.457227736760856,9.309,9.699409245586956,9.503166281305084,9.364693747964221
009,2014-10-02 06:35:19,4.2,4,9.620500000000002,8.207171087639638,9.5685,9.132057029213213,9.371524020676734,8.896793643322424
009,2014-10-02 07:00:19,3.6,4,10.06450000000001,9.42298413307901,10.181499999999998,9.889661377693008,10.010561642054032,9.758638273395
009,2014-10-02 07:05:19,3.5,4,8.421000000000001,7.371753443389112,8.228000000000002,8.006917814463039,8.17129413731296,7.823955635406362
009,2014-10-02 07:25:19,3.4,4,10.375000000000002,8.583167419605855,10.361999999999998,9.773389139868618,10.081582106214068,9.47796647143855
009,2014-10-02 07:40:19,3.5,4,9.1495,10.518381921639412,9.179,9.615627307213138,9.38187999734104,9.21636713637054
009,2014-10-02 08:00:19,3.4,4,9.596499999999999,9.432156022123857,9.653000000000002,9.56055200737462,9.59382701422246,9.521203663398802
009,2014-10-02 08:50:19,2.6,4,7.381500000000002,7.398999148926918,7.148500000000001,7.30966638297564,7.28641970535255,7.210583873278878
009,2014-10-02 10:05:19,2.2,4,7.4275,6.217856885193439,7.3345,6.993285628397814,7.194031586843026,6.789319634818014
009,2014-10-02 10:20:19,2.4,4,11.17400000000001,8.75791114047464,11.087,10.339637046824883,10.749170811875437,9.937555649555636
009,2014-10-02 10:45:19,2.2,4,8.446999999999997,9.550179635248005,8.261500000000002,8.752893211749335,8.54635038521473,8.358981476696602
009,2014-10-02 11:20:19,2.2,4,9.634500000000008,8.020418519857738,9.649,9.101306173285915,9.381201394550125,8.832658543673753
009,2014-10-02 19:00:00,3.8,4,10.536500000000006,9.478558066463027,10.350000000000001,10.121686022154345,10.288127654999954,9.937643213987322
009,2014-10-03 08:30:00,6.2,4,9.092500000000001,8.793810973739012,9.068,8.98477032457967,9.034205825848314,8.93432375510993
009,2014-10-03 09:05:19,5.9,4,9.414000000000003,9.127850805814514,9.501,9.347616935271505,9.404566585560268,9.281584991681115
009,2014-10-03 09:25:19,5.2,4,9.203499999999996,8.626866506933679,9.129999999999999,8.986788835644559,9.079951985283538,8.887990070601667
009,2014-10-03 09:50:19,4.4,4,10.396500000000009,9.324797529040252,10.553500000000001,10.091599176346755,10.290234171594468,9.881098448198436
009,2014-10-03 10:20:19,3.8,4,9.520000000000003,7.526850132739931,9.368999999999998,8.805283377579977,9.136250209610196,8.469325439022253
009,2014-10-03 10:35:19,4.1,4,9.008500000000009,9.232121694148162,8.878,9.039540564716058,8.989608879541882,8.922205392568417
009,2014-10-03 10:55:19,4.7,4,7.948999999999999,7.392602893841576,7.7335,7.691700964613858,7.769044267795576,7.58859329084064
009,2014-10-03 11:30:19,5.4,4,7.998500000000002,7.338167600024062,8.12,7.81888920000802,7.943428362558322,7.683790139556544
001,2014-10-01 19:19:00,9.9,5,8.479000000000003,8.731933639178283,8.459500000000002,8.55681121305943,8.526219377531504,8.482296700373151
001,2014-10-01 19:29:00,9.6,5,8.391999999999998,8.205608753279709,8.4885,8.362036251093237,8.389178906078175,8.303038074852381
001,2014-10-01 20:04:00,8.0,5,8.7695,10.801768627974765,8.645999999999999,9.405756209324922,9.161815113078235,8.81887998581892
001,2014-10-01 20:29:00,7.7,5,7.172500000000005,7.763486980541751,7.250500000000001,7.395495660180586,7.330935975743346,7.230432672827779
001,2014-10-01 20:44:00,7.5,5,6.860500000000007,7.544964508635095,6.71,7.038488169545034,6.950230920926867,6.801990969279985
001,2014-10-01 20:54:00,7.8,5,8.883000000000008,9.64600003816667,8.5465,9.025166679388894,8.917334415518882,8.701359972089303
001,2014-10-01 21:59:00,7.5,5,8.036499999999998,7.471117244315232,7.957499999999999,7.821705748105077,7.883223189580813,7.704906383385636
001,2014-10-01 22:04:00,7.6,5,8.998000000000001,9.308987058191391,9.0285,9.11182901939713,9.077266177034069,9.0259443814561
001,2014-10-01 22:09:00,7.8,5,7.885999999999998,7.212512220382313,8.073999999999998,7.724170740127437,7.813247628194131,7.545435121408424
001,2014-10-01 22:19:00,8.3,5,8.069500000000005,7.987823252808428,8.157,8.071441084269479,8.085866813807975,8.035896490742617
001,2014-10-02 11:34:00,14.4,5,10.884999999999998,9.457582483552976,10.856000000000002,10.399527494517658,10.564384739932546,10.105902854863913
001,2014-10-02 11:54:00,14.7,5,7.546000000000007,6.8655425352774735,7.422999999999999,7.278180845092493,7.350655722494234,7.13740278024923
001,2014-10-02 13:04:00,12.1,5,9.925000000000002,9.738270144616285,9.755999999999998,9.806423381538762,9.818738474642354,9.766793292683788
001,2014-10-02 13:59:00,10.2,5,8.753500000000008,7.8030506876161,8.879,8.478516895872035,8.5963963090144,8.256247766066947
001,2014-10-02 15:09:00,11.3,5,8.7455,8.89572632085465,8.4105,8.683908773618215,8.64762892000996,8.524313135881991
001,2014-10-02 15:14:00,11.2,5,9.705000000000004,9.349583655643908,9.688,9.580861218547971,9.62136184519487,9.507678702604617
001,2014-10-02 15:39:00,10.3,5,9.948000000000006,9.310119544805616,9.748999999999999,9.669039848268541,9.73229319693304,9.536452802046355
001,2014-10-02 15:54:00,9.9,5,8.422000000000002,8.836007080949225,8.3725,8.54350236031641,8.492444473977722,8.41526527913642
001,2014-10-02 16:19:00,9.5,5,7.424500000000006,8.756462898519045,7.3245000000000005,7.835154299506351,7.674206481851631,7.4437152909736435
001,2014-10-02 17:09:00,8.9,5,7.841999999999996,8.410539408090374,7.973,8.07517980269679,8.016206012421701,7.9112161683748266
001,2014-10-02 17:19:00,9.5,5,9.949000000000005,9.609293688625392,9.896500000000001,9.818264562875134,9.854945039027655,9.748049330438313
001,2014-10-02 17:34:00,10.8,5,8.816,8.737900774900366,8.93,8.82796692496679,8.843459310094962,8.78747741978826
001,2014-10-02 17:49:00,12.4,5,8.268500000000003,7.690580683488302,8.249000000000002,8.069360227829437,8.135671609046533,7.950423003268979
001,2014-10-02 18:14:00,13.3,5,9.026500000000004,9.695030294182931,9.227,9.316176764727645,9.249432689139127,9.119083919649922
001,2014-10-02 18:29:00,12.8,5,7.777999999999997,8.376969111472562,7.7535,7.969489703824187,7.898259420578281,7.80076358189454
001,2014-10-02 19:29:00,10.8,5,8.555,8.452466082036633,8.5695,8.525655360678877,8.538425943108026,8.501471077273752
001,2014-10-02 19:44:00,10.5,5,9.261000000000012,8.707018213787578,9.105,9.024339404595862,9.080215413837383,8.909315335593021
001,2014-10-02 20:19:00,13.2,5,9.372500000000008,9.44098861896618,9.547,9.453496206322063,9.455279688076127,9.406151335413407
001,2014-10-02 20:24:00,14.1,5,9.410999999999996,8.784535489684737,9.431500000000002,9.209011829894912,9.283224943440958,9.075845688207153
001,2014-10-02 20:54:00,17.9,5,9.139000000000005,8.498737840918666,9.2135,8.950412613639557,9.029258768476867,8.80283539937598
001,2014-10-02 20:59:00,18.0,5,8.703000000000005,9.478286634317712,8.847000000000003,9.009428878105906,8.927069904365032,8.789040577298522
001,2014-10-03 07:29:01,2.2,5,10.097999999999999,9.973063373174732,10.073500000000001,10.048187791058245,10.061387362915864,10.022325837573515
001,2014-10-03 07:59:01,2.3,5,8.939000000000004,8.109036066655273,8.895500000000002,8.64784535555176,8.742209039695227,8.476922377578818
001,2014-10-03 08:14:01,2.2,5,10.123000000000006,9.658999118718407,10.087,9.956333039572804,10.00843405777477,9.860690385780636
001,2014-10-03 08:19:01,2.2,5,10.090000000000007,8.689994120848548,10.288,9.689331373616186,9.86370276348233,9.359113928277846
001,2014-10-03 08:54:01,2.2,5,9.049000000000012,8.853784852556904,8.9725,8.958428284185638,8.976912695912125,8.917736607836513
001,2014-10-03 09:09:01,2.8,5,7.4220000000000015,7.588617646258536,7.358000000000001,7.45620588208618,7.433189326249703,7.38887719177976
001,2014-10-03 09:14:01,3.1,5,10.914000000000009,8.301732745580285,11.0655,10.093744248526765,10.406899068781817,9.524309549765746
001,2014-10-03 09:19:01,3.4,5,10.005000000000003,8.819530400479916,9.9065,9.577010133493305,9.709756997353184,9.332605862248236
001,2014-10-03 09:39:01,3.4,5,9.960000000000006,10.003898519900716,9.835,9.932966173300242,9.920846690041246,9.876662535258312
001,2014-10-03 10:24:01,4.1,5,9.258500000000007,10.281265082958503,8.979,9.506255027652836,9.371317902007313,9.133390850383387
001,2014-10-03 11:09:01,7.5,5,9.872500000000004,12.586385723055294,9.651,10.703295241018433,10.374368805830942,9.899405156908156
001,2014-10-03 11:54:01,10.2,5,8.591999999999999,9.405898232119014,8.488500000000002,8.828799410706338,8.728078009162743,8.57449090228803
001,2014-10-03 12:29:01,9.5,5,9.514000000000003,10.855107944350651,9.440000000000001,9.936369314783551,9.775810808600493,9.551759832482933
001,2014-10-03 12:44:01,9.7,5,8.340000000000005,8.98044100537467,8.546,8.622147001791559,8.55898698864386,8.432048869078574
001,2014-10-03 13:24:01,11.6,5,9.745500000000003,8.898137349952924,9.610000000000003,9.417879116650976,9.509120358392819,9.242700867802931
001,2014-10-03 14:09:01,12.8,5,9.846,9.838098140847313,9.942499999999999,9.87553271361577,9.881857971621258,9.853223652051264
001,2014-10-03 14:19:01,13.2,5,9.42100000000001,9.593999902982075,9.287500000000001,9.434166634327362,9.406513957058616,9.340347810033672
001,2014-10-03 14:39:01,14.0,5,9.711500000000006,8.979415105518063,9.599000000000002,9.429971701839357,9.509055900947216,9.278658922791175
001,2014-10-03 15:59:01,18.7,5,10.296999999999999,9.779843089833303,10.6185,10.231781029944434,10.3101004157128,10.056563996241481
001,2014-10-03 16:44:01,22.2,5,9.766500000000006,10.409041139245254,9.898500000000002,10.024680379748421,9.957131689499482,9.840857979240567
001,2014-10-03 17:24:01,22.2,5,10.161500000000006,9.283213496453435,10.201,9.881904498817812,9.986551797287017,9.69290281391052
001,2014-10-03 18:44:01,22.2,5,9.070500000000008,9.233808215820845,9.059,9.12110273860695,9.101411977942085,9.073380795892692
001,2014-10-04 07:04:01,9.0,5,9.071000000000009,8.861292257728483,8.735999999999999,8.889430752576162,8.895130371140654,8.80009481725341
001,2014-10-04 07:29:01,8.3,5,9.696500000000006,9.353677612280778,10.0605,9.703559204093594,9.763925627577548,9.555067349026126
001,2014-10-04 07:39:01,8.1,5,8.886500000000003,8.586994502253937,8.497499999999999,8.65699816741798,8.670147180990156,8.561307687526906
001,2014-10-04 09:14:01,4.2,5,9.014000000000005,8.883933246223583,9.005,8.967644415407863,8.982310263917856,8.9408423270628
001,2014-10-04 10:14:01,7.8,5,8.235000000000007,7.185238150607332,7.926499999999999,7.7822460502024455,7.887405930660512,7.56418730675556
001,2014-10-04 10:59:01,4.6,5,9.932000000000006,9.706614279639895,10.444,10.027538093213302,10.082495232691972,9.871461904791397
001,2014-10-04 11:04:01,4.3,5,7.874500000000003,7.312824061462697,7.712,7.633108020487566,7.689517429617783,7.516454425650431
001,2014-10-04 12:04:01,2.7,5,8.780000000000003,8.768566537780604,9.0265,8.858355512593535,8.873492130642253,8.803167968112476
001,2014-10-04 12:07:00,3.4,5,10.013500000000004,8.257364257203088,10.213000000000001,9.494621419067698,9.710612588147212,9.090878715591028
001,2014-10-04 12:19:01,2.5,5,9.273000000000009,9.598684377521241,9.323,9.398228125840417,9.363043050857138,9.306616170523766
001,2014-10-04 12:24:01,2.5,5,9.703500000000005,10.001089142137882,9.348500000000003,9.684363047379298,9.629776190806735,9.478273286473398
001,2014-10-04 12:29:01,2.6,5,8.849499999999999,8.77253410717393,9.0295,8.88384470239131,8.902900670708966,8.82944103577325
001,2014-10-04 12:39:01,2.7,5,9.432500000000003,8.650079633121374,9.117500000000001,9.066693211040459,9.140308808383415,8.903539473499244
001,2014-10-04 12:44:01,2.9,5,7.620999999999997,8.454665667471899,7.667500000000001,7.914388555823965,7.819761124014686,7.687414612599573
001,2014-10-04 12:59:01,3.7,5,8.797000000000002,9.07237107122289,9.1635,9.010957023740964,8.999362912790033,8.892429063905713
001,2014-10-04 13:44:01,7.3,5,7.7625000000000055,8.412657959601644,7.6275,7.934219319867217,7.850831223384411,7.71241331470685
002,2014-10-01 19:37:01,3.1,5,8.605000000000004,8.522469114341558,8.719,8.61548970478052,8.631498958941572,8.574089256353966
002,2014-10-01 19:42:01,2.7,5,9.941500000000003,8.336144518732214,10.026000000000002,9.43454817291074,9.626514097968801,9.086449164878392
002,2014-10-02 08:52:01,10.1,5,8.654500000000004,8.91541715471929,8.493999999999998,8.68797238490643,8.648553926238417,8.561041393531008
002,2014-10-02 09:07:01,8.8,5,11.449499999999995,9.29646023459552,11.0865,10.610820078198506,10.841604566965376,10.165576543314828
002,2014-10-02 09:27:01,6.7,5,10.92950000000001,12.412119486897325,11.045500000000002,11.462373162299114,11.295949345552598,11.055638180592563
002,2014-10-02 10:02:01,3.4,5,9.722000000000008,10.496847089756997,9.845500000000001,10.021449029919003,9.937993393734468,9.803072083156707
002,2014-10-02 10:17:01,2.8,5,9.74650000000001,9.129301684506826,10.0785,9.651433894835613,9.742009173024849,9.453402323696
002,2014-10-02 10:42:01,6.3,5,8.084500000000007,8.52687757318609,8.1705,8.2606258577287,8.213846609594736,8.134518377515665
002,2014-10-02 11:47:01,8.3,5,9.374000000000008,9.8783716183187,9.265500000000001,9.505957206106237,9.441056222981677,9.332542293250608
002,2014-10-02 11:52:01,7.9,5,8.138499999999999,8.936273878508814,8.139999999999999,8.404924626169604,8.311963450157256,8.191695078278473
002,2014-10-02 12:12:01,6.4,5,8.796000000000003,8.936158849959766,8.682,8.804719616653257,8.78198915499451,8.726627040451827
002,2014-10-02 12:32:01,5.7,5,9.139500000000005,9.527130797291418,9.279000000000002,9.31521026576381,9.27781199862795,9.198783287193214
002,2014-10-02 12:47:01,5.3,5,8.947000000000006,9.277234168734715,8.742999999999999,8.989078056244907,8.939139239411887,8.82811885007677
002,2014-10-02 13:00:00,5.6,5,8.033000000000001,8.885046041343491,8.176499999999999,8.36484868044783,8.273509181563568,8.124003600605484
002,2014-10-02 13:37:01,8.2,5,8.299999999999999,8.897144445033375,8.226500000000001,8.474548148344459,8.400786852346002,8.288834816944378
002,2014-10-02 13:47:01,7.0,5,9.309000000000006,9.193110293716682,9.356,9.28603676457223,9.302184930258134,9.252140766655348
002,2014-10-02 14:02:01,5.4,5,6.9595,6.499721647599863,7.0025,6.820573882533288,6.8766061415013064,6.716847778154271
002,2014-10-02 14:47:01,2.2,5,10.413500000000013,13.099454342738508,10.422,11.311651447579507,10.998861858020533,10.593429016162421
002,2014-10-02 15:52:01,3.7,5,8.228000000000002,9.977353265590898,8.096999999999998,8.767451088530299,8.556086722563398,8.253468849013199
002,2014-10-02 16:07:01,7.3,5,10.055500000000007,9.550943359305343,9.896,9.834147786435118,9.884063303661287,9.729257400196435
002,2014-10-02 16:37:01,15.2,5,9.706500000000013,8.881884017844962,9.621500000000001,9.403294672614992,9.49471076767138,9.233164739825472
002,2014-10-02 16:57:01,17.8,5,9.781500000000008,10.353013587631187,9.735,9.956504529210399,9.887244489728461,9.787266234606431
002,2014-10-02 17:42:01,21.0,5,9.5865,9.113567515429667,9.7035,9.467855838476554,9.52956601349693,9.345563931981436
002,2014-10-02 17:57:01,21.0,5,11.466000000000006,9.912851311638146,11.495999999999999,10.958283770546052,11.141108958941821,10.632598143479203
002,2014-10-02 18:02:01,21.0,5,12.092000000000002,9.81080110499873,12.2215,11.374767034999577,11.648077097543466,10.878100296761502
002,2014-10-02 18:32:01,20.1,5,9.481500000000004,10.099118778265582,9.828499999999998,9.803039592755196,9.750436856617744,9.606010765006284
002,2014-10-02 18:57:01,19.2,5,9.853500000000007,11.95663050399669,10.002500000000001,10.604210167998898,10.367263409019358,10.028683571094174
002,2014-10-02 19:22:01,19.6,5,11.169500000000001,10.486051757961867,11.181,10.945517252653955,11.025872468266131,10.80256705961018
002,2014-10-02 19:52:01,19.8,5,9.293500000000007,9.796529189508712,9.380499999999998,9.490176396502905,9.436379285729197,9.347776058873677
002,2014-10-03 07:07:02,10.2,5,9.125000000000002,9.623540799820692,9.413999999999998,9.387513599940231,9.345551254945619,9.22764981943334
002,2014-10-03 07:32:02,9.9,5,10.544500000000003,15.02604746346143,10.6125,12.061015821153811,11.542136186108236,10.857680875084299
002,2014-10-03 08:02:02,5.4,5,10.181000000000008,9.426118720038296,10.144,9.917039573346102,10.003010268874085,9.761598062081266
002,2014-10-03 08:12:02,3.8,5,7.576499999999998,8.995003579694778,7.7139999999999995,8.09516785989826,7.937425869368027,7.703572347756813
002,2014-10-03 08:52:02,2.2,5,9.893000000000006,10.56019981114924,9.755,10.06939993704975,9.98385624295036,9.841972061604494
002,2014-10-03 09:27:02,3.3,5,9.073500000000001,9.138777389611839,9.175,9.129092463203948,9.127162733934782,9.097861258338632
002,2014-10-03 09:37:02,4.5,5,7.723999999999998,8.608517578147323,7.439499999999998,7.92400585938244,7.804912697226588,7.586285433237272
002,2014-10-03 09:47:02,5.4,5,7.824000000000004,8.253469751599559,7.7895,7.955656583866521,7.90363521724388,7.828638679995391
002,2014-10-03 10:17:02,4.9,5,6.440000000000006,8.190610293054393,6.099,6.9098700976847995,6.686599871468628,6.3206609947914245
002,2014-10-03 10:27:02,4.4,5,5.984999999999998,7.5815017462022025,6.0495,6.538667248734067,6.356077412895235,6.10627148990471
002,2014-10-03 10:47:02,4.1,5,7.410500000000004,7.618466699040072,7.402499999999999,7.477155566346692,7.452452229351901,7.418753216378291
002,2014-10-03 10:52:02,4.1,5,7.342000000000005,7.34424026517617,7.126000000000001,7.270746755058725,7.258390240180204,7.193117516244865
002,2014-10-03 10:57:02,4.0,5,6.9780000000000015,7.613428713606178,7.054999999999999,7.215476237868725,7.145677272921688,7.038634941434671
002,2014-10-03 11:22:02,3.6,5,8.672500000000003,9.129766545880521,8.713000000000001,8.838422181960174,8.787358580044986,8.712541395387287
002,2014-10-03 11:32:02,3.4,5,6.084500000000007,7.5674430788193945,6.250499999999999,6.634147692939801,6.470485957215567,6.222706890677381
002,2014-10-03 12:07:02,7.2,5,10.472500000000009,8.87120124389874,10.5185,9.954067081299582,10.143404003574119,9.615054434976013
002,2014-10-03 12:17:02,9.0,5,10.111000000000006,9.7017334313554,10.437000000000001,10.083244477118468,10.149232487697159,9.929240102036129
002,2014-10-03 12:22:02,9.8,5,8.707500000000005,9.70314200885047,8.959499999999998,9.123380669616823,9.021369041932797,8.834156035910123
002,2014-10-03 12:42:02,11.8,5,8.23900000000001,9.382219026836733,8.266,8.62907300894558,8.497250126636914,8.321216765631629
002,2014-10-03 14:07:02,11.3,5,11.16650000000001,10.796748455068792,11.26,11.074416151689599,11.122776313554038,10.97837067913347
002,2014-10-03 14:37:02,9.6,5,10.329999999999995,9.58952229540394,10.383,10.100840765134645,10.190171236538978,9.937272428897918
002,2014-10-03 14:47:02,8.6,5,9.967000000000006,9.392278618761871,10.0365,9.798592872920626,9.869514958662643,9.66555954524872
002,2014-10-03 14:52:02,8.0,5,8.258,8.583569096681515,8.3055,8.382356365560504,8.347044744803933,8.291006171904906
002,2014-10-03 16:02:02,4.0,5,9.055500000000002,8.1934068803429,9.043000000000001,8.7639689601143,8.863815793167674,8.586670477269873
002,2014-10-03 16:07:02,3.9,5,9.497500000000008,9.38010531140707,9.4885,9.455368437135691,9.468556329924793,9.431171135882114
002,2014-10-03 16:22:02,3.7,5,8.804500000000004,8.100105073805352,8.908999999999999,8.604535024601786,8.692540941762315,8.437344586981663
002,2014-10-03 16:27:02,3.7,5,10.194000000000003,10.300579958101617,10.2235,10.239359986033874,10.228581353118827,10.20816629771263
002,2014-10-03 16:57:02,6.1,5,9.498,9.106392922496829,9.1735,9.259297640832276,9.286800324599024,9.176406830545046
002,2014-10-03 17:17:02,8.8,5,9.080000000000009,9.24946566977765,9.322499999999998,9.217321889925886,9.21113607432624,9.140744945016296
002,2014-10-03 17:37:02,9.7,5,9.830499999999999,8.145715937637902,9.6885,9.221571979212634,9.410118546565345,8.874210879166116
002,2014-10-03 18:32:02,7.8,5,8.38900000000001,8.512853545949934,8.034500000000001,8.312117848649981,8.27782194780077,8.152612389192763
002,2014-10-03 18:52:02,7.3,5,8.634000000000004,9.19701911119892,8.572999999999999,8.801339703732973,8.732258435246331,8.629199290700278
002,2014-10-03 19:27:02,9.5,5,9.852500000000003,9.493634440901207,10.076,9.80737814696707,9.861748202215873,9.685704783674955
002,2014-10-03 20:02:02,10.6,5,7.943500000000001,8.948856720203453,7.860500000000001,8.25095224006782,8.129048769262209,7.952814632440871
002,2014-10-03 20:17:02,10.0,5,9.854500000000007,9.423235565887774,9.894,9.723911855295926,9.776422519734346,9.626797112194197
002,2014-10-04 07:07:02,14.6,5,8.153500000000005,8.594082811695705,8.0405,8.262694270565236,8.204981056212578,8.10471298345363
002,2014-10-04 07:57:02,12.9,5,9.812999999999999,9.961426802775113,9.8765,9.883642267591704,9.869886873924257,9.83812981214625
002,2014-10-04 08:12:02,9.4,5,9.830000000000002,10.22727832388699,9.8135,9.95692610796233,9.909667195839537,9.844925996286058
002,2014-10-04 08:27:02,6.1,5,10.641500000000006,10.21264575044913,10.598499999999996,10.48421525014971,10.531825106244087,10.395745453056016
002,2014-10-04 08:47:02,3.3,5,8.390000000000008,9.027258661760742,8.595999999999998,8.671086220586915,8.60829736737897,8.48183811404552
002,2014-10-04 08:57:02,2.4,5,8.637500000000001,9.372010416905232,9.187499999999998,9.06567013896841,9.010801490135325,8.81866402858507
002,2014-10-04 09:17:02,2.2,5,13.688499999999998,13.494435189888467,13.274000000000003,13.485645063296156,13.485068514153559,13.365709741057817
002,2014-10-04 09:42:02,2.2,5,10.197000000000006,10.595802735402533,9.9695,10.254100911800846,10.194848957720106,10.066445892305401
002,2014-10-04 10:12:02,2.6,5,9.591999999999999,9.456954510527236,9.6285,9.559151503509078,9.576945864881344,9.523568646177447
002,2014-10-04 10:32:02,6.9,5,8.771500000000003,9.25857706907214,8.52,8.850025689690714,8.779134296697851,8.630232996933186
002,2014-10-04 10:42:02,9.8,5,7.74850000000001,7.57977636274448,7.557,7.6284254542481635,7.637380544159089,7.584376041197888
002,2014-10-04 11:17:02,15.3,5,9.684000000000005,8.505388765774867,9.7085,9.299296255258291,9.43813078287857,9.051777031928431
002,2014-10-04 12:12:02,13.7,5,11.0165,10.02654801911358,10.972999999999999,10.672016006371194,10.785039257579294,10.468206928540472
002,2014-10-04 12:57:03,14.4,5,9.552,9.005745000498267,9.636500000000002,9.398081666832756,9.466523636374399,9.267684448015038
002,2014-10-04 13:22:03,15.0,5,10.312000000000006,10.065496804884463,10.298000000000002,10.225165601628158,10.253131567335169,10.174392700657123
002,2014-10-04 13:37:03,13.6,5,10.284499999999996,9.590074286556247,10.538499999999999,10.137691428852081,10.232906094095345,9.9405048231488
002,2014-10-04 13:47:03,12.4,5,9.948000000000002,8.951664145227921,9.8895,9.596388048409308,9.709315910693947,9.391156052199719
002,2014-10-04 13:57:03,11.2,5,10.625500000000006,10.005483738643358,10.779000000000003,10.46999457954779,10.55090315351025,10.309645303875978
002,2014-10-04 15:02:03,7.4,5,7.443500000000001,7.7815698603505625,7.218,7.481023286783521,7.428966661942381,7.310303690335557
002,2014-10-04 15:07:03,7.4,5,9.983000000000006,10.65194739245696,9.95,10.194982464152321,10.115114573820804,10.004533348840289
002,2014-10-04 15:17:03,7.3,5,8.073500000000003,8.494902758958466,8.037500000000001,8.20196758631949,8.150803086514404,8.076569495991597
002,2014-10-04 15:22:03,7.2,5,9.810000000000004,9.427175338209837,9.94,9.725725112736614,9.777653875350625,9.619168628447959
002,2014-10-04 15:52:03,6.9,5,9.911500000000007,10.088483106654675,9.699,9.89966103555156,9.867120074667248,9.776604950239712
002,2014-10-04 16:07:03,6.7,5,7.751000000000007,7.789631828010941,7.78,7.773543942670316,7.770662170360831,7.760545867606522
002,2014-10-04 16:42:03,5.9,5,7.269999999999999,7.928196127610134,7.2885,7.495565375870044,7.419835232912416,7.318047427054666
002,2014-10-04 17:52:03,6.9,5,8.845500000000001,8.077109974582314,8.640500000000001,8.521036658194106,8.599175490809076,8.36157863934314
002,2014-10-04 18:12:03,9.5,5,10.424500000000013,10.251185968627977,10.311000000000002,10.328895322875995,10.342753517197815,10.292432459615751
002,2014-10-04 18:17:03,10.0,5,8.258500000000005,9.630667746099329,8.2375,8.708889248699778,8.547676017753398,8.334884564546975
002,2014-10-04 18:22:03,10.4,5,8.176499999999999,8.596686637664433,8.291000000000002,8.354728879221478,8.31213368070793,8.231915702105159
002,2014-10-04 18:32:03,10.8,5,8.617500000000005,7.739692220314083,8.502999999999998,8.286730740104696,8.38269875315627,8.105449356168364
002,2014-10-04 18:52:03,11.0,5,9.425000000000004,9.392065135209979,9.244000000000002,9.353688378403328,9.347394249659704,9.293871838151691
002,2014-10-04 19:42:03,8.8,5,10.235000000000003,10.011366203580124,10.429,10.225122067860042,10.262068011567353,10.137569398689733
002,2014-10-04 19:47:03,8.5,5,10.854500000000005,10.660529769231553,10.8125,10.77584325641052,10.796114349344855,10.735662066059607
003,2014-10-01 10:23:15,10.5,5,7.250500000000003,8.585013829345023,7.252500000000001,7.696004609781675,7.540470911119245,7.339361884157899
003,2014-10-01 13:03:15,8.2,5,9.1515,8.684157472261473,8.956,8.930552490753824,8.974111816768605,8.833045936788585
003,2014-10-01 13:08:15,7.9,5,8.205,8.59448414521251,8.188,8.329161381737505,8.282783514302144,8.219064837389475
003,2014-10-01 13:13:15,7.7,5,7.358500000000005,7.1574720878611755,7.387999999999998,7.301324029287059,7.326422011985218,7.253678707703118
003,2014-10-01 13:18:15,7.4,5,7.0505,7.215216189779278,7.1259999999999994,7.13057206325976,7.115588779235215,7.079599946095006
003,2014-10-01 13:23:15,7.2,5,6.714000000000003,7.119804562132081,6.7525,6.862101520710695,6.816927988898301,6.7501513643468005
003,2014-10-01 13:33:15,6.5,5,8.867000000000004,8.626553260234632,8.937,8.81018442007821,8.842147716048187,8.745755232919244
003,2014-10-01 13:38:15,6.2,5,7.3600000000000065,7.600011796685231,7.327999999999999,7.429337265561745,7.399552562065323,7.353816463392084
003,2014-10-01 14:33:15,5.8,5,8.088000000000005,9.033944734745218,7.953499999999999,8.358481578248407,8.24062357059405,8.057847174905458
003,2014-10-01 14:38:15,5.8,5,8.4045,8.379990268504827,8.4055,8.396663422834942,8.399578013933695,8.391411011912613
003,2014-10-01 14:53:15,5.6,5,9.081500000000007,8.37951669047862,9.006,8.82233889682621,8.899984185959838,8.67748664083193
003,2014-10-01 15:03:15,5.4,5,9.208500000000003,8.908029378897453,9.434000000000001,9.183509792965818,9.231181180677638,9.073411011705065
003,2014-10-01 15:18:15,5.0,5,5.046500000000001,4.407461947426314,5.186000000000002,4.879987315808772,4.962330470307771,4.718728949396118
003,2014-10-01 16:13:15,5.1,5,5.733499999999996,6.902556919877295,5.593000000000001,6.076352306625764,5.932136521559819,5.713983336957035
003,2014-10-01 16:18:15,5.2,5,5.035499999999999,4.934754263699493,5.1045,5.02491808789983,5.040531918743862,4.989419278429757
003,2014-10-01 16:33:15,5.3,5,5.005000000000005,4.481741308865867,5.0184999999999995,4.8350804362886235,4.896864576171102,4.7246290621583205
003,2014-10-01 16:38:15,5.3,5,5.061999999999996,6.793425848548413,5.05,5.635141949516136,5.432532052308662,5.168386539568293
003,2014-10-01 17:38:15,5.8,5,8.348500000000003,7.436898225381381,8.384,8.056466075127128,8.164774981454173,7.861473721652136
003,2014-10-01 17:58:15,5.7,5,6.258000000000005,7.3502104256811425,6.120500000000001,6.576236808560382,6.441151696795887,6.2354639462800225
003,2014-10-01 18:13:15,5.7,5,7.165999999999997,7.373994877521756,7.164999999999999,7.2349982925072505,7.210683644090124,7.179084785955715
003,2014-10-01 18:18:15,5.6,5,7.114500000000008,7.322303134794016,7.0415,7.159434378264674,7.131110349496445,7.077895138078631
003,2014-10-01 18:38:15,5.5,5,8.836500000000006,9.310163095284361,8.806499999999998,8.984387698428122,8.927464001605246,8.847170253614152
003,2014-10-01 18:43:15,5.5,5,8.497499999999997,8.112999475914757,8.259,8.28983315863825,8.321322691548014,8.20903775289549
003,2014-10-01 19:18:15,5.3,5,8.386500000000007,8.282256979804293,8.212000000000002,8.293585659934768,8.295972249994502,8.246333548145007
003,2014-10-01 20:08:15,5.0,5,8.499,8.157959388146761,8.532,8.39631979604892,8.437943588414129,8.319144150700465
003,2014-10-01 20:43:15,6.1,5,8.838000000000008,9.043521176089701,8.7555,8.87900705869657,8.850417210913504,8.794689414763091
003,2014-10-01 21:13:16,7.2,5,11.154000000000002,10.100657238905184,11.274000000000001,10.842885746301727,10.972457745556731,10.600645436911062
003,2014-10-01 21:53:16,8.5,5,8.308000000000003,8.060371063693976,8.469,8.279123687897993,8.317020326492306,8.193712295147842
003,2014-10-01 21:58:16,8.7,5,7.699999999999994,8.594248295886814,8.029000000000002,8.10774943196227,8.021875180792726,7.83849391024342
003,2014-10-01 22:08:16,8.9,5,8.589000000000004,8.331037053758296,8.693999999999999,8.538012351252766,8.573978455331584,8.462480385326671
004,2014-10-01 08:30:00,13.0,5,10.952000000000004,10.762284562853845,11.426000000000002,11.046761520951284,11.095430534760803,10.906162795930207
004,2014-10-01 08:34:56,13.3,5,9.334500000000006,8.849853841236214,9.1735,9.119284613745407,9.166793956761406,9.018475827258158
004,2014-10-01 08:49:56,14.7,5,11.267499999999995,10.287303138973344,11.248500000000002,10.93443437965778,11.047691794133183,10.73281129577581
004,2014-10-01 09:24:56,15.2,5,10.814000000000012,11.796838039864447,11.003500000000004,11.204779346621487,11.100761281389207,10.924748975941487
004,2014-10-01 09:29:56,14.8,5,10.358000000000004,9.593831247491977,10.458499999999999,10.136777082497327,10.231530495452608,9.958157328215924
004,2014-10-01 09:49:56,13.8,5,10.431000000000008,10.896316965521228,10.73,10.685772321840412,10.6482448704655,10.533858981784373
004,2014-10-01 09:54:56,13.7,5,11.2565,10.69365801622912,11.504000000000001,11.151386005409707,11.230889950935921,10.982640170342279
004,2014-10-01 10:39:56,11.3,5,11.736500000000005,12.378516747857939,12.133,12.082672249285983,12.029995777045718,11.874553360690003
004,2014-10-01 10:54:56,10.3,5,10.874000000000013,12.128922280365929,10.682,11.228307426788648,11.071193261747418,10.824637069199303
004,2014-10-01 12:29:56,7.4,5,8.174500000000009,8.807327642694114,7.971499999999999,8.31777588089804,8.23260127897617,8.07634847197559
004,2014-10-01 12:49:56,7.1,5,9.607000000000001,9.465615903990551,9.415500000000002,9.496038634663519,9.501805086352801,9.448060763949488
004,2014-10-01 13:04:56,7.8,5,10.763000000000007,10.59584179809081,10.943000000000001,10.767280599363607,10.796855787497432,10.694337589785327
004,2014-10-01 13:24:56,9.5,5,9.091500000000003,10.112365496605948,9.0775,9.427121832201983,9.307273311375992,9.149448798806635
004,2014-10-01 13:34:56,10.4,5,10.405500000000009,9.735996162940342,10.5055,10.215665387646782,10.299349937983651,10.056611511292001
004,2014-10-01 13:39:56,10.7,5,10.298000000000009,9.233395209975345,10.215000000000002,9.915465069991784,10.034983294211516,9.696019361478008
004,2014-10-01 14:09:56,9.2,5,9.599000000000006,9.614374863145912,9.655500000000002,9.622958287715306,9.624328900664379,9.608615919035875
004,2014-10-01 14:24:56,7.4,5,8.496000000000004,8.915795031256447,8.5015,8.637765010418818,8.589111873669697,8.525126697540195
004,2014-10-01 14:34:56,6.7,5,9.370500000000009,9.081455793913982,9.5775,9.343151931304662,9.38845471063535,9.239367370528814
004,2014-10-01 15:04:56,5.3,5,9.2885,8.327398101325569,9.6805,9.098799367108525,9.232844252703396,8.817216197970936
004,2014-10-01 15:09:56,5.1,5,9.896,8.410776439411475,9.675,9.327258813137158,9.488106719684822,9.020335096596128
004,2014-10-01 15:19:56,4.7,5,8.777000000000006,9.245145511505719,8.7805,8.93421517050191,8.879810875685921,8.80884688264897
004,2014-10-01 15:29:56,4.4,5,7.674999999999999,7.330769902508468,7.819500000000001,7.608423300836155,7.6566626889015215,7.5066919837342105
004,2014-10-01 15:34:56,4.4,5,9.024500000000007,8.891051070760833,9.051000000000002,8.988850356920281,9.005898545490256,8.955739181407822
004,2014-10-01 15:39:56,4.3,5,8.661000000000003,9.087479360240252,8.37,8.70615978674675,8.640124106265771,8.488466504830754
004,2014-10-01 15:44:56,4.3,5,7.912000000000002,9.037258041427505,7.9254999999999995,8.291586013809168,8.161101987406367,7.989774509412427
004,2014-10-01 15:49:56,4.2,5,10.01750000000001,9.91302258309128,9.886999999999999,9.939174194363764,9.944051965597211,9.907647232482818
004,2014-10-01 15:59:56,4.1,5,10.055500000000006,8.94949778895592,9.752500000000001,9.585832596318642,9.697859827186408,9.356254037502637
004,2014-10-01 16:19:56,4.1,5,9.947000000000008,11.38754127477273,9.8605,10.398347091590914,10.225491620500351,9.98272046960426
004,2014-10-01 16:39:56,4.6,5,11.017500000000002,16.05629126963211,11.422,12.831930423210702,12.266901683216561,11.448663296716461
004,2014-10-01 16:44:56,4.6,5,12.160500000000003,14.098144084636393,12.015499999999998,12.75804802821213,12.523939164319486,12.188779257696519
004,2014-10-01 17:49:56,3.1,5,12.160000000000004,10.357851067305583,11.752,11.423283689101863,11.610623587077805,11.049834913156044
004,2014-10-01 18:04:56,2.8,5,9.463500000000005,8.473990943751902,9.672,9.203163647917302,9.330246342623605,8.955074574395603
004,2014-10-01 18:09:56,2.7,5,8.857000000000001,9.514286209854479,8.952,9.107762069951493,9.036421779084982,8.923419504561785
004,2014-10-01 19:39:56,6.1,5,9.040500000000003,8.976193957196037,9.056000000000001,9.024231319065347,9.032599342363381,9.007690558084057
004,2014-10-02 07:34:56,9.9,5,8.920000000000005,9.136446707738227,8.9355,8.997315569246076,8.972939116579699,8.938069134264207
004,2014-10-02 08:09:56,8.0,5,7.777999999999996,8.715288621444145,7.827999999999999,8.107096207148047,8.000579113418059,7.852120493212632
004,2014-10-02 08:29:56,7.1,5,10.24500000000001,11.02289477521943,10.078500000000002,10.44879825840648,10.34874820072906,10.181639193626351
004,2014-10-02 08:44:56,8.5,5,11.602500000000003,10.762731644360104,11.4965,11.287243881453369,11.379251287898013,11.113844358326505
004,2014-10-02 08:59:56,11.1,5,8.286000000000005,8.744820726288438,8.392499999999998,8.474440242096147,8.426891139428811,8.342046732394218
004,2014-10-02 09:09:56,12.8,5,12.954499999999996,10.878967033309252,13.341500000000002,12.39165567776975,12.655397798676189,11.882069076542464
004,2014-10-02 09:14:56,13.5,5,11.469500000000004,10.311494265430412,11.172000000000002,10.98433142181014,11.102731856391227,10.744103944444062
004,2014-10-02 09:19:56,14.2,5,8.410000000000004,8.951446394940595,8.265500000000001,8.5423154649802,8.4710745415812,8.346159146018087
004,2014-10-02 09:59:56,18.6,5,9.967499999999996,9.03092131279037,10.024,9.674140437596789,9.786538351573741,9.469512635883932
004,2014-10-02 10:54:56,15.0,5,9.596000000000009,8.867266698733346,9.435500000000001,9.299588899577786,9.375594369995486,9.148610841333205
004,2014-10-02 11:19:56,11.8,5,10.197499999999994,9.108113687168496,10.1435,9.816371229056163,9.940403643918385,9.592045594685828
004,2014-10-02 12:29:56,7.2,5,9.411500000000007,9.295925225383453,9.482500000000002,9.396641741794488,9.414097091182512,9.357666071238675
004,2014-10-02 13:19:56,6.3,5,9.141500000000002,8.147494009778065,9.1665,8.818498003259355,8.935829833625247,8.608817855011186
004,2014-10-02 13:54:56,6.0,5,8.026000000000009,8.466914068223383,8.161999999999999,8.218304689407796,8.17449595320508,8.087968734679269
004,2014-10-02 14:29:56,7.3,5,8.8435,9.273750863356584,8.653,8.923416954452195,8.86256904173216,8.740557019699487
004,2014-10-02 15:14:56,6.8,5,9.075500000000003,9.480495522727367,9.280000000000001,9.278665174242457,9.242881410131915,9.151594753447778
004,2014-10-02 15:29:56,6.3,5,8.748000000000005,9.381328160369033,8.5485,8.89260938678968,8.807572396518625,8.652296471148777
004,2014-10-02 15:39:56,6.1,5,7.944500000000005,8.150337269005183,7.946000000000001,8.01361242300173,7.989689409731921,7.958493271422284
004,2014-10-02 15:44:56,5.9,5,9.884500000000003,9.743684174889745,9.812000000000001,9.81339472496325,9.825758474705415,9.78391453617484
004,2014-10-02 15:59:56,5.4,5,9.492500000000012,9.847879183282503,9.493999999999998,9.611459727760838,9.570095490466441,9.51639688803644
004,2014-10-02 16:29:56,5.4,5,9.265000000000017,8.765708783987195,9.1735,9.068069594662404,9.121178757855148,8.964763333483763
004,2014-10-02 16:59:56,8.4,5,9.432499999999997,8.747060165490419,9.302500000000002,9.160686721830139,9.233350722974162,9.018832857792713
004,2014-10-02 17:54:56,13.0,5,9.309999999999999,9.159982284777161,9.0235,9.16449409492572,9.16594783275589,9.083877492959068
004,2014-10-02 18:09:56,14.2,5,8.612000000000005,6.418099467860318,8.3795,7.803199822620108,8.04605747884193,7.35052022568877
004,2014-10-03 08:09:57,8.0,5,8.695000000000011,12.853924871925068,8.609000000000002,10.052641623975028,9.562766335232814,8.911094098491027
004,2014-10-03 08:19:57,7.2,5,8.546500000000002,8.322526002105562,8.497,8.455342000701854,8.478692489923523,8.408938086174395
004,2014-10-03 08:45:00,4.1,5,12.375999999999998,9.308021980427641,12.193999999999999,11.292673993475878,11.640304007192073,10.660697386936214
004,2014-10-03 09:29:57,7.1,5,8.704,9.521042095916686,8.436,8.887014031972228,8.776714544463294,8.57320107859267
004,2014-10-03 09:39:57,9.6,5,9.794500000000014,10.058315778662879,9.7825,9.878438592887631,9.846997535756309,9.803692067092435
004,2014-10-03 09:49:57,11.9,5,8.929500000000004,9.127219529906368,8.946,9.000906509968791,8.978770223345398,8.946569847043218
004,2014-10-03 09:59:57,13.8,5,10.431000000000004,11.021188289864188,10.597000000000001,10.683062763288063,10.623523917446844,10.510082990846433
004,2014-10-03 11:34:57,11.5,5,9.34,9.852812646675469,9.403500000000001,9.53210421555849,9.475850134044443,9.389261760135902
004,2014-10-03 11:44:57,10.5,5,8.680000000000005,9.730278264046971,8.573,8.99442608801566,8.865939457823984,8.675730639613029
004,2014-10-03 12:34:57,8.2,5,8.615000000000002,8.68125250011665,8.4305,8.575584166705552,8.55752572819744,8.492090478931303
004,2014-10-03 13:14:57,5.2,5,8.563500000000003,8.468519945847715,8.484,8.50533998194924,8.511965884513659,8.485229839620803
004,2014-10-03 13:19:57,5.2,5,8.666000000000007,8.349784345486988,8.713000000000001,8.576261448495666,8.61577383121662,8.501187754877048
004,2014-10-03 13:44:57,3.9,5,10.368000000000006,9.440637217919138,10.307,10.03854573930638,10.143289211585584,9.847472949701922
004,2014-10-03 13:49:57,3.5,5,9.939500000000004,9.795407854296293,9.689,9.807969284765433,9.810747789205823,9.739339703992705
004,2014-10-03 15:14:57,8.3,5,7.328500000000004,7.198032846385019,7.372000000000001,7.299510948795008,7.317163309308954,7.263368732013969
004,2014-10-03 15:34:57,8.9,5,7.5420000000000025,7.784937786365229,7.437,7.587979262121745,7.553765557567016,7.485643333951759
004,2014-10-03 15:39:57,9.0,5,8.294,7.579516618670775,8.2695,8.047672206223593,8.129631209628974,7.900626865996207
004,2014-10-03 15:44:57,9.1,5,8.505500000000007,7.558908403193058,8.591000000000001,8.21846946773102,8.333659094122442,8.00556731801729
004,2014-10-03 15:59:57,8.9,5,7.9105,7.538973663640794,8.097999999999999,7.849157887880264,7.90298871057888,7.732598669676807
004,2014-10-04 06:34:57,7.1,5,9.97900000000001,8.962014889222097,10.165999999999999,9.702338296407369,9.831421627611242,9.453209956384793
004,2014-10-04 08:39:58,22.2,5,9.815500000000004,7.818878449955286,9.5175,9.050626149985098,9.266807193245045,8.638014584050485
004,2014-10-04 09:19:58,22.2,5,13.076499999999994,9.569138502446917,13.097000000000001,11.91421283414897,12.324427863873499,11.188868292524232
004,2014-10-04 09:24:58,22.2,5,11.518000000000002,6.827650619051075,11.348000000000003,9.897883539683693,10.435404315969807,8.932511407410129
004,2014-10-04 09:39:58,22.2,5,10.935500000000008,9.039552234819052,11.485999999999999,10.487017411606352,10.738969747177793,9.979298894340744
004,2014-10-04 09:49:58,22.2,5,10.456499999999998,9.277632621196577,10.482000000000001,10.072044207065526,10.210964605523342,9.824257981995547
004,2014-10-04 09:54:58,22.2,5,11.249,9.590706366388693,10.916999999999998,10.58556878879623,10.760386427651515,10.242250803963955
004,2014-10-04 10:29:58,22.2,5,9.56750000000001,7.649437311058271,9.364999999999998,8.86064577035276,9.073012074326549,8.464886983658293
004,2014-10-04 10:44:58,22.2,5,8.485000000000003,8.845035893393604,8.3595,8.563178631131203,8.51415972948822,8.422254183873228
004,2014-10-04 10:49:58,22.2,5,9.610500000000005,9.046660867915342,9.598500000000001,9.41855362263845,9.483642791050643,9.302565974423949
004,2014-10-04 11:09:58,22.2,5,10.227500000000008,11.020989955070075,9.948500000000001,10.398996651690029,10.29082811326863,10.087551772095448
004,2014-10-04 11:29:58,22.2,5,9.549500000000002,9.784526904826572,9.469000000000001,9.601008968275524,9.569089830517754,9.509523387032022
004,2014-10-04 12:24:58,17.5,5,12.130000000000003,9.707495603346802,11.538999999999998,11.125498534448932,11.37494376671665,10.623183105489673
004,2014-10-04 12:29:58,17.9,5,9.442000000000005,9.678572412638363,9.557,9.55919080421279,9.538038715850025,9.485376073179204
004,2014-10-04 12:44:58,21.4,5,9.81300000000001,9.496199397609402,9.729999999999997,9.67973313253647,9.712034201445054,9.614001176809076
004,2014-10-04 12:49:58,22.2,5,10.787500000000001,10.66284484709437,10.5255,10.658614949031458,10.658482538401163,10.583091259622606
004,2014-10-04 12:59:58,22.2,5,8.959000000000014,9.347733859243775,8.6185,8.975077953081263,8.910672744729377,8.749813854952663
004,2014-10-04 13:24:58,22.2,5,8.799500000000009,10.592662766038162,8.585500000000001,9.325887588679391,9.104765972256098,8.770603709352123
004,2014-10-04 13:29:58,20.8,5,10.876999999999999,9.662854481438124,10.2655,10.268451493812707,10.375816686555295,10.014367159236137
004,2014-10-04 13:34:58,19.2,5,8.372000000000003,10.04885174717033,8.35,8.923617249056777,8.72681241986477,8.467872719183756
004,2014-10-04 13:59:58,13.8,5,11.107000000000003,10.056864415550734,11.318499999999998,10.827454805183578,10.961776422226679,10.56626068684505
004,2014-10-04 14:29:58,13.2,5,10.6615,12.174626424761867,10.559,11.131708808253954,10.949491715040008,10.690988197759745
004,2014-10-04 14:39:58,12.0,5,9.50650000000001,8.89989680549074,9.663,9.35646560183025,9.435977785614138,9.198230377727931
004,2014-10-04 15:09:58,9.8,5,9.440500000000004,7.570666030275087,9.251999999999999,8.754388676758364,8.961913966776757,8.368646782609018
004,2014-10-04 16:49:58,16.3,5,12.629500000000005,11.80622158563501,12.503,12.312907195211672,12.401843436234632,12.142745959343474
004,2014-10-04 16:59:58,17.5,5,8.456000000000003,9.015581176343499,8.274499999999998,8.582027058781167,8.506599189381884,8.367831714217026
004,2014-10-04 17:04:58,18.0,5,9.578499999999998,8.855044232223655,9.295500000000002,9.243014744074552,9.311545126856547,9.092217525611325
005,2014-10-01 12:00:12,8.0,5,9.615000000000006,8.54412170838844,9.392000000000001,9.183707236129484,9.296117643908541,8.96193887257445
005,2014-10-01 12:30:12,6.4,5,8.469500000000004,7.703008980416771,8.619000000000002,8.263836326805594,8.361604413544441,8.07423605623796
005,2014-10-01 12:50:12,5.2,5,10.049,9.247254973771163,10.243,9.846418324590388,9.95078996308672,9.6400328805689
005,2014-10-01 13:20:12,4.4,5,8.258999999999993,8.308350039442784,8.310500000000001,8.29261667981426,8.289744751557402,8.274414756865102
005,2014-10-01 13:30:12,4.4,5,8.016500000000008,8.441090660947108,7.9595,8.139030220315705,8.086317987104968,8.005291508878098
005,2014-10-01 14:00:00,9.8,5,9.294,9.137017529222387,9.231499999999997,9.22083917640746,9.235648422685573,9.188109671275354
005,2014-10-01 15:45:12,9.1,5,10.097000000000007,9.271121936182473,9.918,9.76204064539416,9.84834027318251,9.590957624424968
005,2014-10-01 16:10:12,10.4,5,8.562000000000005,9.527587521940799,8.561,8.883529173980268,8.770855732681905,8.62525738897666
005,2014-10-01 16:15:12,10.9,5,8.537500000000005,8.447669885877993,8.245,8.410056628626,8.404154647316568,8.318651838650773
005,2014-10-01 16:30:12,12.4,5,10.294,9.233901845022299,9.991,9.839633948340767,9.946307342932192,9.619491127974428
005,2014-10-01 16:35:12,12.8,5,9.962000000000012,8.013508225288918,9.823500000000001,9.26633607509631,9.48583512597878,8.864794765067675
005,2014-10-01 16:40:12,13.1,5,9.506500000000006,9.113418539594772,9.711,9.443639513198258,9.500936271153728,9.319005608621769
005,2014-10-01 16:50:12,13.6,5,9.1415,8.855335853386151,9.051,9.01594528446205,9.044253219406771,8.956455413376144
005,2014-10-01 17:15:12,13.5,5,8.571999999999997,8.951778344720513,8.699000000000002,8.740926114906838,8.703743731751874,8.627751427901805
005,2014-10-01 17:40:12,12.3,5,8.291500000000003,8.624844105386124,8.229500000000002,8.38194803512871,8.339597997374899,8.270798793506097
005,2014-10-01 17:45:12,12.0,5,8.241500000000004,8.751212318315632,8.0785,8.357070772771879,8.288495092586924,8.162793297463654
005,2014-10-01 18:40:12,7.2,5,9.043000000000001,10.046034961509196,9.250499999999999,9.4465116538364,9.341145937172563,9.159423565257487
005,2014-10-01 18:50:12,6.2,5,9.126000000000005,8.26290353300722,9.032499999999999,8.807134511002408,8.902562654029936,8.629032055822993
005,2014-10-01 18:55:12,5.9,5,8.514000000000005,8.908095538575171,8.041499999999997,8.487865179525059,8.415443103367249,8.214094532124246
005,2014-10-01 19:50:12,5.6,5,9.801000000000002,12.168625074489261,9.695500000000001,10.555041691496422,10.272995571122372,9.885008659857233
005,2014-10-01 20:00:12,5.8,5,8.729500000000003,8.802491521889243,8.756999999999998,8.76299717396308,8.756024001306178,8.740959966661459
005,2014-10-01 20:05:12,5.9,5,9.1905,9.11265775651387,9.229000000000001,9.177385918837956,9.188620600912145,9.153132687098566
005,2014-10-01 20:10:12,6.1,5,8.197000000000008,9.672344204215845,8.1305,8.666614734738618,8.490820091696254,8.248824493556437
005,2014-10-01 20:20:12,6.3,5,8.611500000000001,8.45156202926619,8.877,8.64668734308873,8.680208123795525,8.556901523869513
005,2014-10-01 20:35:12,7.0,5,7.655000000000001,8.955257214084716,7.898999999999998,8.169752404694906,8.0317652274306,7.799902027317213
005,2014-10-01 20:40:12,7.4,5,9.45600000000001,8.880358031910689,9.818,9.3847860106369,9.472194423312857,9.18886598137976
005,2014-10-01 20:45:12,7.7,5,9.63100000000001,8.53345756975551,9.669500000000001,9.277985856585174,9.408149198099862,9.044129703365078
005,2014-10-01 21:15:12,9.7,5,8.248500000000003,8.314122516374251,8.081,8.214540838791418,8.19750781535861,8.137278037133582
005,2014-10-01 21:25:12,10.2,5,9.489500000000007,8.839166263460953,9.538,9.288888754486987,9.367453660169042,9.144814401032892
005,2014-10-01 21:30:12,10.5,5,7.693,6.3111366092398065,7.7545,7.252878869746603,7.41749076920949,6.955649496176907
005,2014-10-01 21:40:12,11.2,5,10.01500000000001,9.059373339520102,10.119500000000002,9.731291113173372,9.848598440449793,9.51245911839883
005,2014-10-01 22:05:12,12.8,5,9.397500000000006,9.121517017546026,9.205500000000002,9.241505672515345,9.262942529629337,9.18335956680149
005,2014-10-01 22:10:12,13.0,5,10.329000000000002,9.092506886292009,10.0505,9.82400229543067,9.952620724375768,9.56778167264135
005,2014-10-01 22:20:12,13.2,5,8.76400000000001,7.5917269796350215,8.840000000000002,8.398575659878345,8.539554771764818,8.141320236426088
005,2014-10-02 09:55:12,7.9,5,11.144000000000004,10.683028957460097,11.338500000000002,11.055176319153368,11.11983114305129,10.918730978052103
005,2014-10-02 10:30:12,7.0,5,10.515500000000008,8.492760031969132,10.1665,9.72492001065638,9.94129145299128,9.306563364002947
005,2014-10-02 11:25:12,5.3,5,9.704000000000006,8.253679521658857,9.919000000000002,9.292226507219622,9.473418078884363,8.948022765322586
005,2014-10-02 11:30:12,5.1,5,8.560500000000003,9.230469180688212,8.673,8.821323060229405,8.749483479360915,8.63197599947047
005,2014-10-02 12:50:12,9.5,5,9.268000000000004,9.63407727636011,9.503999999999998,9.468692425453371,9.439211623381064,9.349107125917582
005,2014-10-02 13:20:12,10.0,5,9.749500000000005,10.8905627219736,10.011000000000001,10.217020907324537,10.098580681611908,9.888075703530252
005,2014-10-02 13:25:12,10.1,5,10.126500000000007,10.519790832945002,10.097000000000001,10.24776361098167,10.200241810254917,10.132192470069386
005,2014-10-02 13:30:12,10.2,5,8.610500000000002,8.87097954892034,8.640500000000001,8.70732651630678,8.678626417383448,8.634978980178829
005,2014-10-02 14:15:12,10.8,5,9.72800000000001,8.667926667870566,9.5665,9.320808889290191,9.435402884671117,9.101715355396692
005,2014-10-02 14:40:12,11.2,5,9.079000000000006,9.345667515424271,9.217500000000001,9.214055838474758,9.190709644254353,9.130031383775115
005,2014-10-02 15:20:12,11.2,5,8.17900000000001,7.274123818058251,8.162,7.871707939352753,7.976292620066756,7.685582041923523
005,2014-10-02 15:25:12,11.2,5,8.676499999999999,8.034986302565127,8.8235,8.511662100855043,8.594713965587832,8.348287229546163
005,2014-10-02 15:40:12,11.3,5,9.344000000000001,10.0177584318544,9.4565,9.606086143951467,9.533804618904355,9.415726947781422
005,2014-10-02 15:50:12,11.2,5,8.121500000000003,8.073765710690788,8.492,8.229088570230264,8.255402548538418,8.139859823413136
005,2014-10-02 16:25:12,11.9,5,9.689500000000008,10.354440131542987,9.424,9.822646710514332,9.730227019343943,9.550352813258103
005,2014-10-02 16:35:12,12.3,5,9.135000000000007,9.175778214546613,9.2005,9.170426071515541,9.16933783395135,9.150467396151633
005,2014-10-02 16:50:12,12.6,5,10.652500000000007,10.02760785953816,10.758500000000002,10.47953595317939,10.558353375050789,10.328366064303975
005,2014-10-02 17:05:12,12.8,5,14.460999999999997,16.495487157080202,14.560999999999996,15.172495719026733,14.940811077273374,14.619831237931756
005,2014-10-02 17:25:12,12.7,5,7.806500000000005,7.793638735011332,7.778,7.792712911670446,7.792617035486955,7.784397172682617
005,2014-10-02 17:45:12,11.8,5,11.446000000000005,12.317414962027838,11.561999999999998,11.775138320675948,11.679999903040496,11.53166032984152
005,2014-10-02 18:15:12,8.8,5,5.890499999999999,5.78185688696852,5.84,5.837452295656173,5.847295631220864,5.814747666418702
005,2014-10-02 18:30:00,7.7,5,10.226000000000003,9.28761034654715,10.302999999999999,9.938870115515718,10.052627171277264,9.729475881609126
005,2014-10-02 18:35:12,7.2,5,9.429500000000008,10.021743711206186,9.537,9.662747903735399,9.59969354044109,9.494623796589053
005,2014-10-02 18:45:12,6.9,5,10.103000000000005,9.12752926317735,10.406500000000003,9.87900975439245,10.009774807330553,9.613443024850996
005,2014-10-02 19:05:12,6.7,5,8.629500000000004,8.261362675667517,8.129,8.339954225222506,8.354864235050732,8.214361941128145
005,2014-10-02 20:15:12,9.0,5,7.577500000000006,8.170755306153628,7.781000000000001,7.843085102051212,7.785288413417672,7.66582156799794
005,2014-10-02 20:25:12,8.5,5,8.879500000000007,9.128539366606969,9.0015,9.003179788868993,8.98096564217519,8.92538833332561
005,2014-10-02 21:15:12,8.0,5,10.43950000000001,10.738478033412457,10.7865,10.654826011137489,10.639386665887486,10.53705146484474
005,2014-10-02 21:30:12,8.5,5,8.270000000000005,7.756174635263615,8.347,8.124391545087873,8.188631240394798,8.00226797801743
005,2014-10-02 22:05:12,9.0,5,11.708000000000006,9.758786587098594,11.750500000000002,11.0724288623662,11.302147433821075,10.66265137391046
005,2014-10-03 09:10:13,7.4,5,8.888000000000003,8.171760721916552,9.000999999999998,8.68692024063885,8.776783546203925,8.515473177463356
005,2014-10-03 09:25:13,7.2,5,9.633000000000006,12.106507541410448,9.6965,10.47866918047015,10.193737279308007,9.812111445614523
005,2014-10-03 09:55:13,7.8,5,10.409999999999998,9.164720759987693,10.5875,10.054073586662563,10.209251125855058,9.760054922158659
005,2014-10-03 10:05:13,8.1,5,8.593,8.397346748384638,8.607500000000002,8.53261558279488,8.556246766862662,8.489290296344691
005,2014-10-03 10:20:13,8.3,5,7.863499999999999,7.262542314272574,8.0505,7.725514104757525,7.806075738511261,7.561901649540154
005,2014-10-03 10:40:13,8.3,5,7.926000000000005,8.244640950780685,7.7675,7.979380316926897,7.933341466681484,7.837744145678311
005,2014-10-03 11:00:13,8.4,5,10.887000000000006,9.403901770850416,10.6805,10.323800590283474,10.485212565629025,10.017420744207307
005,2014-10-03 11:15:13,8.3,5,9.140000000000006,9.978448648257558,9.048000000000002,9.388816216085855,9.285875433821078,9.132051299739533
005,2014-10-03 12:20:13,8.7,5,8.588000000000005,7.599747457422802,8.596,8.261249152474269,8.3769580130115,8.056395601032207
005,2014-10-03 12:35:13,8.8,5,8.66050000000001,8.737063708059171,8.7335,8.71035456935306,8.705512606931892,8.683159564138379
005,2014-10-03 13:10:13,7.4,5,8.057500000000006,9.010291790852662,7.958499999999999,8.342097263617555,8.225428550446109,8.05229412641798
005,2014-10-03 13:15:13,7.4,5,9.368500000000006,8.25209538992396,9.536000000000001,9.05219846330799,9.191785260282124,8.786813930720392
005,2014-10-03 15:15:13,9.7,5,9.117000000000003,9.434541186636917,9.393,9.314847062212307,9.29326693065089,9.204530581194042
005,2014-10-03 15:35:13,10.4,5,9.38700000000001,9.034563189987288,9.324,9.248521063329099,9.286098347761628,9.17561154897879
005,2014-10-03 16:25:13,11.3,5,7.466500000000002,7.624164482465089,7.6225,7.571054827488363,7.561401704404766,7.514529057618831
005,2014-10-03 16:50:13,10.4,5,7.766000000000002,8.13485935101308,7.939499999999999,7.946786450337694,7.913481394755112,7.83223227288221
005,2014-10-03 17:25:13,10.7,5,8.306000000000004,8.630205606770108,8.313,8.416401868923371,8.378981417650062,8.32915757631799
005,2014-10-03 17:30:13,10.7,5,8.021499999999998,8.35407735515088,8.356,8.243859118383625,8.22380109494217,8.12388719847917
005,2014-10-03 17:50:13,11.0,5,7.545,8.619855772680554,7.843999999999999,8.002951924226851,7.894333348074497,7.688226518115075
005,2014-10-03 18:45:13,10.0,5,9.507000000000007,8.731567366680949,9.463000000000001,9.233855788893651,9.321831434392951,9.074138219688802
005,2014-10-03 19:25:13,9.9,5,7.824500000000004,8.040892360302347,7.912000000000003,7.925797453434118,7.9054590828623965,7.859913617899844
005,2014-10-03 21:05:13,14.1,5,9.237000000000005,10.271397992508165,9.565500000000002,9.691299330836058,9.589051281224714,9.384655041674453
005,2014-10-03 22:00:13,12.9,5,10.817000000000002,11.048253260554812,10.754499999999998,10.873251086851605,10.842780008899267,10.789192709672426
005,2014-10-03 22:15:13,11.8,5,9.041000000000007,8.75531242193083,8.915999999999999,8.90410414064361,8.930424615826121,8.84445764083631
005,2014-10-03 22:45:00,8.3,5,10.483500000000014,9.91315308474415,10.3205,10.239051028248054,10.296443743904364,10.120611394279077
005,2014-10-04 08:05:13,3.9,5,10.665500000000014,10.66344969898891,10.645999999999999,10.65831656632964,10.657463764470016,10.651657003194828
005,2014-10-04 08:40:13,7.8,5,7.773000000000007,7.834310613585103,7.536000000000001,7.714436871195037,7.694014996921064,7.613540420132272
005,2014-10-04 09:00:13,10.4,5,10.706000000000008,9.500384599770745,10.6925,10.299628199923584,10.439484385989171,10.051710137613792
005,2014-10-04 09:05:13,10.8,5,7.4165000000000045,7.894028142684114,7.197000000000002,7.502509380894707,7.434523574799899,7.296679250500765
005,2014-10-04 09:20:13,11.1,5,7.887000000000005,7.798928787168964,7.961,7.882309595722989,7.896725166321154,7.848344326999712
005,2014-10-04 09:35:13,10.8,5,7.404500000000001,7.797507966828136,7.3839999999999995,7.528669322276046,7.48168448044661,7.416383355557941
005,2014-10-04 09:45:13,10.5,5,8.059500000000007,7.71984271133645,7.815000000000002,7.864780903778819,7.890704346367219,7.793158904755556
005,2014-10-04 10:05:13,9.3,5,6.533999999999999,6.34829046135967,6.53,6.47076348711989,6.492198991838461,6.432560727697385
005,2014-10-04 10:15:13,8.5,5,7.6325000000000065,7.401164793856859,7.5405,7.524721597952289,7.546550783710586,7.476490937271022
005,2014-10-04 10:45:13,7.0,5,6.252500000000006,6.022207145346691,6.386,6.220235715115565,6.254570527021662,6.144282448367403
005,2014-10-04 11:00:13,6.2,5,5.861500000000007,5.860338807928102,5.9755,5.899112935976036,5.905631960849108,5.874438311195693
005,2014-10-04 11:15:14,5.3,5,6.488499999999999,3.8310319942304893,6.4265,5.582010664743496,5.888482054735913,5.035301347038553
005,2014-10-04 12:15:14,5.8,5,8.054500000000004,8.690597472580151,8.0785,8.274532490860052,8.201687716694169,8.102409114351115
005,2014-10-04 12:55:14,4.9,5,7.560000000000007,6.6902924872228136,7.617499999999999,7.289264162407606,7.393918820420464,7.098167612949803
005,2014-10-04 15:00:14,8.0,5,8.876000000000005,8.525740126964095,8.403500000000001,8.601746708988033,8.6161395539215,8.483571068769594
006,2014-10-01 21:55:06,8.2,5,9.033000000000008,8.4123636414538,9.001000000000001,8.81545454715127,8.886048104520919,8.687644443557511
006,2014-10-01 22:00:06,8.2,5,8.373000000000005,8.73455276523733,8.329500000000003,8.479017588412447,8.434413480352388,8.366931166540965
006,2014-10-01 22:10:06,7.8,5,8.797500000000005,8.479371211347603,8.479499999999998,8.585457070449202,8.604753884251176,8.517717944158015
006,2014-10-01 22:25:06,7.7,5,8.922500000000008,8.520426260959756,8.895000000000001,8.779308753653256,8.824663116624434,8.69645816426399
006,2014-10-01 23:15:06,13.5,5,8.593500000000006,8.032472021769657,8.756499999999999,8.460824007256553,8.535384684523212,8.310563650291268
006,2014-10-01 23:35:06,12.9,5,11.891500000000013,9.308993484493783,11.599999999999998,10.9334978281646,11.218375201673123,10.400503535018128
006,2014-10-02 00:20:06,10.3,5,8.843000000000007,7.574042338384465,8.936,8.451014112794825,8.604221591171934,8.170240869291618
006,2014-10-02 01:25:06,6.9,5,7.746,8.463760310081385,7.909,8.039586770027128,7.965001081712936,7.832808784566477
006,2014-10-02 02:10:06,7.3,5,9.358500000000001,9.67909322680005,9.246500000000001,9.428031075600018,9.384368363779641,9.302456467668168
006,2014-10-02 08:30:06,13.7,5,9.054500000000004,9.723804316897818,8.9655,9.247934772299274,9.164889453012034,9.037419359293438
006,2014-10-02 08:35:06,13.9,5,10.276000000000002,9.613379140792878,10.042500000000004,9.977293046930962,10.04150001673168,9.839365935534618
006,2014-10-02 08:40:06,14.3,5,9.873000000000003,8.9026060278419,9.986500000000001,9.587368675947301,9.70690229759015,9.363572055896714
006,2014-10-02 08:45:06,14.5,5,9.558999999999996,9.511380042642118,9.433,9.501126680880704,9.499625093329923,9.463034598907536
006,2014-10-02 09:10:06,15.3,5,8.023000000000001,8.103546322288672,8.1005,8.075682107429559,8.070627632669664,8.0470075733604
006,2014-10-02 09:20:06,15.1,5,10.938000000000006,9.421201306449825,11.062999999999999,10.474067102149943,10.65797241561328,10.135490061573453
006,2014-10-02 09:51:00,14.9,5,7.193500000000004,8.05623202456198,7.262500000000001,7.504077341520662,7.407319791062532,7.267260847517541
006,2014-10-02 10:05:07,14.1,5,8.182500000000006,7.667221429680981,8.168,8.005907143226995,8.065192653334815,7.899882838970625
006,2014-10-02 10:40:07,11.1,5,10.353000000000009,9.794128416144453,9.980999999999998,10.042709472048154,10.087060552816487,9.92508633932831
006,2014-10-02 11:35:07,7.5,5,8.392500000000004,8.303068268229511,8.435,8.37685608940984,8.389666450921125,8.34936319670431
006,2014-10-02 11:45:07,7.4,5,9.593,9.070936322438882,9.790500000000002,9.484812107479629,9.556760216222058,9.335165911682832
006,2014-10-02 11:55:07,6.9,5,9.940000000000003,9.688453679712646,9.9475,9.858651226570883,9.888409300450023,9.805337377688225
006,2014-10-02 15:25:07,4.8,5,11.04800000000001,12.076922231941762,10.683,11.269307410647258,11.128864475112193,10.864307238470166
006,2014-10-02 15:30:07,4.9,5,8.924000000000003,11.921060358794598,9.035000000000002,9.9600201195982,9.616685556999126,9.149229358633331
006,2014-10-02 16:15:07,5.9,5,6.8720000000000026,7.931772335623665,6.8069999999999995,7.203590778541223,7.076348695596815,6.897337617927814
006,2014-10-02 16:20:07,5.9,5,7.521000000000008,9.034945312906201,7.5955,8.050481770968737,7.878080539439827,7.639213533806696
006,2014-10-02 16:30:07,5.7,5,7.217000000000006,8.944968939707271,7.257999999999999,7.806656313235759,7.6074174099733165,7.341315862066646
006,2014-10-02 17:20:07,6.1,5,7.9215000000000035,8.565160211183024,8.104,8.196886737061009,8.13203534841795,8.008099843868784
006,2014-10-02 17:25:07,6.1,5,9.419,9.403745545202934,9.1055,9.30941518173431,9.293639441006171,9.19980539867944
006,2014-10-02 18:45:07,5.0,5,6.983000000000004,7.853581133043551,7.108,7.314860377681185,7.2203231782970025,7.070773618741786
006,2014-10-02 19:15:07,4.8,5,7.007500000000002,8.136127659261899,6.993499999999999,7.3790425530873,7.246625622733187,7.072585494559219
006,2014-10-02 19:20:07,4.8,5,7.700000000000004,8.643956177435117,7.849500000000002,8.064485392478375,7.962762300509266,7.798536147916269
006,2014-10-02 19:40:07,4.7,5,7.830000000000001,8.813853059861964,7.835999999999999,8.159951019953988,8.045539225640047,7.8966026802659215
006,2014-10-02 20:10:07,4.8,5,7.416500000000003,8.268483480611037,7.796,7.826994493537014,7.748877450419016,7.564362617949248
006,2014-10-02 20:40:07,4.3,5,7.28,8.485858169659416,6.9270000000000005,7.564286056553139,7.403878861708421,7.116304553111657
006,2014-10-02 21:10:07,4.3,5,7.142499999999997,9.269445696271214,7.048000000000001,7.819981898757071,7.566622417398695,7.218158874712907
006,2014-10-02 21:20:07,4.4,5,6.6655,6.767050552896339,6.944,6.792183517632112,6.795934582242165,6.717747458395883
006,2014-10-02 21:25:07,4.7,5,6.667499999999998,7.482140067820957,6.680499999999999,6.943380022606984,6.849095684984882,6.724582938946687
006,2014-10-03 09:10:07,8.9,5,9.635000000000002,9.384509469810208,9.582,9.533836489936737,9.560083641486322,9.481956182056475
006,2014-10-03 09:35:07,11.3,5,11.491000000000003,10.408383111495699,11.621000000000002,11.173461037165234,11.307007271748697,10.923059825717054
006,2014-10-03 10:10:07,14.5,5,10.600500000000004,10.153197037848498,10.636,10.463232345949502,10.517389614311202,10.36367822892566
006,2014-10-03 10:55:07,14.7,5,11.606000000000003,8.71117577352343,11.4595,10.592225257841143,10.921648043863646,9.99610298440528
006,2014-10-03 11:40:07,9.2,5,9.051500000000004,9.297854183529752,9.2085,9.18595139450992,9.166010298733687,9.105643599263958
006,2014-10-03 11:50:07,9.3,5,9.034000000000006,9.531575120569839,9.0285,9.198025040189949,9.139684372501058,9.063157821970364
006,2014-10-03 12:10:07,10.4,5,8.055500000000006,8.600257627151608,7.9110000000000005,8.188919209050539,8.11729209330494,7.991878436873742
006,2014-10-03 13:35:07,10.0,5,9.826500000000005,8.584363860798344,9.754500000000002,9.388454620266117,9.529294465295497,9.132597898519093
006,2014-10-03 13:40:07,9.7,5,9.829500000000003,9.803833389238283,9.779499999999999,9.804277796412762,9.804471497193715,9.790134653411108
006,2014-10-03 13:50:07,9.0,5,10.086500000000006,9.05035310819148,9.920000000000002,9.685617702730497,9.797141151099677,9.471405434935185
006,2014-10-03 14:05:07,8.0,5,8.032000000000002,8.620277468649899,7.919499999999999,8.190592489549966,8.11568149687292,7.993339241755386
006,2014-10-03 14:15:07,7.5,5,9.09650000000001,8.407954814837224,8.915000000000001,8.806484938279077,8.876627303066154,8.66361271989183
006,2014-10-03 17:00:07,10.4,5,11.95350000000001,10.56418905138423,11.9495,11.48906301712808,11.650875766107168,11.203455799900045
006,2014-10-03 17:25:07,12.1,5,6.985,7.739437296372764,7.062500000000001,7.262312432124255,7.178661374567163,7.053636919449213
006,2014-10-03 17:30:07,12.1,5,8.162500000000003,8.8299406274103,8.474,8.488813542470101,8.42841216037455,8.281756716075117
006,2014-10-03 17:40:07,11.9,5,8.521000000000003,8.836682964107073,8.406,8.587894321369026,8.544636309117866,8.46256140595062
006,2014-10-03 18:25:07,10.5,5,8.171,8.263377368609593,8.019,8.15112578953653,8.131840265531006,8.07224425688833
006,2014-10-03 18:30:07,10.4,5,7.005000000000003,7.529197051347482,6.7935,7.109232350449162,7.036251474049389,6.893789623485986
006,2014-10-03 18:50:07,9.9,5,10.548500000000011,10.083198765662537,10.491499999999998,10.374399588554182,10.42547634305522,10.27833467542257
006,2014-10-03 18:55:07,9.8,5,10.5195,10.80259802876743,10.749500000000001,10.690532676255811,10.670393848750884,10.593666038841508
006,2014-10-03 19:15:07,9.3,5,8.509500000000003,7.626077852869053,8.3835,8.173025950956351,8.269004814304713,7.990505651241587
006,2014-10-03 19:20:07,9.3,5,7.8539999999999965,8.592548701290927,7.931500000000001,8.126016233763641,8.044218279047966,7.921584675635238
006,2014-10-03 21:15:07,11.0,5,7.897500000000001,8.745928517643268,8.0535,8.232309505881089,8.142091877896682,7.991275845121917
006,2014-10-03 21:45:07,11.4,5,9.434,8.929180126417801,9.575,9.312726708805934,9.379499856611258,9.178735830606975
006,2014-10-03 22:05:07,10.3,5,8.995000000000003,9.471859919929612,9.283500000000002,9.250119973309872,9.210658292947054,9.096093500884061
006,2014-10-03 22:15:07,9.9,5,10.678000000000015,10.071905359926351,10.774000000000001,10.50796845330879,10.584033539409345,10.362805959352768
006,2014-10-03 22:20:07,9.8,5,12.508500000000012,10.07070494810207,12.522,11.70040164936736,11.985480092607347,11.196410664566944
006,2014-10-04 10:50:07,11.5,5,8.577500000000008,9.26316630309401,8.377000000000002,8.73922210103134,8.648024864041481,8.484572678186753
006,2014-10-04 11:00:07,12.0,5,9.409500000000007,7.470473091382275,9.345500000000001,8.741824363794095,8.964391252406825,8.342778354671553
006,2014-10-04 11:35:07,11.8,5,8.915000000000006,9.198516041975557,8.805,8.972838680658521,8.933612311109393,8.857880895949705
006,2014-10-04 12:10:07,10.3,5,6.785000000000001,7.623754249670356,6.842000000000001,7.083584749890119,6.988951794209257,6.854281539626573
006,2014-10-04 12:20:07,9.9,5,6.507500000000002,6.863451412986422,6.311,6.560650470995475,6.508132199353725,6.395496691781439
006,2014-10-04 12:25:07,9.7,5,8.690000000000003,9.898504007181767,8.5135,9.034001335727256,8.883168925403464,8.648257299225243
006,2014-10-04 12:40:07,8.8,5,8.0685,7.68793107749223,7.9165,7.890977025830743,7.92685170393203,7.811628091930547
006,2014-10-04 13:15:07,6.2,5,7.476999999999996,7.5235257164524505,7.236000000000001,7.412175238817483,7.3932537562319665,7.313801439690511
006,2014-10-04 13:40:07,8.2,5,10.892000000000001,11.662853364632504,10.8005,11.118451121544169,11.02342204348389,10.879919688983742
006,2014-10-04 13:50:07,8.8,5,10.299500000000007,9.316034510231079,10.783500000000002,10.133011503410364,10.274816349398863,9.827111189875922
006,2014-10-04 14:15:07,7.8,5,10.239500000000003,10.450164023987693,10.075,10.254888007995898,10.221106636811266,10.13995348109087
006,2014-10-04 14:25:07,7.3,5,6.098499999999998,7.156145364519227,6.125,6.459881788173075,6.338011450039396,6.17492906068729
006,2014-10-04 15:15:07,5.1,5,6.743000000000002,6.640186562979706,6.712999999999997,6.698728854326569,6.709040195876935,6.677373812825696
006,2014-10-04 15:20:07,4.7,5,6.787500000000001,7.509525555871014,6.676999999999998,6.991341851957006,6.900943678081499,6.759076805959539
006,2014-10-04 15:25:07,4.3,5,8.297000000000004,8.360009478373257,8.176000000000002,8.277669826124422,8.263545398287315,8.21768801499471
006,2014-10-04 15:30:07,4.0,5,5.8725,7.711030581056635,5.882000000000001,6.488510193685546,6.274612487095796,5.99654817084736
006,2014-10-04 16:00:08,3.7,5,7.386999999999997,7.647624186464771,7.2139999999999995,7.416208062154922,7.376123817200913,7.284897520918628
006,2014-10-04 16:15:08,3.7,5,7.969000000000001,8.175696165162947,8.176,8.106898721720983,8.094382802429477,8.03252741635747
006,2014-10-04 16:20:00,3.2,5,8.816500000000005,9.59263227918271,8.6965,9.03521075972757,8.937970098080212,8.785105499785594
006,2014-10-04 16:30:08,4.2,5,9.286500000000007,11.030894320098794,9.4595,9.925631440032932,9.73186835786519,9.44370847380986
006,2014-10-04 18:40:08,5.0,5,8.69,7.338142758242907,8.687000000000001,8.238380919414302,8.395881401290643,7.960479821345504
006,2014-10-04 19:10:08,4.8,5,7.686000000000004,8.089628479189516,7.774999999999999,7.850209493063173,7.808117580087995,7.734175002862452
006,2014-10-04 19:50:08,3.9,5,7.3805000000000005,8.439718712832969,7.81,7.876739570944323,7.777252295916777,7.55413433276313
006,2014-10-04 19:55:08,3.9,5,8.7875,8.45543600066412,8.616,8.619645333554706,8.648770903099681,8.550122857232246
006,2014-10-04 20:10:08,3.9,5,6.342500000000001,7.164132439363555,6.279,6.595210813121185,6.495827220698835,6.353101415931809
006,2014-10-04 20:15:08,3.9,5,5.988999999999999,6.976860025002991,6.144000000000001,6.369953341667664,6.263417680159391,6.091768940694825
006,2014-10-04 20:55:08,4.4,5,9.1185,7.198205448035342,9.1975,8.504735149345114,8.733124754900707,8.093078246305726
006,2014-10-04 21:45:08,7.0,5,8.911,8.561675383116652,9.010000000000002,8.827558461038885,8.873844190124906,8.734532887800082
007,2014-10-01 11:54:59,4.0,5,7.793000000000009,7.730150580728092,7.821499999999999,7.781550193576034,7.790476283092188,7.762522292329935
007,2014-10-01 12:49:59,8.7,5,7.822000000000004,7.497296321127906,7.728,7.6824321070426365,7.715038958905996,7.614994473126988
007,2014-10-01 13:29:59,7.1,5,10.003000000000004,9.438763821660434,9.921999999999999,9.78792127388681,9.849192996017418,9.671342833345086
007,2014-10-01 14:44:59,5.2,5,7.223000000000004,7.312267825667589,7.272,7.269089275222531,7.261421704274382,7.240718217312052
007,2014-10-01 15:09:59,6.1,5,8.2785,8.4095760687804,8.2985,8.328858689593465,8.314691084470624,8.29199960279491
007,2014-10-01 15:14:59,6.2,5,9.09500000000001,8.252656675092746,9.193,8.846885558364251,8.950616559312813,8.652732624541219
007,2014-10-01 15:59:59,7.2,5,7.807999999999998,8.346343158679748,7.824999999999999,7.993114386226581,7.931278821049961,7.847748582822866
007,2014-10-01 16:14:59,7.5,5,7.725500000000002,8.499664578395002,7.583499999999999,7.936221526131668,7.837978437783768,7.678796118236537
007,2014-10-01 16:20:00,7.2,5,8.171,8.381272816785492,8.202,8.25142427226183,8.228635831494218,8.192394916669478
007,2014-10-01 16:49:59,8.2,5,9.419499999999998,8.810412567461723,9.040000000000001,9.089970855820575,9.139758688298214,8.961970335231355
007,2014-10-01 16:59:59,8.0,5,11.061000000000003,8.876337845467331,10.879000000000001,10.272112615155779,10.516720610188564,9.82170465821218
007,2014-10-01 17:09:59,7.8,5,7.849000000000005,9.380533438979437,7.773500000000001,8.334344479659814,8.151492461656977,7.898336083350762
007,2014-10-01 17:34:59,9.3,5,8.801500000000003,8.129724401553531,8.694500000000001,8.541908133851178,8.614266379447693,8.403032727111176
007,2014-10-01 19:04:59,9.5,5,8.0395,8.226810025445436,7.9719999999999995,8.079436675148479,8.053810758762667,8.005332721018503
007,2014-10-01 19:14:59,9.3,5,8.226999999999999,8.471168618363674,8.665999999999999,8.45472287278789,8.450827677046545,8.32518337466806
007,2014-10-01 19:24:59,9.1,5,8.491000000000005,8.120864076825367,8.4395,8.350454692275123,8.390740201126633,8.273991926644188
007,2014-10-01 19:29:59,9.0,5,7.713999999999999,7.9710085164257,7.682,7.789002838808567,7.757235790776102,7.708942094268357
007,2014-10-01 19:34:59,9.0,5,7.7925,8.305439290564081,7.7075,7.935146430188027,7.8705621071041065,7.7678237033307855
007,2014-10-01 19:44:59,8.9,5,8.004000000000003,8.165571009771252,8.103500000000002,8.091023669923752,8.077751125909685,8.038674346561777
007,2014-10-01 19:49:59,8.8,5,7.6560000000000095,7.598933813341291,7.6865000000000006,7.647144604447099,7.655508182595836,7.628876766126091
007,2014-10-01 20:19:59,8.4,5,7.781000000000003,7.789487488725741,7.769,7.779829162908581,7.77816730130334,7.773282603906109
007,2014-10-01 20:34:59,8.3,5,8.610500000000004,7.954297856208184,8.8525,8.472432618736063,8.562517273316656,8.285675204744788
007,2014-10-01 22:09:59,10.1,5,8.62,8.528320546488903,8.622,8.590106848829635,8.600911508672688,8.570833117496088
007,2014-10-01 22:39:59,10.6,5,10.0545,8.71005639464156,10.482000000000001,9.748852131547187,9.929594419880846,9.380862304003161
007,2014-10-01 22:44:59,10.6,5,8.595500000000001,7.85969941360089,8.574,8.343066471200297,8.427679711008096,8.191661443474366
007,2014-10-01 22:59:59,10.7,5,8.40800000000001,7.452536695798907,8.3615,8.074012231932972,8.182845044742791,7.877270283422075
007,2014-10-01 23:24:59,11.1,5,7.843499999999999,7.007792065339864,7.826499999999999,7.559264021779954,7.6557815401732325,7.387355898253479
007,2014-10-01 23:40:00,11.2,5,7.765000000000007,7.124231542356664,7.863500000000001,7.584243847452224,7.66449296690007,7.4314181538186865
007,2014-10-02 08:04:59,8.5,5,8.168999999999999,7.696889822235403,8.1345,8.000129940745135,8.053260749016765,7.9028314619330935
007,2014-10-02 08:34:59,10.5,5,6.769500000000002,7.177142188279745,6.780000000000001,6.908880729426582,6.861924973177008,6.799026586966086
007,2014-10-02 08:39:59,11.2,5,8.055000000000001,8.144284199351892,8.0325,8.077261399783964,8.065588173876778,8.045388920802733
007,2014-10-02 08:49:59,12.5,5,11.20900000000001,10.442776258659629,11.465,11.038925419553214,11.142625953953013,10.826551778729753
007,2014-10-02 09:24:59,12.2,5,8.905500000000002,8.067762857070829,8.8355,8.602920952356943,8.696707328167307,8.43020461020333
007,2014-10-02 09:34:59,11.3,5,8.875000000000005,8.084033225314187,8.6235,8.527511075104732,8.605679222374887,8.363069185129941
007,2014-10-02 09:39:59,10.9,5,8.81200000000001,8.454659906973776,8.682,8.649553302324597,8.68395070028064,8.575141481786833
007,2014-10-02 09:49:59,10.2,5,8.578500000000002,7.417458814435445,8.711,8.235652938145149,8.37848586854793,7.9685954637284135
007,2014-10-02 10:04:59,9.3,5,8.43700000000001,7.959449879828135,8.533,8.309816626609383,8.370889435932053,8.191076905995594
007,2014-10-02 10:14:59,8.7,5,9.273500000000007,8.238568246907915,9.361500000000001,8.95785608230264,9.083488901158308,8.726259430254
007,2014-10-02 10:54:59,6.4,5,7.991500000000006,8.54180117129534,8.056499999999998,8.196600390431781,8.136057979203182,8.043605907047352
007,2014-10-02 11:50:00,6.7,5,7.264000000000013,7.742526594481299,7.565,7.5238421981604375,7.484886087335096,7.368215698614973
007,2014-10-02 11:54:59,5.2,5,8.177000000000007,8.754386678622012,8.217,8.382795559540673,8.317694227385243,8.224876041714968
007,2014-10-02 11:59:59,5.3,5,9.251000000000003,8.759415837141272,9.184000000000001,9.064805279047091,9.118387473589063,8.963264024579512
007,2014-10-02 12:14:59,5.5,5,7.591500000000004,8.175126709174982,7.7445,7.837042236391663,7.777540720625355,7.667016148502972
007,2014-10-02 12:44:59,5.1,5,8.810500000000005,8.384037208003829,9.0135,8.736012402667944,8.79711846427978,8.604838374727272
007,2014-10-02 12:49:59,5.2,5,8.298500000000008,8.941255309160654,8.3605,8.533418436386889,8.461925016661551,8.35600597125675
007,2014-10-02 13:09:59,6.2,5,7.807500000000005,8.162893826073107,7.8685,7.946297942024372,7.9082637849565645,7.845734120701186
007,2014-10-02 13:59:59,5.9,5,8.114999999999998,7.997998705698393,8.088,8.06699956856613,8.079133643508333,8.042750301811537
007,2014-10-02 14:24:59,5.6,5,7.966999999999995,7.935621129412845,7.9505,7.951040376470947,7.95377618452213,7.944468580460008
007,2014-10-02 14:29:59,5.6,5,7.777000000000002,7.927703363500355,7.690500000000001,7.798401121166786,7.7759807443080025,7.727299200060049
007,2014-10-02 14:49:59,5.5,5,7.508499999999997,8.383554075875077,7.559999999999999,7.817351358625024,7.718176737260224,7.57886034420136
007,2014-10-02 15:09:59,6.2,5,8.051999999999998,8.240580129473061,8.210999999999999,8.167860043157686,8.154769186349363,8.102799325165982
007,2014-10-02 15:54:59,9.3,5,7.8275000000000015,8.175383645252603,7.6865000000000006,7.8964612150842015,7.847991697596158,7.7532550414306645
007,2014-10-02 16:34:59,8.5,5,7.621,7.6521707577726765,7.463000000000001,7.578723585924226,7.566240671940037,7.514051020071495
007,2014-10-02 16:59:59,7.5,5,8.921000000000006,8.353690488542512,8.779499999999999,8.684730162847506,8.742972546446481,8.567073534738526
007,2014-10-02 17:10:00,3.5,5,7.393500000000014,7.238830850868229,7.396999999999999,7.343110283622747,7.3613454897418125,7.310567275682724
007,2014-10-02 17:29:59,5.9,5,7.056500000000005,7.68510793113591,7.2325,7.324702643711972,7.261242840802195,7.140536839785105
007,2014-10-02 17:44:59,5.4,5,8.530500000000007,8.569661155717975,8.2455,8.448553718572661,8.428027328871348,8.336455575864258
007,2014-10-02 17:54:59,5.1,5,8.895500000000009,7.960277703371402,8.882000000000001,8.579259234457137,8.687579200611447,8.386921415437387
007,2014-10-02 18:19:59,4.8,5,7.3969999999999985,7.563340565235008,7.3755,7.445280188411669,7.424675797406796,7.3931820410428255
007,2014-10-02 18:39:59,4.7,5,7.714499999999999,7.754097762964923,7.8854999999999995,7.784699254321641,7.789656318167968,7.7422979549736635
007,2014-10-03 06:50:00,8.4,5,8.140500000000001,7.477678744113686,8.003999999999998,7.874059581371228,7.9437215780738715,7.736807078820406
007,2014-10-03 07:15:00,9.3,5,7.342500000000006,8.05267495153352,7.432500000000001,7.609224983844509,7.531436243598908,7.411217405418509
007,2014-10-03 07:50:00,10.1,5,8.863000000000007,8.13323513046577,9.088000000000001,8.694745043488593,8.792457453400116,8.496510510879514
007,2014-10-03 07:55:00,9.9,5,8.326000000000004,7.660168538804543,8.1995,8.06188951293485,8.132462557288237,7.9240920461343824
007,2014-10-03 08:20:00,7.2,5,7.633500000000003,8.20241441988364,7.702000000000001,7.845971473294548,7.783454167674002,7.6876819043285485
007,2014-10-03 08:25:00,6.6,5,7.680000000000003,7.935573820780041,7.470999999999999,7.695524606926681,7.654013519458068,7.552724578856763
007,2014-10-03 08:50:00,5.4,5,7.930000000000002,7.582311406858672,7.895,7.8024371356195585,7.8410285309871695,7.730710256761022
007,2014-10-03 09:35:00,6.4,5,8.038500000000004,7.039550707262162,8.131,7.736350235754055,7.8580383679992485,7.511185327145279
007,2014-10-03 09:40:00,6.9,5,8.090000000000002,7.9289368588962725,8.1065,8.041812286298759,8.061521183826365,8.005168416760505
007,2014-10-03 09:45:00,7.4,5,7.819000000000005,7.304070551878528,7.7905000000000015,7.637856850626179,7.696317692135887,7.5318009981561875
007,2014-10-03 10:15:00,8.9,5,7.9365000000000006,8.158345302796102,8.0,8.031615100932035,8.009296833687614,7.966492052141691
007,2014-10-03 10:55:00,8.5,5,8.938500000000003,8.13494755115374,9.033000000000001,8.702149183717914,8.80115997820471,8.516720075601562
007,2014-10-03 11:00:00,8.5,5,8.158499999999997,8.263277749345303,7.937500000000001,8.119759249781767,8.09516370269998,8.012958412403805
007,2014-10-03 11:05:00,8.5,5,7.505999999999999,7.845575418160754,7.457499999999999,7.603025139386918,7.560704289256331,7.4950258986903515
007,2014-10-03 11:30:00,8.5,5,8.292999999999996,8.049557801099793,8.170499999999999,8.17101926703326,8.19255261220332,8.120074900390282
007,2014-10-03 11:35:00,8.5,5,7.729499999999999,8.001063904138334,7.7604999999999995,7.830354634712777,7.800417752717851,7.754954002270598
007,2014-10-03 12:25:00,16.9,5,8.580500000000002,7.715734615572402,8.542,8.279411538524135,8.378114133133739,8.101371898150797
007,2014-10-03 12:35:00,18.3,5,7.843500000000003,8.44544540471581,7.98,8.089648468238606,8.02708648334926,7.91625372670017
007,2014-10-03 12:55:00,19.0,5,9.508000000000008,7.990122627343866,9.582500000000003,9.026874209114625,9.208077509915439,8.69890013399926
007,2014-10-03 13:10:00,18.9,5,7.544500000000002,7.689222278056523,7.5550000000000015,7.596240759352175,7.579949616946075,7.556614358403536
007,2014-10-03 13:15:00,18.8,5,9.094999999999999,7.952237283828931,9.188500000000001,8.74524576127631,8.88376299432884,8.490305152744792
007,2014-10-03 13:25:00,18.4,5,7.326000000000002,7.128366275660621,7.287999999999999,7.247455425220207,7.268377780848131,7.206550708588819
007,2014-10-03 13:45:00,17.4,5,8.8565,7.70908456570883,8.607,8.390861521902943,8.510714628098983,8.153165128452338
007,2014-10-03 14:25:00,15.5,5,7.908000000000003,7.236312965408898,7.887500000000001,7.677270988469634,7.754462596616466,7.539052103796395
007,2014-10-03 21:00:00,5.0,5,6.988999999999999,6.809629390891736,7.109500000000001,6.969376463630579,6.997044209081777,6.906676995940648
007,2014-10-03 21:55:00,6.9,5,7.54,7.920838356642067,7.690500000000002,7.717112785547357,7.6811226884154955,7.601483850124468
007,2014-10-03 22:45:00,8.4,5,9.097500000000002,8.707680582026121,8.976,8.927060194008709,8.96572165805294,8.846034860051617
007,2014-10-03 22:50:00,8.4,5,7.556499999999994,7.383277133695271,7.3069999999999995,7.415592377898421,7.421824424049505,7.351505256202896
007,2014-10-03 23:30:00,9.2,5,7.322499999999999,7.771278853657432,7.524499999999998,7.539426284552476,7.498396035379743,7.400892000084957
007,2014-10-03 23:35:00,9.2,5,7.926000000000004,7.689506470230993,7.882000000000001,7.832502156743666,7.857620791978968,7.7835653955363036
007,2014-10-03 23:45:00,9.2,5,7.960500000000001,8.199206669299947,7.986999999999999,8.048902223099981,8.022545529517062,7.982693732036189
007,2014-10-04 00:00:00,9.2,5,8.046999999999997,7.923862030790656,8.192,8.054287343596885,8.076768532358523,7.997895107597925
007,2014-10-04 00:10:00,9.2,5,8.2145,8.319925799826603,8.208999999999998,8.247808599942198,8.235204702357036,8.21768719997512
007,2014-10-04 00:15:00,9.2,5,7.843000000000007,7.889180687805283,7.784999999999999,7.83906022926843,7.830426335780079,7.806040836228668
007,2014-10-04 00:20:00,9.3,5,8.28700000000001,8.580237166312916,8.539000000000001,8.468745722104309,8.448656278403663,8.36713832011096
007,2014-10-04 00:40:00,9.8,5,8.716500000000003,7.134889771168747,8.7475,8.199629923722917,8.385830606676882,7.867879577648592
007,2014-10-04 01:15:00,11.9,5,8.688000000000002,8.301348195292364,8.8075,8.598949398430788,8.650736561982995,8.493856910071978
007,2014-10-04 01:50:00,13.3,5,8.685500000000001,7.903636886492916,8.649999999999999,8.413045628830972,8.502247237427536,8.252068976885255
007,2014-10-04 02:05:00,13.0,5,8.602500000000003,8.021762016235991,8.7195,8.447920672078665,8.52220431101119,8.303468970110217
007,2014-10-04 02:15:00,12.8,5,7.986499999999994,8.242947539009236,8.034999999999998,8.088149179669742,8.060955272215228,8.015169448354712
007,2014-10-04 02:35:00,12.4,5,7.0729999999999995,6.862709641058028,7.049499999999999,6.995069880352676,7.018280340360753,6.9516705496318
007,2014-10-04 08:35:00,8.2,5,7.809000000000001,7.645020200889446,7.853500000000001,7.769173400296483,7.790790370833401,7.72592819229429
007,2014-10-04 09:00:00,9.9,5,7.548999999999999,7.894891976688892,7.7860000000000005,7.743297325562963,7.71622675175184,7.629011272595082
007,2014-10-04 09:20:00,9.9,5,8.07150000000001,8.459805727834919,8.3015,8.277601909278308,8.24519260190548,8.152633561769495
007,2014-10-04 09:30:00,10.9,5,7.5159999999999965,7.438852015490056,7.53,7.494950671830018,7.50473246906258,7.47609173054313
007,2014-10-04 09:35:01,9.0,5,8.505500000000005,8.247182355542769,8.4675,8.406727451847592,8.434727434176903,8.353348944283557
007,2014-10-04 10:05:01,8.7,5,6.962500000000001,7.539434609063255,7.066999999999999,7.1896448696877515,7.128208033077511,7.025887093696738
007,2014-10-04 10:10:01,8.9,5,7.9340000000000055,8.145839697346975,8.039,8.039613232448993,8.02078578119737,7.973328659524515
007,2014-10-04 10:15:01,9.0,5,7.416000000000004,7.75081828660439,7.499999999999999,7.555606095534798,7.521259602413197,7.458413226316166
007,2014-10-04 10:35:01,8.3,5,7.326499999999997,7.49038087832784,7.406000000000001,7.407626959442612,7.392965084383578,7.356508408839891
007,2014-10-04 11:25:01,5.0,5,6.821000000000002,7.886418741564887,6.807,7.171472913854963,7.046428103212123,6.881899398035767
007,2014-10-04 11:55:01,4.5,5,6.9929999999999986,7.275673899178324,6.977499999999999,7.0820579663927745,7.048221480147745,7.001026120056506
007,2014-10-04 12:00:01,4.6,5,8.845999999999997,8.06324915452851,8.627500000000001,8.51224971817617,8.59130751578687,8.349740160994205
007,2014-10-04 12:20:01,5.2,5,7.722999999999998,7.9063768865979664,7.756499999999999,7.795292295532654,7.775780745275986,7.743216061109283
007,2014-10-04 12:25:01,5.4,5,7.711000000000006,7.955025038498758,7.689499999999999,7.78517501283292,7.755510203496686,7.71232680091697
007,2014-10-04 12:30:00,4.4,5,8.704000000000006,7.694866653303442,8.7725,8.39045555110115,8.511987545313604,8.168341682704138
007,2014-10-04 12:45:01,7.0,5,8.631999999999998,8.149563104752092,8.6295,8.470354368250696,8.526481477978926,8.371169337290231
007,2014-10-04 13:10:01,8.7,5,8.701000000000004,8.4392884492539,8.5935,8.577929483084633,8.602433547716691,8.523340478489395
007,2014-10-04 14:15:01,8.0,5,8.61950000000001,8.858475362730486,8.794500000000001,8.757491787576832,8.739419226974217,8.677491947540222
007,2014-10-04 14:20:01,7.8,5,10.283500000000005,8.417088581442608,10.361999999999998,9.687529527147538,9.909606690384258,9.287055664834185
007,2014-10-04 14:35:01,7.3,5,8.291000000000004,7.808182617295102,8.325000000000001,8.141394205765037,8.199609562096441,8.034861501518606
007,2014-10-04 14:40:01,7.2,5,9.229000000000003,8.838813830500497,9.288999999999998,9.118937943500166,9.167805535546531,9.025872798842142
007,2014-10-04 15:15:01,6.9,5,7.717000000000002,7.53445265450669,7.698,7.649817551502231,7.670044299888107,7.612154100995395
007,2014-10-04 15:20:01,7.0,5,7.653500000000001,8.008920456825852,7.576999999999999,7.746473485608617,7.700736712415939,7.624256444244761
007,2014-10-04 15:50:01,8.7,5,7.920499999999995,8.038146915962331,8.059,8.005882305320775,7.999916533653167,7.959118995745363
007,2014-10-04 16:45:01,9.3,5,8.291999999999994,8.065348807013287,8.1785,8.178616269004428,8.198695230186512,8.13118976658524
007,2014-10-04 18:10:01,6.7,5,8.386500000000003,8.254360358039808,8.274999999999999,8.30528678601327,8.31445476271757,8.27730222054992
007,2014-10-04 18:25:01,6.5,5,8.606000000000002,7.342689922886382,8.562999999999999,8.170563307628795,8.315496587042173,7.910568211653109
007,2014-10-04 19:25:01,6.3,5,8.0765,7.641471737332251,8.075,7.930990579110751,7.981644368726473,7.841557936930179
007,2014-10-04 19:35:01,6.7,5,9.451000000000011,8.516238202946282,9.414000000000001,9.127079400982097,9.234029742326591,8.934662823526672
007,2014-10-04 20:05:01,7.2,5,8.457500000000003,9.103567905446685,8.608,8.723022635148896,8.656098548700413,8.536549037642628
007,2014-10-04 20:10:01,7.2,5,9.551000000000002,7.3502801906661945,9.620499999999998,8.84059339688873,9.101157316394186,8.37333043458732
007,2014-10-04 20:30:01,7.4,5,7.690500000000009,8.31927657903511,7.320500000000001,7.776758859678374,7.682705332330762,7.476857260347767
007,2014-10-04 20:50:01,7.7,5,6.956000000000002,7.4055934824087535,7.075000000000002,7.145531160802919,7.099758196347973,7.014447465563889
007,2014-10-04 21:10:01,8.0,5,6.786999999999998,7.6538848506767225,6.9479999999999995,7.129628283558907,7.037538057057919,6.883202868850218
007,2014-10-04 21:40:01,8.2,5,7.406500000000006,7.186918414777534,7.354499999999999,7.3159728049258455,7.338671011541496,7.2704533176252575
008,2014-10-01 06:46:54,7.2,5,6.912000000000003,6.80727183223082,6.825,6.848090610743608,6.8554334723327095,6.825921364297875
008,2014-10-01 07:11:54,5.7,5,8.605,9.429451945901805,8.745,8.926483981967268,8.838166822685597,8.693332834529624
008,2014-10-01 08:36:00,3.5,5,7.394500000000006,7.539166824485266,7.3485000000000005,7.427388941495091,7.407940467977272,7.372342706123527
008,2014-10-01 08:56:54,3.2,5,8.14050000000001,7.87052407681016,8.074,8.028341358936723,8.056105159584304,7.9723561389251785
008,2014-10-01 09:06:54,3.2,5,6.1255,6.279680518953418,6.367499999999999,6.257560172984473,6.253129081696176,6.183308956990951
008,2014-10-01 09:16:54,3.3,5,6.3975000000000035,7.040034517836796,6.392499999999999,6.610011505945599,6.534792076023567,6.4366029339800335
008,2014-10-01 09:36:54,3.4,5,5.850000000000002,7.291487414612769,6.0365,6.392662471537591,6.234983678636665,5.9904008176511425
008,2014-10-01 09:46:54,3.4,5,7.519500000000005,6.9235481449198,7.406999999999999,7.283349381639934,7.346556247300324,7.160019222521795
008,2014-10-01 10:06:54,3.8,5,6.580499999999997,7.861911955912904,6.466,6.969470651970966,6.8136066933048705,6.586363100408418
008,2014-10-01 10:26:54,4.4,5,7.367000000000003,7.517779120839862,7.406000000000001,7.430259706946622,7.4148580473366765,7.386382430521488
008,2014-10-01 10:36:54,4.4,5,6.968,7.4452708378458405,6.823499999999999,7.07892361261528,7.015167549053748,6.899909032486118
008,2014-10-01 11:11:54,5.9,5,7.358500000000004,6.988208788179562,7.455,7.267236262726523,7.315827355796036,7.170436808771157
008,2014-10-01 11:16:54,6.5,5,7.549999999999998,8.559906280877103,7.6004999999999985,7.903468760292367,7.788510194048232,7.629050169248878
008,2014-10-01 11:21:54,7.0,5,5.744000000000001,6.564957808819457,5.753499999999999,6.020819269606485,5.925602099959697,5.800658030351044
008,2014-10-01 11:26:54,7.5,5,6.327499999999998,8.755810956794516,6.5455,7.209603652264838,6.938594523861976,6.540844334830415
008,2014-10-01 11:36:54,8.5,5,6.850500000000002,7.110916698311713,6.91,6.957138899437239,6.9300980257493,6.882082712875977
008,2014-10-01 11:46:54,9.2,5,9.360500000000009,7.4390709035378455,9.4605,8.753356967845951,8.983054821655635,8.33696549829091
008,2014-10-01 12:51:54,4.6,5,5.860999999999998,6.577779461026774,5.84,6.092926487008924,6.008151851611371,5.893980584197168
008,2014-10-01 12:56:54,4.4,5,7.603000000000003,7.602343722027136,7.6235,7.609614574009046,7.610839043338099,7.605085492007074
008,2014-10-01 13:16:54,4.3,5,9.034000000000006,8.304685679444558,8.995999999999999,8.778228559814854,8.861161358688372,8.628035046624777
008,2014-10-01 13:46:54,6.0,5,6.076999999999998,6.604012028631592,5.990999999999999,6.2240040095438625,6.157722372412875,6.052565731913546
008,2014-10-01 13:56:54,5.5,5,7.5440000000000005,7.884743279033822,7.577000000000002,7.668581093011274,7.630687743745773,7.574517391631202
008,2014-10-01 14:11:54,4.4,5,7.8744999999999985,8.341638394877783,7.754,7.990046131625927,7.9288157395888454,7.822296980824273
008,2014-10-01 15:01:54,4.4,5,6.181000000000006,6.538475660675856,6.141,6.286825220225286,6.242892616506339,6.177076006457077
008,2014-10-01 15:21:54,5.4,5,7.412000000000003,8.566086898990918,7.4135,7.797195632996973,7.66267731066121,7.48879239256015
008,2014-10-01 15:56:54,6.9,5,6.304999999999998,6.736349308915497,6.191,6.410783102971831,6.3540908049074645,6.254911524545353
008,2014-10-01 16:18:00,5.3,5,7.6105000000000045,7.828600521278849,7.621999999999999,7.687033507092951,7.662240182738315,7.627714877933142
008,2014-10-01 16:26:54,6.2,5,6.7165000000000035,7.754605046460708,6.8755,7.115535015486903,7.003363212288027,6.823560267943625
008,2014-10-01 17:01:54,5.9,5,7.341,8.93174407453456,7.28,7.85091469151152,7.661968825812631,7.404261773856636
008,2014-10-01 17:16:54,5.5,5,7.987499999999998,9.298779265158709,8.1475,8.47792642171957,8.333950030792998,8.11289254762371
008,2014-10-01 18:31:54,7.4,5,8.053500000000007,7.507646955755268,8.073,7.878048985251759,7.9428043059109426,7.761667161236794
008,2014-10-01 18:36:54,7.1,5,8.157000000000004,8.211528745037217,8.256500000000003,8.208342915012407,8.207554818107019,8.179100516169086
008,2014-10-01 18:51:54,5.7,5,5.311999999999996,6.310678828355919,5.367999999999999,5.663559609451972,5.550218492705588,5.391631816713694
008,2014-10-01 19:01:54,4.9,5,6.606499999999998,6.805255657223724,6.6005,6.6707518857412405,6.647234834702348,6.615523117871812
008,2014-10-01 19:06:54,4.6,5,6.567000000000003,6.658157096981886,6.669499999999999,6.631552365660629,6.626660256502057,6.596350516364946
008,2014-10-01 19:11:54,4.5,5,5.730500000000002,6.366974889831513,5.635,5.910824963277172,5.831244596278524,5.706760461242317
008,2014-10-01 19:31:54,4.8,5,5.434999999999998,6.212549380443857,5.422,5.689849793481286,5.598435472697322,5.477524815793547
008,2014-10-01 19:36:54,4.8,5,5.6440000000000055,6.647622255896013,5.605500000000001,5.965707418632007,5.846498081612692,5.683902879776888
008,2014-10-01 19:56:54,4.8,5,5.666999999999998,6.874270160469836,5.520000000000001,6.020423386823278,5.871386776189396,5.645529336172613
008,2014-10-01 20:21:54,5.3,5,7.051500000000003,7.430985587900472,7.029,7.170495195966825,7.1249754899314235,7.061107902363648
008,2014-10-01 20:36:54,6.7,5,6.168499999999998,6.429770061372958,6.215,6.271090020457652,6.243221664489466,6.197006935264934
008,2014-10-01 21:01:54,8.4,5,6.159,6.733599782254344,6.202999999999999,6.365199927418114,6.300647619541875,6.207655258095085
008,2014-10-01 21:06:54,8.5,5,8.232500000000005,8.751577788640375,8.078,8.354025929546793,8.284833914847054,8.160278178336828
008,2014-10-01 21:11:54,8.7,5,7.958499999999998,7.413016860477195,7.837000000000001,7.736172286825731,7.792988967440223,7.623149733265359
008,2014-10-02 10:16:55,3.1,5,8.556,7.402630812588534,8.578,8.17887693752951,8.314627468721909,7.937082180579999
008,2014-10-02 10:21:55,3.1,5,7.627999999999999,7.937177866250151,7.6,7.721725955416716,7.684098329338776,7.629156910923519
008,2014-10-02 10:26:55,3.3,5,7.685000000000002,7.652318147214045,7.913500000000002,7.750272715738016,7.766879619097283,7.6945757965954105
008,2014-10-02 10:36:55,3.8,5,7.855,7.867539391415629,7.919999999999999,7.880846463805209,7.883023750395578,7.865093670102457
008,2014-10-02 10:51:55,5.2,5,7.328499999999999,7.763563204314204,7.299500000000002,7.463854401438069,7.411488645199829,7.33730388097937
008,2014-10-02 11:01:55,6.0,5,7.227000000000001,7.332650113444998,7.2035,7.254383371148333,7.24074537576539,7.217782818085959
008,2014-10-02 11:21:55,6.4,5,7.522000000000004,7.643875563037305,7.584,7.583291854345769,7.572549163845157,7.545010001798205
008,2014-10-02 11:26:55,6.4,5,7.900499999999997,8.091362139439944,7.6964999999999995,7.896120713146647,7.862436996413414,7.772388747924191
008,2014-10-02 11:41:55,6.2,5,8.493499999999996,7.961702773742844,8.4095,8.288234257914281,8.345554603090754,8.178301618668144
008,2014-10-02 11:56:55,6.1,5,7.236999999999998,7.3640305191611155,7.18,7.260343506387038,7.242336012103565,7.206085183877894
008,2014-10-02 12:01:55,6.2,5,7.291999999999993,6.846372386969864,7.201500000000001,7.11329079565662,7.160197115241155,7.021022654188565
008,2014-10-02 12:06:55,6.3,5,7.211000000000002,7.154380110240401,7.106,7.157126703413468,7.157850712227109,7.127816944817141
008,2014-10-02 12:31:55,7.3,5,7.798499999999999,7.463156368643895,7.874999999999999,7.712218789547965,7.755613982372271,7.626889938974426
008,2014-10-02 13:11:55,9.3,5,7.857499999999999,7.432451751225374,7.7655,7.685150583741791,7.729572716697187,7.597101533114406
008,2014-10-02 13:41:55,9.5,5,8.139000000000003,7.047939860221866,8.110500000000002,7.765813286740624,7.891468830880597,7.54133176592803
008,2014-10-02 14:16:55,10.0,5,7.786999999999999,8.229051498194027,7.888499999999999,7.9681838327313415,7.922310559832928,7.840731439484556
008,2014-10-02 14:31:55,10.6,5,8.165500000000003,7.108471453473178,8.0535,7.775823817824393,7.892834520450133,7.557721430138669
008,2014-10-02 15:26:55,13.3,5,9.155000000000005,8.58558928398683,9.2315,8.990696427995612,9.061391100567887,8.857254273723896
008,2014-10-02 15:51:55,13.0,5,10.029499999999999,8.089828312428029,10.0105,9.37660943747601,9.601771366993908,8.977762964461967
008,2014-10-02 16:26:55,13.0,5,11.306500000000003,10.380131476524237,11.39,11.02554382550808,11.138262821620847,10.817227299546236
008,2014-10-02 17:31:55,12.5,5,9.773000000000003,8.987383883162387,9.79,9.516794627720797,9.609373765842065,9.351664545694966
008,2014-10-02 18:16:55,10.4,5,9.627000000000004,9.293369267841125,9.732,9.550789755947044,9.595581070081542,9.45970401333622
008,2014-10-02 18:21:55,10.3,5,9.219500000000004,8.221928370661837,9.202,8.881142790220613,8.996510636073744,8.675959331344796
008,2014-10-02 18:41:55,10.4,5,9.270999999999995,9.21760265310798,9.25,9.246200884369324,9.251252745512025,9.235069906673038
008,2014-10-02 19:01:55,11.4,5,9.341999999999992,9.592155807453947,9.388499999999999,9.440885269151314,9.4143131798078,9.369770878686424
008,2014-10-02 20:16:55,10.7,5,7.933000000000002,7.821471110276472,7.8245000000000005,7.859657036758825,7.866589149990794,7.835931221311498
008,2014-10-02 20:21:55,10.5,5,8.159000000000006,9.126475496234285,8.162500000000001,8.482658498744764,8.37001684507235,8.223915689856636
008,2014-10-02 20:26:55,10.4,5,9.012999999999998,8.311528330153337,9.226500000000001,8.85034277671778,8.944111363232453,8.66038903855597
008,2014-10-02 20:41:55,10.2,5,8.422500000000003,8.177757924629661,8.318000000000001,8.306085974876556,8.328778861822693,8.255007243168592
008,2014-10-02 20:46:55,10.4,5,9.2575,8.471514958265754,9.219,8.98267165275525,9.07218601667857,8.820825585942266
008,2014-10-02 22:01:55,11.7,5,10.6545,8.85704318383273,10.652999999999999,10.054847727944242,10.264402931480715,9.685363155960601
008,2014-10-02 22:56:55,10.8,5,11.118000000000004,10.633838391992134,11.0675,10.93977946399738,10.993419899712292,10.83988570148407
008,2014-10-02 23:26:55,10.8,5,11.030499999999996,10.69746408191477,11.129999999999997,10.952654693971589,10.997068653935669,10.862870144282606
008,2014-10-02 23:46:55,11.0,5,10.992500000000005,10.401419179542765,11.041000000000002,10.811639726514258,10.88329390493642,10.679745016133957
008,2014-10-02 23:56:55,9.7,5,9.000999999999998,8.70467565538149,8.940000000000001,8.881891885127162,8.913036709100334,8.820531242069631
008,2014-10-03 00:11:55,7.9,5,9.374500000000003,8.752051466860907,9.512999999999998,9.21318382228697,9.293536127994102,9.05554983964886
008,2014-10-03 00:21:55,7.9,5,8.842999999999998,8.736604643321407,8.797000000000002,8.792201547773802,8.802034709220615,8.769992159942444
008,2014-10-03 00:51:55,9.5,5,9.067999999999996,8.994813122112088,9.119500000000002,9.060771040704028,9.072190716488588,9.034688181261693
008,2014-10-03 01:16:55,9.0,5,7.794000000000002,8.642376717935278,7.722,8.052792239311762,7.94981346503423,7.800507952279903
008,2014-10-03 01:26:55,8.7,5,7.725,8.007808127868216,7.8245000000000005,7.852436042622739,7.825023491460552,7.767703439561149
008,2014-10-03 01:31:55,8.5,5,7.464000000000002,7.73369486054355,7.447,7.548231620181184,7.5158248976235225,7.470131629127576
008,2014-10-03 02:01:55,7.4,5,7.250000000000001,7.763355509670221,7.131499999999999,7.381618503223407,7.31510975543053,7.20223768735821
008,2014-10-03 02:06:55,7.3,5,8.170000000000002,7.72484522156306,8.174000000000001,8.022948407187688,8.075091242939328,7.930587892220819
008,2014-10-03 02:26:55,7.1,5,8.269499999999997,8.319001072278404,8.151500000000002,8.246667024092801,8.234286084571565,8.191363275326811
008,2014-10-03 03:21:55,5.9,5,8.1995,7.919130429601106,8.045000000000002,8.054543476533702,8.078591812221696,7.995772419626176
008,2014-10-03 11:41:56,5.4,5,7.556500000000001,7.725522594004562,7.464499999999999,7.58217419800152,7.557309250438651,7.50421764903775
008,2014-10-03 11:46:56,6.1,5,8.931500000000002,7.8988548075127865,8.6205,8.483618269170929,8.58664182560695,8.269059465627688
008,2014-10-03 11:51:56,6.9,5,6.99,7.725175859377773,6.9265,7.213891953125924,7.124591878673896,6.994875711362038
008,2014-10-03 11:56:56,7.7,5,7.982000000000003,7.363314007824914,7.774499999999998,7.706604669274971,7.767143378673509,7.577900386877472
008,2014-10-03 12:21:56,11.0,5,7.161000000000001,7.775905265792249,7.061,7.332635088597417,7.2553184245986335,7.132727174219912
008,2014-10-03 12:56:56,12.1,5,9.353000000000003,8.720133098020712,9.2415,9.104877699340237,9.17244600052491,8.97396690327701
008,2014-10-03 15:16:56,7.0,5,9.311499999999997,7.959043914451871,9.322,8.864181304817288,9.022507582353875,8.583928572028029
008,2014-10-03 15:46:56,5.6,5,8.297499999999996,8.052791901014816,8.046500000000002,8.132263967004938,8.14674941316039,8.077913723873584
008,2014-10-03 15:56:56,5.3,5,7.939500000000002,8.245970062501149,7.891500000000001,8.025656687500383,7.987224946550391,7.926678430312107
008,2014-10-03 16:06:56,5.5,5,7.4270000000000005,7.935325551461545,7.4225,7.5949418504871815,7.535403345657076,7.457559741505483
008,2014-10-03 16:21:56,7.0,5,5.707999999999998,6.621366077363461,5.658,5.995788692454487,5.886462065378523,5.733991028866764
008,2014-10-03 16:46:56,10.2,5,7.2830000000000075,7.64816284146371,7.312500000000001,7.414554280487906,7.373616865538823,7.31429130077399
008,2014-10-03 16:56:56,10.3,5,7.495500000000003,7.602458563030568,7.422999999999999,7.5069861876768575,7.4904517610648975,7.4525615480048195
008,2014-10-03 17:01:56,10.0,5,7.3835000000000015,7.717226106554857,7.291999999999999,7.464242035518286,7.420195549677926,7.342470341929322
008,2014-10-03 17:11:56,9.2,5,6.628500000000005,7.380354674972776,6.587000000000001,6.865284891657594,6.775271471774624,6.649659356492796
008,2014-10-03 17:16:56,8.7,5,7.479499999999999,7.349887218450437,7.502999999999998,7.4441290728168115,7.460561858306985,7.412449481802355
008,2014-10-03 17:36:56,6.7,5,8.547499999999994,8.334848759193367,8.680000000000001,8.52078291973112,8.553004176014795,8.448670298424714
008,2014-10-03 17:46:56,5.7,5,8.642500000000004,8.170899269701339,8.705499999999999,8.506299756567115,8.564830800122076,8.395856514658853
008,2014-10-03 18:16:56,4.3,5,8.180000000000001,7.279913626539922,8.5425,8.000804542179974,8.126081230731556,7.738086661314625
008,2014-10-03 18:21:56,4.6,5,7.840999999999999,8.590664320438632,7.676,8.035888106812877,7.939214590155865,7.776804529818804
008,2014-10-03 19:06:56,7.6,5,7.379000000000004,8.13943830483987,7.281499999999999,7.599979434946626,7.5058290971712225,7.362090191699141
008,2014-10-03 19:11:56,7.7,5,8.426999999999998,8.432288614159772,8.500499999999997,8.45326287138659,8.456761793147137,8.436740509446741
008,2014-10-03 19:13:00,7.8,5,7.0505,8.241590594280966,7.1015,7.464530198093655,7.328467921175208,7.141669819568959
008,2014-10-03 19:31:56,8.2,5,7.797500000000008,6.5516397152809445,7.798000000000002,7.382379905093651,7.527713842681516,7.126181813377531
008,2014-10-03 19:56:56,9.4,5,7.390500000000004,6.908416328395865,7.485499999999999,7.261472109465289,7.323017675018516,7.142014851910687
008,2014-10-03 20:06:56,9.5,5,8.218000000000004,7.433993233580323,8.197000000000001,7.949664411193443,8.03992798453093,7.788354125125007
008,2014-10-03 20:16:56,9.2,5,7.919000000000006,8.140244141970932,7.9384999999999994,7.999248047323644,7.974536050822451,7.938350633251211
008,2014-10-03 20:31:56,8.4,5,5.943500000000007,6.542360226271635,6.0925,6.192786742090547,6.131284540137868,6.019061226505047
008,2014-10-03 20:40:00,8.7,5,7.459499999999997,7.337659957668442,7.477499999999999,7.424886652556146,7.440104915239407,7.395983701952865
008,2014-10-03 20:56:56,6.3,5,6.977500000000012,7.065025156666073,7.003000000000001,7.015175052222028,7.006394814233331,6.989440585196026
008,2014-10-03 21:06:56,5.2,5,6.717500000000002,6.495073645255577,6.582000000000001,6.598191215085193,6.616545507504873,6.551470796230471
008,2014-10-03 21:11:56,4.6,5,6.707000000000002,6.6012753872098555,6.649,6.652425129069953,6.661508103731986,6.630265062267792
008,2014-10-03 21:56:56,4.6,5,6.011500000000004,6.66301543283314,5.979500000000001,6.218005144277715,6.140226357385523,6.032568851242227
008,2014-10-03 22:06:56,4.7,5,5.99,6.331894491941635,6.131,6.150964830647212,6.118984829508939,6.046615756574107
008,2014-10-03 22:31:56,3.9,5,8.060500000000001,7.218197580237167,8.219999999999999,7.832899193412389,7.940069204457732,7.6255721224408175
008,2014-10-03 22:46:56,3.9,5,6.669000000000003,6.194992143886863,6.7345,6.532830714628955,6.591782494784909,6.421356803806862
008,2014-10-03 22:56:56,4.0,5,6.401499999999999,6.968472906735702,6.511499999999999,6.627157635578566,6.567190622746606,6.465552567189244
008,2014-10-03 23:00:00,4.9,5,8.211500000000003,8.010404675609474,8.164499999999999,8.128801558536493,8.149623676126293,8.087118883436581
008,2014-10-03 23:01:56,4.0,5,7.301499999999999,7.270703912882819,7.299000000000001,7.2904013042942735,7.293853091847299,7.284052612949522
008,2014-10-04 00:11:56,4.6,5,5.607499999999999,6.374950506359155,5.730499999999999,5.904316835453051,5.821695872018527,5.6879617615659
008,2014-10-04 00:16:56,4.7,5,5.775000000000002,6.803314008038481,5.6735000000000015,6.083938002679495,5.95832106618637,5.773070793864943
008,2014-10-04 00:31:56,5.1,5,5.871500000000002,6.555066881859732,5.744000000000001,6.056855627286578,5.969990987844991,5.828800548246326
008,2014-10-04 00:46:56,5.4,5,5.589499999999999,6.727285776610261,5.581999999999999,5.966261925536753,5.8331408515793,5.6596767279369615
008,2014-10-04 01:21:56,4.6,5,5.6925000000000034,6.474638172096443,5.552,5.906379390698816,5.8072903287457285,5.647359116768554
008,2014-10-04 01:41:56,4.1,5,7.328499999999994,7.373951587100318,7.3575,7.353317195700104,7.349640028021725,7.338497515425443
008,2014-10-04 02:01:56,4.2,5,6.1004999999999985,6.7410271025605875,6.1925,6.344675700853529,6.275122052231741,6.165086773106692
008,2014-10-04 02:26:56,4.4,5,5.297500000000002,6.592347844829979,5.311999999999999,5.733949281609992,5.583741822126715,5.386746770339607
008,2014-10-04 02:46:56,4.9,5,5.707000000000001,6.8781935192696615,5.771999999999999,6.1190645064232205,5.9861067955209055,5.800225347056622
008,2014-10-04 02:56:56,5.1,5,6.462500000000006,6.802153638353831,6.354500000000002,6.5397178794512785,6.494056118390819,6.410478599866142
008,2014-10-04 03:21:56,4.6,5,5.82,6.4718083283382315,5.8015,6.031102776112744,5.954045780428865,5.850402676667984
008,2014-10-04 03:36:56,4.2,5,5.965499999999999,6.300478826124327,5.753499999999999,6.006492942041441,5.955552779540202,5.841413410413524
008,2014-10-04 04:01:56,3.7,5,5.910000000000001,6.803199370273056,5.959,6.2240664567576856,6.1226355403444295,5.980959677007627
008,2014-10-04 04:11:56,3.3,5,6.998499999999996,7.297509220994144,7.0725,7.122836406998047,7.092106396877214,7.036132266300427
008,2014-10-04 04:36:56,3.0,5,7.286500000000007,8.453227158595608,7.206000000000001,7.648575719531872,7.507991443118614,7.3082265032267575
008,2014-10-04 04:41:56,3.2,5,6.725000000000005,7.43810066742515,6.625500000000001,6.929533555808386,6.840792261470385,6.703575277030902
008,2014-10-04 04:46:56,3.3,5,8.222500000000004,8.19925349010048,7.892500000000001,8.10475116336683,8.088983602853478,7.990405469188514
008,2014-10-04 04:56:56,3.8,5,4.858999999999999,4.979317670643334,4.8365,4.891605890214444,4.876313199305286,4.851444154637086
008,2014-10-04 05:31:56,4.1,5,6.441000000000005,8.680921374554785,6.5445,7.2221404581849304,6.966691804342538,6.614279707909162
008,2014-10-04 06:21:56,3.8,5,4.348999999999995,5.208011673680526,4.3075,4.6215038912268405,4.51899264269632,4.377255974440031
008,2014-10-04 06:31:56,3.8,5,5.412999999999999,5.732161311439515,5.2875,5.477553770479838,5.433302112483682,5.347547209103689
008,2014-10-04 07:11:56,4.3,5,4.121999999999999,5.786884868564609,4.1499999999999995,4.686294956188203,4.493685657970474,4.239005740935871
008,2014-10-04 07:51:56,5.4,5,4.5249999999999995,5.6143559866244805,4.6765,4.93861866220816,4.820049436976201,4.633647339179488
008,2014-10-04 08:01:56,6.2,5,9.0395,9.164508755365521,9.156,9.120002918455173,9.111946606421354,9.075849036669585
009,2014-10-02 06:15:19,6.2,5,8.870000000000001,8.766110017873777,8.950499999999998,8.862203339291257,8.878827845722654,8.823593190347133
009,2014-10-02 06:25:19,5.2,5,13.005000000000003,11.719830759239857,12.835,12.519943586413286,12.660314774531257,12.254518080432513
009,2014-10-02 06:45:19,3.7,5,7.947500000000007,8.464712273795516,7.9165,8.109570757931841,8.047511880135362,7.960364399546185
009,2014-10-02 07:10:19,3.5,5,8.807500000000003,8.313027680429954,8.577,8.565842560143318,8.610606185782576,8.462501104327497
009,2014-10-02 07:15:19,3.4,5,7.628000000000003,7.85684929667279,7.6145,7.69978309889093,7.672336223102996,7.633841427829644
009,2014-10-02 07:35:19,3.4,5,10.869000000000005,11.256305645657738,11.239500000000003,11.121601881885915,11.097176714570121,10.983920186120505
009,2014-10-02 07:55:19,3.4,5,8.484000000000005,9.54930879890329,8.509999999999998,8.84776959963443,8.724977469214068,8.560816109252116
009,2014-10-02 08:10:19,3.3,5,9.561500000000008,8.831866635244458,9.492500000000001,9.295288878414823,9.37652299817277,9.14480102340932
009,2014-10-02 08:25:19,3.1,5,9.32150000000001,9.166726345416334,9.546,9.34474211513878,9.375364722516785,9.2648062026359
009,2014-10-02 08:30:19,3.0,5,8.206500000000004,8.451372104401695,8.2575,8.305124034800565,8.279420173032456,8.235005213446508
009,2014-10-02 09:05:19,2.3,5,9.977000000000004,8.583313441455365,10.196500000000002,9.585604480485124,9.76044276503225,9.25207746137399
009,2014-10-02 09:10:19,2.3,5,9.373000000000001,9.60688737234536,9.222,9.40062912411512,9.36489514233567,9.284305906936705
009,2014-10-02 09:25:19,2.2,5,7.275000000000007,8.206874091760751,7.55,7.677291363920253,7.584004970671502,7.402974667585881
009,2014-10-02 09:50:19,2.2,5,10.087500000000007,9.793763494279396,10.2895,10.056921164759801,10.102491229533795,9.953243837120922
009,2014-10-02 10:00:19,2.2,5,9.563500000000005,10.159188175879002,9.678500000000001,9.800396058626335,9.737359937230359,9.63065900291112
009,2014-10-02 11:00:19,2.2,5,9.735500000000009,8.156072794232118,9.820000000000002,9.237190931410709,9.426132815592,8.894421570625966
009,2014-10-03 08:45:19,6.4,5,10.376500000000007,9.509576329356703,10.380999999999998,10.089025443118905,10.190387607634456,9.909861689629853
009,2014-10-03 09:00:19,6.0,5,9.020000000000005,9.706506605256038,8.953,9.226502201752014,9.142682483878412,9.019237672119734
009,2014-10-03 10:10:19,3.9,5,8.910500000000003,10.15322505411608,9.119,9.394241684705362,9.260976667652466,9.043038313156814
009,2014-10-03 10:25:19,3.9,5,8.161000000000003,9.131599925018833,8.07,8.454199975006278,8.335902252717203,8.162493155368395
009,2014-10-03 10:30:19,3.9,5,7.928,9.123823639940335,7.8685,8.306774546646778,8.163972643506302,7.966142567525525
009,2014-10-03 10:45:19,4.3,5,7.636500000000004,7.7426581072771175,7.9849999999999985,7.7880527024257065,7.795186133952863,7.697943359407239
009,2014-10-03 11:40:19,5.6,5,9.2325,8.50924489947603,9.1135,8.951748299825345,9.029438694330219,8.80220254959712
009,2014-10-03 11:45:19,5.6,5,8.765000000000004,8.819841425232841,8.6805,8.755113808410949,8.743985898803388,8.710330528111657
009,2014-10-03 11:50:19,5.7,5,11.263499999999999,10.233131566499505,11.275500000000001,10.924043855499834,11.044888720548666,10.709675834811216
009,2014-10-03 12:05:19,5.8,5,7.157000000000007,7.751492661535207,7.1385000000000005,7.348997553845071,7.278625342087233,7.183606868698395
